{"num_src_sents": 10158, "polybius_1836": {"tgt_lang": "fr", "transl_top1": 0.22553652293758614, "transl_top5": 0.3399291199054932, "transl_top10": 0.391218743847214, "num_nulls": 94, "num_tgt_sents": 20303}, "num_translations": 1, "text_top1": 0.22553652293758614, "text_top5": 0.3399291199054932, "text_top10": 0.391218743847214}