{"num_src_sents": 15, "isocrates_1835_5": {"tgt_lang": "de", "transl_top1": 0.13333333333333333, "transl_top5": 0.13333333333333333, "transl_top10": 0.2, "num_nulls": 0, "num_tgt_sents": 4051}, "isocrates_1832_1": {"tgt_lang": "de", "transl_top1": 0.13333333333333333, "transl_top5": 0.2, "transl_top10": 0.3333333333333333, "num_nulls": 0, "num_tgt_sents": 3528}, "num_translations": 2, "text_top1": 0.13333333333333333, "text_top5": 0.16666666666666669, "text_top10": 0.26666666666666666}