{"num_src_sents": 1206, "cicero_1855-1893_9": {"tgt_lang": "de", "transl_top1": 0.6351575456053068, "transl_top5": 0.7603648424543947, "transl_top10": 0.8076285240464345, "num_nulls": 16, "num_tgt_sents": 5238}, "cicero_1855-1893_10": {"tgt_lang": "de", "transl_top1": 0.0041459369817578775, "transl_top5": 0.01824212271973466, "transl_top10": 0.03233830845771144, "num_nulls": 0, "num_tgt_sents": 6044}, "num_translations": 2, "text_top1": 0.31965174129353235, "text_top5": 0.3893034825870647, "text_top10": 0.41998341625207297}