{"num_src_sents": 907, "cicero_1855-1892_11": {"tgt_lang": "de", "transl_top1": 0.6604189636163176, "transl_top5": 0.7783902976846747, "transl_top10": 0.8180815876515987, "num_nulls": 0, "num_tgt_sents": 4565}, "cicero_1868_12": {"tgt_lang": "de", "transl_top1": 0.004410143329658214, "transl_top5": 0.022050716648291068, "transl_top10": 0.050716648291069456, "num_nulls": 0, "num_tgt_sents": 4651}, "num_translations": 2, "text_top1": 0.3324145534729879, "text_top5": 0.4002205071664829, "text_top10": 0.43439911797133407}