{"num_src_sents": 260, "hesiod-callim-theogn_1897": {"tgt_lang": "en", "transl_top1": 0.3384615384615385, "transl_top5": 0.5692307692307692, "transl_top10": 0.6615384615384615, "num_nulls": 0, "num_tgt_sents": 8276}, "aesopHesiodQuintus_1865-1866": {"tgt_lang": "de", "transl_top1": 0.21153846153846154, "transl_top5": 0.38846153846153847, "transl_top10": 0.4846153846153846, "num_nulls": 0, "num_tgt_sents": 7368}, "hesiod_nd": {"tgt_lang": "fr", "transl_top1": 0.28076923076923077, "transl_top5": 0.45, "transl_top10": 0.55, "num_nulls": 0, "num_tgt_sents": 3571}, "num_translations": 3, "text_top1": 0.27692307692307694, "text_top5": 0.46923076923076923, "text_top10": 0.5653846153846154}