{"num_src_sents": 95, "demosthenes_aeschynes_1861": {"tgt_lang": "fr", "transl_top1": 0.031578947368421054, "transl_top5": 0.08421052631578947, "transl_top10": 0.11578947368421053, "num_nulls": 0, "num_tgt_sents": 36182, "retrieval_preds": [[11127, 7211, 7017, 10757, 13492, 4758, 9432, 8836], [10712, 7359, 16913, 2512, 9238, 20519, 29781, 10629], [4187, 16913, 3938, 24350, 5236, 18427, 4472, 24340], [15370, 26428, 9914, 18427, 15871, 6868, 4642, 32930], [25473, 32183, 9444, 30707, 35636, 13332, 11701, 17198], [33571, 35574, 15991, 6536, 6126, 20645, 9538, 1407], [32933, 29787, 33001, 36062, 5349, 32598, 7401, 32613], [284, 29982, 32934, 345, 23791, 21352, 16418, 16046], [15821, 2570, 6899, 16361, 4933, 4472, 16913, 1731], [5682, 1491, 20903, 27392, 36014, 30717, 5675, 31969], [12077, 23811, 22010, 29756, 3418, 15991, 1234, 12943], [24171, 9244, 28796, 9602, 11828, 258, 1060, 29756], [21067, 20756, 16151, 9238, 9059, 4560, 17181, 2570], [9914, 30707, 15155, 15056, 4187, 11295, 14759, 13498], [10921, 32963, 7017, 4758, 18315, 12867, 9358, 26913], [23413, 20641, 23615, 18347, 5490, 9244, 6831, 16901], [32956, 8953, 18366, 9000, 25593, 22560, 7881, 11263], [33942, 6784, 24199, 9798, 5433, 34638, 27923, 34031], [13210, 13272, 9969, 32185, 27934, 7298, 12129, 10010], [9208, 19170, 12302, 25763, 24118, 24038, 7881, 6621], [20283, 1070, 23653, 3520, 1242, 18064, 20384, 27860], [21246, 14769, 34605, 4511, 23760, 24918, 17495, 16537], [7228, 9432, 4587, 19310, 21792, 19145, 20942, 10010], [32915, 10712, 9015, 25671, 13044, 9179, 9184, 17189], [15871, 28846, 13189, 13129, 16493, 22995, 27046, 15755], [18347, 17189, 1752, 25208, 17188, 15046, 18483, 25342], [4560, 7422, 18349, 14778, 8118, 16217, 10471, 18103], [15871, 13224, 32062, 9712, 9914, 13907, 7459, 21513], [9015, 23025, 7456, 12062, 10712, 9539, 8847, 12182], [2512, 18438, 17189, 7359, 15546, 9008, 15350, 10712], [18223, 7359, 7456, 10536, 33009, 9015, 13055, 34818], [18149, 36065, 18311, 33522, 32998, 11771, 24368, 28263], [20283, 1070, 23653, 3520, 1242, 18064, 20384, 27860], [18089, 11512, 3278, 8155, 28039, 20285, 26948, 33000], [6313, 33001, 20645, 20848, 15250, 17728, 22998, 18510], [31330, 3532, 27765, 27011, 23390, 12777, 25398, 20303], [3278, 3276, 3535, 4848, 20380, 4139, 13072, 15438], [15362, 17588, 23176, 18725, 15056, 9824, 35481, 9825], [4560, 15044, 23975, 17037, 4642, 10074, 8431, 15370], [18223, 10536, 19310, 33009, 9914, 20995, 13634, 18349], [27278, 10460, 32321, 27934, 32951, 30456, 33014, 9969], [32622, 23754, 4724, 14757, 30448, 35905, 30595, 20936], [4187, 4456, 4472, 20899, 14769, 15546, 16151, 15370], [10082, 20591, 23003, 13549, 8210, 12287, 26782, 29117], [25524, 32988, 8184, 17304, 27001, 3304, 25696, 15552], [32524, 33025, 28857, 7539, 35979, 15318, 22445, 35905], [26106, 27267, 24269, 24102, 27144, 24258, 2447, 25002], [7881, 2542, 17580, 14800, 5082, 2571, 20791, 25780], [23887, 14934, 15839, 24326, 14286, 5293, 12132, 12004], [27473, 15388, 35003, 3967, 7226, 3098, 32916, 6369], [19355, 12371, 31433, 12483, 4560, 22653, 18147, 20604], [24269, 25002, 24096, 26849, 9591, 25085, 24164, 22814], [17641, 33241, 1744, 20961, 26342, 31542, 6989, 15699], [2214, 11867, 20604, 27791, 28774, 33215, 25325, 7665], [2569, 20711, 5914, 1463, 32889, 14737, 25949, 15233], [24618, 28513, 24701, 27713, 28952, 28897, 23245, 28912], [19170, 31576, 25208, 18349, 26220, 7916, 15522, 7235], [18089, 11512, 3278, 20285, 8155, 28039, 11771, 3276], [3278, 3276, 3535, 4848, 20380, 20285, 20283, 20385], [20283, 1070, 23653, 3520, 1242, 18064, 20384, 27860], [17574, 34322, 15826, 15247, 15213, 33042, 4662, 19310], [11893, 18753, 28505, 24745, 4434, 12185, 32005, 15061], [5701, 15184, 18899, 19983, 7832, 3830, 18843, 17464], [18165, 33058, 32607, 22779, 24629, 12062, 6947, 24258], [6753, 7124, 17278, 5292, 15633, 9677, 1903, 6752], [14811, 407, 11407, 15814, 6621, 27074, 16303, 32958], [9323, 6052, 8358, 30930, 15274, 2174, 13437, 5509], [24038, 23990, 32166, 31946, 13065, 32211, 10589, 19170], [20283, 1070, 1242, 3520, 23653, 23137, 18064, 20384], [3278, 32493, 4848, 20380, 3276, 3535, 18525, 29996], [17796, 17335, 27136, 7061, 5171, 6014, 3484, 5854], [24187, 14949, 14996, 20678, 23975, 24333, 6276, 987], [21099, 5055, 24745, 34751, 1516, 10635, 8245, 31425], [20936, 33074, 25761, 33896, 24311, 25773, 32652, 25965], [3278, 32493, 4848, 20380, 3276, 3535, 18525, 29996], [8037, 1241, 27632, 18089, 31001, 538, 17796, 20310], [15663, 33036, 26376, 9637, 15266, 20581, 4753, 33172], [16579, 18118, 16382, 24732, 32905, 14840, 29363, 9004], [17588, 24321, 25025, 16993, 28316, 15798, 15546, 6107], [22894, 11006, 7228, 27652, 7884, 9963, 13634, 18384], [31001, 26800, 538, 5513, 15166, 15179, 14030, 25197], [3278, 32493, 4848, 20380, 3276, 3535, 18525, 29996], [17615, 13634, 3585, 21079, 1907, 21246, 9876, 26376], [26428, 9238, 2533, 26023, 6857, 8470, 29781, 11248], [9040, 5655, 21333, 22915, 10627, 6807, 35416, 34840], [15824, 15085, 9469, 15747, 25705, 33050, 33087, 17461], [26249, 85, 12062, 17615, 23810, 17032, 12670, 32358], [31330, 3532, 27765, 27011, 23390, 12777, 25398, 20303], [20283, 1070, 1242, 3520, 23653, 23137, 18064, 20384], [6947, 9238, 9015, 7456, 20519, 12174, 9539, 10629], [26350, 25070, 26997, 13336, 8170, 31041, 30821, 29828], [8470, 6167, 15374, 9088, 7459, 8489, 6830, 5216], [4574, 35997, 14816, 11292, 22001, 35580, 13927, 28829], [9914, 33111, 35425, 26028, 4189, 8923, 9108, 9163], [9914, 4189, 9008, 21248, 8819, 21249, 13048, 4183]]}, "demosthenes_1877": {"tgt_lang": "en", "transl_top1": 0.2, "transl_top5": 0.3157894736842105, "transl_top10": 0.3684210526315789, "num_nulls": 0, "num_tgt_sents": 7775,