{"num_src_sents": 1338, "plato_3_1826": {"tgt_lang": "fr", "transl_top1": 0.004484304932735426, "transl_top5": 0.014200298953662182, "transl_top10": 0.03139013452914798, "num_nulls": 0, "num_tgt_sents": 3903}, "plato_6_1854": {"tgt_lang": "en", "transl_top1": 0.007473841554559043, "transl_top5": 0.01868460388639761, "transl_top10": 0.02765321375186846, "num_nulls": 0, "num_tgt_sents": 9064}, "plato_1_1846": {"tgt_lang": "fr", "transl_top1": 0.004484304932735426, "transl_top5": 0.01569506726457399, "transl_top10": 0.03736920777279522, "num_nulls": 0, "num_tgt_sents": 3203}, "plato_1_1848": {"tgt_lang": "en", "transl_top1": 0.007473841554559043, "transl_top5": 0.059790732436472344, "transl_top10": 0.07473841554559044, "num_nulls": 0, "num_tgt_sents": 12817}, "plato_2_1849": {"tgt_lang": "en", "transl_top1": 0.002242152466367713, "transl_top5": 0.05530642750373692, "transl_top10": 0.06576980568011959, "num_nulls": 0, "num_tgt_sents": 9568}, "plato_5_1852": {"tgt_lang": "en", "transl_top1": 0.005979073243647235, "transl_top5": 0.023168908819133034, "transl_top10": 0.03961136023916293, "num_nulls": 0, "num_tgt_sents": 8721}, "plato_1855-1903_4": {"tgt_lang": "de", "transl_top1": 0.00523168908819133, "transl_top5": 0.02242152466367713, "transl_top10": 0.030642750373692077, "num_nulls": 0, "num_tgt_sents": 7126}, "plato_1855-1903_3": {"tgt_lang": "de", "transl_top1": 0.004484304932735426, "transl_top5": 0.014200298953662182, "transl_top10": 0.028400597907324365, "num_nulls": 0, "num_tgt_sents": 7777}, "plato_1855-1903_1": {"tgt_lang": "de", "transl_top1": 0.005979073243647235, "transl_top5": 0.021674140508221227, "transl_top10": 0.032137518684603884, "num_nulls": 0, "num_tgt_sents": 3965}, "plato_1855-1903_2": {"tgt_lang": "de", "transl_top1": 0.00523168908819133, "transl_top5": 0.01943198804185351, "transl_top10": 0.030642750373692077, "num_nulls": 0, "num_tgt_sents": 6411}, "plato_3_1850": {"tgt_lang": "en", "transl_top1": 0.19506726457399104, "transl_top5": 0.2787742899850523, "transl_top10": 0.31763826606875933, "num_nulls": 4, "num_tgt_sents": 13689}, "num_translations": 14, "text_top1": 0.017723681400811445, "text_top5": 0.03881059150117446, "text_top10": 0.051142430066196884}