{"num_src_sents": 560, "xenophon_2_1872": {"tgt_lang": "fr", "transl_top1": 0.2767857142857143, "transl_top5": 0.4142857142857143, "transl_top10": 0.48928571428571427, "num_nulls": 1, "num_tgt_sents": 10554}, "xenophon_1898": {"tgt_lang": "en", "transl_top1": 0.40535714285714286, "transl_top5": 0.5553571428571429, "transl_top10": 0.6196428571428572, "num_nulls": 0, "num_tgt_sents": 5439}, "xenophon_3_1737": {"tgt_lang": "it", "transl_top1": 0.28035714285714286, "transl_top5": 0.4660714285714286, "transl_top10": 0.5464285714285714, "num_nulls": 0, "num_tgt_sents": 12015}, "xenophon_1_1872": {"tgt_lang": "fr", "transl_top1": 0.010714285714285714, "transl_top5": 0.03571428571428571, "transl_top10": 0.05892857142857143, "num_nulls": 0, "num_tgt_sents": 11058}, "anacreon_1870": {"tgt_lang": "de", "transl_top1": 0.34464285714285714, "transl_top5": 0.5089285714285714, "transl_top10": 0.5857142857142857, "num_nulls": 2, "num_tgt_sents": 5470}, "xenophon_1909": {"tgt_lang": "en", "transl_top1": 0.0035714285714285713, "transl_top5": 0.03214285714285714, "transl_top10": 0.06428571428571428, "num_nulls": 0, "num_tgt_sents": 10845}, "num_translations": 6, "text_top1": 0.2202380952380952, "text_top5": 0.33541666666666664, "text_top10": 0.3940476190476191}