{"num_src_sents": 519, "cicero_plinyYounger_1909": {"tgt_lang": "en", "transl_top1": 0.7822736030828517, "transl_top5": 0.9460500963391136, "transl_top10": 0.9884393063583815, "num_nulls": 0, "num_tgt_sents": 7172}, "cicero_1874": {"tgt_lang": "en", "transl_top1": 0.861271676300578, "transl_top5": 1.048169556840077, "transl_top10": 1.1001926782273603, "num_nulls": 0, "num_tgt_sents": 5692}, "cicero_1863_7": {"tgt_lang": "de", "transl_top1": 0.01348747591522158, "transl_top5": 0.036608863198458574, "transl_top10": 0.0674373795761079, "num_nulls": 0, "num_tgt_sents": 5622}, "cicero_1861_6": {"tgt_lang": "de", "transl_top1": 0.017341040462427744, "transl_top5": 0.04431599229287091, "transl_top10": 0.0674373795761079, "num_nulls": 0, "num_tgt_sents": 8951}, "cicero_1855-1892_5": {"tgt_lang": "de", "transl_top1": 0.009633911368015413, "transl_top5": 0.046242774566473986, "transl_top10": 0.07321772639691715, "num_nulls": 0, "num_tgt_sents": 4818}, "cicero_1878_8": {"tgt_lang": "de", "transl_top1": 0.7630057803468208, "transl_top5": 0.9364161849710982, "transl_top10": 0.976878612716763, "num_nulls": 0, "num_tgt_sents": 5042}, "num_translations": 6, "text_top1": 0.40783558124598585, "text_top5": 0.5096339113680154, "text_top10": 0.5456005138086063}