{"num_src_sents": 567, "plutarch_1_1844": {"tgt_lang": "fr", "transl_top1": 0.3562610229276896, "transl_top5": 0.5767195767195767, "transl_top10": 0.654320987654321, "num_nulls": 0, "num_tgt_sents": 8121}, "plutarch_2_1844": {"tgt_lang": "fr", "transl_top1": 0.008818342151675485, "transl_top5": 0.031746031746031744, "transl_top10": 0.0564373897707231, "num_nulls": 0, "num_tgt_sents": 7523}, "num_translations": 2, "text_top1": 0.18253968253968253, "text_top5": 0.30423280423280424, "text_top10": 0.35537918871252205}