{"num_src_sents": 44, "isocrates_1832_1": {"tgt_lang": "de", "transl_top1": 0.022727272727272728, "transl_top5": 0.06818181818181818, "transl_top10": 0.13636363636363635, "num_nulls": 0, "num_tgt_sents": 3528, "retrieval_preds": [[1807, 247, 1161, 1675, 1872, 1804, 728, 2272], [2139, 1705, 1883, 1696, 1916, 1647, 1192, 1492], [898, 2578, 2200, 1410, 2837, 2906, 2943, 1314], [199, 594, 1936, 3449, 2185, 3227, 3175, 1712], [1839, 510, 2178, 1999, 1800, 2621, 511, 1674], [2260, 2533, 955, 1892, 1277, 669, 1712, 3058], [3154, 1836, 1149, 1085, 252, 2932, 821, 1316], [1085, 252, 628, 2408, 1452, 2294, 2603, 419], [2766, 971, 880, 476, 456, 1184, 412, 1656], [2445, 386, 2592, 3519, 570, 1910, 2170, 3488], [1892, 872, 189, 511, 3060, 3502, 889, 912], [1675, 977, 1395, 682, 3357, 3407, 3414, 872], [200, 1718, 657, 634, 305, 2020, 528, 373], [2308, 3215, 686, 452, 3431, 199, 1293, 392], [2978, 392, 1839, 2949, 2617, 1738, 2883, 1672], [879, 880, 2531, 3355, 2455, 3502, 1892, 257], [2543, 888, 2248, 3414, 1712, 889, 2129, 1395], [478, 2215, 573, 2833, 2239, 3012, 1747, 473], [3493, 239, 2794, 1917, 1388, 475, 388, 279], [247, 2455, 673, 1948, 879, 740, 1675, 1151], [1836, 1149, 306, 3114, 1471, 2189, 628, 2210], [1228, 2529, 1936, 889, 1712, 3185, 3343, 392], [1936, 281, 2233, 1663, 328, 1999, 1293, 392], [622, 3406, 879, 698, 247, 589, 445, 2455], [2529, 217, 3169, 459, 890, 883, 1421, 2461], [2185, 461, 2956, 3414, 394, 1846, 1921, 3162], [243, 478, 880, 2521, 2892, 1747, 2949, 1368], [2898, 686, 3169, 3343, 2520, 1892, 454, 1379], [879, 2185, 2197, 279, 1371, 436, 3221, 1794], [1916, 2296, 587, 3343, 1800, 3404, 1907, 3403], [3198, 1794, 839, 954, 2277, 879, 2969, 698], [3136, 3154, 1043, 649, 3428, 628, 1149, 3152], [3398, 2455, 1064, 513, 3071, 1487, 1178, 2180], [247, 2776, 3399, 2104, 2907, 2330, 869, 565], [698, 2455, 2815, 622, 658, 398, 3393, 1244], [2178, 2317, 2514, 2762, 586, 188, 1152, 709], [2543, 3169, 2520, 1712, 686, 3491, 1471, 1444], [331, 2475, 2476, 323, 219, 1800, 2244, 711], [1314, 247, 698, 2493, 3173, 445, 839, 3209], [732, 511, 1379, 2531, 325, 1775, 3353, 1712], [3207, 505, 2244, 2500, 331, 862, 831, 328], [852, 865, 3407, 946, 1768, 2543, 1845, 912], [1936, 2351, 1712, 882, 199, 2022, 287, 852], [1936, 173, 287, 1294, 2385, 3422, 673, 1712]]}, "sophistesGrecs_1842": {"tgt_lang": "fr", "transl_top1": 0.06818181818181818, "transl_top5": 0.13636363636363635, "transl_top10": 0.1590909090909091, "num_nulls": 0, "num_tgt_sents": 7988, "retrieval_preds": [[7190, 1336, 3361, 3034, 7505, 4433, 3497, 6474], [6656, 6829, 6190, 2908, 5285, 6701, 5089, 4965], [3363, 5956, 6044, 5924, 4391, 5981, 6543, 3610], [3364, 1062, 821, 426, 430, 7324, 5026, 1297], [3365, 6046, 4474, 3381, 527, 4026, 4191, 3392], [753, 7910, 7773, 1832, 4214, 7861, 756, 2527], [6077, 5633, 878, 1854, 3050, 5283, 132, 949], [7345, 6850, 7903, 1907, 2578, 5640, 6758, 2067], [6495, 4104, 4423, 7866, 504, 4994, 4102, 772], [7547, 5343, 3468, 3372, 3383, 2612, 5297, 3794], [3375, 7881, 3381, 4436, 3422, 3392, 7882, 7877], [3375, 4525, 4200, 3381, 4154, 3370, 6682, 7866], [4245, 201, 4173, 2930, 4198, 6077, 4704, 5435], [6308, 6526, 3377, 7964, 2935, 7895, 3139, 6498], [6046, 6072, 1026, 264, 3165, 5934, 6313, 6124], [4747, 7866, 7904, 7910, 4423, 4523, 6475, 4436], [3381, 4136, 7596, 3390, 6753, 4643, 1832, 6516], [3382, 2937, 4174, 2919, 1832, 1478, 7910, 3383], [3386, 2945, 3427, 3018, 3389, 4482, 4245, 4443], [4423, 7910, 3423, 3389, 7866, 3381, 6740, 3375], [1319, 449, 5021, 803, 5360, 5394, 1809, 4302], [4628, 3978, 5559, 7878, 7784, 7910, 4788, 6873], [3392, 3389, 3381, 3396, 3387, 3393, 4436, 3394], [5938, 7866, 7912, 7910, 3393, 5910, 5950, 3947], [5941, 2843, 7852, 7885, 3398, 3053, 6278, 7174], [3397, 210, 4173, 4200, 1561, 5094, 6491, 3264], [929, 4174, 2451, 7885, 196, 6248, 2450, 1854], [7905, 7904, 7895, 7910, 7868, 7882, 7909, 3014], [3393, 3422, 3402, 3394, 2400, 3423, 5219, 3396], [4952, 7001, 4400, 7233, 3404, 1545, 2269, 5647], [7866, 7190, 6047, 4415, 4641, 7616, 2596, 6038], [4964, 6268, 2927, 3368, 4892, 6836, 4779, 4727], [3423, 3413, 7868, 7866, 4523, 4423, 5034, 2764], [138, 6299, 6441, 7444, 6281, 6529, 3512, 1981], [4643, 7866, 4879, 7151, 4904, 4863, 6440, 5064], [6154, 6343, 670, 7368, 1454, 6299, 2876, 5283], [5977, 4559, 6526, 1529, 1454, 2310, 2942, 4754], [3392, 4651, 6091, 4587, 3373, 3387, 3422, 3360], [3423, 4203, 7866, 4080, 7822, 3105, 4272, 4141], [4436, 4643, 3381, 3392, 3389, 3375, 3422, 4526], [4441, 3426, 4460, 3394, 4675, 5573, 4195, 4551], [3427, 7150, 7466, 4525, 6883, 5304, 3389, 5088], [2930, 6136, 4525, 7890, 4214, 7910, 4788, 3940], [2494, 5935, 3370, 1476, 6261, 2940, 3446, 4525]]}, "isocrates_1835_5": {"tgt_lang": "de", "transl_top1": 0.38636363636363635, "transl_top5": 0.6590909090909091, "transl_top10": 0.7272727272727273, "num_nulls": 0, "num_tgt_sents": 4051, "retrieval_preds": [[2711, 175, 3074, 467, 337, 2519, 587, 995], [2713, 2336, 2169, 2138, 1359, 3335, 2167, 2363], [2714, 477, 2185, 2960, 1951, 518, 2122, 1249], [2717, 1809, 1138, 231, 2524, 1125, 341, 2564], [2718, 1294, 425, 841, 2769, 1842, 2735, 2730], [2719, 991, 3074, 2772, 1992, 193, 1476, 1985], [421, 532, 2656, 218, 1168, 1636, 272, 3485], [272, 3275, 1395, 1552, 1086, 3421, 1092, 784], [2722, 1513, 2122, 1031, 1579, 2297, 2317, 1039], [2723, 515, 2760, 182, 1519, 2467, 991, 1530], [2740, 2768, 2724, 2747, 2726, 2731, 1414, 2728], [2726, 1418, 1422, 1519, 388, 2651, 44, 1685], [2727, 1489, 1594, 1670, 1699, 1397, 803, 3014], [2728, 1800, 2745, 3046, 203, 3142, 2336, 891], [425, 2581, 303, 382, 1995, 1572, 207, 1453], [1579, 2730, 2464, 2651, 1553, 1947, 649, 2494], [1472, 2732, 1991, 2388, 2740, 1952, 2232, 2772], [2733, 1508, 405, 3233, 2820, 1796, 489, 1027], [2735, 1343, 2077, 2771, 2769, 2760, 2737, 1039], [2721, 2742, 2464, 2740, 1579, 1046, 2730, 2737], [1168, 473, 236, 2738, 1372, 1428, 1138, 1848], [2806, 2739, 2356, 562, 2261, 2721, 1603, 2354], [2740, 2737, 2721, 2742, 2747, 2761, 497, 2806], [2742, 2651, 1580, 1046, 2740, 538, 513, 1474], [2743, 1343, 1742, 1335, 2159, 2721, 2096, 2745], [2744, 1519, 1535, 515, 2004, 2031, 303, 341], [2746, 2733, 2319, 1508, 1193, 286, 1027, 1151], [2747, 387, 388, 44, 2651, 1333, 497, 1519], [2336, 768, 2748, 2751, 511, 1111, 2746, 1421], [2753, 2498, 363, 2014, 1424, 2313, 2336, 1437], [2754, 1407, 2281, 1400, 2392, 1383, 1017, 1804], [532, 2493, 421, 2656, 209, 473, 260, 3839], [2757, 1015, 1792, 2605, 49, 2360, 3356, 25], [2463, 2758, 2467, 547, 2649, 2498, 278, 1402], [2760, 2663, 2312, 3400, 424, 2281, 1225, 538], [2336, 2762, 2672, 2498, 2012, 1080, 2360, 2645], [2763, 2420, 2336, 2498, 2319, 2728, 2467, 3443], [2764, 2090, 2949, 2924, 1294, 1058, 1305, 1059], [2539, 2767, 1185, 2198, 1931, 1400, 1421, 2154], [2740, 2751, 2737, 2768, 1421, 2755, 2742, 1059], [2769, 2751, 2718, 1305, 1421, 3285, 2090, 2959], [2771, 2086, 2743, 2183, 2460, 2737, 2508, 2180], [2581, 1992, 2772, 388, 3357, 322, 1138, 1147], [1422, 2773, 2739, 2569, 2731, 730, 2721, 591]]}, "num_translations": 3, "text_top1": 0.1590909090909091, "text_top5": 0.28787878787878785, "text_top10": 0.34090909090909094}