{"num_src_sents": 15, "lucian_1829_10": {"tgt_lang": "de", "transl_top1": 0.0, "transl_top5": 0.2, "transl_top10": 0.26666666666666666, "num_nulls": 0, "num_tgt_sents": 4222, "retrieval_preds": [[1846, 3752, 3144, 494, 1005, 1718, 772, 513], [3752, 2714, 1586, 2745, 2059, 1975, 334, 3757], [3977, 2697, 3157, 2876, 1321, 3951, 1241, 2885], [3760, 1584, 266, 3559, 353, 3178, 1622, 138], [1009, 2701, 968, 425, 334, 761, 2372, 2059], [3261, 1866, 353, 3075, 114, 686, 319, 3397], [3771, 186, 3751, 1720, 2019, 101, 1665, 3764], [1729, 3773, 1329, 1826, 4038, 1479, 3774, 1622], [3144, 2302, 3776, 2548, 3186, 77, 3764, 3518], [2458, 2709, 689, 1918, 2897, 102, 3755, 2602], [334, 1846, 1964, 2320, 115, 3760, 2701, 987], [28, 1725, 3789, 580, 221, 115, 270, 52], [3790, 1993, 1011, 1988, 1718, 1846, 2059, 2568], [1988, 2059, 1011, 221, 987, 1010, 334, 1718], [3075, 2745, 3790, 1718, 1993, 761, 3049, 2714]]}, "num_translations": 1, "text_top1": 0.0, "text_top5": 0.2, "text_top10": 0.26666666666666666}