{"num_src_sents": 62, "ovid_1855-1890_1": {"tgt_lang": "de", "transl_top1": 0.16129032258064516, "transl_top5": 0.3064516129032258, "transl_top10": 0.41935483870967744, "num_nulls": 0, "num_tgt_sents": 7974}, "ovid_1882_2": {"tgt_lang": "de", "transl_top1": 0.04838709677419355, "transl_top5": 0.14516129032258066, "transl_top10": 0.24193548387096775, "num_nulls": 0, "num_tgt_sents": 10840}, "ovid_1866-1897_3": {"tgt_lang": "de", "transl_top1": 0.016129032258064516, "transl_top5": 0.06451612903225806, "transl_top10": 0.0967741935483871, "num_nulls": 0, "num_tgt_sents": 7793}, "ovid_1850": {"tgt_lang": "fr", "transl_top1": 0.0, "transl_top5": 0.03225806451612903, "transl_top10": 0.04838709677419355, "num_nulls": 0, "num_tgt_sents": 27705}, "num_translations": 6, "text_top1": 0.03763440860215053, "text_top5": 0.0913978494623656, "text_top10": 0.13440860215053763}