{"num_src_sents": 87, "appian_1830_5": {"tgt_lang": "de", "transl_top1": 0.034482758620689655, "transl_top5": 0.09195402298850575, "transl_top10": 0.1724137931034483, "num_nulls": 0, "num_tgt_sents": 7584, "retrieval_preds": [[713, 6099, 6232, 4993, 2422, 2631, 6974, 5815], [260, 534, 902, 1109, 476, 457, 2554, 2531], [6515, 3725, 5926, 3115, 4116, 4253, 1096, 244], [966, 3721, 5105, 2347, 3108, 142, 6931, 819], [3203, 534, 5105, 3721, 6475, 1903, 3136, 902], [814, 1099, 1791, 1145, 1013, 4993, 919, 244], [1099, 457, 966, 142, 1100, 534, 1139, 956], [6218, 2112, 3136, 6858, 2820, 591, 1099, 852], [814, 821, 831, 1056, 265, 353, 1122, 1013], [2782, 3725, 3542, 183, 4766, 2312, 3513, 2236], [1692, 1100, 810, 821, 1130, 1056, 1173, 6850], [2944, 1777, 514, 1042, 6879, 6367, 6533, 5051], [821, 1120, 810, 1048, 902, 1099, 6662, 2956], [4766, 4265, 4731, 4847, 4400, 4992, 5268, 4859], [2438, 2560, 6297, 2638, 2554, 6662, 3136, 1685], [1374, 3611, 24, 96, 3581, 3441, 1261, 1181], [165, 155, 196, 113, 3222, 4314, 86, 5579], [5574, 7079, 7368, 3530, 3477, 1162, 5271, 36], [126, 4191, 1978, 5419, 3340, 3853, 1203, 5372], [3136, 1155, 3135, 554, 2820, 2438, 3162, 7002], [7491, 3681, 1999, 3103, 2350, 852, 6391, 971], [1566, 3917, 3689, 7544, 3082, 6863, 2944, 6400], [4401, 109, 2878, 1566, 5454, 327, 7573, 6119], [478, 7081, 463, 696, 5710, 3161, 525, 7544], [5051, 1595, 1594, 6848, 7418, 6520, 4132, 3751], [2197, 36, 5271, 7429, 54, 7079, 2177, 3799], [5574, 7079, 7368, 3530, 3477, 1162, 5271, 36], [3280, 5302, 5273, 3254, 71, 2195, 87, 72], [4271, 1742, 1485, 908, 798, 2949, 5472, 776], [1384, 1333, 1336, 1181, 1213, 1246, 1264, 1379], [3387, 3566, 7079, 54, 135, 7429, 2177, 6373], [6843, 5283, 6768, 2069, 7446, 5363, 6353, 7542], [1591, 5038, 2619, 1752, 2059, 2704, 2621, 6728], [1384, 1333, 1336, 1181, 1213, 1246, 1264, 1379], [7429, 3913, 1757, 7079, 3799, 4060, 2177, 6373], [1080, 6118, 2013, 2614, 5271, 4207, 1475, 3657], [851, 2277, 2214, 1961, 4860, 1669, 3141, 1780], [4714, 2938, 873, 3134, 4990, 5051, 6933, 4424], [4283, 2017, 2384, 3168, 6552, 4801, 6700, 804], [902, 2277, 1922, 6520, 350, 661, 1837, 2112], [4060, 5276, 6373, 241, 5273, 5956, 5265, 5283], [3207, 3799, 2066, 2175, 1812, 1515, 1624, 6274], [7429, 7079, 2197, 1059, 39, 1757, 2177, 6373], [164, 4314, 201, 177, 1236, 3352, 5276, 5327], [2798, 3177, 3657, 126, 3659, 3888, 2197, 7429], [1812, 2066, 2175, 3207, 3239, 4518, 7079, 7016], [7276, 3249, 4191, 5567, 3853, 1978, 49, 1059], [638, 625, 455, 2847, 1417, 28, 997, 2174], [1384, 1333, 1336, 1181, 1213, 1246, 1264, 1379], [7429, 3913, 1757, 7079, 3799, 4060, 2177, 6373], [3177, 4207, 3657, 2197, 7429, 2611, 1475, 2177], [2219, 3083, 2304, 3983, 6758, 1566, 746, 7323], [2197, 36, 5271, 7429, 54, 7079, 2177, 3799], [7429, 3913, 1757, 7079, 3799, 4060, 2177, 6373], [4207, 5611, 6118, 1475, 1080, 5271, 1260, 5305], [256, 1046, 3821, 125, 5018, 306, 7297, 445], [2197, 36, 5271, 7429, 54, 7079, 2177, 3799], [7429, 3913, 1757, 7079, 3799, 4060, 2177, 6373], [3177, 4207, 6407, 7429, 2177, 2343, 3657, 138], [1152, 413, 3838, 3743, 7583, 3087, 5693, 5747], [3352, 1333, 1336, 3625, 26, 1384, 1415, 1236], [155, 196, 978, 241, 1203, 6373, 5285, 1326], [5574, 7079, 7368, 3530, 3477, 1162, 5271, 36], [3254, 5273, 1431, 2363, 7199, 72, 3427, 5612], [2872, 2886, 792, 7165, 2157, 680, 4558, 3079], [1384, 1333, 1336, 1181, 1213, 1246, 1264, 1379], [3387, 3566, 7079, 54, 135, 7429, 2177, 6373], [5617, 52, 5587, 5611, 3304, 3453, 5549, 5573], [2261, 2971, 3173, 7210, 4183, 2348, 6012, 3172], [2197, 36, 5271, 7429, 54, 7079, 2177, 3799], [7429, 3913, 1757, 7079, 3799, 4060, 2177, 6373], [4207, 1443, 2153, 7429, 3657, 2177, 2013, 3177], [919, 2590, 7542, 4259, 5139, 3864, 7315, 5019], [2381, 4751, 5147, 2553, 2839, 6852, 5864, 5937], [4428, 4991, 3740, 3751, 7499, 4166, 5810, 2771], [5792, 830, 2260, 6515, 4077, 3965, 7266, 4919], [1192, 1196, 1200, 1208, 1224, 195, 1384, 1236], [3222, 1234, 1326, 164, 5310, 1499, 3285, 24], [3177, 7485, 3657, 5310, 4207, 4732, 5526, 3329], [1476, 3316, 1499, 1466, 3611, 1326, 24, 3285], [1374, 3355, 3350, 96, 5579, 5372, 5276, 4314], [5574, 7079, 7368, 3530, 3477, 1162, 5271, 36], [6057, 3257, 3249, 5379, 3432, 3267, 3401, 5642], [1769, 6515, 2690, 2279, 7406, 6705, 5698, 6409], [1384, 1333, 1336, 1181, 1213, 1246, 1264, 1379], [3387, 3566, 7079, 54, 135, 7429, 2177, 6373], [5611, 751, 5310, 3177, 1475, 5621, 138, 4207]]}, "Appianus_1828": {"tgt_lang": "de", "transl_top1": 0.04597701149425287, "transl_top5": 0.14942528735632185, "transl_top10": 0.20689655172413793, "num_nulls": 0, "num_tgt_sents": 6120,