{"num_src_sents": 263, "plutarch_1_1844": {"tgt_lang": "fr", "transl_top1": 0.0076045627376425855, "transl_top5": 0.04182509505703422, "transl_top10": 0.11026615969581749, "num_nulls": 0, "num_tgt_sents": 8121}, "plutarch_2_1844": {"tgt_lang": "fr", "transl_top1": 0.38022813688212925, "transl_top5": 0.5437262357414449, "transl_top10": 0.6121673003802282, "num_nulls": 0, "num_tgt_sents": 7523}, "num_translations": 2, "text_top1": 0.19391634980988592, "text_top5": 0.29277566539923955, "text_top10": 0.3612167300380228}