{"num_src_sents": 268, "demosthenes_1902": {"tgt_lang": "en", "transl_top1": 0.5186567164179104, "transl_top5": 0.7014925373134329, "transl_top10": 0.7873134328358209, "num_nulls": 0, "num_tgt_sents": 6778}, "demosthenes_aeschynes_1861": {"tgt_lang": "fr", "transl_top1": 0.03731343283582089, "transl_top5": 0.06343283582089553, "transl_top10": 0.0708955223880597, "num_nulls": 1, "num_tgt_sents": 36182}, "num_translations": 2, "text_top1": 0.27798507462686567, "text_top5": 0.3824626865671642, "text_top10": 0.4291044776119403}