{"num_src_sents": 778, "euripides_2_1884": {"tgt_lang": "fr", "transl_top1": 0.010282776349614395, "transl_top5": 0.02956298200514139, "transl_top10": 0.056555269922879174, "num_nulls": 0, "num_tgt_sents": 6695}, "euripides_1857_1": {"tgt_lang": "de", "transl_top1": 0.18380462724935734, "transl_top5": 0.3110539845758355, "transl_top10": 0.38046272493573263, "num_nulls": 5, "num_tgt_sents": 2920}, "euripides_1_1884": {"tgt_lang": "fr", "transl_top1": 0.2120822622107969, "transl_top5": 0.36503856041131105, "transl_top10": 0.43573264781491, "num_nulls": 1, "num_tgt_sents": 6832}, "num_translations": 3, "text_top1": 0.1353898886032562, "text_top5": 0.2352185089974293, "text_top10": 0.29091688089117396}