{"num_src_sents": 90, "plutarch_1_1844": {"tgt_lang": "fr", "transl_top1": 0.044444444444444446, "transl_top5": 0.1, "transl_top10": 0.2111111111111111, "num_nulls": 0, "num_tgt_sents": 8121}, "plutarch_2_1844": {"tgt_lang": "fr", "transl_top1": 0.24444444444444444, "transl_top5": 0.4777777777777778, "transl_top10": 0.5555555555555556, "num_nulls": 0, "num_tgt_sents": 7523}, "num_translations": 2, "text_top1": 0.14444444444444443, "text_top5": 0.2888888888888889, "text_top10": 0.38333333333333336}