{"num_src_sents": 345, "plutarch_1864-1867_14-20": {"tgt_lang": "de", "transl_top1": 0.4028985507246377, "transl_top5": 0.5594202898550724, "transl_top10": 0.663768115942029, "num_nulls": 0, "num_tgt_sents": 6866}, "plutarch_4_1908": {"tgt_lang": "en", "transl_top1": 0.5478260869565217, "transl_top5": 0.7304347826086957, "transl_top10": 0.8028985507246377, "num_nulls": 0, "num_tgt_sents": 13066}, "plutarch_1855-1903_4": {"tgt_lang": "de", "transl_top1": 0.4115942028985507, "transl_top5": 0.6376811594202898, "transl_top10": 0.7072463768115942, "num_nulls": 0, "num_tgt_sents": 5144}, "plutarch_1855-1897_1": {"tgt_lang": "de", "transl_top1": 0.008695652173913044, "transl_top5": 0.03768115942028986, "transl_top10": 0.07246376811594203, "num_nulls": 0, "num_tgt_sents": 7147}, "plutarch_3_1908": {"tgt_lang": "en", "transl_top1": 0.011594202898550725, "transl_top5": 0.04927536231884058, "transl_top10": 0.10144927536231885, "num_nulls": 0, "num_tgt_sents": 6633}, "num_translations": 5, "text_top1": 0.2765217391304348, "text_top5": 0.40289855072463765, "text_top10": 0.46956521739130436}