{"num_src_sents": 208, "suetonius_1855-1897": {"tgt_lang": "de", "transl_top1": 0.6730769230769231, "transl_top5": 0.8557692307692307, "transl_top10": 0.9230769230769231, "num_nulls": 0, "num_tgt_sents": 5120, "retrieval_preds": [[4781, 4181, 5084, 363, 3472, 38, 5068, 3006], [4782, 2370, 5019, 2010, 1917, 638, 1491, 4317], [4783, 4182, 3008, 1929, 4682, 3955, 4479, 3563], [4784, 251, 30, 823, 700, 4845, 1211, 2406], [4786, 4052, 3269, 661, 4227, 3228, 3821, 3140], [4409, 4788, 4787, 4519, 4406, 1900, 2524, 2369], [4789, 361, 1807, 1267, 2534, 382, 1137, 4790], [2667, 2663, 4791, 4904, 4440, 1211, 2637, 4388], [4794, 2218, 2477, 806, 3818, 2673, 2183, 1988], [4795, 1375, 3252, 1965, 3652, 4102, 1765, 2887], [4797, 4834, 4369, 4235, 1248, 3393, 1282, 1271], [4799, 3959, 159, 2379, 1494, 1717, 4452, 3727], [4801, 1607, 1798, 4226, 3787, 4666, 4255, 768], [4803, 3847, 489, 4704, 4234, 2913, 4219, 3824], [4804, 1955, 158, 3574, 2103, 792, 1426, 752], [4247, 2255, 4806, 5054, 481, 4253, 4579, 2230], [4807, 5039, 1606, 2338, 4585, 632, 2017, 690], [4808, 4486, 4578, 1899, 3834, 1280, 736, 458], [4811, 1758, 3260, 5050, 1485, 5068, 2557, 2983], [3236, 817, 1689, 2488, 4176, 4812, 3124, 2564], [4813, 4521, 2074, 3112, 4666, 2816, 4487, 2150], [4814, 821, 3303, 3038, 3426, 2708, 2688, 2783], [4815, 1324, 3182, 576, 582, 3189, 4241, 3685], [1931, 1324, 4815, 4548, 2590, 4724, 4408, 4951], [4816, 1277, 2342, 1332, 4166, 3277, 1950, 2461], [4817, 1127, 1986, 840, 2359, 4586, 3174, 1329], [4818, 1794, 3487, 1151, 2270, 3013, 3289, 3592], [4820, 4060, 3763, 3330, 3459, 4010, 2633, 1981], [4433, 4821, 1326, 1123, 2419, 4362, 2892, 3073], [4822, 3184, 225, 1859, 1860, 5086, 4907, 1930], [2719, 4379, 4823, 3154, 4792, 2342, 743, 1327], [4824, 3188, 4815, 2590, 2993, 3721, 3055, 1928], [4826, 4687, 1713, 1332, 1821, 2610, 1721, 3494], [4828, 4829, 3643, 3249, 4129, 1765, 942, 4066], [4830, 2590, 2788, 3539, 2610, 2205, 4815, 4724], [3541, 3507, 4831, 3477, 3493, 3158, 4833, 3889], [4834, 4833, 3080, 1282, 582, 894, 1291, 4413], [4835, 4836, 218, 4343, 2341, 4547, 842, 4229], [4837, 118, 5038, 711, 265, 293, 1405, 250], [4838, 4839, 2624, 4547, 1208, 1861, 1106, 4216], [4840, 0, 2085, 3157, 960, 174, 2860, 4572], [4841, 493, 4787, 2705, 2120, 3224, 78, 2372], [4842, 988, 2964, 1909, 3265, 650, 1917, 4914], [4843, 4844, 557, 1770, 3496, 1893, 4354, 3055], [4845, 1062, 3452, 1379, 2463, 1046, 2034, 4374], [2991, 1223, 874, 3330, 4833, 2944, 1878, 1403], [4849, 4915, 1198, 220, 1790, 3459, 3886, 3989], [4851, 433, 4546, 4257, 1264, 2709, 3515, 4026], [4852, 1325, 606, 1987, 1231, 589, 1232, 3525], [4853, 569, 4462, 3106, 2492, 3773, 4796, 4918], [4854, 1232, 1242, 2173, 3782, 1332, 1259, 3547], [589, 1231, 3439, 1228, 2822, 2491, 123, 555], [4856, 4718, 2992, 2139, 2217, 1261, 1646, 684], [792, 4858, 4479, 3670, 3988, 552, 1520, 250], [4884, 873, 4859, 291, 3678, 2658, 555, 2541], [4860, 2596, 2095, 3097, 5069, 2744, 1222, 3711], [4861, 2229, 1046, 2920, 4475, 2835, 4845, 1211], [4853, 4862, 4475, 2659, 611, 1049, 565, 1855], [608, 3097, 5032, 3291, 1361, 2153, 1232, 2184], [2333, 1934, 606, 955, 2326, 1231, 2562, 1846], [1427, 4444, 4929, 3228, 1272, 430, 884, 3774], [1387, 4776, 915, 4923, 1775, 79, 2240, 2132], [4865, 2129, 2166, 2700, 1943, 4873, 457, 1405], [3672, 2127, 4585, 4867, 782, 2166, 2573, 3713], [953, 4867, 1387, 2928, 2739, 2978, 832, 3615], [1219, 1458, 4191, 3234, 3782, 3985, 2331, 2738], [2822, 4870, 219, 4799, 1557, 3960, 2516, 2337], [1521, 2129, 2744, 2104, 2341, 2338, 4221, 3773], [4872, 3985, 298, 2343, 2165, 2341, 146, 1296], [4873, 2164, 3386, 3227, 610, 5050, 3116, 5069], [1246, 4874, 2642, 218, 3234, 2798, 962, 2816], [4875, 4401, 4795, 2526, 3104, 2861, 2322, 3304], [4877, 333, 2276, 384, 50, 4715, 2935, 4186], [4878, 1087, 3634, 1403, 2465, 4351, 4746, 5057], [4879, 2381, 4837, 758, 4344, 1910, 4058, 1795], [2341, 3775, 1116, 3269, 2934, 2344, 5053, 3485], [4882, 3806, 1425, 4919, 3046, 486, 3321, 3278], [2772, 265, 3145, 4938, 4577, 2816, 2207, 1116], [4885, 1373, 3554, 3217, 1315, 1975, 2137, 1304], [4886, 3216, 385, 1282, 2966, 4650, 1191, 2129], [4887, 1128, 1236, 4105, 4751, 2337, 1361, 1875], [4889, 1232, 2353, 204, 225, 86, 2184, 2417], [2182, 4890, 3527, 4542, 3339, 1373, 4292, 566], [4891, 3505, 606, 3725, 3387, 782, 1911, 1532], [4892, 867, 4731, 2148, 2567, 4119, 2078, 2527], [803, 4893, 4755, 2364, 3113, 5032, 1790, 3778], [4894, 2924, 4479, 4521, 4799, 3261, 1780, 3219], [4895, 226, 676, 303, 3185, 1020, 2513, 117], [4897, 4537, 2290, 4653, 3473, 4261, 3837, 3727], [4900, 2139, 4874, 705, 2562, 4103, 3356, 3352], [4901, 4712, 1099, 1922, 1159, 1005, 2590, 1045], [4904, 4905, 4028, 2663, 1483, 4877, 1477, 5052], [4631, 928, 1552, 3346, 2308, 2658, 4906, 1245], [4907, 1760, 1184, 1450, 3090, 1860, 1465, 1656], [4908, 693, 1909, 2179, 4288, 69, 435, 3854], [4909, 440, 897, 3455, 491, 2011, 4461, 1110], [4910, 2336, 3630, 1467, 4115, 2625, 4312, 2503], [4911, 2175, 3955, 572, 1363, 4685, 61, 2473], [4913, 2977, 4457, 3280, 3949, 1938, 1111, 4327], [4914, 2353, 3215, 3558, 1711, 4223, 2558, 4801], [4916, 1614, 4666, 3905, 4770, 3367, 2395, 1107], [4785, 2393, 396, 3960, 1156, 1921, 2342, 2744], [4919, 4236, 2935, 2153, 1246, 3279, 1904, 3083], [4920, 2716, 3269, 2915, 1978, 3171, 3458, 3182], [2430, 4490, 3297, 4165, 4222, 3602, 4921, 2745], [4922, 3256, 4186, 4386, 4981, 4388, 2252, 3772], [4924, 4654, 2285, 4993, 4268, 1422, 4615, 4809], [59, 188, 273, 3034, 4932, 4193, 432, 1017], [4925, 2487, 3321, 1528, 3046, 2525, 918, 1794], [2153, 4927, 428, 4867, 4186, 386, 3115, 4097], [4532, 2863, 2213, 2437, 4410, 3653, 3075, 4428], [4930, 2382, 4927, 1244, 1398, 3894, 1360, 1566], [4931, 3865, 347, 644, 3698, 2028, 3854, 1147], [1116, 2541, 918, 3629, 3754, 3145, 5016, 3778], [2564, 2874, 4395, 828, 4937, 3701, 4108, 3713], [4938, 4939, 971, 2066, 4234, 284, 3323, 2946], [4940, 4939, 1099, 1373, 1529, 4285, 3780, 1800], [1847, 3739, 4941, 606, 2130, 4512, 2945, 3339], [4942, 1370, 1128, 4722, 4585, 953, 2223, 2807], [4943, 1239, 1432, 1220, 4103, 3113, 989, 3517], [3829, 4560, 3116, 1410, 4081, 4765, 4570, 4806], [4946, 3228, 3465, 2945, 2715, 3140, 4204, 5005], [2658, 4884, 1598, 291, 5033, 555, 3229, 4376], [2368, 1529, 3787, 4949, 2127, 413, 1491, 4494], [4951, 4897, 3813, 1541, 4548, 1931, 3514, 3588], [4955, 4409, 4453, 2869, 3275, 3078, 2980, 1958], [4957, 1976, 4752, 5005, 1405, 4596, 4891, 3465], [4958, 4952, 2445, 958, 1512, 1561, 2527, 2247], [4959, 3572, 3145, 4837, 5039, 2725, 2798, 210], [4960, 2098, 1855, 4177, 1403, 5038, 4229, 1157], [4961, 2822, 3220, 669, 3458, 1205, 2721, 4288], [4963, 876, 3786, 698, 2764, 2002, 2568, 4654], [4964, 1176, 2583, 587, 3556, 3550, 1884, 2582], [4965, 1859, 3421, 2032, 1214, 1884, 4347, 4550], [4966, 2322, 3733, 2263, 2330, 4564, 2356, 2800], [4967, 556, 2953, 1859, 977, 2328, 854, 2946], [4968, 2881, 856, 1536, 589, 1846, 3855, 1024], [4969, 3399, 2266, 3355, 456, 4650, 2200, 3612], [4970, 553, 2889, 1591, 3321, 1112, 2207, 2027], [4971, 4929, 3866, 250, 4537, 1273, 3084, 3129], [2076, 2027, 76, 75, 2053, 4649, 3618, 3775], [404, 4974, 1147, 2028, 4549, 3787, 2368, 4666], [1614, 4075, 4978, 4351, 4238, 4650, 4995, 3647], [4979, 5016, 1258, 782, 2863, 1144, 3613, 4339], [4980, 3349, 3385, 849, 1464, 3088, 4260, 4027], [4981, 3772, 1474, 1022, 664, 4811, 460, 3709], [2702, 1387, 1960, 559, 1583, 4581, 1630, 3682], [4983, 2719, 4344, 892, 5058, 1758, 4369, 1976], [2767, 2624, 5019, 3991, 4177, 2849, 3249, 4409], [4988, 3410, 4492, 926, 3261, 1326, 4591, 4497], [4989, 1141, 3953, 4582, 5056, 2400, 4974, 1466], [1096, 4990, 2713, 3775, 2693, 2862, 1095, 2999], [4991, 4859, 4395, 3441, 993, 1423, 835, 3350], [1116, 250, 2516, 905, 144, 4577, 3839, 4098], [4994, 2183, 3783, 4925, 607, 3302, 3637, 2267], [4995, 3402, 2887, 3721, 3724, 1075, 481, 4247], [4996, 4134, 3969, 3155, 3509, 844, 4924, 4659], [4998, 2876, 1080, 2894, 3471, 2026, 911, 362], [4999, 3903, 4408, 3456, 4341, 4245, 3102, 