{"num_src_sents": 123, "isocrates_1832_1": {"tgt_lang": "de", "transl_top1": 0.016260162601626018, "transl_top5": 0.0975609756097561, "transl_top10": 0.17073170731707318, "num_nulls": 0, "num_tgt_sents": 3528, "retrieval_preds": [[2861, 2762, 589, 2107, 1174, 3406, 3269, 726], [2833, 622, 823, 1914, 2578, 839, 3393, 1924], [2170, 1923, 2605, 281, 685, 2514, 3398, 1802], [3169, 310, 880, 689, 935, 2898, 1379, 1797], [1675, 3350, 1952, 2826, 1808, 2267, 589, 684], [825, 2141, 1307, 392, 3122, 929, 1262, 3044], [1449, 3169, 459, 1139, 3353, 3099, 882, 452], [1602, 3367, 3315, 1997, 1587, 1635, 2500, 2467], [2911, 1319, 3429, 3183, 955, 2907, 572, 1423], [865, 1209, 2521, 1131, 2496, 1602, 1482, 643], [2521, 3236, 2542, 2543, 1482, 883, 1209, 1852], [1522, 2130, 839, 1310, 1314, 2584, 3188, 34], [1174, 1196, 1379, 3169, 815, 407, 2180, 1482], [651, 1251, 1889, 1482, 589, 437, 2474, 2767], [666, 3401, 1149, 1836, 3390, 3136, 3394, 906], [1790, 456, 2769, 2494, 3351, 440, 1519, 494], [1343, 1465, 2963, 2186, 483, 1342, 1771, 3301], [2849, 489, 807, 2038, 761, 3266, 1278, 3215], [186, 2310, 2760, 1705, 1891, 187, 976, 191], [323, 3093, 1475, 514, 1629, 930, 794, 1365], [2481, 2494, 3211, 1482, 35, 2528, 2191, 1215], [1064, 1063, 718, 3448, 1047, 3085, 726, 2688], [1458, 2340, 1708, 281, 431, 2533, 427, 2208], [1149, 1836, 906, 3390, 956, 2164, 2602, 3151], [1555, 3404, 2688, 737, 1063, 2769, 325, 726], [589, 726, 1328, 3404, 1174, 2843, 3351, 2180], [2496, 682, 2176, 678, 2920, 2898, 2487, 2525], [1178, 1892, 2816, 3498, 457, 3404, 1330, 2260], [3406, 1662, 1797, 3399, 2861, 2868, 3445, 1670], [3404, 1653, 726, 3502, 1784, 3448, 1335, 1517], [591, 3404, 1675, 3334, 298, 3199, 189, 2826], [2769, 3447, 1656, 2782, 2559, 2775, 2825, 2107], [3227, 3414, 2895, 3343, 2907, 693, 279, 891], [1939, 1234, 2267, 2808, 2531, 3404, 2455, 3398], [2927, 3364, 1325, 1705, 1884, 977, 2152, 940], [2180, 2267, 3221, 1162, 2103, 879, 1712, 1330], [456, 3220, 3355, 2180, 589, 3483, 2759, 1675], [1836, 3289, 1906, 3049, 1713, 1806, 417, 808], [1675, 589, 2267, 2869, 1251, 2572, 308, 412], [295, 1438, 2873, 1486, 390, 1813, 1922, 2531], [1798, 1924, 3355, 3353, 1797, 2964, 2688, 1511], [3355, 1840, 3393, 1368, 3450, 1314, 88, 1555], [3169, 3215, 1369, 1936, 2621, 2520, 2169, 880], [823, 1519, 2223, 1944, 2992, 1924, 2769, 2989], [1943, 3215, 833, 1423, 1749, 807, 2760, 1779], [1960, 2767, 455, 1931, 1924, 2769, 3450, 1234], [1644, 589, 1924, 455, 1334, 2769, 2107, 2762], [977, 287, 205, 1395, 247, 1343, 1444, 609], [1924, 2978, 1656, 675, 1244, 3447, 2006, 445], [2785, 2782, 2773, 2833, 1486, 2145, 1889, 2238], [1128, 3236, 3439, 205, 2801, 1911, 265, 382], [1367, 1456, 2958, 1739, 2163, 2833, 2578, 1310], [1342, 2898, 1292, 3169, 1115, 3356, 244, 273], [309, 3432, 1330, 3356, 189, 686, 3420, 1325], [3015, 309, 3431, 2973, 1325, 244, 209, 1180], [944, 1457, 2765, 1280, 2949, 2237, 1323, 1481], [3227, 621, 1457, 1177, 1387, 1420, 2214, 2234], [281, 2267, 2315, 1325, 2346, 2619, 2310, 679], [3265, 807, 1206, 1933, 884, 65, 1700, 2261], [1377, 1827, 1162, 1409, 1660, 2538, 1278, 2182], [279, 456, 443, 3502, 2496, 1227, 935, 2455], [2239, 1744, 1228, 1473, 1867, 973, 3429, 243], [3169, 452, 2529, 244, 1228, 209, 711, 1691], [2528, 915, 1286, 1943, 2515, 2532, 2516, 3176], [485, 569, 1395, 576, 2689, 1236, 287, 3162], [456, 1840, 1924, 322, 1948, 589, 2769, 2767], [3353, 3169, 277, 448, 2520, 2317, 685, 3444], [3522, 1719, 2444, 1911, 1828, 3237, 970, 871], [2826, 281, 2762, 443, 3355, 1379, 448, 1954], [3355, 3404, 3502, 281, 189, 2897, 1196, 3069], [2165, 869, 3407, 3140, 1936, 2227, 1533, 3406], [685, 243, 1797, 3169, 452, 1921, 1482, 2191], [912, 1174, 495, 882, 880, 281, 1152, 2461], [485, 1375, 954, 1152, 2978, 3355, 3220, 875], [589, 456, 3447, 494, 2767, 2769, 1519, 3355], [3355, 2978, 279, 392, 443, 3169, 569, 247], [2149, 199, 2058, 572, 2182, 1874, 1574, 2210], [281, 2992, 3219, 2826, 480, 935, 2961, 2622], [1931, 1330, 422, 2463, 272, 2280, 2501, 2752], [1742, 2852, 2977, 485, 1501, 3421, 1342, 2495], [1330, 2927, 2479, 1931, 2852, 597, 2891, 2555], [1325, 2471, 3356, 3419, 3402, 309, 1347, 2831], [251, 1320, 205, 295, 3401, 1887, 2976, 666], [209, 195, 258, 243, 452, 415, 1691, 193], [1924, 3447, 2622, 1840, 3393, 1654, 1644, 2107], [2244, 1259, 2781, 1382, 1731, 1331, 3225, 1511], [243, 279, 2898, 443, 2173, 3169, 935, 2978], [1877, 1407, 940, 2906, 1311, 2964, 2580, 1304], [823, 1184, 1944, 2992, 964, 2839, 1739, 2833], [825, 2528, 933, 940, 2991, 2621, 2544, 2613], [924, 1390, 1314, 3297, 2200, 1665, 1787, 1321], [455, 1924, 2833, 1780, 954, 1656, 823, 3393], [1749, 205, 977, 1779, 3343, 3429, 1899, 1943], [3350, 3512, 412, 2861, 494, 1156, 1519, 1654], [1849, 1854, 1406, 3348, 3044, 1593, 933, 2085], [1263, 2145, 1737, 1820, 2832, 819, 938, 1456], [43, 1241, 440, 2541, 849, 933, 1063, 2504], [2911, 1319, 2910, 2306, 2022, 1343, 2580, 807], [666, 3401, 1149, 1836, 3390, 3136, 3394, 906], [666, 1292, 2505, 1342, 1931, 3402, 2868, 3401], [943, 1343, 2381, 3343, 2513, 3413, 1012, 2975], [291, 281, 1428, 1943, 3404, 2172, 309, 2327], [1781, 1363, 1912, 1292, 712, 2520, 1444, 3401], [3402, 2973, 3436, 209, 1292, 3031, 3356, 3494], [993, 485, 3015, 3356, 1670, 1203, 1513, 186], [1343, 1342, 1002, 943, 1465, 3157, 2185, 2963], [581, 3169, 1197, 3429, 1989, 3343, 2868, 1379], [3058, 2002, 759, 1846, 1180, 3448, 1001, 998], [1343, 485, 943, 1203, 3221, 860, 875, 1501], [2868, 589, 3444, 3355, 3404, 3350, 2769, 1829], [3393, 1314, 823, 658, 1208, 1924, 1254, 2943], [2833, 1765, 1902, 2836, 2110, 2578, 2291, 2451], [1229, 976, 3258, 3436, 3244, 179, 773, 411], [2989, 2451, 2167, 455, 1334, 2767, 2107, 1314], [456, 445, 440, 1948, 3447, 1889, 298, 455], [977, 2455, 1060, 3414, 445, 1948, 1330, 247], [308, 2797, 576, 647, 678, 590, 2169, 3203], [1931, 2688, 3404, 3355, 2870, 2808, 3444, 589], [3264, 3243, 1190, 1176, 581, 1180, 2831, 1155], [2833, 1334, 2990, 1889, 2622, 1644, 3515, 2839], [3169, 3420, 2185, 281, 591, 1180, 2514, 1379], [2543, 2533, 1243, 2233, 3230, 1367, 1324, 2811], [2269, 46, 918, 2164, 2565, 657, 2149, 2171]]}, "isocrates_1835_5": {"tgt_lang": "de", "transl_top1": 0.4634146341463415, "transl_top5": 0.6585365853658537, "transl_top10": 0.7154471544715447, "num_nulls": 0, "num_tgt_sents": 4051,