{"num_src_sents": 128, "pindar_1841": {"tgt_lang": "fr", "transl_top1": 0.15625, "transl_top5": 0.265625, "transl_top10": 0.390625, "num_nulls": 0, "num_tgt_sents": 4635, "retrieval_preds": [[1171, 4068, 3797, 1047, 1068, 1056, 446, 3257], [4069, 2509, 2430, 4583, 4588, 2428, 3092, 3014], [60, 4070, 726, 940, 1303, 1156, 4375, 2769], [3319, 4072, 4491, 4572, 4515, 4478, 4221, 1977], [2689, 3079, 4074, 4327, 1728, 4479, 1786, 3051], [4076, 2655, 2583, 3626, 4493, 4488, 2804, 3938], [4491, 4478, 3514, 4572, 2418, 4556, 4497, 4357], [4537, 1725, 655, 4105, 131, 2405, 486, 3995], [3319, 2691, 4572, 3928, 3377, 3931, 4500, 4085], [2494, 1208, 1210, 1212, 1214, 662, 4006, 956], [4572, 2344, 4497, 4054, 2221, 4523, 3319, 2336], [2564, 4091, 1755, 3366, 4431, 2863, 946, 3247], [2339, 2949, 4481, 2950, 4536, 2490, 3098, 2951], [4584, 1580, 4503, 3591, 1252, 1774, 3390, 738], [3319, 4572, 4491, 4097, 1869, 4497, 1750, 3294], [1781, 4099, 2392, 1325, 1629, 1771, 2751, 4053], [412, 930, 1752, 4100, 3776, 3638, 683, 945], [4101, 2344, 3319, 3046, 4572, 3607, 3830, 871], [1872, 4091, 4178, 3318, 3245, 3069, 16, 4032], [4121, 2344, 4491, 4515, 1948, 4519, 4500, 4514], [3069, 4323, 4122, 4140, 3185, 4493, 1348, 4160], [2274, 915, 1688, 687, 3842, 74, 3503, 3687], [4128, 4572, 4133, 3319, 4272, 3036, 4500, 871], [4572, 4491, 4495, 4500, 4549, 4523, 4478, 4556], [3251, 4138, 4538, 364, 17, 4588, 2343, 4597], [4140, 4588, 3558, 4597, 3069, 2761, 3014, 4323], [2706, 4141, 3832, 86, 3440, 4111, 2582, 1913], [4572, 4555, 4497, 871, 183, 4495, 4478, 4519], [4430, 4282, 1266, 4588, 976, 4597, 1897, 2547], [4150, 2693, 3797, 2825, 2401, 4315, 1068, 2762], [4176, 1872, 1889, 4577, 3787, 3247, 4517, 4584], [4533, 1597, 4534, 1033, 103, 3903, 4178, 3839], [2115, 1753, 4430, 3063, 1605, 4079, 1319, 2059], [290, 3319, 4478, 4479, 3920, 4223, 1957, 1767], [99, 4588, 1914, 4043, 3094, 4475, 976, 2579], [4173, 3974, 3920, 1669, 3232, 1754, 3688, 3334], [285, 2461, 584, 3001, 2051, 2923, 4567, 2343], [4187, 4538, 4173, 4478, 4523, 1971, 4495, 4072], [4567, 1913, 4436, 2578, 3390, 3957, 3501, 3591], [4536, 4572, 3318, 4527, 4478, 4534, 4523, 4260], [1786, 3830, 2964, 2924, 356, 4419, 1727, 90], [4523, 4161, 4496, 3565, 1933, 4188, 3068, 1909], [4491, 4572, 4556, 4549, 4495, 4500, 4534, 4497], [4140, 1815, 4323, 3946, 4475, 4597, 4430, 3558], [1033, 4548, 4573, 70, 4564, 4538, 4533, 1688], [4168, 1605, 3573, 3871, 1891, 747, 2344, 3840], [2461, 2055, 1998, 4189, 1796, 4567, 1431, 4188], [4548, 1222, 3883, 2217, 3503, 1280, 2309, 173], [2396, 4538, 2339, 4357, 3319, 3109, 2619, 2875], [2115, 1872, 4178, 2491, 4517, 1319, 3593, 1128], [4213, 110, 3421, 4470, 3766, 3063, 1076, 69], [4215, 656, 4386, 655, 1291, 1451, 665, 1105], [4495, 4572, 4326, 4478, 4497, 3319, 1957, 2418], [4221, 3687, 1688, 1948, 3842, 2344, 3385, 3169], [4572, 4491, 4221, 4556, 4495, 2059, 4478, 4497], [4223, 2846, 3565, 3207, 3116, 3319, 2751, 3183], [4492, 3973, 4265, 2924, 2960, 1794, 3085, 4224], [4478, 4584, 4572, 4534, 4491, 4495, 4497, 1580], [1592, 2922, 4388, 798, 1653, 3671, 4025, 2899], [1909, 1927, 4521, 2531, 3937, 2846, 3157, 1605], [4315, 3002, 4177, 4588, 4430, 3516, 1861, 2803], [1406, 2687, 1300, 3718, 1142, 3128, 4484, 4254], [4255, 3929, 3928, 2762, 1087, 3602, 3960, 3319], [4511, 3920, 4229, 4325, 3688, 1985, 4489, 4382], [4259, 2144, 1872, 3245, 2320, 1697, 1319, 4091], [4572, 3319, 4534, 4495, 4491, 4556, 4523, 2344], [2121, 1750, 2192, 3938, 2138, 4268, 3319, 2344], [4272, 4097, 229, 3319, 3294, 2339, 3880, 3109], [173, 3914, 723, 2059, 2437, 4181, 1603, 1261], [4564, 4573, 4523, 4072, 2339, 3333, 4572, 3938], [1721, 3250, 655, 4146, 3965, 3257, 4504, 1755], [59, 3085, 3767, 4156, 3759, 1630, 2220, 3017], [3920, 4560, 2415, 3893, 4140, 3074, 3584, 3900], [1900, 4098, 4255, 4343, 4224, 2349, 3951, 2396], [3606, 2437, 4285, 1265, 2120, 1996, 2401, 1052], [2603, 1957, 3294, 4495, 4255, 3680, 3349, 4316], [3747, 2590, 3238, 1909, 3699, 4181, 2059, 3962], [4318, 1796, 4102, 1363, 4591, 4176, 1270, 2186], [4453, 4551, 1985, 2943, 4320, 1869, 4326, 4495], [2949, 2339, 2231, 1754, 4321, 2777, 4403, 4511], [4572, 4497, 4478, 4495, 4491, 3514, 4555, 3319], [4327, 2959, 4572, 1728, 3747, 2127, 4560, 2875], [2583, 2156, 4537, 4268, 3059, 2037, 3317, 4330], [4491, 4572, 4555, 4497, 4500, 4523, 2339, 4515], [4491, 4555, 4478, 4495, 4572, 4534, 1841, 4497], [2505, 1850, 978, 1493, 3697, 2778, 1611, 2809], [4538, 3616, 1508, 2943, 4514, 1871, 4563, 2584], [3942, 4164, 2742, 4500, 2825, 3973, 3713, 4492], [4491, 4572, 4478, 3319, 4357, 4573, 4523, 4495], [4495, 4497, 4572, 3319, 4521, 4601, 2555, 4491], [4357, 4511, 3562, 2837, 3895, 2297, 4527, 2339], [4375, 864, 3490, 4502, 2339, 60, 59, 1745], [864, 2360, 4511, 2583, 4348, 3036, 1254, 294], [4377, 4382, 3562, 3938, 4381, 4523, 4325, 3245], [4378, 3154, 4629, 1155, 3361, 1604, 4585, 4264], [384, 306, 4629, 1309, 1179, 236, 2305, 3154], [306, 236, 1179, 302, 600, 303, 1178, 1309], [4381, 3938, 4523, 4382, 3076, 1744, 4377, 3945], [4382, 4325, 1873, 4511, 3294, 3982, 3644, 1934], [1701, 3503, 1219, 4388, 4178, 1872, 1281, 1307], [1608, 466, 2404, 4285, 4564, 2555, 3367, 3319], [3687, 2875, 2905, 4179, 1891, 3334, 3593, 3540], [4523, 4548, 4534, 3841, 2250, 3688, 4247, 4589], [3319, 4327, 4572, 3294, 2330, 4272, 4495, 4221], [1307, 2583, 3938, 2588, 4430, 587, 1684, 4431], [3628, 3073, 1345, 1344, 3766, 1342, 4395, 1870], [4583, 132, 3250, 1261, 3572, 2247, 4548, 3762], [4495, 4572, 1608, 3319, 4538, 2344, 4584, 4497], [4403, 59, 3781, 3527, 1948, 2396, 1869, 2373], [4427, 2349, 3319, 4515, 3109, 4491, 4572, 4573], [4428, 4224, 3771, 2507, 4488, 3085, 1807, 3630], [4523, 4433, 4555, 4572, 2250, 2543, 2086, 4430], [2507, 4504, 4215, 3250, 2151, 2030, 1632, 3503], [1362, 1229, 3093, 3938, 3424, 1000, 1701, 911], [3319, 4511, 4523, 4439, 3644, 4491, 4072, 3960], [4572, 4495, 4497, 4491, 4221, 3319, 4523, 4511], [4439, 4445, 3960, 4316, 4460, 1767, 2129, 4133], [4449, 4516, 2156, 2344, 2757, 2584, 17, 2583], [4005, 2704, 3938, 4010, 4442, 3319, 1763, 4085], [4572, 3319, 4221, 4573, 2344, 4478, 1972, 4495], [2961, 3001, 2534, 3067, 4509, 4523, 2481, 1612], [4418, 3546, 4460, 2854, 4445, 4348, 2129, 3633], [4572, 4495, 4491, 4478, 3319, 2344, 2603, 4479], [3938, 3459, 4523, 2192, 929, 3753, 1683, 3545], [4430, 2837, 4475, 2083, 3903, 2861, 1996, 4079], [4468, 2740, 4422, 1830, 4285, 1853, 2825, 2949], [4133, 2917, 3565, 2447, 3137, 2542, 3833, 2918], [4572, 4221, 4511, 4497, 1749, 1920, 3488, 2344]]}, "pindar_1860": {"tgt_lang": "de", "transl_top1": 0.109375, "transl_top5": 0.2265625, "transl_top10": 0.3359375, "num_nulls": 0, "num_tgt_sents": 2662,