{"num_src_sents": 170, "lucian_1829_10": {"tgt_lang": "de", "transl_top1": 0.3, "transl_top5": 0.45294117647058824, "transl_top10": 0.5235294117647059, "num_nulls": 1, "num_tgt_sents": 4222, "retrieval_preds": [[364, 365, 478, 430, 4102, 715, 418, 489], [3250, 1736, 368, 1150, 827, 823, 2695, 1178], [369, 4215, 3323, 280, 2593, 268, 2390, 772], [3188, 533, 370, 3757, 534, 3766, 4026, 346], [2578, 1044, 372, 4095, 3812, 3871, 2139, 2558], [1315, 456, 1604, 4036, 1457, 2061, 2251, 13], [375, 1797, 2393, 4147, 2139, 3143, 794, 3492], [3056, 1742, 815, 385, 101, 1736, 1865, 2139], [380, 827, 3635, 1758, 1736, 385, 2567, 1760], [1100, 3106, 383, 382, 1866, 2584, 2177, 2837], [385, 101, 3871, 607, 2821, 132, 328, 2092], [386, 557, 3189, 368, 3932, 36, 4141, 276], [2624, 1622, 1726, 26, 1340, 696, 1570, 3112], [3746, 3754, 2602, 408, 3112, 2798, 3249, 2837], [391, 1498, 1479, 305, 1597, 4038, 2172, 268], [1493, 1960, 181, 1177, 2070, 4146, 1791, 2320], [3264, 3746, 2768, 346, 3754, 4184, 3307, 3805], [3914, 3936, 398, 4079, 3922, 3931, 813, 4034], [385, 1473, 380, 604, 3087, 3264, 813, 2148], [3766, 797, 121, 390, 3193, 1940, 404, 963], [52, 3936, 338, 3242, 283, 2805, 1161, 346], [679, 4030, 1117, 2682, 89, 2740, 3106, 3102], [2859, 480, 2768, 1910, 2709, 346, 3197, 3028], [413, 1316, 430, 686, 3186, 132, 968, 604], [430, 489, 3377, 674, 494, 604, 3847, 3694], [422, 4131, 426, 3034, 1498, 3251, 737, 2289], [423, 427, 1161, 832, 1683, 2962, 23, 1213], [425, 413, 683, 578, 987, 2019, 2212, 4042], [426, 1694, 1145, 3178, 946, 735, 3034, 2084], [686, 2451, 1888, 1584, 1866, 1069, 966, 82], [3763, 1982, 1493, 183, 3889, 2597, 1977, 23], [430, 1718, 1988, 334, 549, 3186, 1866, 1586], [3790, 1988, 1993, 430, 3150, 494, 674, 3752], [56, 948, 1333, 2845, 1134, 1982, 1972, 954], [1316, 494, 430, 439, 1718, 1160, 425, 2473], [3857, 101, 1736, 815, 3292, 3781, 2019, 2738], [442, 4159, 2372, 368, 2840, 3069, 101, 1743], [82, 490, 44, 40, 3377, 103, 3383, 95], [445, 81, 3747, 219, 576, 3363, 695, 1315], [3204, 1724, 1855, 2012, 3234, 1104, 2834, 379], [448, 1525, 1498, 2084, 2307, 3648, 451, 2339], [449, 3699, 1853, 451, 453, 3045, 334, 3645], [2952, 439, 1622, 180, 696, 98, 2592, 3078], [457, 439, 2451, 741, 671, 1142, 277, 686], [2920, 1340, 2451, 684, 2042, 433, 338, 1161], [2678, 120, 2453, 1389, 461, 852, 3170, 3219], [851, 852, 752, 1866, 1761, 604, 462, 407], [463, 1451, 462, 1888, 1142, 2390, 674, 591], [465, 283, 1840, 514, 2148, 2603, 2625, 2723], [334, 514, 4084, 3847, 1718, 3144, 604, 3186], [471, 1887, 1514, 719, 3535, 3144, 1803, 3174], [3394, 604, 430, 3144, 1005, 1718, 3790, 471], [3273, 113, 401, 2108, 369, 38, 819, 711], [819, 3067, 704, 813, 2133, 1521, 3001, 385], [4083, 478, 1806, 3922, 1470, 4070, 2188, 2828], [546, 93, 1770, 4149, 791, 81, 638, 356], [1866, 2701, 353, 1718, 1846, 3397, 2372, 3936], [822, 485, 369, 813, 483, 491, 715, 2118], [494, 604, 478, 430, 369, 1718, 425, 462], [489, 244, 485, 741, 483, 1695, 650, 2593], [490, 2473, 520, 680, 2912, 2400, 3751, 3695], [494, 430, 2372, 1718, 1988, 3186, 221, 3751], [1319, 2139, 2078, 11, 3225, 2860, 4184, 2602], [1952, 489, 497, 579, 490, 487, 3903, 494], [1846, 2088, 3144, 594, 2783, 3399, 498, 2245], [505, 541, 738, 3144, 591, 2374, 463, 3026], [28, 4001, 540, 15, 813, 21, 587, 4184], [507, 498, 478, 3144, 738, 30, 3986, 591], [3996, 4014, 4142, 3141, 1829, 346, 4030, 632], [2094, 1019, 2007, 1736, 4141, 3938, 3187, 1021], [533, 480, 3936, 3056, 2860, 3805, 114, 142], [1930, 1097, 3028, 3836, 3755, 2698, 3156, 1845], [1051, 3831, 1195, 2695, 1506, 933, 46, 3888], [1606, 1395, 3833, 3159, 2149, 1983, 1259, 2060], [1488, 3911, 81, 3810, 1969, 2072, 2338, 2307], [614, 4206, 2426, 3991, 2884, 1630, 2880, 2234], [3313, 537, 3872, 459, 1021, 2139, 3844, 3204], [3064, 513, 2822, 3760, 4042, 1255, 2781, 2517], [2548, 3397, 4042, 2488, 2276, 3106, 604, 1509], [514, 2464, 2723, 513, 334, 2900, 4206, 2400], [514, 515, 3356, 2736, 1896, 1644, 852, 667], [2772, 1437, 819, 517, 738, 1511, 1523, 4], [1887, 2473, 3986, 532, 430, 1005, 1846, 1694], [528, 1473, 2772, 3144, 2084, 1470, 2246, 529], [532, 1586, 2775, 2784, 2918, 738, 3114, 47], [1851, 1630, 71, 448, 1364, 3831, 1667, 491], [2071, 420, 3368, 1038, 791, 2844, 1384, 2752], [533, 480, 3754, 102, 3755, 2889, 11, 3089], [334, 3144, 1005, 532, 761, 3986, 1718, 1988], [3257, 989, 2359, 3124, 939, 3096, 3310, 3225], [542, 334, 3435, 2775, 3331, 3828, 1718, 3344], [544, 480, 556, 380, 3857, 502, 1477, 2872], [430, 1718, 3186, 1010, 1005, 1725, 727, 3045], [3260, 1423, 1340, 2135, 730, 3120, 860, 3449], [549, 334, 3986, 3150, 1992, 553, 1988, 3174], [551, 552, 82, 1698, 103, 3621, 1791, 2710], [553, 3174, 1479, 3986, 3144, 541, 478, 1887], [554, 3356, 2374, 2900, 2898, 4164, 2124, 1560], [480, 556, 479, 2446, 544, 380, 3436, 441], [557, 3641, 1990, 599, 3644, 1044, 520, 2738], [52, 1718, 3290, 2343, 2784, 3242, 16, 1311], [560, 529, 2593, 1451, 1869, 3090, 1145, 3505], [561, 557, 1990, 3641, 3650, 164, 1504, 2789], [1992, 2372, 562, 1993, 68, 2843, 2059, 532], [1748, 1870, 2869, 3249, 86, 1739, 1340, 282], [369, 565, 813, 566, 1049, 480, 380, 1547], [1488, 1321, 1320, 1329, 1395, 990, 1889, 3357], [3936, 3752, 2377, 3144, 1988, 114, 968, 1100], [3667, 2943, 3660, 15, 485, 3553, 7, 1769], [2701, 1846, 334, 3752, 2920, 4153, 3377, 674], [578, 4025, 3251, 579, 772, 2140, 1741, 2092], [580, 2701, 221, 686, 1010, 1718, 3186, 413], [2170, 2526, 1888, 114, 335, 779, 578, 2187], [583, 334, 335, 1128, 1586, 987, 3790, 1005], [588, 478, 477, 430, 494, 369, 490, 587], [604, 478, 591, 505, 2245, 590, 462, 1877], [1615, 299, 926, 1610, 4129, 2471, 398, 2956], [604, 1866, 2339, 3186, 3397, 507, 1952, 1993], [101, 2135, 2497, 815, 1742, 1473, 266, 1865], [2709, 1952, 282, 1584, 1829, 2002, 458, 1189], [604, 369, 1887, 430, 425, 1988, 591, 478], [607, 1473, 3144, 3936, 101, 1470, 1659, 4070], [3932, 3243, 1021, 36, 4141, 2834, 3855, 3313], [402, 3588, 3818, 979, 1163, 3547, 2179, 358], [3678, 483, 4220, 3198, 489, 401, 819, 3677], [613, 72, 3144, 334, 494, 30, 738, 2860], [818, 4070, 3532, 541, 3975, 2917, 3986, 3936], [623, 557, 368, 2165, 689, 1, 2695, 2009], [730, 98, 3138, 4197, 1879, 731, 2872, 4038], [3401, 3756, 2594, 2799, 2717, 2709, 208, 1197], [631, 3144, 3986, 1887, 1011, 629, 1498, 1694], [633, 1433, 3363, 3427, 2484, 2227, 3056, 4176], [2070, 3765, 2078, 3746, 1457, 4184, 1288, 3297], [4215, 636, 3356, 2178, 635, 3962, 2765, 3389], [483, 4, 2943, 2948, 3553, 637, 558, 59], [2825, 2838, 3755, 2278, 3553, 56, 3653, 3977], [640, 1720, 3144, 541, 3986, 4150, 1142, 3536], [2495, 541, 2497, 3859, 38, 661, 822, 2475], [761, 3071, 1011, 987, 1005, 3394, 1718, 604], [334, 1800, 2701, 1525, 2085, 1011, 3540, 2920], [655, 656, 664, 1685, 2344, 637, 2068, 3303], [656, 4052, 2925, 1451, 3793, 3598, 3277, 1773], [657, 676, 538, 3715, 813, 113, 2322, 3014], [541, 3144, 1887, 3986, 4212, 1846, 4004, 2473], [665, 1498, 1470, 669, 1887, 1697, 3535, 1771], [1498, 666, 3936, 3975, 2718, 1560, 335, 1644], [667, 686, 2701, 1509, 1527, 2059, 2612, 2488], [669, 1887, 1470, 3475, 656, 3459, 738, 541], [670, 11, 1288, 663, 1889, 2514, 3911, 2221], [674, 2140, 2092, 741, 748, 715, 3752, 2783], [4160, 2111, 3831, 933, 1709, 1826, 2108, 476], [3367, 2314, 3577, 710, 676, 3130, 926, 929], [369, 794, 2768, 1910, 679, 2599, 2088, 3731], [680, 1741, 1791, 3516, 385, 2464, 3178, 3035], [682, 681, 1586, 532, 221, 1853, 1783, 3699], [683, 221, 2372, 684, 1010, 987, 1316, 1005], [686, 3045, 1010, 1677, 3186, 3053, 2946, 334], [36, 61, 737, 222, 1677, 1725, 1851, 1743], [3045, 77, 580, 1988, 1011, 2807, 2843, 334], [694, 2564, 777, 1173, 2061, 4197, 3735, 3229], [2059, 2701, 1846, 3936, 2714, 3930, 334, 288], [2885, 3919, 699, 3157, 2373, 1897, 4160, 2697], [700, 702, 2117, 4219, 369, 2129, 2118, 2709], [701, 3494, 3779, 2396, 3238, 743, 3189, 1791], [1869, 541, 564, 704, 702, 4052, 1451, 4070], [1769, 3276, 2503, 3383, 3377, 1359, 2943, 4219], [3328, 3361, 1362, 4129, 2593, 994, 3659, 1053], 