{"num_src_sents": 6913, "cicero_1855-1897_2": {"tgt_lang": "de", "transl_top1": 0.0015912049761319254, "transl_top5": 0.005496889917546651, "transl_top10": 0.009981194850282078, "num_nulls": 398, "num_tgt_sents": 5940}, "cicero_1855-1903_1": {"tgt_lang": "de", "transl_top1": 0.0011572399826414003, "transl_top5": 0.003471719947924201, "transl_top10": 0.007956024880659628, "num_nulls": 634, "num_tgt_sents": 5426}, "num_translations": 2, "text_top1": 0.0013742224793866628, "text_top5": 0.004484304932735426, "text_top10": 0.008968609865470854}