{"num_src_sents": 460, "seneca_1889": {"tgt_lang": "en", "transl_top1": 0.717391304347826, "transl_top5": 0.8869565217391304, "transl_top10": 0.9565217391304348, "num_nulls": 0, "num_tgt_sents": 6989}, "seneca_1877": {"tgt_lang": "fr", "transl_top1": 0.6565217391304348, "transl_top5": 0.8565217391304348, "transl_top10": 0.9152173913043479, "num_nulls": 0, "num_tgt_sents": 29079}, "num_translations": 2, "text_top1": 0.6869565217391305, "text_top5": 0.8717391304347826, "text_top10": 0.9358695652173914}