{"num_src_sents": 246, "plutarch_1_1844": {"tgt_lang": "fr", "transl_top1": 0.09349593495934959, "transl_top5": 0.21544715447154472, "transl_top10": 0.2764227642276423, "num_nulls": 0, "num_tgt_sents": 8121}, "plutarch_2_1844": {"tgt_lang": "fr", "transl_top1": 0.0040650406504065045, "transl_top5": 0.04065040650406504, "transl_top10": 0.08536585365853659, "num_nulls": 0, "num_tgt_sents": 7523}, "num_translations": 2, "text_top1": 0.048780487804878044, "text_top5": 0.12804878048780488, "text_top10": 0.18089430894308944}