{"num_src_sents": 21, "isocrates_1832_1": {"tgt_lang": "de", "transl_top1": 0.047619047619047616, "transl_top5": 0.3333333333333333, "transl_top10": 0.5714285714285714, "num_nulls": 0, "num_tgt_sents": 3528, "retrieval_preds": [[1788, 1803, 1254, 3350, 3447, 658, 3303, 796], [1724, 2765, 1722, 476, 1160, 1872, 3447, 659], [2895, 2545, 1212, 2533, 2248, 693, 2183, 3414], [3426, 807, 3006, 1923, 427, 1470, 2118, 296], [2770, 1395, 184, 1278, 872, 2344, 3405, 2169], [2274, 968, 3350, 2773, 1802, 2592, 669, 2903], [455, 2751, 1644, 2762, 1367, 453, 1931, 2291], [1395, 977, 685, 2763, 3414, 298, 1819, 1943], [3350, 823, 3447, 455, 3024, 2839, 2561, 1222], [2815, 1433, 1144, 1919, 1889, 2782, 2280, 1739], [2474, 3378, 494, 395, 497, 2815, 3375, 1519], [3404, 2759, 1797, 565, 2501, 947, 1196, 247], [846, 1272, 1836, 617, 2802, 1791, 2560, 2378], [3447, 1656, 1679, 412, 2769, 1798, 1654, 1924], [1643, 623, 2874, 2149, 2175, 413, 1395, 2540], [3193, 2272, 1321, 1775, 2775, 2192, 2035, 1690], [1892, 3502, 1806, 476, 682, 1162, 230, 485], [869, 565, 1686, 3436, 318, 2916, 451, 211], [1656, 971, 437, 2995, 2815, 1889, 455, 698], [589, 3447, 1649, 1674, 2267, 1662, 3351, 1644], [2267, 258, 250, 164, 1691, 1639, 1675, 974]]}, "isocrates_1835_5": {"tgt_lang": "de", "transl_top1": 0.09523809523809523, "transl_top5": 0.2857142857142857, "transl_top10": 0.47619047619047616, "num_nulls": 0, "num_tgt_sents": 4051, "retrieval_preds": [[3304, 2236, 3289, 3385, 597, 1126, 529, 3175], [3305, 3074, 643, 1586, 173, 1374, 1770, 992], [247, 352, 286, 1374, 1152, 739, 388, 460], [3306, 3332, 3288, 2984, 1321, 2981, 2952, 2336], [2311, 214, 3403, 1148, 1418, 2364, 1052, 568], [379, 3385, 1686, 1098, 1961, 3320, 506, 2236], [1027, 3057, 1812, 3309, 527, 1490, 2016, 2464], [3310, 2360, 3072, 2498, 1486, 2647, 1759, 1052], [3312, 597, 1513, 619, 3400, 275, 3280, 1695], [3313, 488, 776, 1831, 153, 1804, 1225, 235], [420, 489, 1726, 3314, 554, 1225, 1794, 361], [1015, 2362, 1947, 2498, 1419, 2649, 2464, 2650], [414, 3887, 1717, 3766, 272, 970, 1731, 3485], [3320, 634, 1513, 488, 3175, 1383, 3029, 3074], [3069, 2498, 1044, 2420, 819, 817, 2588, 2672], [3323, 1424, 1193, 1859, 3333, 193, 3369, 3129], [2993, 1095, 3325, 2007, 2464, 3074, 1654, 1043], [1848, 1521, 1682, 3328, 2464, 524, 2641, 200], [1513, 2413, 153, 1225, 157, 3138, 1514, 3331], [619, 595, 3175, 3048, 3281, 3107, 1098, 1724], [3335, 1399, 529, 2549, 2014, 2577, 552, 3028]]}, "num_translations": 2, "text_top1": 0.07142857142857142, "text_top5": 0.30952380952380953, "text_top10": 0.5238095238095237}