{"num_src_sents": 24, "plutarch_2_1908": {"tgt_lang": "en", "transl_top1": 0.0, "transl_top5": 0.16666666666666666, "transl_top10": 0.20833333333333334, "num_nulls": 0, "num_tgt_sents": 5773}, "plutarch_1_1906": {"tgt_lang": "en", "transl_top1": 0.041666666666666664, "transl_top5": 0.16666666666666666, "transl_top10": 0.2916666666666667, "num_nulls": 0, "num_tgt_sents": 6800}, "num_translations": 2, "text_top1": 0.020833333333333332, "text_top5": 0.16666666666666666, "text_top10": 0.25}