{"num_src_sents": 820, "horace_1859": {"tgt_lang": "en", "transl_top1": 0.7560975609756098, "transl_top5": 0.9560975609756097, "transl_top10": 1.026829268292683, "num_nulls": 0, "num_tgt_sents": 4844}, "horace_1865": {"tgt_lang": "en", "transl_top1": 0.5170731707317073, "transl_top5": 0.7390243902439024, "transl_top10": 0.8219512195121951, "num_nulls": 1, "num_tgt_sents": 1747}, "horace_juvenal_persius_1841": {"tgt_lang": "fr", "transl_top1": 0.4951219512195122, "transl_top5": 0.675609756097561, "transl_top10": 0.7548780487804878, "num_nulls": 0, "num_tgt_sents": 8044}, "horace_1847": {"tgt_lang": "fr", "transl_top1": 0.012195121951219513, "transl_top5": 0.036585365853658534, "transl_top10": 0.05975609756097561, "num_nulls": 0, "num_tgt_sents": 2963}, "horace_1902": {"tgt_lang": "en", "transl_top1": 0.7682926829268293, "transl_top5": 0.9146341463414634, "transl_top10": 0.9853658536585366, "num_nulls": 0, "num_tgt_sents": 4146}, "num_translations": 5, "text_top1": 0.5097560975609756, "text_top5": 0.664390243902439, "text_top10": 0.7297560975609756}