{"num_src_sents": 176, "demosthenes_1877": {"tgt_lang": "en", "transl_top1": 0.23295454545454544, "transl_top5": 0.3977272727272727, "transl_top10": 0.4943181818181818, "num_nulls": 0, "num_tgt_sents": 7775}, "demosthenes_aeschynes_1861": {"tgt_lang": "fr", "transl_top1": 0.017045454545454544, "transl_top5": 0.056818181818181816, "transl_top10": 0.07954545454545454, "num_nulls": 0, "num_tgt_sents": 36182}, "num_translations": 2, "text_top1": 0.125, "text_top5": 0.22727272727272727, "text_top10": 0.2869318181818182}