{"num_src_sents": 7516, "dionysiusHalicarnassus_2_1738": {"tgt_lang": "it", "transl_top1": 0.17589143161255988, "transl_top5": 0.23842469398616284, "transl_top10": 0.26742948376796166, "num_nulls": 3438, "num_tgt_sents": 3895}, "dionysiusHalicarnassus_1_1738": {"tgt_lang": "it", "transl_top1": 0.23722724853645555, "transl_top5": 0.30840872804683345, "transl_top10": 0.336216072378925, "num_nulls": 3369, "num_tgt_sents": 4446}, "num_translations": 2, "text_top1": 0.2065593400745077, "text_top5": 0.2734167110164981, "text_top10": 0.3018227780734433}