{"num_src_sents": 515, "euripides_1852_3": {"tgt_lang": "de", "transl_top1": 0.1436893203883495, "transl_top5": 0.27766990291262134, "transl_top10": 0.3300970873786408, "num_nulls": 2, "num_tgt_sents": 4706}, "euripides_2_1884": {"tgt_lang": "fr", "transl_top1": 0.011650485436893204, "transl_top5": 0.05631067961165048, "transl_top10": 0.09320388349514563, "num_nulls": 0, "num_tgt_sents": 6695}, "euripides_1_1884": {"tgt_lang": "fr", "transl_top1": 0.1883495145631068, "transl_top5": 0.29320388349514565, "transl_top10": 0.34563106796116505, "num_nulls": 0, "num_tgt_sents": 6832}, "num_translations": 3, "text_top1": 0.1145631067961165, "text_top5": 0.20906148867313917, "text_top10": 0.2563106796116505}