{"num_src_sents": 130, "plutarch_1898_ethical": {"tgt_lang": "en", "transl_top1": 0.2692307692307692, "transl_top5": 0.4076923076923077, "transl_top10": 0.46153846153846156, "num_nulls": 0, "num_tgt_sents": 5242}, "plutarch_2_1844": {"tgt_lang": "fr", "transl_top1": 0.06923076923076923, "transl_top5": 0.13076923076923078, "transl_top10": 0.23076923076923078, "num_nulls": 0, "num_tgt_sents": 7523}, "plutarch_1_1844": {"tgt_lang": "fr", "transl_top1": 0.015384615384615385, "transl_top5": 0.046153846153846156, "transl_top10": 0.1076923076923077, "num_nulls": 0, "num_tgt_sents": 8121}, "num_translations": 3, "text_top1": 0.11794871794871795, "text_top5": 0.19487179487179487, "text_top10": 0.26666666666666666}