{"num_src_sents": 2146, "cicero_1855-1892_5": {"tgt_lang": "de", "transl_top1": 0.004659832246039142, "transl_top5": 0.011183597390493943, "transl_top10": 0.0195712954333644, "num_nulls": 0, "num_tgt_sents": 4818}, "cicero_1861_6": {"tgt_lang": "de", "transl_top1": 0.005591798695246971, "transl_top5": 0.023765144454799627, "transl_top10": 0.04100652376514446, "num_nulls": 0, "num_tgt_sents": 8951}, "cicero_1878_8": {"tgt_lang": "de", "transl_top1": 0.007455731593662628, "transl_top5": 0.02050326188257223, "transl_top10": 0.034482758620689655, "num_nulls": 0, "num_tgt_sents": 5042}, "cicero_1863_7": {"tgt_lang": "de", "transl_top1": 0.7455731593662628, "transl_top5": 0.9245107176141659, "transl_top10": 0.983224603914259, "num_nulls": 0, "num_tgt_sents": 5622}, "num_translations": 4, "text_top1": 0.19082013047530288, "text_top5": 0.24499068033550792, "text_top10": 0.2695712954333644}