{"num_src_sents": 2445, "plato_3_1826": {"tgt_lang": "fr", "transl_top1": 0.002044989775051125, "transl_top5": 0.0081799591002045, "transl_top10": 0.013496932515337423, "num_nulls": 0, "num_tgt_sents": 3903}, "plato_1_1848": {"tgt_lang": "en", "transl_top1": 0.002044989775051125, "transl_top5": 0.028629856850715747, "transl_top10": 0.03721881390593047, "num_nulls": 0, "num_tgt_sents": 12817}, "plato_5_1852": {"tgt_lang": "en", "transl_top1": 0.0057259713701431495, "transl_top5": 0.015132924335378323, "transl_top10": 0.023312883435582823, "num_nulls": 0, "num_tgt_sents": 8721}, "plato_2_1849": {"tgt_lang": "en", "transl_top1": 0.00245398773006135, "transl_top5": 0.028629856850715747, "transl_top10": 0.0343558282208589, "num_nulls": 0, "num_tgt_sents": 9568}, "plato_1_1846": {"tgt_lang": "fr", "transl_top1": 0.001226993865030675, "transl_top5": 0.010224948875255624, "transl_top10": 0.016359918200409, "num_nulls": 0, "num_tgt_sents": 3203}, "plato_6_1854": {"tgt_lang": "en", "transl_top1": 0.008588957055214725, "transl_top5": 0.013087934560327199, "transl_top10": 0.0212678936605317, "num_nulls": 0, "num_tgt_sents": 9064}, "plato_3_1850": {"tgt_lang": "en", "transl_top1": 0.10388548057259714, "transl_top5": 0.15787321063394683, "transl_top10": 0.17832310838445808, "num_nulls": 1, "num_tgt_sents": 13689}, "num_translations": 7, "text_top1": 0.0179959100204499, "text_top5": 0.037394098743791994, "text_top10": 0.04633362547472977}