{"num_src_sents": 485, "sophocles_1905_en": {"tgt_lang": "en", "transl_top1": 0.18144329896907216, "transl_top5": 0.32577319587628867, "transl_top10": 0.38762886597938145, "num_nulls": 0, "num_tgt_sents": 10564}, "sophocles_1873_1": {"tgt_lang": "de", "transl_top1": 0.06804123711340206, "transl_top5": 0.12577319587628866, "transl_top10": 0.18350515463917524, "num_nulls": 1, "num_tgt_sents": 5570}, "num_translations": 2, "text_top1": 0.12474226804123711, "text_top5": 0.22577319587628866, "text_top10": 0.28556701030927834}