{"num_src_sents": 356, "plato_3_1826": {"tgt_lang": "fr", "transl_top1": 0.02247191011235955, "transl_top5": 0.0702247191011236, "transl_top10": 0.11235955056179775, "num_nulls": 0, "num_tgt_sents": 3903}, "plato_1_1846": {"tgt_lang": "fr", "transl_top1": 0.016853932584269662, "transl_top5": 0.07303370786516854, "transl_top10": 0.12640449438202248, "num_nulls": 0, "num_tgt_sents": 3203}, "num_translations": 2, "text_top1": 0.019662921348314606, "text_top5": 0.07162921348314608, "text_top10": 0.11938202247191011}