{"num_src_sents": 107, "demosthenes_aeschynes_1861": {"tgt_lang": "fr", "transl_top1": 0.0, "transl_top5": 0.037383177570093455, "transl_top10": 0.04672897196261682, "num_nulls": 0, "num_tgt_sents": 36182, "retrieval_preds": [[28824, 23280, 7459, 30253, 13322, 9418, 25134, 7120], [35576, 31404, 13044, 4169, 21003, 26220, 25671, 9015], [35576, 9008, 18427, 9914, 15370, 3023, 32091, 15210], [9539, 15370, 18427, 8431, 9238, 7459, 9914, 7202], [28848, 8191, 30888, 20966, 14737, 5095, 13871, 3582], [27641, 28954, 33385, 27735, 27853, 31876, 27794, 27832], [27803, 27839, 7777, 27852, 21079, 28851, 20756, 27663], [28857, 6966, 27644, 30184, 21862, 24926, 9621, 9538], [30707, 31621, 27083, 25763, 30025, 30888, 27444, 32293], [20283, 30211, 1070, 4791, 3276, 3535, 4848, 20380], [23696, 32672, 28254, 30223, 23936, 30792, 32279, 29965], [28806, 28882, 1121, 30010, 7632, 20581, 34840, 16411], [9361, 31707, 16154, 9917, 32279, 20756, 16325, 5629], [27179, 13214, 34941, 24987, 15882, 2606, 26357, 5507], [21065, 21914, 4560, 11696, 33882, 9008, 15524, 17464], [24119, 28286, 14923, 24108, 24575, 15553, 20922, 11261], [32177, 30019, 16544, 27139, 27744, 7272, 23584, 4163], [23585, 28889, 27801, 26721, 27762, 27834, 27616, 23972], [9914, 32856, 19029, 6815, 6812, 8808, 8806, 8900], [16993, 7359, 9914, 13044, 6028, 28316, 11891, 32310], [28286, 22606, 26648, 20987, 33869, 19970, 33758, 4096], [27944, 21438, 7456, 9413, 21067, 27839, 17275, 27631], [30888, 34165, 19067, 14828, 5265, 18834, 14499, 28511], [33655, 21661, 2832, 9903, 20389, 1435, 32700, 9785], [21067, 18223, 9401, 4560, 20756, 7224, 9249, 15370], [14381, 10712, 7456, 32401, 32511, 6947, 21591, 9216], [24294, 12238, 8707, 9216, 31940, 20966, 9244, 15224], [29165, 30272, 29166, 9249, 30032, 18107, 8816, 30219], [9301, 24014, 28926, 29166, 9914, 18914, 9691, 8816], [30888, 26646, 30707, 27771, 30025, 17080, 14795, 32183], [20283, 1070, 23653, 3520, 1242, 18064, 20384, 27860], [16993, 11006, 3681, 9914, 17472, 28829, 11127, 13044], [9248, 28062, 11827, 10709, 33014, 13139, 9173, 9042], [18089, 11512, 3278, 20285, 8155, 28039, 11771, 3276], [29781, 29763, 9238, 31704, 25416, 7202, 16154, 24321], [12601, 26428, 31839, 7062, 9008, 14381, 4470, 4202], [25705, 15824, 9614, 1505, 34438, 29963, 21034, 8191], [10644, 13267, 7279, 18199, 6831, 34492, 14870, 27381], [14711, 4536, 10280, 27839, 18287, 4560, 26671, 12371], [28952, 29857, 29705, 29872, 29875, 6456, 3708, 25767], [27839, 24321, 25025, 27797, 29763, 28954, 12371, 3908], [11292, 4202, 24254, 17002, 21662, 11698, 34706, 31404], [27626, 28959, 16011, 16955, 12483, 7187, 28279, 27742], [27839, 27803, 28961, 27797, 21067, 21079, 7359, 27663], [32279, 22923, 24321, 26747, 29763, 25019, 25025, 7415], [9467, 6367, 12771, 30982, 29745, 8179, 24004, 8818], [35576, 12732, 35276, 22531, 32257, 6028, 24272, 8470], [29085, 13046, 25051, 24312, 23245, 33850, 24989, 29378], [28978, 29378, 27800, 27806, 26107, 27832, 4593, 13688], [15871, 30837, 13222, 6848, 12834, 15207, 10151, 8823], [28488, 24325, 25029, 4401, 16138, 17409, 30245, 15034], [9238, 7202, 16053, 10712, 8816, 9008, 7187, 34074], [35683, 12368, 7263, 12374, 19152, 21702, 15054, 14365], [10785, 16913, 31692, 4928, 18427, 30091, 30828, 9383], [4840, 10712, 32630, 8886, 32401, 32456, 27046, 30434], [18914, 4560, 9707, 9773, 15056, 9914, 12203, 34728], [17462, 2384, 14485, 13140, 20005, 7985, 11061, 35680], [25395, 10112, 12148, 26088, 16315, 27395, 7340, 24089], [3052, 9917, 15352, 14746, 3908, 16151, 13306, 21067], [15056, 18427, 8816, 3908, 28995, 11215, 18914, 21063], [24861, 29007, 25368, 30255, 31847, 16912, 21842, 18281], [20283, 1070, 23653, 3520, 1242, 18064, 20384, 27860], [21034, 26416, 10644, 15634, 21622, 9828, 6167, 5216], [29166, 30272, 9249, 21067, 16915, 9334, 28411, 17472], [7278, 23280, 10409, 7202, 23116, 25564, 3625, 26428], [31895, 29113, 24184, 28859, 16440, 30025, 31541, 14795], [20283, 1070, 23653, 3520, 1242, 18064, 20384, 27860], [14746, 21079, 33456, 23830, 9876, 21067, 12371, 17032], [29910, 29763, 26107, 4589, 4560, 3321, 4687, 29894], [20283, 1070, 1242, 3520, 23653, 23137, 20384, 18064], [8900, 9914, 6966, 20738, 23530, 9422, 20531, 21520], [32170, 20966, 8816, 8819, 15798, 5163, 8817, 23449], [17002, 20518, 14499, 14365, 7263, 17131, 29997, 18199], [21462, 14870, 25625, 19350, 18914, 29043, 26123, 21013], [7456, 9238, 20519, 9008, 10712, 10536, 9914, 21513], [28316, 26428, 29763, 28437, 29053, 31704, 26902, 30166], [29056, 9238, 9896, 21513, 9914, 8431, 5509, 9053], [9361, 9015, 8816, 9244, 9383, 9008, 10205, 4169], [27705, 14340, 28395, 20966, 4587, 11266, 16915, 10656], [11825, 34814, 29149, 32460, 30542, 12544, 4972, 25315], [20283, 1070, 1242, 3520, 23653, 23137, 20384, 18064], [3278, 3276, 3535, 4848, 20380, 20285, 20283, 20385], [9008, 9015, 32227, 12204, 9432, 14066, 23116, 29995], [15370, 17576, 15871, 5509, 9238, 18897, 3689, 16207], [12413, 5509, 14702, 15388, 6969, 9765, 34893, 21551], [30652, 28829, 28985, 13598, 23116, 22790, 17733, 32310], [27952, 18887, 29006, 18994, 11903, 33756, 23116, 12228], [31404, 30290, 7187, 16154, 14381, 28316, 16993, 33756], [9914, 9008, 8819, 22790, 13478, 8823, 15798, 20652], [26428, 3052, 35576, 6028, 5236, 29795, 4379, 83], [29879, 29094, 26849, 26198, 26258, 26647, 36181, 31154], [30888, 19067, 34165, 17443, 5265, 5649, 27771, 13131], [20283, 1070, 23653, 3520, 1242, 18064, 20384, 27860], [24200, 22444, 23331, 12684, 2384, 35148, 2704, 20794], [26428, 15871, 9488, 9539, 20519, 3626, 9108, 34539], [9008, 20519, 9238, 34436, 14381, 10712, 31839, 8816], [32455, 8309, 12413, 9015, 21063, 11685, 12883, 15370], [16913, 30339, 28976, 23042, 35589, 29119, 27803, 3052], [23042, 8470, 29781, 6028, 21513, 5942, 15821, 16913], [23371, 12964, 19586, 186, 28796, 29165, 22499, 16507], [20519, 14690, 10785, 21541, 16913, 8003, 15056, 22779], [1090, 532, 2820, 8086, 22379, 1862, 8926, 799], [20756, 17233, 16154, 14746, 35783, 6947, 9334, 13579], [28488, 24325, 25029, 4401, 15034, 17409, 30245, 5767], [18107, 29287, 12062, 18367, 12268, 13473, 25803, 9015], [9008, 26428, 4202, 20899, 16207, 15871, 9383, 35576], [9008, 20519, 15370, 14381, 10629, 8817, 4470, 21785]]}, "demosthenes_1877": {"tgt_lang": "en", "transl_top1": 0.3644859813084112, "transl_top5": 0.5607476635514018, "transl_top10": 0.6448598130841121, "num_nulls": 0, "num_tgt_sents": 7775,