{"num_src_sents": 1139, "plato_3_1826": {"tgt_lang": "fr", "transl_top1": 0.00877963125548727, "transl_top5": 0.02897278314310799, "transl_top10": 0.050921861281826165, "num_nulls": 0, "num_tgt_sents": 3903}, "plato_1_1848": {"tgt_lang": "en", "transl_top1": 0.3748902546093064, "transl_top5": 0.517998244073749, "transl_top10": 0.5715539947322212, "num_nulls": 0, "num_tgt_sents": 12817}, "plato_1855-1903_2": {"tgt_lang": "de", "transl_top1": 0.0052677787532923615, "transl_top5": 0.0228270412642669, "transl_top10": 0.043898156277436345, "num_nulls": 0, "num_tgt_sents": 6411}, "plato_1855-1903_4": {"tgt_lang": "de", "transl_top1": 0.010535557506584723, "transl_top5": 0.02897278314310799, "transl_top10": 0.043898156277436345, "num_nulls": 0, "num_tgt_sents": 7126}, "plato_5_1852": {"tgt_lang": "en", "transl_top1": 0.0052677787532923615, "transl_top5": 0.016681299385425813, "transl_top10": 0.03950834064969271, "num_nulls": 0, "num_tgt_sents": 8721}, "plato_1855-1903_1": {"tgt_lang": "de", "transl_top1": 0.45215100965759436, "transl_top5": 0.6180860403863038, "transl_top10": 0.6839332748024582, "num_nulls": 0, "num_tgt_sents": 3965}, "plato_1855-1903_3": {"tgt_lang": "de", "transl_top1": 0.007023705004389816, "transl_top5": 0.021949078138718173, "transl_top10": 0.03687445127304653, "num_nulls": 0, "num_tgt_sents": 7777}, "plato_2_1849": {"tgt_lang": "en", "transl_top1": 0.00877963125548727, "transl_top5": 0.03511852502194908, "transl_top10": 0.07726075504828797, "num_nulls": 0, "num_tgt_sents": 9568}, "plato_1_1846": {"tgt_lang": "fr", "transl_top1": 0.15013169446883232, "transl_top5": 0.2598770851624232, "transl_top10": 0.31343283582089554, "num_nulls": 2, "num_tgt_sents": 3203}, "plato_6_1854": {"tgt_lang": "en", "transl_top1": 0.006145741878841089, "transl_top5": 0.02019315188762072, "transl_top10": 0.041264266900790166, "num_nulls": 0, "num_tgt_sents": 9064}, "plato_3_1850": {"tgt_lang": "en", "transl_top1": 0.015803336259877086, "transl_top5": 0.04038630377524144, "transl_top10": 0.05179982440737489, "num_nulls": 0, "num_tgt_sents": 13689}, "num_translations": 14, "text_top1": 0.07462686567164178, "text_top5": 0.11507588109870813, "text_top10": 0.1395961369622476}