{"num_src_sents": 217, "plutarch_5_1844": {"tgt_lang": "fr", "transl_top1": 0.009216589861751152, "transl_top5": 0.041474654377880185, "transl_top10": 0.07834101382488479, "num_nulls": 0, "num_tgt_sents": 5916}, "plutarch_4_1844": {"tgt_lang": "fr", "transl_top1": 0.4009216589861751, "transl_top5": 0.5990783410138248, "transl_top10": 0.6820276497695853, "num_nulls": 0, "num_tgt_sents": 6665}, "num_translations": 2, "text_top1": 0.20506912442396313, "text_top5": 0.32027649769585254, "text_top10": 0.38018433179723504}