{"num_src_sents": 131, "plutarch_2_1844": {"tgt_lang": "fr", "transl_top1": 0.015267175572519083, "transl_top5": 0.061068702290076333, "transl_top10": 0.10687022900763359, "num_nulls": 0, "num_tgt_sents": 7523, "retrieval_preds": [[2747, 5064, 2071, 538, 3544, 4135, 2179, 5009], [5274, 5979, 4351, 5643, 5714, 7006, 7008, 5725], [5552, 4564, 3693, 4184, 352, 3620, 3755, 3884], [6124, 5979, 4423, 6757, 643, 4139, 3973, 4762], [3406, 3513, 5924, 3660, 5979, 4408, 6414, 3082], [5511, 2761, 3087, 5188, 1101, 4252, 815, 3243], [4423, 5159, 3418, 3180, 3805, 6625, 4153, 7088], [4805, 5210, 3029, 6000, 6752, 6471, 4024, 4641], [3945, 4158, 4025, 3215, 2414, 6042, 6652, 3665], [4636, 561, 4506, 2002, 2337, 794, 3248, 7008], [5237, 3042, 1012, 6163, 6773, 217, 2027, 4682], [5911, 5904, 5912, 5558, 6925, 4608, 1748, 679], [3805, 4241, 7, 6035, 721, 3621, 3854, 4544], [4617, 6734, 4290, 502, 2616, 6838, 4241, 5553], [3796, 3103, 5815, 7522, 6909, 5728, 3192, 4245], [6041, 4620, 6892, 2100, 546, 2300, 4846, 1673], [1968, 2769, 6554, 6712, 426, 4372, 4351, 6809], [4351, 6485, 2027, 6745, 4660, 6414, 6372, 2828], [6124, 7008, 352, 3406, 4424, 2910, 5682, 3170], [2159, 5979, 4846, 5370, 2790, 1971, 6414, 3581], [5118, 7340, 74, 341, 5851, 7452, 3042, 2508], [5160, 6163, 6790, 7151, 3605, 6692, 6156, 3192], [6763, 4424, 5447, 4575, 5107, 3497, 3368, 2616], [3497, 7067, 7105, 4424, 6727, 6146, 6573, 7521], [607, 502, 4226, 7498, 5553, 6999, 5954, 5159], [4973, 4983, 5847, 3497, 7127, 2510, 3460, 7008], [7319, 7008, 7256, 7261, 7467, 7505, 7492, 7413], [3384, 3791, 2219, 4266, 1065, 7054, 6573, 6171], [5682, 7008, 7316, 5916, 5847, 7419, 3460, 7320], [3800, 3206, 3221, 4153, 5999, 7218, 3805, 5382], [5979, 7008, 4983, 5083, 2521, 5274, 2510, 4973], [3488, 5225, 7428, 5607, 7127, 5229, 502, 4917], [2962, 74, 4112, 3872, 337, 5070, 2738, 4658], [6600, 5223, 6124, 7305, 5072, 7516, 4721, 7406], [7142, 4153, 5682, 3748, 3803, 2996, 3801, 5229], [3678, 3814, 3872, 6421, 2962, 3235, 2820, 2005], [4115, 4951, 3297, 5865, 4106, 4567, 4918, 5215], [2054, 7040, 4884, 5871, 3591, 6510, 4866, 341], [5040, 7521, 5503, 4973, 3613, 5128, 6102, 3791], [7008, 7418, 6414, 6035, 3406, 3719, 2002, 5916], [7008, 6414, 6187, 2828, 4273, 3368, 3185, 3719], [6418, 7328, 451, 7088, 3497, 5675, 2523, 3406], [7388, 3059, 6003, 2555, 4615, 2901, 4443, 3440], [5639, 47, 5258, 4505, 4704, 6529, 6904, 2445], [2631, 649, 4438, 4144, 3286, 5499, 4430, 4226], [4095, 4437, 727, 7261, 4065, 3336, 4052, 3922], [6124, 4407, 7521, 6999, 6564, 7377, 6668, 4827], [3170, 352, 7008, 6183, 2768, 7418, 2549, 1707], [3316, 6350, 3062, 6347, 2090, 369, 83, 2838], [5562, 5682, 2400, 665, 5968, 3805, 3693, 7467], [7348, 4751, 3168, 3491, 2078, 4167, 3180, 6173], [6652, 3460, 6894, 5714, 6734, 6745, 2510, 2878], [3406, 7008, 4438, 3450, 3460, 4617, 4356, 6414], [4499, 1648, 6114, 7348, 4666, 2917, 4153, 6531], [561, 7008, 4599, 3660, 4424, 4628, 6734, 3460], [5927, 6670, 4115, 2078, 4562, 2006, 6752, 7339], [4424, 5553, 4970, 4934, 502, 5562, 1959, 4241], [6275, 6277, 6230, 6156, 6173, 6538, 6564, 6489], [4077, 4592, 4932, 4057, 6660, 5728, 3100, 4177], [3791, 7328, 3748, 3749, 7320, 502, 4762, 3500], [4424, 3406, 4777, 7467, 2616, 665, 561, 3920], [5682, 5553, 6727, 6734, 4617, 3406, 3460, 7419], [3606, 2128, 5323, 4578, 7424, 7435, 6465, 4033], [5682, 6573, 6487, 4757, 352, 7013, 4424, 7328], [2790, 7418, 7013, 3170, 607, 2714, 7018, 5695], [4035, 3801, 3497, 4004, 5607, 3933, 3955, 4356], [3235, 2078, 3042, 6393, 3757, 2357, 893, 1947], [2078, 4326, 4069, 5427, 3860, 672, 4337, 3367], [5122, 3221, 3286, 5112, 3481, 6999, 6943, 4699], [4424, 4356, 4155, 3497, 2828, 5879, 3488, 2750], [6625, 502, 4506, 2910, 561, 4599, 6630, 4424], [7294, 3359, 4065, 3336, 3492, 3373, 4945, 5679], [4521, 4159, 4456, 6678, 4454, 7203, 4518, 5153], [4559, 4631, 4805, 7238, 4562, 4698, 5990, 4951], [4343, 3382, 95, 6068, 3969, 4951, 6666, 2078], [5847, 5916, 7256, 4617, 7320, 5587, 3488, 5619], [7320, 7127, 3460, 5738, 3658, 4367, 5228, 3748], [5921, 5682, 5562, 3460, 5607, 6414, 5850, 5553], [7315, 2749, 4200, 5923, 7490, 7012, 1638, 3295], [7348, 7008, 5482, 5562, 3406, 2510, 5682, 2616], [3504, 7294, 4910, 2296, 3336, 4025, 2611, 824], [2078, 2646, 4712, 7418, 7012, 3803, 4337, 4917], [2078, 3497, 6084, 4544, 3170, 3406, 3802, 1959], [7261, 5924, 5839, 5545, 60, 5482, 2973, 3286], [6003, 6686, 5072, 5811, 5713, 5405, 5726, 6100], [4973, 5847, 3497, 4983, 4424, 4035, 2510, 4475], [2358, 3286, 7238, 6671, 3995, 4666, 3888, 1892], [2910, 4938, 4575, 2093, 556, 4424, 7087, 4972], [251, 3042, 617, 3420, 2526, 5748, 284, 3492], [3406, 5682, 7309, 4290, 7008, 7293, 4424, 352], [7008, 3461, 1991, 3745, 2523, 5714, 4408, 3619], [5263, 5990, 3180, 3888, 3406, 5596, 5834, 5222], [3848, 6436, 352, 3872, 434, 3995, 4287, 3605], [2469, 2550, 2002, 5714, 2649, 2549, 7008, 5701], [6670, 4407, 6128, 7379, 2945, 7294, 6003, 6396], [3607, 7012, 7143, 4699, 7348, 7417, 4423, 5789], [5682, 7008, 5847, 2882, 561, 1648, 2616, 5562], [4423, 5921, 3170, 5682, 5052, 4022, 7105, 7328], [4844, 1593, 4846, 6325, 7272, 3730, 518, 5574], [3163, 365, 74, 2945, 7312, 2931, 1640, 3885], [5682, 7467, 7008, 5847, 4424, 4777, 7377, 7316], [6666, 3547, 3163, 7009, 3180, 759, 6026, 7181], [3463, 5306, 253, 7013, 5571, 6710, 6119, 5811], [7008, 3460, 6414, 3356, 3461, 3450, 4617, 6531], [2613, 1142, 4579, 6156, 5019, 556, 5442, 4288], [3406, 3147, 2616, 7013, 3460, 2917, 7067, 3419], [5675, 5875, 673, 2489, 3497, 3406, 5349, 3803], [5663, 2810, 3025, 5983, 2108, 2807, 5523, 3009], [7182, 5533, 3017, 4469, 7142, 819, 3943, 6625], [6670, 5475, 7198, 3917, 3681, 4548, 3888, 4883], [3805, 6727, 7328, 1881, 5911, 4890, 5125, 4983], [4424, 5159, 4636, 3719, 3406, 7008, 2510, 3805], [4424, 6414, 7419, 3497, 5159, 7328, 3488, 7105], [3803, 3497, 3368, 502, 3406, 4575, 4355, 2828], [4154, 5547, 7519, 3417, 4229, 2129, 3739, 648], [4777, 4266, 5471, 4950, 4290, 4424, 4757, 6498], [7008, 7328, 7308, 5690, 7005, 4918, 7320, 4616], [7008, 794, 5916, 3460, 2616, 4617, 6734, 7218], [4551, 2078, 3805, 5539, 3809, 3801, 3802, 5603], [4970, 6042, 5607, 298, 3488, 4845, 4973, 2093], [7008, 4424, 6414, 7419, 3488, 5682, 7000, 5159], [4983, 5847, 5003, 2501, 5746, 7008, 6002, 3460], [7008, 4617, 3488, 7218, 4424, 5107, 5682, 3497], [2510, 7327, 6579, 4890, 7519, 4636, 2129, 3216], [3460, 6498, 7218, 7008, 3488, 5553, 7105, 3185], [7320, 3488, 7418, 7105, 7218, 7194, 3460, 7319], [3099, 6999, 1968, 3455, 7328, 4426, 3492, 787], [6734, 7008, 648, 3660, 7015, 607, 6562, 3460], [4619, 4951, 3297, 4699, 4426, 5865, 4618, 4430], [4599, 5107, 3406, 4290, 7467, 4141, 6035, 4155], [7316, 4381, 5682, 3368, 2616, 2552, 4598, 3807]]}, "plutarch_1_1844": {"tgt_lang": "fr", "transl_top1": 0.09923664122137404, "transl_top5": 0.2595419847328244, "transl_top10": 0.33587786259541985, "num_nulls": 0, "num_tgt_sents": 8121,