{"num_src_sents": 517, "suetonius_1855-1897": {"tgt_lang": "de", "transl_top1": 0.7330754352030948, "transl_top5": 0.9032882011605415, "transl_top10": 0.9709864603481625, "num_nulls": 0, "num_tgt_sents": 5120}, "caesar_commentaries_1867": {"tgt_lang": "fr", "transl_top1": 0.6866537717601547, "transl_top5": 0.9245647969052224, "transl_top10": 0.9980657640232108, "num_nulls": 0, "num_tgt_sents": 8348}, "num_translations": 2, "text_top1": 0.7098646034816247, "text_top5": 0.9139264990328819, "text_top10": 0.9845261121856866}