{"num_src_sents": 396, "satires_1857": {"tgt_lang": "en", "transl_top1": 0.3661616161616162, "transl_top5": 0.5808080808080808, "transl_top10": 0.6616161616161617, "num_nulls": 0, "num_tgt_sents": 9671}, "horace_juvenal_persius_1841": {"tgt_lang": "fr", "transl_top1": 0.40404040404040403, "transl_top5": 0.6060606060606061, "transl_top10": 0.6994949494949495, "num_nulls": 0, "num_tgt_sents": 8044}, "lucretius_1868_1": {"tgt_lang": "de", "transl_top1": 0.3560606060606061, "transl_top5": 0.5227272727272727, "transl_top10": 0.5808080808080808, "num_nulls": 1, "num_tgt_sents": 5916}, "persius_1857": {"tgt_lang": "de", "transl_top1": 0.4797979797979798, "transl_top5": 0.6616161616161617, "transl_top10": 0.7449494949494949, "num_nulls": 0, "num_tgt_sents": 1899}, "num_translations": 4, "text_top1": 0.4015151515151515, "text_top5": 0.5928030303030303, "text_top10": 0.6717171717171717}