{"num_src_sents": 21, "plutarch_1898_ethical": {"tgt_lang": "en", "transl_top1": 0.0, "transl_top5": 0.09523809523809523, "transl_top10": 0.23809523809523808, "num_nulls": 0, "num_tgt_sents": 5242}, "plutarch_1_1844": {"tgt_lang": "fr", "transl_top1": 0.047619047619047616, "transl_top5": 0.23809523809523808, "transl_top10": 0.42857142857142855, "num_nulls": 0, "num_tgt_sents": 8121}, "plutarch_2_1844": {"tgt_lang": "fr", "transl_top1": 0.0, "transl_top5": 0.047619047619047616, "transl_top10": 0.23809523809523808, "num_nulls": 0, "num_tgt_sents": 7523}, "num_translations": 3, "text_top1": 0.015873015873015872, "text_top5": 0.12698412698412698, "text_top10": 0.30158730158730157}