{"num_src_sents": 37, "lysias_1856": {"tgt_lang": "de", "transl_top1": 0.05405405405405406, "transl_top5": 0.16216216216216217, "transl_top10": 0.21621621621621623, "num_nulls": 0, "num_tgt_sents": 5319}, "num_translations": 1, "text_top1": 0.05405405405405406, "text_top5": 0.16216216216216217, "text_top10": 0.21621621621621623}