{"num_src_sents": 12, "isocrates_1832_1": {"tgt_lang": "de", "transl_top1": 0.0, "transl_top5": 0.25, "transl_top10": 0.3333333333333333, "num_nulls": 0, "num_tgt_sents": 3528, "retrieval_preds": [[3350, 1641, 1335, 1654, 1995, 1064, 2592, 1638], [1788, 3268, 1253, 1208, 1390, 2451, 2029, 2906], [1902, 494, 1497, 1822, 2833, 3516, 1654, 2024], [3350, 3447, 1639, 2180, 1662, 2765, 299, 247], [2776, 1901, 1675, 2765, 3447, 2267, 3230, 2303], [1395, 1043, 977, 2556, 2868, 589, 1062, 3355], [1444, 1714, 1976, 3422, 205, 255, 1928, 2543], [240, 1921, 2755, 2814, 300, 275, 3240, 2973], [1960, 1924, 3007, 1857, 1777, 1931, 1798, 1901], [1933, 2351, 590, 889, 625, 2261, 1625, 2565], [1884, 392, 713, 1825, 978, 2178, 2540, 2290], [1808, 952, 3350, 974, 2815, 150, 1952, 954]]}, "isocrates_1835_5": {"tgt_lang": "de", "transl_top1": 0.08333333333333333, "transl_top5": 0.4166666666666667, "transl_top10": 0.5, "num_nulls": 0, "num_tgt_sents": 4051, "retrieval_preds": [[3092, 2185, 3385, 3048, 829, 2982, 275, 619], [698, 245, 1134, 275, 442, 3093, 740, 1126], [3096, 769, 311, 619, 309, 1244, 625, 1934], [3212, 634, 3074, 1043, 2982, 619, 3097, 1098], [3099, 3333, 3074, 1043, 357, 293, 3000, 1645], [3101, 1046, 3156, 2844, 1088, 343, 2360, 2325], [2380, 3443, 786, 3328, 606, 3310, 1213, 329], [3103, 1989, 1373, 153, 1532, 3046, 3138, 1162], [3104, 1819, 1273, 3048, 795, 529, 721, 250], [3106, 1671, 2525, 1783, 1049, 1296, 3434, 910], [3105, 3030, 3103, 3273, 471, 3212, 3075, 624], [3107, 1859, 3207, 1564, 2982, 992, 1359, 3416]]}, "num_translations": 2, "text_top1": 0.041666666666666664, "text_top5": 0.33333333333333337, "text_top10": 0.41666666666666663}