{"num_src_sents": 1097, "philo_4_1855": {"tgt_lang": "en", "transl_top1": 0.0027347310847766638, "transl_top5": 0.019143117593436645, "transl_top10": 0.03190519598906107, "num_nulls": 0, "num_tgt_sents": 7517}, "philo_2_1854": {"tgt_lang": "en", "transl_top1": 0.49134001823154055, "transl_top5": 0.6773017319963537, "transl_top10": 0.7484047402005469, "num_nulls": 0, "num_tgt_sents": 7912}, "philo_1_1854": {"tgt_lang": "en", "transl_top1": 0.0027347310847766638, "transl_top5": 0.01731996353691887, "transl_top10": 0.03646308113035551, "num_nulls": 0, "num_tgt_sents": 8507}, "num_translations": 3, "text_top1": 0.16560316013369797, "text_top5": 0.23792160437556972, "text_top10": 0.27225767243998783}