{"num_src_sents": 1225, "cicero_1855-1893_10": {"tgt_lang": "de", "transl_top1": 0.006530612244897959, "transl_top5": 0.026122448979591838, "transl_top10": 0.045714285714285714, "num_nulls": 0, "num_tgt_sents": 6044}, "cicero_1855-1893_9": {"tgt_lang": "de", "transl_top1": 0.6530612244897959, "transl_top5": 0.7804081632653062, "transl_top10": 0.8179591836734694, "num_nulls": 0, "num_tgt_sents": 5238}, "num_translations": 2, "text_top1": 0.3297959183673469, "text_top5": 0.403265306122449, "text_top10": 0.43183673469387757}