{"num_src_sents": 114, "justin_cNepos_eutropius_1902": {"tgt_lang": "en", "transl_top1": 0.2982456140350877, "transl_top5": 0.4298245614035088, "transl_top10": 0.45614035087719296, "num_nulls": 0, "num_tgt_sents": 9841}, "corneliusNepos_1856": {"tgt_lang": "de", "transl_top1": 0.7192982456140351, "transl_top5": 0.8245614035087719, "transl_top10": 0.868421052631579, "num_nulls": 0, "num_tgt_sents": 2320}, "num_translations": 2, "text_top1": 0.5087719298245614, "text_top5": 0.6271929824561404, "text_top10": 0.6622807017543859}