{"num_src_sents": 122, "philo_4_1855": {"tgt_lang": "en", "transl_top1": 0.05737704918032787, "transl_top5": 0.14754098360655737, "transl_top10": 0.19672131147540983, "num_nulls": 0, "num_tgt_sents": 7517, "retrieval_preds": [[4781, 132, 1936, 5093, 963, 1014, 1885, 5694], [642, 1512, 6275, 6958, 4385, 7357, 6107, 6044], [242, 2235, 306, 4381, 1176, 21, 323, 2249], [415, 3627, 4458, 4166, 4581, 4642, 2161, 3588], [5754, 1290, 5535, 940, 5566, 2985, 2701, 1342], [4021, 7242, 2701, 364, 420, 430, 449, 494], [1466, 1414, 364, 420, 430, 449, 494, 508], [3034, 6092, 7228, 7307, 2701, 6780, 7377, 1498], [1466, 7465, 6422, 3687, 6761, 6284, 6680, 6092], [2039, 1572, 1988, 3712, 457, 4021, 1414, 862], [4381, 131, 5839, 305, 5086, 4279, 2870, 1231], [5981, 2569, 4198, 2737, 2748, 940, 2700, 1447], [2161, 1136, 4642, 4364, 2162, 3826, 5316, 1137], [1102, 5086, 5737, 2743, 1017, 3740, 2994, 178], [4391, 4176, 1190, 5705, 4179, 6587, 301, 5435], [4215, 4518, 3181, 5044, 5914, 4214, 4209, 3799], [1141, 826, 2783, 2777, 2778, 4949, 138, 146], [132, 1000, 5093, 269, 889, 1170, 1639, 1039], [5131, 1706, 7501, 5921, 5004, 4859, 5993, 4348], [4349, 3026, 5128, 4130, 5812, 5975, 4350, 5895], [5654, 3674, 5433, 5739, 5752, 3987, 4529, 5196], [5638, 5761, 5582, 3782, 2638, 5542, 3385, 4152], [4350, 5923, 883, 5004, 4586, 2978, 9, 5590], [5562, 453, 1946, 5700, 5489, 4429, 750, 2903], [409, 771, 1248, 1285, 1303, 1457, 1711, 1809], [6164, 7236, 6215, 1748, 1695, 7357, 1935, 6336], [1133, 883, 2662, 5978, 908, 5393, 820, 305], [4642, 5084, 4570, 3973, 2161, 4381, 1934, 5839], [5135, 5969, 4781, 4510, 4408, 4584, 6709, 4349], [5635, 4001, 7429, 4826, 4218, 3910, 5107, 3811], [5843, 3748, 7252, 6044, 1577, 6275, 7357, 6411], [4642, 4952, 2527, 130, 2163, 176, 3588, 4915], [5801, 20, 1401, 2024, 800, 4094, 899, 2870], [138, 132, 1039, 1401, 146, 3083, 305, 5499], [4166, 5095, 4418, 3458, 4397, 1311, 2759, 3627], [5025, 5508, 3907, 4215, 2864, 1311, 4470, 3596], [5937, 5474, 5642, 3854, 6002, 5347, 665, 2447], [5389, 2078, 4242, 1827, 4588, 2792, 132, 2026], [642, 1512, 6958, 1935, 7357, 1919, 6107, 6131], [5732, 3236, 5749, 5289, 5760, 3531, 2164, 3174], [5662, 5664, 4882, 5975, 4732, 5868, 5433, 4045], [3448, 7465, 6195, 6199, 7313, 6780, 6224, 6174], [1039, 138, 1407, 1911, 841, 1320, 1401, 133], [1911, 279, 1000, 1404, 2979, 146, 138, 269], [6762, 7091, 6559, 7178, 7376, 6756, 7211, 6428], [5508, 5499, 1911, 3526, 279, 132, 1502, 1453], [5970, 3509, 3985, 2196, 269, 303, 6000, 5389], [364, 420, 430, 449, 494, 508, 1364, 2290], [1417, 260, 4795, 1401, 5710, 294, 133, 1141], [5443, 2680, 3835, 4917, 4895, 78, 3175, 3329], [1039, 5389, 3990, 4156, 3987, 1911, 305, 132], [1278, 1000, 132, 963, 3526, 786, 1358, 739], [3990, 800, 3315, 138, 1039, 1752, 1407, 992], [1878, 1993, 6699, 6564, 373, 2299, 7053, 1748], [395, 989, 2321, 1375, 6248, 7357, 7268, 4713], [1365, 9, 3119, 3526, 797, 5389, 1852, 1398], [132, 4949, 1401, 146, 1039, 2662, 3006, 5710], [5093, 5118, 1934, 1885, 5077, 3293, 1751, 3046], [1404, 4031, 5093, 1401, 3293, 4000, 4879, 1000], [6958, 3551, 4190, 7252, 670, 1519, 4385, 6331], [862, 2629, 3382, 1755, 1988, 1572, 1414, 830], [5203, 2777, 580, 253, 4836, 2057, 3321, 2062], [5850, 1687, 1974, 4335, 3555, 4139, 4737, 4146], [2735, 1309, 1231, 3037, 116, 3652, 98, 3119], [277, 2735, 278, 4570, 1425, 136, 2740, 310], [6767, 4384, 7304, 830, 862, 724, 2510, 774], [750, 2699, 5562, 6767, 3609, 830, 3687, 3806], [4737, 3948, 4393, 4187, 4392, 5608, 3923, 1607], [5892, 5898, 3948, 2805, 3502, 4187, 1866, 22], [2743, 1383, 3119, 4545, 242, 2235, 310, 21], [131, 1014, 1141, 45, 2773, 2749, 4949, 2740], [239, 2232, 4790, 2642, 2721, 5747, 5391, 3164], [1000, 1438, 992, 45, 1170, 1039, 278, 1017], [5116, 5004, 4167, 5093, 4728, 4087, 5619, 2978], [5634, 4089, 5123, 5124, 5014, 5004, 4015, 5012], [2161, 2680, 1176, 5826, 3506, 4418, 3270, 3273], [4728, 4932, 5619, 5634, 5868, 5474, 5012, 4953], [2783, 908, 2893, 4847, 2393, 578, 3166, 827], [5012, 5008, 5004, 5116, 3856, 4201, 4518, 4777], [3812, 4000, 2781, 4373, 5008, 3195, 4611, 4831], [1151, 1942, 2783, 2000, 964, 2960, 5897, 1270], [4613, 2221, 2189, 3684, 228, 5609, 2140, 4025], [674, 2456, 548, 2224, 231, 299, 2187, 5744], [6133, 373, 2299, 6248, 6841, 6113, 4422, 1748], [4, 3825, 4378, 3832, 5490, 4668, 3180, 4836], [6515, 5768, 4413, 5181, 3910, 3866, 7241, 5110], [3065, 4007, 3119, 2890, 1129, 5727, 5061, 5862], [482, 5221, 5729, 4067, 5568, 2559, 2833, 5548], [5004, 5012, 3236, 2638, 2078, 5008, 4826, 3650], [3551, 6958, 670, 1519, 4190, 7252, 7193, 4385], [698, 1528, 6791, 3572, 1546, 3551, 670, 1519], [4196, 3534, 9, 4222, 4215, 4517, 1150, 3621], [1847, 1988, 4952, 5756, 3149, 3447, 4384, 3398], [3397, 4021, 364, 420, 430, 449, 494, 508], [4952, 5488, 3286, 3968, 2642, 3700, 5771, 5091], [5106, 5099, 2190, 3150, 5870, 3441, 4689, 183], [5721, 857, 457, 453, 915, 1371, 724, 2510], [3498, 5994, 3801, 5490, 3902, 463, 2350, 4849], [2078, 2580, 1167, 5289, 3895, 2013, 5105, 5193], [5455, 3933, 5976, 5496, 5614, 5474, 2040, 5716], [7377, 6103, 6818, 6780, 6914, 6032, 6602, 7376], [3036, 1485, 1250, 269, 4879, 1501, 138, 1401], [4952, 3588, 2571, 4007, 2576, 2884, 3747, 12], [2167, 3353, 5102, 2026, 5182, 3531, 3378, 3190], [5004, 5107, 4001, 5012, 5131, 5116, 6672, 3236], [3572, 1546, 4385, 7400, 1868, 7228, 6890, 7227], [4276, 5913, 4642, 305, 5428, 5111, 5393, 5424], [2702, 4373, 5109, 242, 2235, 323, 2249, 4570], [5990, 4554, 2696, 4621, 2324, 6089, 3658, 6337], [6760, 5095, 5782, 849, 4759, 4823, 4519, 3644], [2885, 3660, 3034, 4302, 3142, 3294, 1619, 443], [4381, 4642, 5534, 5393, 5523, 1194, 5289, 4244], [3142, 5193, 2403, 3487, 609, 5289, 183, 3236], [4609, 1489, 691, 2473, 2174, 2208, 3841, 5416], [4767, 4570, 1793, 155, 4532, 1000, 277, 1177], [5099, 4866, 3962, 5110, 5216, 3834, 5659, 1240], [2076, 1200, 1407, 793, 3986, 1552, 5778, 756], [2740, 4570, 305, 5077, 2743, 1170, 4381, 2767], [5350, 4216, 5895, 3868, 5361, 315, 3176, 3778], [4656, 5165, 5383, 2084, 5115, 5689, 4201, 1754], [4642, 5393, 3446, 4013, 4594, 4812, 4244, 5114], [1001, 902, 2978, 1506, 3012, 5929, 2128, 5585]]}, "philo_1_1854": {"tgt_lang": "en", "transl_top1": 0.4016393442622951, "transl_top5": 0.6475409836065574, "transl_top10": 0.7213114754098361, "num_nulls": 0, "num_tgt_sents": 8507,