{"num_src_sents": 124, "lysias_1856": {"tgt_lang": "de", "transl_top1": 0.43548387096774194, "transl_top5": 0.6209677419354839, "transl_top10": 0.6693548387096774, "num_nulls": 0, "num_tgt_sents": 5319}, "num_translations": 1, "text_top1": 0.43548387096774194, "text_top5": 0.6209677419354839, "text_top10": 0.6693548387096774}