{"num_src_sents": 33, "plutarch_1_1906": {"tgt_lang": "en", "transl_top1": 0.0, "transl_top5": 0.06060606060606061, "transl_top10": 0.12121212121212122, "num_nulls": 0, "num_tgt_sents": 6800, "retrieval_preds": [[2554, 2252, 203, 2617, 2187, 92, 3907, 755], [3540, 1215, 2402, 2162, 5984, 2160, 2574, 2121], [1823, 3605, 2414, 1290, 4016, 5681, 5283, 3721], [5674, 4685, 5224, 1359, 2265, 6072, 3786, 5983], [29, 1867, 1217, 6316, 3540, 5805, 1156, 4437], [4725, 2745, 4132, 1215, 2703, 6383, 4425, 5883], [2551, 1697, 1637, 2160, 1698, 5307, 2528, 2536], [6509, 865, 1708, 2113, 5854, 2356, 6174, 6408], [5136, 740, 5859, 1813, 5854, 5825, 1198, 3699], [1437, 5753, 5845, 4601, 2371, 264, 337, 6221], [6661, 5418, 3815, 2470, 5078, 5908, 6008, 3108], [2482, 2485, 1708, 6707, 4032, 5598, 6633, 1203], [29, 6045, 1524, 2904, 6776, 461, 5774, 2248], [1736, 714, 3250, 1564, 121, 1039, 1489, 237], [1637, 1774, 2153, 1482, 4983, 2441, 5330, 1210], [4374, 6375, 1341, 4972, 2117, 1771, 4033, 5556], [6414, 1806, 2801, 5386, 6524, 4452, 4517, 5854], [4914, 6762, 2538, 5290, 5437, 4607, 3733, 1658], [5018, 1361, 1195, 3524, 932, 5485, 6729, 6792], [5320, 1863, 3987, 337, 1432, 1686, 3315, 4726], [3846, 2443, 3995, 2586, 5241, 2536, 2528, 3786], [255, 1022, 253, 1863, 108, 2190, 6742, 2406], [3663, 2567, 5435, 1184, 3777, 5955, 2946, 2293], [4261, 5158, 3136, 4796, 3079, 4960, 4211, 4202], [3067, 3391, 5307, 3133, 4051, 3555, 3049, 6187], [1215, 6060, 4960, 4095, 2420, 4024, 5307, 358], [6661, 4156, 6004, 4922, 1227, 5139, 6090, 5144], [6661, 5418, 6187, 4763, 1186, 6767, 2068, 920], [3177, 523, 4520, 4880, 4488, 720, 5363, 6557], [5418, 6725, 6414, 6680, 1215, 3555, 2736, 6417], [5804, 2356, 6793, 2937, 1927, 6509, 5854, 4035], [5984, 1697, 1234, 1260, 1698, 5334, 6661, 3995], [2551, 2308, 1126, 6661, 5330, 6203, 4157, 2940]]}, "plutarch_2_1908": {"tgt_lang": "en", "transl_top1": 0.12121212121212122, "transl_top5": 0.24242424242424243, "transl_top10": 0.30303030303030304, "num_nulls": 0, "num_tgt_sents": 5773, "retrieval_preds": [[4611, 2528, 1336, 3539, 30, 4714, 5734, 3428], [4612, 3816, 3711, 5393, 5425, 3875, 3704, 3565], [5309, 5084, 656, 455, 5413, 543, 5494, 3024], [4614, 4231, 5019, 2698, 4472, 845, 2665, 2065], [863, 1066, 3145, 2984, 4615, 4886, 1114, 649], [5024, 4619, 3536, 5451, 5741, 357, 5425, 3131], [1368, 4658, 3632, 4636, 4872, 4677, 3630, 2319], [4625, 500, 4227, 1730, 1352, 1409, 356, 4628], [2492, 1448, 5328, 875, 1427, 921, 1514, 2319], [4629, 1724, 2641, 412, 2590, 2300, 2342, 927], [5024, 5017, 125, 365, 5741, 4632, 312, 1876], [4679, 1623, 5767, 2625, 3092, 527, 409, 3243], [739, 972, 1892, 5628, 1868, 3323, 244, 5703], [5299, 9, 4825, 5685, 5266, 5574, 5750, 5758], [4636, 4576, 3323, 2028, 5496, 885, 4737, 3975], [4097, 5296, 4532, 4637, 4178, 405, 4530, 3584], [1066, 405, 3343, 4231, 4207, 3286, 2153, 1743], [4641, 4647, 3646, 4305, 3769, 4629, 3782, 3892], [685, 4643, 863, 2427, 3408, 3543, 4702, 2426], [1401, 2503, 3991, 3230, 5638, 4648, 4237, 3847], [4636, 2755, 3587, 3806, 3976, 365, 595, 4648], [18, 3051, 4767, 3545, 4649, 3249, 4071, 1513], [4651, 5274, 3049, 4063, 4116, 4196, 4042, 4345], [4652, 4919, 3650, 3572, 4660, 947, 943, 4160], [3020, 3133, 2409, 4681, 4654, 3527, 263, 1955], [4472, 3704, 4344, 484, 1085, 1950, 5412, 365], [4662, 2315, 1503, 895, 1705, 368, 2409, 1452], [4663, 1398, 2156, 853, 1750, 2884, 125, 1114], [4377, 159, 3796, 4057, 4120, 5432, 3902, 770], [2611, 4668, 4658, 3594, 3632, 339, 5557, 5741], [4636, 4236, 2093, 3527, 3988, 5557, 4455, 3293], [3823, 4677, 3632, 368, 1705, 3816, 2289, 1183], [3869, 4614, 3790, 5628, 1137, 4472, 1114, 4663]]}, "num_translations": 2, "text_top1": 0.06060606060606061, "text_top5": 0.15151515151515152, "text_top10": 0.21212121212121213}