{"num_src_sents": 269, "plutarch_2_1908": {"tgt_lang": "en", "transl_top1": 0.01486988847583643, "transl_top5": 0.048327137546468404, "transl_top10": 0.09665427509293681, "num_nulls": 0, "num_tgt_sents": 5773}, "plutarch_1_1906": {"tgt_lang": "en", "transl_top1": 0.4349442379182156, "transl_top5": 0.6171003717472119, "transl_top10": 0.6654275092936803, "num_nulls": 0, "num_tgt_sents": 6800}, "num_translations": 2, "text_top1": 0.22490706319702602, "text_top5": 0.33271375464684017, "text_top10": 0.38104089219330856}