{"num_src_sents": 53, "demosthenes_1902": {"tgt_lang": "en", "transl_top1": 0.05660377358490566, "transl_top5": 0.1509433962264151, "transl_top10": 0.2641509433962264, "num_nulls": 0, "num_tgt_sents": 6778, "retrieval_preds": [[2288, 3259, 3221, 2425, 1674, 2490, 2483, 232], [1399, 1406, 1308, 1422, 2306, 2290, 4266, 1488], [2295, 2329, 1117, 1245, 3763, 4901, 4902, 4739], [4869, 3533, 2870, 4654, 4663, 3466, 5096, 5090], [2298, 873, 5127, 4780, 4824, 2876, 842, 2630], [2299, 566, 3508, 974, 1301, 2295, 3467, 5186], [4739, 5160, 2272, 2301, 1292, 1429, 2816, 3675], [2303, 3172, 2323, 3473, 4175, 2939, 5207, 1088], [2304, 1350, 1301, 5302, 2101, 1362, 1462, 5543], [2324, 1117, 108, 2485, 939, 4902, 1522, 4925], [1777, 1524, 5062, 1670, 905, 3477, 3953, 1545], [2485, 3400, 4905, 2874, 2936, 2308, 2933, 3351], [592, 2310, 4322, 245, 4872, 2316, 3261, 5542], [1117, 4778, 5407, 4826, 4962, 4908, 4589, 1103], [1963, 2925, 3481, 2312, 2955, 541, 2700, 1769], [2353, 553, 4459, 4448, 1574, 4415, 2314, 5046], [5542, 1110, 2260, 3715, 2364, 2091, 919, 245], [2316, 1061, 1126, 5085, 4715, 5084, 2324, 84], [4780, 2317, 983, 3185, 5328, 5047, 3453, 1025], [2319, 2155, 3045, 1355, 2187, 1643, 1887, 2113], [2320, 5500, 5516, 3466, 2429, 2324, 5384, 3348], [5234, 2295, 5197, 2322, 3110, 4715, 2894, 5079], [2323, 5542, 2126, 5040, 808, 5488, 4863, 1178], [2324, 5082, 2485, 2719, 5029, 4715, 1117, 3169], [5128, 4902, 4772, 3169, 5084, 5030, 4925, 4178], [5128, 2485, 2295, 3110, 4178, 1732, 4860, 5288], [2329, 1429, 2939, 5458, 2126, 1031, 3763, 3675], [2331, 4704, 592, 4175, 5207, 605, 5556, 5482], [2334, 3722, 1131, 4494, 3624, 524, 1185, 4099], [3459, 3185, 2335, 1043, 4810, 4802, 2630, 5354], [5422, 4762, 4738, 2990, 3467, 4663, 5023, 4987], [2304, 2329, 4847, 5555, 4535, 4570, 1855, 4887], [2341, 2841, 3242, 3647, 5128, 5030, 2353, 3239], [2936, 835, 566, 925, 4100, 5046, 4872, 2335], [1534, 4573, 2894, 4335, 4024, 412, 1241, 2783], [2345, 4906, 236, 2330, 2719, 1131, 4187, 3172], [2348, 280, 5542, 4927, 4364, 5207, 4282, 4867], [821, 2062, 2916, 2927, 1166, 2349, 4316, 3615], [2350, 1429, 3675, 5160, 2126, 47, 310, 4126], [2351, 4585, 2805, 4647, 4549, 4520, 5352, 2870], [4925, 1310, 4887, 1429, 4739, 2329, 2350, 47], [1636, 5466, 4882, 3315, 4078, 4853, 483, 4678], [1574, 2819, 1361, 2355, 2485, 1550, 760, 5505], [2357, 4187, 5440, 2351, 5389, 2295, 5234, 4739], [3765, 459, 2358, 4187, 1042, 1184, 4906, 649], [2359, 2602, 5085, 5528, 5080, 4322, 4904, 4691], [4717, 415, 413, 3143, 808, 3715, 911, 775], [4187, 2322, 5120, 5124, 4906, 4485, 4364, 4902], [4902, 2295, 4187, 4739, 5164, 4901, 5440, 2357], [2364, 4172, 2260, 4707, 5542, 5337, 5230, 2473], [2365, 3169, 5234, 642, 5198, 2351, 2358, 2352], [2366, 4762, 4744, 3168, 2718, 4728, 4797, 5213], [2367, 4695, 1105, 1793, 1117, 2870, 4867, 4773]]}, "demosthenes_aeschynes_1861": {"tgt_lang": "fr", "transl_top1": 0.0, "transl_top5": 0.018867924528301886, "transl_top10": 0.09433962264150944, "num_nulls": 0, "num_tgt_sents": 36182, "retrieval_preds": [[33572, 14822, 15324, 14760, 20575, 21580, 20519, 31043], [8707, 15618, 33573, 762, 25686, 23584, 11701, 31688], [20966, 15871, 4189, 6315, 11292, 1897, 19029, 26914], [9301, 8191, 5542, 30683, 11167, 32575, 22005, 28195], [7287, 35115, 23760, 23689, 7506, 9301, 2372, 18704], [11292, 13048, 32427, 7092, 14737, 21662, 30837, 32856], [4472, 9015, 9914, 10712, 9302, 8816, 21063, 12165], [7192, 14061, 10878, 15927, 11483, 22923, 15637, 7105], [32062, 19029, 7674, 26647, 15378, 26788, 10857, 5236], [1579, 27564, 7004, 15056, 2443, 4652, 5629, 1931], [12438, 19200, 20064, 6422, 33942, 18844, 2601, 15991], [30939, 7215, 20574, 35533, 35425, 24371, 23201, 6913], [16138, 7294, 6134, 32816, 33620, 27440, 13568, 5183], [20966, 34706, 9782, 3582, 35615, 5163, 2968, 3581], [11826, 5149, 15847, 8761, 9595, 5978, 34648, 6055], [16605, 8614, 4978, 15187, 3845, 18765, 7371, 3919], [21745, 14061, 9035, 11483, 3410, 19042, 23084, 8981], [7092, 35588, 2572, 7479, 23110, 1448, 21053, 34216], [7060, 7135, 9914, 9772, 7359, 14769, 21536, 7506], [33614, 12599, 26255, 33386, 6501, 20241, 12670, 18953], [22874, 25134, 7092, 7447, 11870, 22856, 7287, 32090], [35134, 25996, 4574, 16267, 25916, 8540, 4061, 11423], [28344, 7186, 34837, 19442, 33869, 15372, 18876, 2210], [3942, 8191, 2373, 1448, 17002, 7479, 6564, 35615], [3942, 6827, 7359, 12413, 6564, 10785, 22790, 3577], [19576, 6315, 15925, 20581, 21149, 8980, 9614, 14836], [26428, 11248, 8470, 22908, 24350, 7202, 9238, 35497], [6060, 23215, 34385, 14374, 8356, 3718, 12537, 35018], [9531, 27278, 32215, 8768, 25803, 32511, 18107, 27370], [35115, 7447, 4273, 125, 33461, 21629, 15346, 7025], [6367, 5504, 34892, 27571, 26914, 30338, 15656, 30759], [9059, 9648, 1455, 24952, 15370, 13064, 23025, 21063], [18354, 10370, 7674, 8527, 13552, 6315, 10701, 24371], [20568, 13935, 11026, 10462, 15656, 19030, 16388, 3685], [23192, 16350, 36174, 8713, 8201, 14258, 24722, 35293], [21551, 9049, 26989, 7062, 7105, 9741, 15158, 7217], [33655, 13907, 7203, 18642, 19359, 13878, 7186, 28395], [7963, 2450, 35512, 26874, 10548, 21552, 9248, 33297], [7202, 18223, 4925, 26428, 18349, 16151, 21409, 6883], [19029, 19310, 6830, 7090, 4214, 5233, 6993, 9539], [23975, 9822, 16207, 4472, 2550, 8748, 22606, 4560], [14829, 17238, 21383, 8201, 5629, 10290, 7280, 21149], [33254, 24632, 25445, 25803, 25363, 7357, 8058, 33366], [3628, 7217, 6828, 19310, 24943, 8431, 10409, 11440], [9539, 4698, 3625, 26725, 6315, 6356, 19029, 19310], [28536, 33753, 17164, 9049, 20521, 7092, 22606, 33869], [20557, 11377, 7479, 14374, 25327, 9035, 15808, 22895], [9053, 14958, 23025, 32427, 15553, 30930, 13613, 5509], [11292, 35888, 34893, 8433, 16911, 3029, 15871, 14846], [9417, 14392, 35148, 22923, 5124, 2395, 13594, 6835], [20718, 4378, 34441, 6993, 27547, 24278, 11423, 7068], [3753, 21111, 21246, 20652, 6632, 13640, 25598, 8821], [7092, 6828, 7138, 7217, 35167, 7825, 34840, 20521]]}, "num_translations": 2, "text_top1": 0.02830188679245283, "text_top5": 0.08490566037735849, "text_top10": 0.17924528301886794}