{"num_src_sents": 233, "xenophon_1_1872": {"tgt_lang": "fr", "transl_top1": 0.02575107296137339, "transl_top5": 0.07725321888412018, "transl_top10": 0.11587982832618025, "num_nulls": 0, "num_tgt_sents": 11058}, "xenophon_2_1872": {"tgt_lang": "fr", "transl_top1": 0.2145922746781116, "transl_top5": 0.41201716738197425, "transl_top10": 0.5150214592274678, "num_nulls": 0, "num_tgt_sents": 10554}, "xenophon_1898": {"tgt_lang": "en", "transl_top1": 0.39914163090128757, "transl_top5": 0.6223175965665236, "transl_top10": 0.7424892703862661, "num_nulls": 0, "num_tgt_sents": 5439}, "xenophon_3_1737": {"tgt_lang": "it", "transl_top1": 0.16738197424892703, "transl_top5": 0.27467811158798283, "transl_top10": 0.36909871244635195, "num_nulls": 0, "num_tgt_sents": 12015}, "num_translations": 4, "text_top1": 0.20171673819742492, "text_top5": 0.3465665236051502, "text_top10": 0.43562231759656656}