{"num_src_sents": 77, "lucian_1827_7": {"tgt_lang": "de", "transl_top1": 0.0, "transl_top5": 0.06493506493506493, "transl_top10": 0.14285714285714285, "num_nulls": 0, "num_tgt_sents": 4692, "retrieval_preds": [[405, 2289, 2508, 4190, 402, 436, 4093, 3850], [3984, 3848, 3563, 3947, 3821, 3419, 4048, 160], [3679, 3455, 3765, 3832, 4105, 3899, 2098, 4471], [2302, 3603, 467, 3825, 3617, 2206, 4000, 2116], [1351, 4355, 4372, 2815, 4557, 3845, 1521, 2296], [4406, 3897, 3627, 4430, 3725, 4161, 733, 4065], [3574, 3537, 2988, 271, 4338, 3260, 3176, 2320], [3860, 3850, 3665, 3817, 3488, 3577, 3522, 3770], [3590, 300, 3850, 1513, 436, 555, 22, 402], [2912, 3481, 2027, 4128, 3157, 3709, 2288, 188], [3850, 1513, 3577, 2387, 1118, 972, 4058, 3125], [1505, 2107, 3906, 3614, 82, 2517, 4051, 1531], [3997, 4410, 1958, 2520, 2398, 2592, 1349, 3998], [886, 4249, 3870, 3834, 4512, 3517, 881, 3685], [3857, 3850, 3590, 437, 2230, 885, 413, 505], [2302, 3997, 4000, 4020, 3977, 4011, 733, 2206], [2227, 886, 603, 2234, 3577, 3060, 1477, 805], [2407, 1069, 2399, 703, 2625, 1923, 1066, 779], [3590, 2185, 972, 4062, 3850, 1237, 3004, 4217], [4444, 198, 2032, 132, 2548, 4470, 3091, 4108], [3456, 3059, 1885, 3073, 3417, 1376, 1298, 4228], [3698, 4107, 2414, 4568, 4508, 4241, 744, 3469], [191, 244, 487, 63, 4489, 1513, 2795, 2160], [4574, 2555, 917, 2062, 2938, 3627, 2558, 1138], [2551, 1367, 4166, 3205, 1430, 4165, 3653, 2600], [2355, 3153, 3481, 2777, 1430, 12, 2117, 2673], [4544, 4471, 4181, 2520, 4605, 4008, 3578, 3437], [735, 4080, 181, 4437, 180, 3979, 2302, 3695], [4024, 1879, 4489, 2107, 4258, 2262, 2078, 2592], [3432, 1389, 3202, 4203, 3137, 3394, 2073, 2098], [436, 437, 402, 3850, 1378, 3577, 891, 3656], [3481, 3932, 2102, 4028, 4516, 2914, 4020, 1457], [1072, 1066, 1145, 1091, 2344, 1075, 1069, 1097], [2230, 437, 3590, 2221, 3699, 4489, 2215, 3577], [2183, 1432, 1390, 1069, 2235, 3456, 1145, 3705], [3141, 872, 2013, 12, 4021, 2673, 281, 2994], [2938, 1879, 912, 4223, 4602, 4420, 4189, 4241], [1410, 1483, 2156, 3698, 300, 2221, 3817, 4020], [4448, 4500, 4396, 735, 3472, 2302, 3977, 3638], [3850, 3759, 3719, 1147, 1816, 3857, 3469, 2224], [1626, 4185, 555, 3836, 2735, 3861, 3510, 1936], [3777, 4678, 4185, 3678, 3834, 3679, 4574, 2233], [2215, 4096, 693, 4071, 3536, 3577, 2302, 4020], [4396, 886, 3720, 3638, 4624, 1740, 3471, 4186], [2215, 3590, 3577, 3850, 4071, 4020, 4555, 3656], [4582, 3090, 1138, 4128, 2976, 4020, 3880, 4541], [1380, 4190, 3471, 2185, 978, 3719, 1390, 4051], [3997, 2206, 4011, 2302, 4185, 4093, 1986, 3698], [3496, 1390, 4120, 1859, 4424, 2036, 1362, 1781], [1298, 1588, 2297, 4080, 2028, 3417, 1889, 995], [559, 4249, 4489, 3590, 907, 4555, 1072, 1079], [3522, 3933, 505, 4506, 4401, 164, 437, 3895], [1064, 1075, 1074, 1069, 1085, 1091, 1087, 1097], [1501, 3860, 2628, 3302, 435, 2437, 2984, 2260], [1351, 3690, 3839, 2229, 2614, 2016, 207, 2171], [2984, 4507, 4489, 2938, 4021, 1831, 533, 2183], [1147, 3818, 4190, 1106, 3593, 3585, 3841, 2183], [1237, 972, 1314, 3850, 3522, 687, 2224, 3860], [4582, 1861, 4500, 3481, 3651, 3469, 3627, 4128], [3448, 4096, 2262, 215, 1536, 3868, 3962, 4464], [2969, 2517, 69, 3342, 2508, 4553, 3593, 3814], [3624, 3834, 4223, 2059, 3481, 3627, 2938, 3496], [4028, 3365, 1365, 2231, 1053, 3544, 3698, 3648], [707, 2117, 3907, 2237, 53, 3808, 3868, 3309], [1203, 992, 2091, 2317, 4406, 148, 4282, 1941], [2373, 519, 1064, 699, 1075, 1086, 507, 1685], [3850, 2224, 1711, 499, 557, 396, 4190, 437], [3656, 4098, 593, 3817, 3665, 2118, 879, 418], [1439, 1352, 1084, 1436, 3536, 4327, 1397, 4132], [1899, 437, 3698, 1145, 3964, 2783, 1380, 3710], [2398, 75, 1371, 1959, 2591, 1857, 4097, 619], [3710, 4074, 1398, 3698, 499, 3585, 1839, 1861], [188, 2733, 3566, 4335, 3530, 1053, 435, 896], [1274, 4006, 173, 780, 1780, 1287, 2822, 1418], [4406, 4512, 4063, 3868, 4599, 2584, 2516, 3555], [1434, 347, 2111, 3850, 1861, 2625, 62, 4384], [4479, 1461, 4189, 1436, 3817, 1294, 1053, 3614]]}, "lucian_1831_13": {"tgt_lang": "de", "transl_top1": 0.2727272727272727, "transl_top5": 0.4025974025974026, "transl_top10": 0.45454545454545453, "num_nulls": 0, "num_tgt_sents": 4049, "retrieval_preds": [[2849, 1125, 2947, 4037, 1616, 2558, 2037, 1795], [681, 3870, 1915, 3776, 4032, 2856, 1846, 1278], [679, 1143, 2835, 1346, 528, 1295, 1334, 2616], [2836, 2828, 1967, 3299, 3785, 3716, 1196, 3671], [2837, 3060, 3402, 3045, 2561, 3149, 2246, 1681], [2838, 3828, 1919, 382, 1892, 1877, 681, 45], [2945, 3687, 1064, 1952, 2758, 1969, 371, 294], [2842, 3558, 2849, 2679, 1526, 2956, 3638, 2411], [3637, 1826, 1614, 1534, 1151, 2558, 3566, 2782], [2912, 1671, 3859, 3855, 446, 1452, 1424, 701], [2849, 1534, 2670, 2947, 1629, 1118, 2842, 941], [2851, 2527, 1653, 2091, 1481, 2979, 3633, 891], [218, 1706, 1339, 3710, 1122, 495, 2736, 636], [3859, 2912, 1383, 3152, 2776, 1434, 1384, 3023], [1166, 2564, 1118, 1534, 802, 3368, 2858, 1702], [2828, 2867, 3790, 1196, 3272, 3791, 3754, 3620], [2868, 242, 1428, 3057, 830, 2909, 1464, 2915], [2869, 1988, 1891, 2321, 1986, 2068, 2290, 1684], [2869, 1384, 3530, 2871, 2914, 3803, 2090, 2080], [522, 2872, 3215, 3884, 503, 781, 1575, 3786], [3194, 3025, 2922, 2344, 1334, 744, 3091, 1061], [2669, 3223, 3305, 3278, 2858, 3818, 4001, 178], [2411, 3127, 1547, 855, 802, 1538, 1781, 1679], [623, 2843, 604, 640, 3160, 3164, 3360, 3449], [2882, 2489, 1631, 1054, 935, 513, 3389, 1170], [877, 1518, 1524, 2284, 2174, 3119, 2383, 3575], [3992, 2137, 3817, 625, 2766, 2977, 3283, 488], [3790, 3156, 1092, 3403, 3852, 2973, 3917, 140], [1396, 3204, 1384, 1986, 3149, 1403, 3044, 2874], [3828, 394, 2238, 3486, 389, 1892, 1468, 373], [3028, 1539, 3024, 2564, 1534, 1826, 2893, 2956], [3121, 1170, 3140, 1518, 3119, 1575, 1070, 46], [2670, 3582, 2896, 3531, 1702, 1837, 3577, 2321], [2901, 2288, 2849, 3759, 3024, 1947, 3149, 346], [2902, 2807, 892, 2320, 1891, 3291, 1919, 2293], [3331, 3318, 2374, 1165, 3144, 70, 3119, 3940], [2904, 660, 99, 543, 1881, 546, 1957, 3505], [2907, 2849, 1553, 3152, 916, 2738, 3238, 2288], [675, 1316, 1836, 1877, 3246, 3280, 2448, 3156], [2907, 3745, 3859, 2902, 2807, 1128, 3156, 2711], [1547, 856, 1657, 1639, 2910, 3423, 1526, 941], [2911, 3754, 3901, 2828, 707, 681, 2730, 113], [2912, 3859, 3791, 3793, 2915, 2828, 73, 2704], [2913, 3227, 497, 37, 2912, 1079, 3317, 283], [2914, 2915, 1384, 3149, 2907, 2912, 2849, 2264], [2916, 2915, 3156, 3758, 2912, 489, 1115, 1243], [2080, 2917, 2920, 3635, 2914, 2006, 2912, 1424], [2919, 3791, 2828, 2912, 2290, 2915, 2901, 3961], [2917, 1984, 718, 1983, 1979, 90, 2919, 2914], [2922, 636, 2761, 2853, 2895, 3025, 95, 513], [2924, 802, 2807, 3368, 37, 2914, 1128, 158], [2912, 3859, 3121, 2979, 2926, 2358, 3035, 2849], [2927, 3866, 2320, 2807, 1891, 802, 2462, 934], [2929, 3307, 857, 1415, 2948, 2850, 1547, 2084], [2525, 2837, 2931, 1522, 1981, 3432, 2104, 1159], [2932, 3164, 2941, 1411, 3635, 2091, 783, 1655], [2933, 2492, 1464, 3107, 245, 3050, 3156, 1564], [2934, 1424, 1547, 2080, 941, 3945, 1539, 1433], [3215, 3156, 1877, 2912, 3859, 3161, 2936, 244], [2080, 1101, 1527, 2937, 3625, 1403, 3485, 1473], [2941, 3632, 3164, 1653, 2037, 3391, 1794, 3262], [2942, 3329, 2838, 224, 2848, 3213, 2843, 565], [3140, 306, 1470, 2074, 1250, 495, 1579, 1339], [2911, 2284, 855, 1743, 452, 3738, 342, 1165], [147, 704, 1821, 3961, 2884, 422, 4035, 1252], [2946, 3866, 3542, 1702, 1892, 959, 3864, 2950], [2947, 3024, 2849, 1539, 1118, 1166, 2782, 1534], [2288, 2952, 2956, 2849, 1478, 2369, 1034, 2492], [3326, 2953, 3386, 2824, 3224, 2591, 2827, 2910], [2954, 165, 2707, 2926, 2711, 2750, 2358, 2029], [1250, 1537, 1862, 2268, 2851, 2796, 1041, 1547], [2956, 2952, 892, 3759, 2926, 2577, 2490, 2954], [2045, 2958, 1631, 3386, 877, 1848, 3716, 3625], [184, 1085, 1820, 1244, 1623, 3937, 1294, 2317], [3991, 1926, 3123, 2801, 3442, 2918, 1473, 526], [2963, 2576, 3743, 3225, 963, 1248, 2907, 2926], [2964, 2080, 3123, 3112, 2023, 3964, 3060, 2756]]}, "Lucian_1827_ht8": {"tgt_lang": "de", "transl_top1": 0.07792207792207792,