{"num_src_sents": 2718, "cicero_1861_6": {"tgt_lang": "de", "transl_top1": 0.7310522442972774, "transl_top5": 0.8811626195732156, "transl_top10": 0.927888153053716, "num_nulls": 1, "num_tgt_sents": 8951}, "cicero_1855-1892_5": {"tgt_lang": "de", "transl_top1": 0.0025754231052244297, "transl_top5": 0.010669610007358351, "transl_top10": 0.01949963208241354, "num_nulls": 3, "num_tgt_sents": 4818}, "cicero_1878_8": {"tgt_lang": "de", "transl_top1": 0.002207505518763797, "transl_top5": 0.013245033112582781, "transl_top10": 0.023178807947019868, "num_nulls": 1, "num_tgt_sents": 5042}, "cicero_1863_7": {"tgt_lang": "de", "transl_top1": 0.0025754231052244297, "transl_top5": 0.010669610007358351, "transl_top10": 0.024650478292862398, "num_nulls": 0, "num_tgt_sents": 5622}, "num_translations": 4, "text_top1": 0.18460264900662252, "text_top5": 0.22893671817512876, "text_top10": 0.24880426784400295}