{"num_src_sents": 93, "demosthenes_1_1863": {"tgt_lang": "fr", "transl_top1": 0.053763440860215055, "transl_top5": 0.13978494623655913, "transl_top10": 0.17204301075268819, "num_nulls": 0, "num_tgt_sents": 3406, "retrieval_preds": [[585, 354, 414, 836, 2353, 2410, 2160, 3343], [1107, 197, 1054, 249, 3319, 1230, 3148, 3181], [2160, 2243, 1428, 277, 2559, 1404, 1323, 3228], [1299, 827, 3075, 1971, 1269, 2492, 182, 1316], [1296, 2189, 2353, 3252, 3042, 1299, 1883, 2860], [1424, 3158, 2641, 3149, 3221, 1881, 3005, 3123], [1299, 1881, 1253, 1971, 1976, 2159, 1079, 1437], [2155, 1480, 856, 2256, 2075, 955, 1254, 2693], [2178, 1671, 1379, 2489, 1176, 567, 1626, 1634], [2943, 2550, 896, 3071, 3040, 3056, 197, 1156], [2550, 1730, 448, 2140, 1535, 3062, 3056, 2178], [2382, 2719, 469, 3153, 1346, 2189, 585, 2576], [2349, 2243, 2174, 1424, 2382, 323, 1346, 1468], [644, 3269, 3133, 491, 3221, 1807, 3331, 203], [1562, 2755, 1004, 1007, 655, 3252, 2422, 729], [2260, 2361, 2759, 2580, 2133, 2243, 1631, 2382], [2943, 1775, 2246, 2338, 2072, 3257, 1598, 2242], [2349, 2511, 369, 1454, 2455, 2521, 1346, 2382], [3341, 2723, 1343, 1558, 2961, 1132, 1351, 3186], [1007, 1562, 1004, 1499, 1634, 3364, 1620, 2422], [2410, 2559, 1875, 1907, 2382, 2160, 2719, 2243], [2730, 3126, 3364, 1380, 2725, 2382, 2058, 3197], [1383, 2730, 3186, 1165, 2772, 3377, 2725, 1621], [2158, 702, 3252, 1516, 3042, 502, 1726, 2146], [1365, 1368, 3345, 155, 119, 2633, 1277, 21], [1230, 3212, 119, 2459, 12, 1277, 1805, 1118], [3321, 2711, 836, 3233, 3287, 3071, 3250, 3289], [3046, 2015, 3319, 3402, 3049, 1272, 776, 2640], [836, 1054, 2361, 1714, 837, 1118, 954, 69], [35, 911, 2353, 1118, 1520, 2390, 2725, 1307], [2353, 729, 155, 1107, 1307, 1524, 261, 524], [1107, 172, 197, 1875, 1884, 655, 2829, 2353], [197, 1314, 15, 954, 2541, 2767, 1118, 585], [1103, 1279, 3178, 2340, 3377, 468, 989, 2309], [2225, 2725, 3040, 2261, 3364, 2489, 2529, 2353], [1562, 3252, 1004, 574, 1225, 2935, 1381, 1007], [990, 1843, 2350, 106, 2309, 3035, 3235, 2864], [2889, 216, 1107, 687, 2342, 1649, 2721, 2382], [2688, 1183, 3171, 2261, 3303, 3028, 3284, 3364], [2145, 1384, 2970, 1822, 1304, 2942, 1933, 2864], [1680, 2969, 3092, 2699, 1371, 1559, 2970, 1538], [2942, 2145, 1964, 2864, 2148, 1559, 1538, 2941], [2864, 1500, 2969, 990, 2581, 2699, 2418, 2145], [1824, 587, 2894, 2418, 2136, 361, 3171, 1477], [1791, 1298, 2431, 2867, 2794, 2119, 1377, 3252], [1514, 3342, 3112, 3012, 3315, 3289, 2835, 1683], [2053, 650, 2360, 481, 2350, 457, 763, 3005], [1209, 2714, 3235, 2313, 1962, 1267, 3380, 1985], [1524, 1380, 1791, 2326, 1103, 2309, 1813, 3178], [1524, 729, 2410, 1026, 3001, 1579, 1695, 655], [468, 667, 2928, 2584, 3026, 606, 3078, 594], [3309, 384, 2895, 1964, 2706, 2332, 2968, 1933], [1524, 3252, 2410, 226, 2559, 574, 1884, 2954], [853, 2198, 2159, 954, 1939, 728, 1286, 1026], [2225, 1107, 1562, 2195, 33, 1296, 3252, 2509], [1907, 680, 2410, 624, 674, 876, 1379, 2294], [2828, 2053, 1269, 836, 2751, 2829, 261, 2360], [354, 2529, 2035, 1250, 1736, 2725, 687, 1771], [2916, 2688, 1948, 2046, 1439, 2964, 758, 1347], [759, 2330, 2830, 1553, 1405, 1, 2582, 2934], [2330, 2830, 1, 2418, 759, 2699, 1016, 1500], [188, 2922, 1836, 3384, 1802, 2341, 50, 265], [687, 3152, 1787, 1695, 2489, 2705, 2408, 354], [261, 1107, 3001, 1026, 2006, 2353, 1524, 387], [3040, 1080, 1907, 2353, 1794, 2559, 2997, 2382], [753, 203, 2529, 981, 1503, 2858, 1655, 1106], [1794, 1768, 3371, 207, 1907, 80, 629, 507], [1633, 3024, 2289, 1774, 172, 3270, 2893, 1757], [2079, 2136, 3078, 1409, 867, 2581, 1439, 2420], [920, 3235, 574, 1350, 2368, 3189, 3234, 2518], [3040, 3051, 2410, 2725, 3197, 3194, 2382, 400], [2382, 3364, 3203, 2719, 2559, 2257, 3137, 2089], [1524, 226, 1792, 1380, 2043, 3182, 2985, 2058], [2916, 2875, 990, 2581, 1917, 3195, 2249, 2121], [2928, 529, 2882, 1013, 1766, 3044, 1767, 2921], [39, 2229, 706, 1080, 1833, 3245, 1243, 2452], [2864, 2350, 2406, 2136, 2079, 512, 2320, 2556], [1794, 1768, 2452, 207, 2384, 1250, 2889, 704], [1450, 1491, 944, 29, 431, 1230, 1717, 1337], [853, 3384, 2340, 686, 3242, 2649, 1802, 3076], [1334, 3191, 1026, 1118, 2269, 2829, 3140, 1892], [2353, 2559, 2410, 2983, 2889, 748, 3364, 2725], [2361, 197, 1424, 1010, 1054, 1785, 2340, 203], [759, 744, 2699, 1893, 2916, 3092, 2330, 1469], [3309, 2177, 1950, 1560, 2332, 1933, 3375, 2590], [2225, 2065, 2509, 267, 2408, 2489, 687, 354], [1757, 2911, 2013, 2019, 2915, 2805, 351, 717], [208, 2222, 2415, 469, 1257, 1679, 2509, 606], [197, 1107, 1892, 2459, 2678, 1054, 2723, 203], [1314, 2730, 989, 1972, 954, 1509, 1885, 2835], [2997, 207, 1518, 836, 1054, 2711, 491, 2860], [2410, 2954, 1785, 1118, 2353, 3364, 1077, 1107], [1253, 2870, 1284, 36, 33, 2860, 3004, 1598]]}, "demosthenes_1856_1": {"tgt_lang": "de", "transl_top1": 0.23655913978494625, "transl_top5": 0.3655913978494624, "transl_top10": 0.44086021505376344, "num_nulls": 0, "num_tgt_sents": 4305,