{"num_src_sents": 232, "justin_cNepos_eutropius_1902": {"tgt_lang": "en", "transl_top1": 0.5086206896551724, "transl_top5": 0.6120689655172413, "transl_top10": 0.6594827586206896, "num_nulls": 0, "num_tgt_sents": 9841}, "corneliusNepos_1856": {"tgt_lang": "de", "transl_top1": 0.6724137931034483, "transl_top5": 0.7801724137931034, "transl_top10": 0.8405172413793104, "num_nulls": 0, "num_tgt_sents": 2320}, "num_translations": 2, "text_top1": 0.5905172413793103, "text_top5": 0.6961206896551724, "text_top10": 0.75}