{"num_src_sents": 676, "philo_2_1854": {"tgt_lang": "en", "transl_top1": 0.4970414201183432, "transl_top5": 0.6834319526627219, "transl_top10": 0.7485207100591716, "num_nulls": 0, "num_tgt_sents": 7912}, "philo_4_1855": {"tgt_lang": "en", "transl_top1": 0.016272189349112426, "transl_top5": 0.038461538461538464, "transl_top10": 0.0621301775147929, "num_nulls": 0, "num_tgt_sents": 7517}, "philo_1_1854": {"tgt_lang": "en", "transl_top1": 0.008875739644970414, "transl_top5": 0.03698224852071006, "transl_top10": 0.057692307692307696, "num_nulls": 0, "num_tgt_sents": 8507}, "num_translations": 3, "text_top1": 0.17406311637080865, "text_top5": 0.2529585798816568, "text_top10": 0.2894477317554241}