{"num_src_sents": 95, "sophistesGrecs_1842": {"tgt_lang": "fr", "transl_top1": 0.15789473684210525, "transl_top5": 0.3368421052631579, "transl_top10": 0.42105263157894735, "num_nulls": 0, "num_tgt_sents": 7988}, "lysias_1856": {"tgt_lang": "de", "transl_top1": 0.5368421052631579, "transl_top5": 0.8, "transl_top10": 0.8842105263157894, "num_nulls": 0, "num_tgt_sents": 5319}, "num_translations": 2, "text_top1": 0.34736842105263155, "text_top5": 0.5684210526315789, "text_top10": 0.6526315789473685}