{"num_src_sents": 267, "plutarch_2_1908": {"tgt_lang": "en", "transl_top1": 0.5917602996254682, "transl_top5": 0.7565543071161048, "transl_top10": 0.8127340823970037, "num_nulls": 0, "num_tgt_sents": 5773}, "plutarch_1_1906": {"tgt_lang": "en", "transl_top1": 0.011235955056179775, "transl_top5": 0.0299625468164794, "transl_top10": 0.06741573033707865, "num_nulls": 0, "num_tgt_sents": 6800}, "plutarch_nd": {"tgt_lang": "de", "transl_top1": 0.43820224719101125, "transl_top5": 0.6292134831460674, "transl_top10": 0.6966292134831461, "num_nulls": 0, "num_tgt_sents": 10643}, "num_translations": 3, "text_top1": 0.3470661672908864, "text_top5": 0.4719101123595506, "text_top10": 0.5255930087390761}