{"num_src_sents": 45, "lucian_1827_7": {"tgt_lang": "de", "transl_top1": 0.0, "transl_top5": 0.06666666666666667, "transl_top10": 0.1111111111111111, "num_nulls": 0, "num_tgt_sents": 4692}, "lucian_1831_13": {"tgt_lang": "de", "transl_top1": 0.022222222222222223, "transl_top5": 0.044444444444444446, "transl_top10": 0.06666666666666667, "num_nulls": 0, "num_tgt_sents": 4049}, "luciusSamosata_1_1869": {"tgt_lang": "fr", "transl_top1": 0.1111111111111111, "transl_top5": 0.24444444444444444, "transl_top10": 0.28888888888888886, "num_nulls": 0, "num_tgt_sents": 14187}, "lucian_1866_1": {"tgt_lang": "de", "transl_top1": 0.044444444444444446, "transl_top5": 0.1111111111111111, "transl_top10": 0.15555555555555556, "num_nulls": 0, "num_tgt_sents": 4624}, "lucian_1867_3": {"tgt_lang": "de", "transl_top1": 0.044444444444444446, "transl_top5": 0.15555555555555556, "transl_top10": 0.15555555555555556, "num_nulls": 0, "num_tgt_sents": 3614}, "Lucian_1827_ht8": {"tgt_lang": "de", "transl_top1": 0.28888888888888886, "transl_top5": 0.4666666666666667, "transl_top10": 0.5555555555555556, "num_nulls": 0, "num_tgt_sents": 1131}, "num_translations": 6, "text_top1": 0.08518518518518517, "text_top5": 0.18148148148148147, "text_top10": 0.2222222222222222}