{"num_src_sents": 110, "isocrates_1832_1": {"tgt_lang": "de", "transl_top1": 0.5454545454545454, "transl_top5": 0.7181818181818181, "transl_top10": 0.7545454545454545, "num_nulls": 0, "num_tgt_sents": 3528, "retrieval_preds": [[796, 737, 1889, 325, 1840, 2769, 456, 971], [1156, 3240, 3378, 494, 386, 1519, 35, 3162], [800, 3139, 3393, 3490, 494, 804, 2995, 2833], [801, 247, 485, 1794, 3417, 1798, 977, 1244], [802, 878, 2310, 2508, 3407, 3397, 1485, 1183], [2533, 569, 686, 485, 243, 2531, 1846, 214], [412, 473, 804, 3351, 3492, 494, 440, 3447], [865, 882, 1501, 2103, 3169, 2849, 1517, 1947], [3155, 2006, 806, 3145, 3506, 976, 3175, 3502], [808, 1291, 2168, 251, 1719, 1836, 3136, 3289], [1889, 810, 1656, 494, 3492, 1654, 2989, 456], [811, 477, 678, 3162, 485, 3492, 3512, 1679], [812, 2115, 851, 2353, 1561, 1564, 481, 3281], [1872, 814, 1251, 2688, 868, 811, 1939, 3404], [815, 3393, 800, 3097, 851, 658, 817, 911], [816, 817, 1914, 1184, 1946, 3148, 2145, 2237], [817, 823, 1254, 1773, 1241, 1539, 1242, 1269], [818, 1237, 2467, 2832, 1669, 1488, 1530, 1590], [819, 3375, 882, 3315, 3182, 866, 2172, 1705], [820, 1254, 3197, 3232, 823, 1314, 1310, 3256], [823, 1254, 817, 1310, 3232, 2906, 34, 1314], [823, 631, 817, 1914, 1539, 1254, 825, 3268], [824, 827, 865, 937, 765, 897, 3312, 917], [825, 1773, 817, 1914, 1852, 3213, 1241, 1254], [2776, 826, 1263, 1390, 3375, 1408, 2459, 436], [658, 1201, 828, 815, 3447, 1939, 728, 1889], [2312, 3177, 960, 829, 1859, 628, 1925, 2812], [311, 3238, 1941, 882, 2185, 976, 3147, 3165], [2903, 1482, 1169, 3199, 1960, 1488, 1435, 436], [954, 456, 1232, 1425, 876, 832, 3512, 395], [2474, 2455, 1368, 834, 622, 1334, 658, 879], [836, 942, 855, 867, 865, 926, 1878, 2131], [837, 1387, 3229, 1447, 1411, 1587, 618, 1584], [838, 817, 954, 199, 2262, 3229, 668, 834], [839, 2833, 1889, 34, 2989, 1519, 1222, 2995], [395, 844, 1889, 954, 3198, 2677, 2531, 1425], [847, 3370, 2833, 1739, 3173, 1242, 2580, 879], [848, 2973, 1512, 1343, 2911, 1349, 2243, 2134], [849, 3198, 1208, 1314, 948, 1739, 2943, 3370], [851, 815, 658, 475, 2010, 3511, 2900, 3406], [852, 3407, 1206, 3215, 1205, 2308, 392, 246], [3417, 853, 1064, 760, 2107, 1201, 2455, 326], [855, 1697, 2542, 1300, 1411, 2396, 632, 2112], [1936, 2455, 2303, 1162, 1712, 2531, 2927, 971], [1698, 859, 309, 2237, 1955, 2765, 2245, 308], [2943, 2474, 1751, 2459, 395, 861, 2990, 2978], [977, 476, 2303, 2245, 2978, 392, 308, 1798], [863, 929, 3225, 1201, 1511, 1665, 1411, 653], [865, 2267, 851, 1106, 1697, 80, 3059, 903], [867, 882, 3007, 1794, 2949, 1295, 935, 2832], [867, 2657, 3343, 853, 888, 872, 851, 865], [868, 728, 392, 476, 2531, 722, 445, 456], [869, 244, 1379, 1395, 814, 3431, 481, 214], [901, 872, 2502, 2798, 1257, 3177, 1517, 304], [659, 635, 3162, 873, 1023, 831, 3493, 1043], [673, 1277, 1347, 947, 1343, 1512, 2764, 891], [876, 497, 445, 954, 455, 3393, 2622, 1334], [879, 2769, 2989, 456, 2767, 3447, 473, 412], [1924, 1902, 1334, 2769, 2474, 1222, 823, 2767], [865, 897, 827, 960, 866, 824, 2260, 3394], [898, 1314, 1944, 1208, 2163, 1339, 3370, 1310], [942, 855, 900, 1213, 865, 2479, 1845, 392], [901, 891, 1683, 3205, 3407, 962, 1517, 1937], [902, 1295, 1503, 3203, 1869, 2006, 2459, 2831], [1254, 2833, 1902, 1924, 1898, 3393, 1339, 1914], [907, 1936, 865, 3031, 866, 3068, 1423, 807], [823, 817, 1924, 1914, 1339, 1254, 1773, 622], [913, 935, 912, 1892, 880, 2808, 2267, 889], [393, 478, 859, 2237, 318, 1716, 1454, 2949], [915, 2243, 3207, 1845, 1230, 2528, 2613, 2522], [916, 2467, 1371, 2981, 1310, 1344, 2303, 2451], [2906, 1341, 920, 1311, 1302, 2964, 1367, 916], [922, 1367, 2578, 1902, 2451, 1314, 1739, 1311], [924, 1731, 2958, 2578, 1765, 1249, 1367, 1511], [926, 827, 2244, 1374, 835, 331, 865, 836], [928, 1919, 3245, 2682, 12, 1889, 659, 3386], [929, 1395, 392, 2129, 834, 2905, 3210, 3215], [930, 960, 3295, 865, 853, 77, 917, 3031], [931, 1413, 2787, 1489, 3398, 1905, 1244, 1820], [933, 3370, 2989, 893, 3355, 939, 1310, 3391], [934, 1254, 3232, 3370, 1339, 823, 1770, 2836], [936, 2911, 1319, 2146, 2153, 287, 1917, 2269], [937, 865, 943, 3031, 759, 867, 800, 3452], [938, 948, 1314, 1770, 849, 823, 922, 3370], [940, 1877, 764, 942, 823, 1405, 1241, 2163], [942, 1914, 865, 836, 622, 940, 855, 1371], [943, 1318, 1343, 2959, 3031, 2470, 485, 1512], [944, 891, 1227, 3228, 1943, 2668, 886, 1323], [945, 1263, 823, 1669, 1295, 1414, 1497, 1914], [947, 1512, 2202, 2876, 485, 1296, 1201, 503], [948, 2277, 1415, 2163, 823, 3268, 938, 1539], [949, 622, 1656, 1425, 584, 1732, 1780, 1045], [952, 961, 158, 659, 2815, 162, 1874, 1180], [953, 937, 934, 759, 862, 2363, 3418, 942], [954, 162, 658, 3213, 1433, 1232, 823, 3173], [3502, 3343, 1060, 955, 1892, 875, 678, 279], [957, 392, 622, 590, 1922, 2561, 475, 3036], [959, 3420, 3162, 815, 3353, 3218, 1846, 949], [960, 851, 937, 2267, 2869, 962, 1948, 2592], [962, 796, 725, 526, 732, 3418, 659, 504], [1232, 1889, 1924, 2989, 1433, 2833, 2769, 1156], [966, 796, 658, 3350, 1924, 815, 527, 1840], [2881, 494, 1656, 968, 967, 1662, 3351, 1808], [970, 1444, 1660, 2444, 1684, 2801, 1827, 2539], [971, 1656, 455, 658, 445, 675, 1924, 1944], [1656, 1665, 443, 3418, 963, 308, 3412, 2765], [974, 3350, 975, 954, 1519, 3512, 494, 1808], [976, 2956, 1867, 1023, 2432, 3238, 946, 1207], [977, 3213, 978, 1924, 1948, 3406, 445, 801], [977, 247, 288, 1690, 2752, 678, 214, 443]]}, "sophistesGrecs_1842": {"tgt_lang": "fr", "transl_top1": 0.13636363636363635, "transl_top5": 0.32727272727272727, "transl_top10": 0.42727272727272725, "num_nulls": 0, "num_tgt_sents": 7988,