{"num_src_sents": 638, "euripides_1852_3": {"tgt_lang": "de", "transl_top1": 0.03605015673981191, "transl_top5": 0.0877742946708464, "transl_top10": 0.12852664576802508, "num_nulls": 0, "num_tgt_sents": 4706}, "euripides_2_1884": {"tgt_lang": "fr", "transl_top1": 0.10658307210031348, "transl_top5": 0.18181818181818182, "transl_top10": 0.26802507836990597, "num_nulls": 0, "num_tgt_sents": 6695}, "euripides_1_1884": {"tgt_lang": "fr", "transl_top1": 0.001567398119122257, "transl_top5": 0.03761755485893417, "transl_top10": 0.06739811912225706, "num_nulls": 0, "num_tgt_sents": 6832}, "num_translations": 3, "text_top1": 0.04806687565308255, "text_top5": 0.10240334378265413, "text_top10": 0.15464994775339602}