{"num_src_sents": 117, "plutarch_1898_ethical": {"tgt_lang": "en", "transl_top1": 0.4444444444444444, "transl_top5": 0.5897435897435898, "transl_top10": 0.7094017094017094, "num_nulls": 0, "num_tgt_sents": 5242}, "plutarch_2_1844": {"tgt_lang": "fr", "transl_top1": 0.2222222222222222, "transl_top5": 0.3076923076923077, "transl_top10": 0.37606837606837606, "num_nulls": 0, "num_tgt_sents": 7523}, "plutarch_1_1844": {"tgt_lang": "fr", "transl_top1": 0.008547008547008548, "transl_top5": 0.042735042735042736, "transl_top10": 0.08547008547008547, "num_nulls": 0, "num_tgt_sents": 8121}, "num_translations": 3, "text_top1": 0.22507122507122507, "text_top5": 0.31339031339031337, "text_top10": 0.3903133903133903}