{"num_src_sents": 1122, "terence_1866": {"tgt_lang": "de", "transl_top1": 0.049019607843137254, "transl_top5": 0.0873440285204991, "transl_top10": 0.11853832442067737, "num_nulls": 0, "num_tgt_sents": 5170}, "terence_phaedrus_1891": {"tgt_lang": "en", "transl_top1": 0.3680926916221034, "transl_top5": 0.5151515151515151, "transl_top10": 0.5650623885918004, "num_nulls": 0, "num_tgt_sents": 15708}, "terence_1863": {"tgt_lang": "fr", "transl_top1": 0.3181818181818182, "transl_top5": 0.47058823529411764, "transl_top10": 0.5231729055258467, "num_nulls": 0, "num_tgt_sents": 12726}, "num_translations": 3, "text_top1": 0.2450980392156863, "text_top5": 0.35769459298871065, "text_top10": 0.40225787284610814}