{"num_src_sents": 29, "lucian_1866_1": {"tgt_lang": "de", "transl_top1": 0.034482758620689655, "transl_top5": 0.13793103448275862, "transl_top10": 0.20689655172413793, "num_nulls": 0, "num_tgt_sents": 4624, "retrieval_preds": [[2769, 3672, 3086, 3541, 1213, 2925, 1328, 206], [296, 944, 212, 4239, 4159, 4068, 382, 546], [757, 2332, 303, 1386, 1662, 1137, 1637, 1369], [215, 52, 1945, 281, 3123, 4615, 4170, 92], [216, 897, 2569, 937, 1194, 2539, 2564, 3365], [217, 3292, 4479, 2643, 913, 1038, 559, 2541], [2237, 3665, 435, 2049, 4073, 2572, 1664, 1173], [4498, 2830, 4254, 349, 3331, 3940, 4068, 382], [223, 315, 307, 254, 3154, 3381, 248, 212], [546, 4300, 226, 350, 1798, 4306, 3154, 813], [228, 973, 974, 961, 1798, 232, 4068, 3940], [166, 1967, 1189, 2644, 2747, 679, 980, 2506], [231, 1494, 4297, 172, 4476, 2332, 3742, 3757], [232, 228, 889, 4239, 4567, 296, 944, 3879], [233, 365, 1175, 978, 3665, 368, 3633, 889], [234, 4239, 4309, 4342, 4322, 233, 4235, 4310], [1102, 234, 2128, 715, 4066, 1220, 4047, 3973], [4239, 235, 4299, 813, 4300, 546, 1549, 974], [239, 232, 4239, 546, 4425, 4049, 3940, 350], [823, 527, 762, 855, 878, 3168, 741, 1115], [242, 842, 952, 3365, 1180, 3391, 1491, 3665], [233, 3665, 2911, 2688, 3792, 929, 1682, 3691], [244, 472, 382, 4242, 546, 349, 296, 1549], [246, 53, 100, 4270, 429, 4356, 3946, 118], [247, 1225, 3173, 2363, 3855, 509, 4019, 3869], [4043, 232, 4068, 4425, 889, 355, 546, 296], [251, 429, 3297, 492, 1945, 3007, 1276, 1112], [303, 741, 252, 4456, 3246, 554, 757, 878], [2868, 254, 315, 3242, 3362, 3627, 291, 3691]]}, "lucian_1867_3": {"tgt_lang": "de", "transl_top1": 0.0, "transl_top5": 0.034482758620689655, "transl_top10": 0.06896551724137931, "num_nulls": 0, "num_tgt_sents": 3614, "retrieval_preds": [[1844, 2339, 735, 1872, 2700, 1255, 3198, 616], [789, 1175, 345, 2153, 2569, 950, 785, 2711], [22, 1393, 219, 1401, 3203, 2864, 460, 881], [2256, 1540, 1495, 1338, 964, 2228, 1824, 1315], [1336, 1939, 223, 2237, 2806, 1206, 877, 1776], [2517, 2481, 2695, 1652, 2687, 854, 1773, 779], [1961, 1886, 789, 2707, 2233, 2268, 1887, 2578], [2977, 3606, 1491, 1175, 2088, 1182, 2331, 2356], [545, 1142, 840, 2666, 3421, 3080, 127, 581], [345, 789, 837, 2711, 750, 2641, 2578, 2094], [2707, 493, 789, 787, 2711, 1886, 2559, 300], [1920, 2663, 1652, 1905, 1552, 1287, 2771, 572], [2321, 2864, 3, 2218, 778, 1522, 3421, 2322], [787, 1182, 812, 1961, 1153, 2153, 785, 789], [163, 2720, 880, 993, 815, 2239, 840, 172], [1165, 2579, 3525, 2719, 1590, 4, 683, 1765], [3528, 469, 1942, 1941, 2859, 3056, 1553, 2684], [2711, 2224, 88, 261, 581, 1590, 345, 2579], [789, 581, 785, 2711, 3204, 110, 778, 493], [1279, 1270, 2338, 1618, 1019, 22, 1599, 2196], [485, 1587, 2589, 1611, 320, 1559, 120, 119], [3545, 2685, 1974, 3270, 769, 1365, 1619, 2031], [778, 683, 785, 1996, 750, 2792, 345, 917], [803, 1713, 1077, 609, 3388, 1079, 1319, 2552], [586, 163, 915, 2721, 557, 2975, 601, 1571], [1153, 787, 789, 1175, 2707, 1013, 2977, 3606], [1535, 780, 2095, 1207, 3127, 3278, 912, 1691], [2502, 1869, 22, 1856, 2674, 460, 1393, 1019], [1385, 693, 2113, 1090, 1684, 2148, 3499, 1974]]}, "num_translations": 2, "text_top1": 0.017241379310344827, "text_top5": 0.08620689655172414, "text_top10": 0.13793103448275862}