{"num_src_sents": 21, "plutarch_2_1908": {"tgt_lang": "en", "transl_top1": 0.09523809523809523, "transl_top5": 0.2857142857142857, "transl_top10": 0.2857142857142857, "num_nulls": 0, "num_tgt_sents": 5773}, "plutarch_1_1906": {"tgt_lang": "en", "transl_top1": 0.19047619047619047, "transl_top5": 0.3333333333333333, "transl_top10": 0.38095238095238093, "num_nulls": 0, "num_tgt_sents": 6800}, "num_translations": 2, "text_top1": 0.14285714285714285, "text_top5": 0.30952380952380953, "text_top10": 0.3333333333333333}