{"num_src_sents": 92, "isocrates_1832_1": {"tgt_lang": "de", "transl_top1": 0.42391304347826086, "transl_top5": 0.5434782608695652, "transl_top10": 0.6086956521739131, "num_nulls": 0, "num_tgt_sents": 3528, "retrieval_preds": [[3492, 3447, 1790, 494, 412, 1156, 698, 3490], [3393, 726, 1948, 1063, 1649, 1939, 658, 1924], [3140, 1938, 1005, 1375, 1052, 3060, 1244, 1001], [3141, 1790, 2990, 1654, 2992, 494, 1063, 2759], [3143, 807, 1345, 392, 1228, 3215, 1933, 1936], [3145, 485, 3502, 569, 678, 2010, 971, 573], [1790, 2494, 2995, 3492, 2815, 2474, 1232, 2767], [473, 2995, 2815, 800, 494, 1519, 698, 1790], [494, 3155, 1232, 3481, 3492, 3490, 1156, 3516], [567, 1887, 1836, 3233, 1129, 2907, 1575, 1346], [1228, 1936, 3156, 1712, 3031, 2308, 3407, 1146], [2186, 1343, 2946, 3157, 3300, 2999, 1012, 1713], [2972, 2770, 1710, 3176, 2886, 199, 3401, 588], [3159, 3512, 494, 3511, 3492, 1685, 1232, 1156], [3162, 3240, 1251, 659, 386, 868, 728, 1156], [1063, 3162, 3240, 3163, 1232, 2989, 811, 728], [3164, 3270, 3225, 1327, 1653, 1800, 3450, 1590], [1580, 889, 1892, 880, 761, 872, 1395, 2353], [286, 3168, 3502, 2496, 281, 3215, 1943, 2849], [3521, 3170, 298, 1162, 2124, 674, 495, 2771], [3171, 332, 3298, 378, 2714, 306, 2405, 3368], [821, 3367, 3368, 957, 3386, 3122, 1185, 3189], [1254, 3172, 1371, 1539, 3229, 2006, 817, 1045], [3173, 1889, 1850, 934, 2017, 1311, 1534, 3370], [817, 823, 3173, 3393, 3370, 3406, 1914, 1241], [658, 3174, 412, 3406, 3213, 3403, 1232, 3492], [3178, 1180, 1201, 1948, 659, 565, 704, 2123], [3179, 2202, 2609, 1325, 947, 2571, 2876, 2145], [1023, 865, 952, 636, 3164, 2312, 1696, 3179], [3180, 230, 2492, 1698, 3413, 3499, 310, 2998], [3181, 2640, 1262, 816, 2244, 3373, 1131, 3367], [3182, 2524, 306, 821, 2172, 1202, 480, 2821], [1812, 3183, 2781, 2529, 2903, 1237, 1281, 1494], [1254, 3197, 1314, 1914, 3198, 1889, 2833, 817], [1739, 1314, 3188, 2277, 3187, 1310, 2195, 1271], [1208, 3268, 1739, 823, 1539, 3189, 3256, 1250], [3191, 162, 954, 1231, 3173, 3256, 2531, 3370], [3193, 3447, 3350, 1654, 1790, 2267, 1656, 1902], [3195, 2815, 1910, 1939, 3447, 1808, 3350, 1148], [3197, 1254, 1314, 2598, 849, 948, 2833, 1739], [3198, 2833, 473, 2995, 2782, 1519, 455, 1315], [2978, 2541, 2286, 2459, 3418, 1263, 2579, 2528], [1344, 1739, 1367, 3393, 1254, 1314, 1208, 2833], [3200, 2372, 2374, 2567, 1334, 2473, 2459, 2917], [3201, 3185, 935, 3499, 891, 3429, 240, 1467], [3202, 1334, 2833, 589, 2785, 2473, 3173, 455], [3203, 1512, 1297, 667, 398, 3160, 2813, 2541], [3204, 3222, 1204, 1918, 3403, 3386, 1871, 943], [3205, 298, 1162, 1234, 288, 1377, 1158, 2272], [3207, 2578, 916, 1241, 3450, 1249, 2200, 1371], [240, 2023, 3492, 2455, 1948, 1649, 445, 3467], [3210, 1172, 833, 3215, 807, 758, 2198, 865], [3211, 1254, 658, 3213, 1241, 817, 1914, 2003], [3214, 2491, 834, 2815, 2949, 954, 257, 3246], [3215, 2180, 2496, 2455, 879, 2759, 3492, 3162], [3218, 3222, 3031, 1203, 1183, 2852, 2385, 1759], [3219, 3220, 879, 443, 2752, 3502, 834, 3407], [3220, 880, 495, 2920, 3215, 3219, 3199, 2556], [3420, 2531, 279, 454, 189, 880, 1665, 2987], [3223, 433, 2298, 2539, 2879, 565, 1274, 946], [3224, 3218, 485, 3031, 3490, 3420, 1006, 3419], [3225, 3268, 2292, 2163, 1390, 1259, 2158, 1765], [935, 3227, 3228, 2163, 1236, 1336, 1271, 2207], [1739, 3230, 1208, 2451, 2833, 2906, 1314, 1902], [3231, 1787, 1914, 1490, 1311, 3232, 2130, 1262], [3232, 1311, 1254, 2906, 823, 1739, 1314, 3450], [3234, 1343, 1402, 3233, 1713, 2312, 3143, 2186], [3235, 2467, 693, 2961, 1456, 3227, 2949, 1942], [1874, 659, 475, 1148, 660, 2237, 3397, 952], [3240, 1232, 2809, 3492, 412, 1889, 494, 395], [2452, 1228, 2595, 2485, 1867, 3236, 1246, 891], [2861, 240, 2245, 3243, 299, 3242, 668, 1761], [3243, 1889, 2833, 412, 1902, 2622, 1519, 2825], [3244, 243, 1482, 967, 461, 2276, 390, 1921], [1889, 2622, 3245, 1433, 2341, 3243, 2833, 3393], [1771, 1343, 2331, 3017, 3247, 1512, 1713, 1292], [3248, 3373, 2327, 865, 2500, 3183, 978, 1473], [3249, 1311, 79, 1254, 817, 1775, 2200, 1241], [1433, 2531, 3251, 1889, 1902, 3243, 2990, 2833], [2466, 2997, 2933, 3114, 932, 1408, 1740, 2583], [1329, 2334, 625, 1689, 1228, 3253, 2328, 287], [3254, 3082, 1209, 3119, 1602, 1246, 865, 1164], [3255, 3232, 1311, 3393, 954, 2833, 1924, 2815], [3256, 3255, 1336, 1314, 3188, 954, 3173, 1739], [3258, 2343, 1254, 2017, 1946, 619, 1241, 1396], [3260, 3450, 3467, 3070, 1042, 316, 2387, 2024], [3261, 1442, 1254, 1914, 658, 823, 817, 1946], [494, 3264, 2995, 456, 3512, 3492, 3490, 52], [3266, 809, 644, 960, 1957, 474, 284, 246], [3267, 1902, 2277, 418, 2854, 3379, 2848, 2267], [3268, 823, 1208, 1254, 1367, 1245, 2451, 2578], [1665, 2688, 3012, 2831, 247, 1901, 1178, 1201]]}, "sophistesGrecs_1842": {"tgt_lang": "fr", "transl_top1": 0.06521739130434782, "transl_top5": 0.14130434782608695, "transl_top10": 0.17391304347826086, "num_nulls": 0, "num_tgt_sents": 7988,