{"num_src_sents": 77, "lysias_1856": {"tgt_lang": "de", "transl_top1": 0.06493506493506493, "transl_top5": 0.2077922077922078, "transl_top10": 0.24675324675324675, "num_nulls": 0, "num_tgt_sents": 5319, "retrieval_preds": [[4589, 2727, 1808, 4744, 2643, 3893, 3499, 3800], [2597, 4724, 4141, 1426, 4582, 696, 1855, 2659], [4327, 1769, 2242, 2598, 3858, 4634, 1679, 3499], [2602, 3551, 2034, 671, 2324, 3779, 2415, 1964], [2611, 1709, 2624, 560, 5253, 1610, 1791, 550], [554, 2186, 4327, 2605, 4739, 3929, 2165, 3858], [2606, 4020, 1640, 619, 454, 4527, 2605, 4189], [2609, 1793, 2630, 4388, 1786, 4104, 2612, 4236], [2610, 1680, 1791, 4426, 437, 1778, 3322, 2609], [2611, 1709, 2624, 560, 1610, 5253, 550, 5045], [2612, 2630, 561, 554, 2609, 1640, 1669, 2165], [3120, 4509, 4538, 2155, 4364, 2613, 2380, 941], [1801, 1259, 749, 1803, 748, 1433, 1736, 1317], [1297, 403, 2214, 161, 4237, 610, 596, 2917], [2630, 3920, 4741, 4388, 3858, 4325, 3868, 2578], [3983, 2041, 4495, 4525, 2520, 3291, 1457, 1394], [1761, 1532, 4388, 2623, 1620, 2399, 1686, 3561], [2611, 560, 1709, 2624, 1791, 4049, 550, 4636], [2625, 1808, 4548, 2101, 2684, 2120, 4589, 1003], [1808, 3991, 2643, 1634, 2945, 2628, 3937, 3893], [2612, 3300, 2515, 1816, 1168, 1686, 1784, 561], [3858, 2630, 4310, 3920, 4519, 644, 4350, 2928], [2558, 569, 3499, 2632, 2425, 2967, 2633, 3250], [2633, 2609, 3121, 4104, 1394, 1574, 3923, 1692], [2636, 3858, 4133, 1003, 2736, 4141, 2945, 3959], [2736, 2630, 1998, 2165, 4741, 2687, 4720, 2908], [4036, 2641, 4159, 2482, 2433, 1662, 2556, 1164], [3858, 2643, 1808, 4582, 2716, 4589, 3893, 3868], [2646, 1686, 3920, 2558, 2556, 1679, 4388, 2165], [2648, 2643, 4327, 2556, 2646, 1734, 4508, 1180], [1998, 2928, 3351, 4774, 2954, 2916, 2957, 1003], [3961, 2563, 1640, 4193, 4701, 447, 4155, 3592], [4204, 4419, 2148, 2935, 3587, 2558, 2636, 495], [3858, 4589, 1998, 4582, 3937, 2145, 4310, 4104], [4757, 4521, 2038, 3593, 4010, 3404, 1810, 2614], [1808, 3858, 4582, 2643, 2578, 3920, 4589, 2815], [3499, 2967, 2563, 4649, 3733, 2399, 2594, 2689], [2558, 613, 4388, 4006, 3920, 1686, 4113, 4042], [2687, 3858, 4327, 2643, 1211, 4403, 4582, 2165], [710, 2643, 1808, 4589, 2120, 2687, 4647, 1172], [1846, 2681, 2996, 2088, 306, 3112, 2408, 2422], [3709, 2380, 1518, 2532, 3404, 4053, 2696, 443], [2369, 885, 2300, 2766, 4148, 3107, 1205, 2194], [2651, 514, 3983, 465, 704, 1350, 2451, 4658], [2653, 1000, 2471, 3089, 4000, 2335, 3317, 491], [62, 2980, 3060, 2369, 2654, 2390, 1844, 3082], [2655, 1928, 2910, 2246, 2436, 905, 635, 730], [2657, 4589, 566, 2099, 2687, 4463, 970, 1808], [2662, 2687, 2177, 4589, 1808, 2175, 2063, 774], [3329, 4113, 2663, 2237, 3318, 3237, 2568, 4417], [1668, 1679, 2666, 2665, 2653, 4000, 4672, 1245], [2666, 1180, 4359, 949, 3597, 3351, 2623, 2515], [2667, 4193, 3499, 2726, 3931, 4109, 3592, 2563], [2668, 2662, 2687, 2738, 2672, 2063, 796, 2628], [3376, 3595, 2383, 3779, 4038, 1662, 1908, 2669], [4488, 4539, 2564, 385, 3225, 4463, 4053, 2057], [2675, 3927, 1177, 1750, 2660, 1340, 2659, 4709], [2676, 1679, 4116, 576, 4236, 3920, 2008, 4248], [2678, 783, 4481, 2945, 2063, 2908, 4175, 1808], [2681, 2791, 1387, 4534, 693, 2628, 1489, 4545], [2682, 2118, 3114, 2678, 3475, 3059, 4589, 2185], [2684, 4548, 2120, 4137, 2099, 2165, 2553, 3475], [2685, 1964, 4203, 2343, 4407, 4422, 885, 3950], [2687, 4064, 1808, 2662, 2063, 2120, 2578, 4403], [2689, 2380, 1988, 1965, 839, 4121, 4539, 546], [3421, 2690, 716, 3965, 704, 1236, 453, 1956], [2691, 2177, 2378, 1003, 2120, 2175, 796, 706], [2234, 374, 3769, 1095, 983, 3792, 2349, 786], [2693, 844, 3587, 4456, 704, 653, 3185, 692], [4109, 3332, 546, 3592, 2558, 2726, 2425, 2563], [2696, 3709, 2633, 4099, 1708, 2153, 3421, 3929], [2696, 3267, 4104, 2177, 2678, 2021, 4137, 2698], [2701, 1921, 3493, 4104, 4582, 2120, 1211, 4102], [3858, 2012, 4045, 3870, 4582, 2703, 956, 2513], [2706, 3927, 636, 2385, 3893, 2736, 3900, 1300], [2707, 1640, 4296, 374, 2602, 2568, 4349, 2536], [2611, 1709, 2707, 2735, 3556, 2624, 1610, 1791]]}, "num_translations": 1, "text_top1": 0.06493506493506493, "text_top5": 0.2077922077922078, "text_top10": 0.24675324675324675}