{"num_src_sents": 21, "isocrates_1835_5": {"tgt_lang": "de", "transl_top1": 0.09523809523809523, "transl_top5": 0.2857142857142857, "transl_top10": 0.47619047619047616, "num_nulls": 0, "num_tgt_sents": 4051}, "isocrates_1832_1": {"tgt_lang": "de", "transl_top1": 0.047619047619047616, "transl_top5": 0.3333333333333333, "transl_top10": 0.5714285714285714, "num_nulls": 0, "num_tgt_sents": 3528}, "num_translations": 2, "text_top1": 0.07142857142857142, "text_top5": 0.30952380952380953, "text_top10": 0.5238095238095237}