{"num_src_sents": 138, "demosthenes_aeschynes_1861": {"tgt_lang": "fr", "transl_top1": 0.0, "transl_top5": 0.057971014492753624, "transl_top10": 0.08695652173913043, "num_nulls": 0, "num_tgt_sents": 36182, "retrieval_preds": [[21423, 33552, 21425, 15321, 5445, 14699, 27650, 19228], [35731, 28231, 10291, 363, 21196, 25201, 12781, 35968], [35732, 16506, 9386, 35744, 35731, 26402, 17136, 2830], [6167, 5216, 14247, 18932, 15019, 22779, 9741, 14066], [31975, 16579, 16608, 4589, 25273, 26560, 16686, 6222], [15341, 35740, 23107, 35570, 1579, 26804, 32262, 14121], [35741, 21438, 8470, 6947, 6704, 33758, 13095, 3052], [35731, 35743, 23797, 33266, 344, 5618, 1567, 4232], [19039, 9683, 18694, 22833, 1802, 2101, 18565, 35162], [14771, 35744, 4896, 8310, 10982, 17978, 33264, 31049], [5882, 27688, 20785, 23164, 12490, 18694, 30658, 12843], [31285, 31103, 31171, 36091, 31012, 302, 31218, 31234], [35981, 7417, 19313, 21551, 3655, 5888, 26903, 18199], [22560, 15745, 3056, 5553, 1744, 34878, 3012, 18397], [20283, 3276, 3535, 4848, 20380, 20285, 3278, 793], [35752, 30005, 29440, 23760, 27705, 11465, 26230, 12370], [3052, 2570, 8816, 6028, 15821, 15295, 9914, 14769], [8866, 4187, 15370, 9914, 15210, 3733, 21785, 15871], [35770, 8713, 15761, 6192, 21136, 243, 2690, 31715], [5801, 22923, 12413, 8838, 9457, 7118, 10785, 6969], [7463, 9539, 25901, 2373, 21812, 9008, 3942, 26428], [35776, 1582, 35866, 20873, 21431, 21465, 7431, 22001], [16251, 4147, 25896, 32569, 11555, 12148, 12244, 3278], [8819, 15871, 6947, 8806, 7456, 9008, 14381, 13469], [35783, 364, 15083, 4510, 20241, 371, 17233, 92], [33869, 19240, 9602, 33880, 34027, 33810, 14805, 15222], [18687, 13123, 7060, 18914, 5784, 7109, 13290, 17328], [17213, 5583, 17395, 35791, 19442, 1715, 4280, 35483], [19894, 2393, 29241, 16393, 16349, 26966, 26189, 21034], [18427, 17294, 20678, 2533, 4417, 9914, 35534, 6453], [29763, 4560, 20089, 15746, 17472, 17275, 14225, 30490], [35802, 10590, 22290, 29739, 18308, 26614, 17363, 351], [35803, 27833, 13195, 6302, 28978, 32365, 29397, 28077], [35804, 4560, 9914, 29781, 32090, 26428, 25564, 29763], [21216, 27061, 18914, 34840, 8393, 21331, 35467, 3582], [83, 4044, 21067, 33920, 21184, 21193, 16986, 21079], [9038, 1424, 6534, 9467, 27874, 20696, 20990, 3059], [9008, 19029, 9539, 4169, 7479, 8266, 20966, 17445], [35821, 5673, 15108, 5559, 31704, 26283, 15056, 24215], [35458, 32090, 21608, 3607, 15524, 6122, 21409, 17408], [26476, 20545, 22923, 34595, 12728, 15049, 9872, 35458], [3052, 7431, 9917, 20241, 20899, 18613, 364, 9539], [8823, 35425, 8866, 4472, 8819, 16913, 9917, 4202], [5433, 27906, 27596, 6831, 57, 34224, 32827, 18726], [6956, 28224, 6966, 7373, 21353, 2203, 7050, 199], [3012, 34225, 22560, 29928, 2586, 14199, 7869, 30931], [35437, 25066, 22222, 17204, 22790, 7490, 27506, 9265], [16913, 13926, 4817, 21941, 6632, 2137, 3075, 9782], [35851, 4456, 9917, 16151, 18237, 15370, 2512, 9059], [7611, 7104, 6998, 21439, 18576, 5168, 9539, 3910], [35857, 21305, 5777, 3582, 30790, 25440, 15210, 22985], [16082, 9457, 9436, 9945, 12413, 9015, 23452, 8838], [21425, 21423, 3276, 3535, 4848, 20380, 15321, 15252], [14862, 35861, 27426, 12666, 16989, 32444, 7048, 17438], [29747, 26265, 12980, 19605, 26198, 25535, 26555, 12527], [6948, 20890, 3681, 18009, 17184, 35866, 34459, 2109], [14772, 21242, 12155, 21713, 21236, 20955, 11771, 25320], [8816, 4187, 9564, 2570, 4472, 22790, 34706, 9539], [20516, 11490, 9914, 8040, 35871, 18212, 28933, 21249], [16151, 7431, 20756, 7202, 5559, 3052, 17233, 13579], [21785, 9917, 9539, 35281, 21249, 15871, 9914, 35326], [9875, 16913, 5179, 4202, 28433, 12601, 29165, 10570], [21812, 30939, 20711, 25901, 4944, 2570, 9422, 21779], [2570, 12883, 17507, 21831, 5163, 4219, 6116, 4973], [15510, 9163, 15083, 409, 17580, 33265, 456, 18694], [26355, 677, 22765, 3124, 6102, 19045, 19310, 35979], [35903, 28293, 12641, 27137, 35158, 18098, 9666, 22458], [8808, 16913, 2138, 18427, 9914, 15585, 2220, 9872], [31001, 19921, 538, 10294, 2820, 8086, 9993, 16743], [11465, 12471, 13485, 30412, 9004, 26475, 11866, 9087], [22275, 7248, 19756, 35899, 10867, 3690, 5958, 17184], [8058, 25570, 33458, 24840, 24565, 16914, 4633, 19232], [19350, 35191, 27926, 24558, 7282, 1366, 28706, 26867], [9015, 22470, 26243, 9179, 6481, 9632, 26402, 3320], [13575, 33228, 19854, 22776, 30692, 8208, 12284, 14726], [21067, 16818, 23830, 20756, 16321, 323, 4523, 19442], [13307, 23121, 9416, 5432, 15146, 234, 12409, 1588], [35924, 16818, 36161, 16105, 23681, 12451, 28961, 7814], [35930, 13788, 18953, 19284, 21079, 35920, 20966, 17264], [8397, 5649, 10290, 6008, 18199, 33896, 18946, 14914], [22445, 13927, 34605, 24918, 24435, 17408, 5629, 24847], [826, 32401, 21019, 27698, 25695, 23810, 26005, 30403], [27718, 21146, 25373, 29411, 760, 17250, 11170, 35939], [33422, 198, 7272, 26005, 20966, 826, 16039, 26028], [15108, 15303, 33933, 24787, 31839, 12601, 9168, 15272], [9249, 23830, 9238, 29078, 83, 27844, 29036, 19715], [12173, 10936, 12194, 24493, 27076, 9728, 10838, 18179], [35952, 15905, 17101, 24938, 870, 31925, 31951, 6781], [15699, 21772, 12674, 32631, 25253, 25066, 5629, 28976], [6626, 5683, 15813, 4373, 2701, 23737, 12765, 20529], [9917, 26231, 3607, 4472, 4219, 8816, 35963, 4930], [23501, 21845, 17238, 6623, 9416, 5553, 20641, 20926], [30790, 20520, 35762, 8823, 35425, 8866, 35191, 3582], [34562, 1636, 18149, 11180, 2718, 21713, 9173, 15411], [14746, 4472, 8058, 4202, 2512, 16207, 7202, 4187], [2585, 21167, 33766, 1843, 3752, 11300, 15174, 8569], [5481, 4183, 3264, 33156, 20899, 21780, 9323, 21256], [4233, 4525, 83, 35988, 18431, 21342, 279, 3052], [32269, 19238, 24185, 9606, 7052, 14844, 5931, 27447], [30246, 9163, 9874, 19283, 29287, 2755, 20897, 19310], [3052, 18223, 3689, 9238, 20756, 6028, 4661, 8816], [1923, 3054, 21463, 22600, 16077, 21608, 3386, 34984], [36004, 21053, 2615, 2995, 21249, 34654, 35326, 35974], [7431, 15944, 21439, 7359, 21343, 24371, 3052, 33914], [9914, 6295, 17240, 15083, 21246, 36010, 33914, 3052], [36012, 26428, 26255, 17211, 20241, 3689, 1670, 16151], [3052, 16325, 11682, 33982, 26249, 4486, 36023, 371], [36024, 3062, 4889, 12409, 3924, 3054, 5490, 15371], [36030, 6041, 15146, 9383, 3938, 9418, 26316, 15203], [2512, 2550, 4472, 32885, 19290, 6028, 8717, 4930], [15871, 21831, 4189, 34436, 7116, 3023, 9539, 23468], [3062, 8823, 2570, 15371, 21312, 1455, 5506, 3016], [4006, 2493, 3953, 21495, 3054, 1823, 4944, 3598], [5275, 9238, 4709, 9015, 21785, 6032, 4925, 15370], [2373, 21551, 35075, 21131, 35807, 7215, 3119, 34597], [24408, 16898, 20973, 16563, 5305, 18151, 17902, 27650], [17987, 1227, 509, 8772, 9591, 17233, 9575, 17359], [9896, 9262, 15370, 6947, 9931, 8823, 11275, 7519], [29287, 19310, 8191, 9874, 4587, 19259, 24364, 35615], [15188, 36062, 21655, 9334, 19163, 17445, 13198, 18069], [18107, 15131, 18898, 9694, 11784, 13137, 9087, 8266], [18107, 13404, 20251, 10471, 8748, 8746, 18287, 8416], [20575, 8823, 9917, 33483, 1923, 15475, 8900, 15155], [26294, 7027, 23508, 7062, 17580, 35148, 34122, 21780], [2543, 2384, 6828, 16647, 3096, 24236, 3626, 35648], [33758, 9323, 21780, 9822, 9896, 5168, 3938, 11926], [83, 4486, 15083, 12371, 20922, 20678, 21246, 16986], [36085, 27839, 14067, 23829, 23811, 24109, 23830, 27803], [14998, 4219, 15821, 7431, 21632, 7202, 15056, 21316], [4372, 8816, 9108, 2570, 2194, 6192, 25074, 3040], [35851, 27839, 21079, 21246, 17574, 16294, 5559, 12371], [6947, 36103, 17576, 17615, 16154, 14185, 6167, 7094], [20756, 21246, 9059, 7202, 7431, 4560, 16154, 3052], [30556, 35423, 21629, 9791, 32049, 35588, 21248, 14893], [4347, 24983, 19013, 34751, 11802, 19212, 3098, 27074], [11480, 33638, 1576, 1407, 19060, 18566, 6593, 21052], [13552, 18368, 7520, 34504, 4372, 16478, 5607, 6948], [15821, 21812, 16321, 3052, 17213, 9539, 21246, 20922]]}, "num_translations": 1, "text_top1": 0.0, "text_top5": 0.057971014492753624, "text_top10": 0.08695652173913043}