{"num_src_sents": 839, "aristophanes_1_1858": {"tgt_lang": "en", "transl_top1": 0.004767580452920143, "transl_top5": 0.03218116805721097, "transl_top10": 0.058402860548271755, "num_nulls": 0, "num_tgt_sents": 10625}, "aristophanes_1907_2": {"tgt_lang": "en", "transl_top1": 0.17878426698450536, "transl_top5": 0.32419547079856975, "transl_top10": 0.39809296781883197, "num_nulls": 0, "num_tgt_sents": 7084}, "aristophanes_1907_1": {"tgt_lang": "en", "transl_top1": 0.36829558998808104, "transl_top5": 0.5542312276519666, "transl_top10": 0.636471990464839, "num_nulls": 0, "num_tgt_sents": 8398}, "aristophanes_1873": {"tgt_lang": "fr", "transl_top1": 0.15137067938021453, "transl_top5": 0.25387365911799764, "transl_top10": 0.29797377830750893, "num_nulls": 1, "num_tgt_sents": 14269}, "Aristophanes_2_1855-1885": {"tgt_lang": "de", "transl_top1": 0.04410011918951132, "transl_top5": 0.10011918951132301, "transl_top10": 0.13587604290822408, "num_nulls": 1, "num_tgt_sents": 5321}, "greekDramas_1912": {"tgt_lang": "en", "transl_top1": 0.3182359952324195, "transl_top5": 0.5113230035756854, "transl_top10": 0.5780691299165673, "num_nulls": 0, "num_tgt_sents": 8924}, "aristophanes_3_1830": {"tgt_lang": "fr", "transl_top1": 0.00834326579261025, "transl_top5": 0.025029797377830752, "transl_top10": 0.04767580452920143, "num_nulls": 0, "num_tgt_sents": 4330}, "aristophanes_1_1830": {"tgt_lang": "fr", "transl_top1": 0.009535160905840286, "transl_top5": 0.04886769964243146, "transl_top10": 0.07032181168057211, "num_nulls": 0, "num_tgt_sents": 2544}, "aristophanes_1872": {"tgt_lang": "it", "transl_top1": 0.24433849821215733, "transl_top5": 0.41835518474374256, "transl_top10": 0.5101311084624554, "num_nulls": 0, "num_tgt_sents": 6826}, "Aristophanes_1865": {"tgt_lang": "de", "transl_top1": 0.01907032181168057, "transl_top5": 0.04052443384982122, "transl_top10": 0.0631704410011919, "num_nulls": 0, "num_tgt_sents": 7905}, "Aristophanes_1_1855-1885": {"tgt_lang": "de", "transl_top1": 0.007151370679380214, "transl_top5": 0.03218116805721097, "transl_top10": 0.052443384982121574, "num_nulls": 0, "num_tgt_sents": 5841}, "num_translations": 11, "text_top1": 0.12309025896630187, "text_top5": 0.21280745476216278, "text_top10": 0.25896630187452596}