{"num_src_sents": 124, "isocrates_1835_5": {"tgt_lang": "de", "transl_top1": 0.008064516129032258, "transl_top5": 0.06451612903225806, "transl_top10": 0.11290322580645161, "num_nulls": 0, "num_tgt_sents": 4051}, "isocrates_1832_1": {"tgt_lang": "de", "transl_top1": 0.5080645161290323, "transl_top5": 0.6290322580645161, "transl_top10": 0.6935483870967742, "num_nulls": 0, "num_tgt_sents": 3528}, "num_translations": 2, "text_top1": 0.25806451612903225, "text_top5": 0.3467741935483871, "text_top10": 0.40322580645161293}