{"num_src_sents": 58, "demosthenes_aeschynes_1861": {"tgt_lang": "fr", "transl_top1": 0.017241379310344827, "transl_top5": 0.034482758620689655, "transl_top10": 0.05172413793103448, "num_nulls": 0, "num_tgt_sents": 36182, "retrieval_preds": [[23806, 19060, 18186, 17445, 7120, 12262, 11698, 22852], [9914, 18223, 6589, 30930, 5509, 15871, 9174, 9539], [17399, 9896, 8776, 10684, 18161, 15991, 29582, 17641], [6841, 12280, 83, 6028, 11248, 9822, 20241, 32885], [8358, 7224, 9539, 19310, 23389, 13097, 10377, 13437], [9539, 9301, 24989, 22856, 20581, 7217, 11298, 22874], [4447, 19197, 8900, 9467, 354, 26348, 1567, 30606], [9078, 7603, 10712, 3052, 9822, 33914, 19029, 11147], [10608, 9773, 20987, 22894, 18349, 33537, 19129, 6996], [33902, 1903, 15991, 15207, 18156, 28460, 23403, 10682], [23404, 17944, 23830, 26249, 221, 426, 1232, 12980], [8431, 9539, 9053, 26428, 15370, 6589, 15374, 9174], [23409, 13549, 20591, 34555, 23003, 11838, 10621, 25329], [21551, 18958, 12413, 34493, 707, 33317, 2373, 15747], [23413, 18367, 7359, 11180, 9539, 2512, 18349, 20519], [11369, 28041, 25803, 23215, 30041, 21409, 7568, 11266], [18165, 10629, 18160, 17189, 10494, 23469, 18367, 8199], [16247, 12067, 13473, 13234, 11369, 12079, 32499, 27964], [36019, 14960, 20574, 6843, 1407, 9908, 28949, 32554], [11024, 7017, 5893, 18165, 18367, 15680, 10795, 23808], [24823, 24790, 32367, 24569, 24300, 18640, 34438, 3981], [15370, 83, 4110, 3052, 16818, 12670, 17389, 15083], [23110, 15422, 21745, 7186, 7431, 7152, 20804, 9417], [12067, 34640, 1866, 7612, 22474, 23436, 18383, 10558], [4661, 12174, 9059, 7234, 15370, 22898, 4642, 7324], [11145, 23413, 29199, 11686, 11946, 7910, 17633, 8981], [7202, 21551, 7062, 9245, 6589, 18914, 21513, 10792], [15211, 31866, 3404, 20853, 5693, 17131, 15140, 21099], [8909, 34899, 35115, 21111, 21246, 34467, 14693, 20907], [9088, 7017, 10778, 9245, 8981, 8947, 18217, 11506], [11373, 20870, 22856, 8980, 19029, 30888, 9008, 22841], [35779, 34436, 13222, 3029, 34893, 15210, 8816, 15871], [23228, 24064, 26115, 26459, 22916, 14078, 29138, 20543], [20572, 2563, 2556, 27329, 32554, 35045, 24176, 31396], [26317, 34529, 31869, 15111, 7237, 35572, 24177, 9696], [19265, 1579, 11471, 11420, 2443, 9539, 22373, 7491], [21543, 24190, 14706, 8848, 2323, 2550, 33136, 15295], [3662, 4149, 6196, 4574, 3098, 30606, 5014, 8825], [9772, 13542, 10643, 5481, 13927, 17040, 9914, 29531], [32856, 21551, 18199, 18596, 6513, 16124, 35425, 1448], [19248, 19387, 4587, 21249, 34893, 6116, 11595, 15998], [11432, 7456, 21785, 7359, 7202, 10471, 9238, 11295], [6969, 33655, 6857, 4619, 9383, 15295, 7186, 16207], [25435, 9561, 23249, 29349, 5524, 30497, 16454, 30853], [29116, 6814, 21551, 15224, 22858, 35191, 17002, 34493], [6632, 35785, 33869, 9602, 6761, 13478, 14801, 6052], [9049, 9034, 23615, 9087, 9104, 9388, 5592, 10712], [7284, 8847, 6589, 9914, 18223, 7458, 9174, 6632], [11127, 7224, 9053, 7284, 18349, 13222, 23467, 23975], [9088, 10878, 11483, 22923, 15637, 23183, 14290, 17277], [11870, 19310, 9087, 11266, 4472, 23110, 12203, 9049], [9087, 6996, 23471, 11918, 22946, 7017, 12203, 12017], [9088, 10536, 7217, 8431, 9539, 6589, 23469, 34334], [23474, 7482, 1560, 35505, 9539, 8494, 4200, 11387], [14429, 22898, 10684, 23413, 18200, 2210, 8602, 22894], [9539, 22947, 18154, 18165, 21591, 9087, 18367, 20519], [3393, 13634, 22600, 9772, 18758, 35007, 23481, 14350], [18961, 26911, 19030, 11003, 23484, 8400, 3308, 18199]]}, "demosthenes_1877": {"tgt_lang": "en", "transl_top1": 0.22413793103448276, "transl_top5": 0.29310344827586204, "transl_top10": 0.3275862068965517, "num_nulls": 0, "num_tgt_sents": 7775, "retrieval_preds": [[1433, 1474, 38, 1164, 650, 1367, 949, 3455], [979, 1413, 4497, 3582, 462, 3058, 1480, 1492], [1436, 3356, 806, 3164, 4089, 979, 4021, 871], [1437, 1438, 7075, 1413, 5979, 5984, 499, 6027], [1438, 459, 1413, 875, 1366, 374, 631, 535], [227, 1444, 3340, 1060, 6101, 124, 1441, 738], [3652, 1442, 5444, 1512, 4036, 4826, 6339, 1095], [544, 966, 5244, 3058, 1409, 7618, 6478, 1196], [1446, 118, 806, 4620, 1332, 1031, 871, 4638], [353, 675, 1447, 545, 4529, 2158, 4427, 582], [1448, 1449, 3113, 4997, 7351, 5325, 7618, 7304], [1450, 701, 94, 806, 859, 1904, 875, 2927], [1451, 526, 1161, 1286, 3951, 873, 1300, 1326], [1408, 3954, 3610, 1103, 2372, 227, 2536, 1487], [1454, 412, 164, 230, 4794, 806, 1062, 1459], [1455, 94, 1333, 1420, 1466, 1450, 3907, 1014], [1456, 530, 4190, 4885, 219, 131, 636, 126], [450, 1470, 683, 522, 832, 1454, 3287, 1246], [3522, 4529, 838, 2128, 1881, 6107, 5409, 1941], [631, 1459, 130, 6926, 342, 124, 1277, 370], [6447, 2822, 6451, 1460, 2497, 3193, 1378, 2453], [1461, 3082, 7618, 4304, 5984, 2704, 2764, 5325], [3629, 568, 1422, 859, 1430, 2553, 1073, 1142], [2061, 5166, 218, 1469, 155, 4492, 1302, 1139], [1014, 1051, 41, 859, 143, 992, 806, 94], [1467, 3761, 226, 38, 1454, 4791, 683, 139], [1468, 806, 2806, 880, 875, 5864, 1469, 861], [496, 1093, 2322, 2222, 7697, 3830, 838, 1330], [1055, 1139, 1275, 1005, 3503, 3004, 2938, 996], [1274, 309, 497, 1031, 1492, 880, 1146, 538], [1474, 4542, 978, 964, 1070, 2858, 4815, 86], [1475, 4080, 4028, 321, 1023, 227, 39, 803], [1477, 1345, 3077, 3326, 1121, 80, 3817, 1288], [1273, 1735, 1305, 7699, 1161, 526, 2545, 6519], [1479, 1273, 4490, 1113, 3478, 3093, 272, 666], [1480, 7094, 3589, 94, 412, 1504, 238, 3487], [1134, 875, 4884, 3601, 5005, 990, 7075, 374], [1484, 1129, 6554, 1492, 1841, 1799, 5290, 3606], [1055, 3057, 3516, 4497, 2995, 3519, 3503, 3345], [1487, 4656, 1019, 4406, 3610, 2020, 624, 1941], [127, 6243, 4102, 3207, 3600, 1444, 3652, 1120], [806, 1492, 1491, 701, 875, 1450, 412, 4005], [1493, 875, 4794, 3094, 880, 1884, 538, 6616], [2652, 2139, 6516, 2889, 2683, 2520, 3263, 3478], [1494, 4301, 2117, 4492, 812, 2010, 1792, 1019], [1495, 1486, 673, 5477, 545, 1279, 1659, 351], [509, 398, 6822, 374, 358, 966, 1155, 3356], [806, 4794, 540, 365, 1500, 2540, 1492, 1059], [459, 94, 530, 701, 41, 806, 183, 143], [1274, 880, 1503, 1031, 2549, 1417, 425, 538], [1504, 1503, 3629, 94, 3589, 1188, 4925, 3022], [1505, 432, 598, 541, 4350, 1031, 1501, 1468], [1506, 806, 886, 979, 94, 4497, 1236, 1450], [1507, 760, 3328, 1094, 124, 1095, 1045, 6505], [1503, 6266, 778, 1030, 1510, 1062, 5951, 329], [1512, 406, 124, 139, 1454, 7728, 143, 6712], [1513, 2995, 1417, 38, 6477, 4395, 3495, 6206], [1514, 1947, 1294, 3103, 560, 4936, 638, 3164]]}, "num_translations": 2, "text_top1": 0.1206896551724138, "text_top5": 0.16379310344827586, "text_top10": 0.1896551724137931}