{"num_src_sents": 29, "plutarch_2_1908": {"tgt_lang": "en", "transl_top1": 0.10344827586206896, "transl_top5": 0.20689655172413793, "transl_top10": 0.20689655172413793, "num_nulls": 0, "num_tgt_sents": 5773}, "plutarch_1_1906": {"tgt_lang": "en", "transl_top1": 0.06896551724137931, "transl_top5": 0.1724137931034483, "transl_top10": 0.3103448275862069, "num_nulls": 0, "num_tgt_sents": 6800}, "num_translations": 2, "text_top1": 0.08620689655172414, "text_top5": 0.1896551724137931, "text_top10": 0.25862068965517243}