{"num_src_sents": 68, "demosthenes_aeschynes_1861": {"tgt_lang": "fr", "transl_top1": 0.0, "transl_top5": 0.029411764705882353, "transl_top10": 0.08823529411764706, "num_nulls": 0, "num_tgt_sents": 36182, "retrieval_preds": [[20241, 3052, 19029, 4378, 7431, 11248, 20756, 15422], [19029, 8816, 7825, 4202, 20966, 29736, 15210, 9008], [5509, 15370, 9539, 7202, 11432, 21785, 34436, 23025], [9931, 2570, 15871, 4169, 4670, 9914, 3942, 8816], [7422, 6632, 4602, 15821, 6883, 4378, 7431, 3052], [24745, 4347, 5770, 28942, 23049, 10635, 12513, 4738], [13688, 7053, 3103, 3433, 11739, 1446, 3052, 6418], [3096, 3094, 6403, 15155, 4517, 2506, 3667, 4996], [3054, 21438, 1455, 15821, 2570, 3052, 3062, 3879], [34617, 30931, 4574, 11759, 28791, 24258, 678, 8895], [18184, 21505, 9914, 18237, 22869, 8900, 13335, 1843], [7479, 14247, 6830, 6860, 4202, 15871, 19029, 9436], [11351, 15627, 24215, 26106, 24101, 24269, 8621, 10167], [13958, 5017, 27179, 8210, 12287, 26782, 29117, 34184], [15210, 4182, 2968, 34706, 6193, 18037, 34436, 10961], [1797, 1798, 5192, 8058, 15309, 9460, 22869, 10888], [15893, 19029, 3054, 21409, 18872, 7287, 4586, 20813], [13192, 14773, 9853, 21431, 29591, 15479, 29252, 34442], [21802, 34654, 16913, 35281, 8866, 9776, 7825, 16921], [6593, 14693, 35007, 13634, 9914, 21246, 34494, 35115], [17646, 1806, 16506, 16393, 17695, 17361, 3681, 1579], [8487, 10010, 14836, 6560, 27278, 12148, 25908, 3616], [19442, 4217, 19060, 5100, 21629, 7447, 9726, 21686], [12534, 23242, 24279, 20733, 8401, 8445, 11223, 10449], [5698, 21888, 9641, 18239, 34163, 9792, 16007, 16189], [34844, 16388, 16124, 25506, 25485, 34031, 10241, 16395], [8216, 1914, 18261, 33317, 10807, 21108, 5330, 34941], [3052, 1823, 21431, 21019, 17389, 20241, 26158, 34503], [21409, 7431, 9914, 12174, 25587, 15042, 15370, 14705], [1830, 17694, 6356, 21455, 9571, 14697, 21290, 29582], [18367, 6356, 9539, 1832, 20498, 4586, 15944, 35300], [2194, 34787, 8933, 14702, 7456, 22841, 29781, 6827], [19239, 34835, 12067, 21678, 17002, 9782, 5538, 27323], [11490, 15991, 15652, 35484, 35167, 5701, 18180, 12554], [7202, 6948, 11314, 7431, 7186, 14160, 6632, 19029], [9914, 23865, 9822, 15155, 21907, 34753, 21279, 4061], [7164, 4079, 6966, 18631, 14872, 22359, 17674, 16070], [6966, 6977, 18613, 20873, 17525, 21964, 4472, 7431], [3111, 7415, 14761, 7359, 21443, 9515, 6315, 1865], [1855, 8717, 21464, 22602, 16631, 19051, 9876, 3072], [19442, 1860, 21246, 34605, 21464, 22602, 17224, 20907], [23810, 12781, 21079, 7202, 18613, 15746, 364, 29986], [19042, 12785, 12763, 8360, 35660, 7415, 35301, 5885], [12786, 1868, 17211, 18738, 18848, 17912, 17944, 3689], [4110, 1870, 7126, 4486, 4515, 3909, 8717, 16321], [7607, 35115, 18887, 26453, 10416, 8821, 15511, 22990], [1407, 7287, 5955, 24371, 17040, 18758, 6632, 34407], [6032, 22908, 24350, 19029, 32885, 50, 8003, 32827], [1910, 9773, 13843, 2373, 7359, 7116, 35518, 6315], [5559, 19465, 20639, 5673, 20241, 24101, 20922, 3585], [35109, 1882, 3111, 7025, 32427, 5890, 13491, 7479], [18578, 28683, 32115, 9463, 33579, 290, 241, 7025], [17212, 18848, 4589, 16067, 5236, 7053, 16325, 15371], [24301, 9066, 25404, 8569, 35955, 13714, 677, 14485], [5890, 19197, 4149, 19230, 16399, 17408, 20904, 8434], [1895, 1893, 3072, 17389, 18676, 7431, 5942, 14538], [6632, 14185, 11248, 16112, 6947, 33866, 21924, 15871], [7431, 9539, 2377, 5607, 7047, 762, 4378, 3394], [1910, 32170, 34893, 7620, 34436, 1865, 13945, 4630], [1912, 17389, 15066, 20241, 15546, 22602, 15746, 21193], [7482, 1508, 19060, 1913, 8821, 34562, 15422, 21924], [6830, 13553, 19310, 18273, 14846, 13552, 7620, 21785], [7490, 8058, 5777, 35518, 25565, 2373, 15747, 2983], [1919, 7094, 7431, 21431, 21246, 7202, 20873, 22001], [3054, 3103, 15821, 12601, 34407, 2570, 15083, 15475], [18914, 4585, 7116, 17040, 11884, 4587, 14958, 1578], [8489, 19029, 14185, 6947, 9276, 5260, 22990, 7287], [22560, 15108, 6623, 29794, 3012, 8266, 13552, 3056]]}, "num_translations": 1, "text_top1": 0.0, "text_top5": 0.029411764705882353, "text_top10": 0.08823529411764706}