{"num_src_sents": 27, "demosthenes_2_1861": {"tgt_lang": "fr", "transl_top1": 0.07407407407407407, "transl_top5": 0.18518518518518517, "transl_top10": 0.3333333333333333, "num_nulls": 0, "num_tgt_sents": 2969}, "demosthenes_1_1863": {"tgt_lang": "fr", "transl_top1": 0.1111111111111111, "transl_top5": 0.18518518518518517, "transl_top10": 0.2962962962962963, "num_nulls": 0, "num_tgt_sents": 3406}, "demosthenes_aeschynes_1861": {"tgt_lang": "fr", "transl_top1": 0.07407407407407407, "transl_top5": 0.18518518518518517, "transl_top10": 0.25925925925925924, "num_nulls": 0, "num_tgt_sents": 36182}, "num_translations": 3, "text_top1": 0.08641975308641975, "text_top5": 0.18518518518518517, "text_top10": 0.2962962962962963}