{"num_src_sents": 28, "plutarch_2_1908": {"tgt_lang": "en", "transl_top1": 0.0, "transl_top5": 0.03571428571428571, "transl_top10": 0.17857142857142858, "num_nulls": 0, "num_tgt_sents": 5773}, "plutarch_1_1906": {"tgt_lang": "en", "transl_top1": 0.03571428571428571, "transl_top5": 0.14285714285714285, "transl_top10": 0.17857142857142858, "num_nulls": 0, "num_tgt_sents": 6800}, "num_translations": 2, "text_top1": 0.017857142857142856, "text_top5": 0.08928571428571427, "text_top10": 0.17857142857142858}