{"num_src_sents": 420, "aeschylus_1888": {"tgt_lang": "en", "transl_top1": 0.31666666666666665, "transl_top5": 0.49047619047619045, "transl_top10": 0.5571428571428572, "num_nulls": 0, "num_tgt_sents": 5644}, "aeschylus_1886": {"tgt_lang": "en", "transl_top1": 0.14761904761904762, "transl_top5": 0.33095238095238094, "transl_top10": 0.4142857142857143, "num_nulls": 0, "num_tgt_sents": 6446}, "aeschylus_1872": {"tgt_lang": "fr", "transl_top1": 0.05714285714285714, "transl_top5": 0.1, "transl_top10": 0.14523809523809525, "num_nulls": 0, "num_tgt_sents": 3725}, "aeschylus_1868": {"tgt_lang": "de", "transl_top1": 0.03333333333333333, "transl_top5": 0.09523809523809523, "transl_top10": 0.1523809523809524, "num_nulls": 2, "num_tgt_sents": 5499}, "aeschylus_1909": {"tgt_lang": "en", "transl_top1": 0.2714285714285714, "transl_top5": 0.42857142857142855, "transl_top10": 0.5166666666666667, "num_nulls": 0, "num_tgt_sents": 5369}, "num_translations": 5, "text_top1": 0.16523809523809524, "text_top5": 0.289047619047619, "text_top10": 0.35714285714285715}