{"num_src_sents": 4939, "PlinyYounger_1819": {"tgt_lang": "de", "transl_top1": 0.5650941486130796, "transl_top5": 0.7450900992103665, "transl_top10": 0.8080583113990686, "num_nulls": 9, "num_tgt_sents": 6705}, "cicero_plinyYounger_1909": {"tgt_lang": "en", "transl_top1": 0.11419315650941486, "transl_top5": 0.14679084834986839, "transl_top10": 0.16157116825268272, "num_nulls": 83, "num_tgt_sents": 7172}, "num_translations": 2, "text_top1": 0.33964365256124723, "text_top5": 0.4459404737801175, "text_top10": 0.48481473982587564}