{"num_src_sents": 311, "demosthenes_1877": {"tgt_lang": "en", "transl_top1": 0.40836012861736337, "transl_top5": 0.6334405144694534, "transl_top10": 0.7106109324758842, "num_nulls": 0, "num_tgt_sents": 7775}, "demosthenes_aeschynes_1861": {"tgt_lang": "fr", "transl_top1": 0.012861736334405145, "transl_top5": 0.04180064308681672, "transl_top10": 0.06752411575562701, "num_nulls": 0, "num_tgt_sents": 36182}, "num_translations": 2, "text_top1": 0.21061093247588425, "text_top5": 0.33762057877813506, "text_top10": 0.3890675241157556}