{"num_src_sents": 282, "plutarch_1864-1867_14-20": {"tgt_lang": "de", "transl_top1": 0.46099290780141844, "transl_top5": 0.6631205673758865, "transl_top10": 0.7411347517730497, "num_nulls": 0, "num_tgt_sents": 6866}, "plutarch_1855-1903_4": {"tgt_lang": "de", "transl_top1": 0.4716312056737589, "transl_top5": 0.7127659574468085, "transl_top10": 0.7872340425531915, "num_nulls": 0, "num_tgt_sents": 5144}, "plutarch_1_1906": {"tgt_lang": "en", "transl_top1": 0.6170212765957447, "transl_top5": 0.8085106382978723, "transl_top10": 0.8687943262411347, "num_nulls": 0, "num_tgt_sents": 6800}, "plutarch_2_1908": {"tgt_lang": "en", "transl_top1": 0.0035460992907801418, "transl_top5": 0.02127659574468085, "transl_top10": 0.06382978723404255, "num_nulls": 0, "num_tgt_sents": 5773}, "plutarch_1855-1897_1": {"tgt_lang": "de", "transl_top1": 0.0070921985815602835, "transl_top5": 0.07092198581560284, "transl_top10": 0.10283687943262411, "num_nulls": 0, "num_tgt_sents": 7147}, "num_translations": 5, "text_top1": 0.3120567375886525, "text_top5": 0.4553191489361702, "text_top10": 0.5127659574468085}