{"num_src_sents": 566, "demosthenes_1856": {"tgt_lang": "en", "transl_top1": 0.4717314487632509, "transl_top5": 0.6537102473498233, "transl_top10": 0.7367491166077739, "num_nulls": 0, "num_tgt_sents": 7116}, "demosthenes_1856_1": {"tgt_lang": "de", "transl_top1": 0.4204946996466431, "transl_top5": 0.5830388692579506, "transl_top10": 0.6484098939929329, "num_nulls": 0, "num_tgt_sents": 4305}, "demosthenes_aeschynes_1861": {"tgt_lang": "fr", "transl_top1": 0.18197879858657243, "transl_top5": 0.3003533568904594, "transl_top10": 0.3498233215547703, "num_nulls": 0, "num_tgt_sents": 36182}, "num_translations": 3, "text_top1": 0.3580683156654888, "text_top5": 0.5123674911660778, "text_top10": 0.5783274440518257}