{"num_src_sents": 114, "aristotle_1855-1906_6": {"tgt_lang": "de", "transl_top1": 0.017543859649122806, "transl_top5": 0.08771929824561403, "transl_top10": 0.14035087719298245, "num_nulls": 0, "num_tgt_sents": 8895}, "num_translations": 1, "text_top1": 0.017543859649122806, "text_top5": 0.08771929824561403, "text_top10": 0.14035087719298245}