{"num_src_sents": 6998, "herodotus_2_1850": {"tgt_lang": "fr", "transl_top1": 0.00014289797084881395, "transl_top5": 0.0014289797084881394, "transl_top10": 0.003429551300371535, "num_nulls": 71, "num_tgt_sents": 7360}, "herodotus_1_1802": {"tgt_lang": "fr", "transl_top1": 0.06087453558159474, "transl_top5": 0.09645613032294942, "transl_top10": 0.1147470705915976, "num_nulls": 12, "num_tgt_sents": 8450}, "herodotus_1879": {"tgt_lang": "en", "transl_top1": 0.5225778793941126, "transl_top5": 0.7056301800514433, "transl_top10": 0.7766504715633038, "num_nulls": 59, "num_tgt_sents": 13115}, "herodotus_2_1733": {"tgt_lang": "it", "transl_top1": 0.0015718776793369534, "transl_top5": 0.007002000571591884, "transl_top10": 0.011860531580451557, "num_nulls": 1529, "num_tgt_sents": 4443}, "herodotus_1_1789": {"tgt_lang": "it", "transl_top1": 0.07602172049156902, "transl_top5": 0.1107459274078308, "transl_top10": 0.1300371534724207, "num_nulls": 738, "num_tgt_sents": 6448}, "herodotus_1_1830": {"tgt_lang": "it", "transl_top1": 0.003715347242069163, "transl_top5": 0.013575307230637325, "transl_top10": 0.023292369248356672, "num_nulls": 6432, "num_tgt_sents": 143}, "herodotus_1_1733": {"tgt_lang": "it", "transl_top1": 0.23320948842526437, "transl_top5": 0.3293798228065161, "transl_top10": 0.3718205201486139, "num_nulls": 695, "num_tgt_sents": 7119}, "herodotus_3_1802": {"tgt_lang": "fr", "transl_top1": 0.003572449271220349, "transl_top5": 0.011860531580451557, "transl_top10": 0.021577593598170904, "num_nulls": 2265, "num_tgt_sents": 3263}, "herodotus_4_1835": {"tgt_lang": "it", "transl_top1": 0.00400114318376679, "transl_top5": 0.00943126607602172, "transl_top10": 0.013861103172334953, "num_nulls": 6841, "num_tgt_sents": 25}, "herodotus_1864": {"tgt_lang": "fr", "transl_top1": 0.38368105172906547, "transl_top5": 0.5573020863103744, "transl_top10": 0.6313232352100601, "num_nulls": 11, "num_tgt_sents": 10914}, "herodotus_2_1822": {"tgt_lang": "it", "transl_top1": 0.0014289797084881394, "transl_top5": 0.004286939125464418, "transl_top10": 0.006716204629894256, "num_nulls": 293, "num_tgt_sents": 6497}, "herodotus_1_1820": {"tgt_lang": "it", "transl_top1": 0.10031437553586739, "transl_top5": 0.13132323521006, "transl_top10": 0.1454701343240926, "num_nulls": 744, "num_tgt_sents": 5880}, "num_translations": 13, "text_top1": 0.10700859586255412, "text_top5": 0.15218633895398687, "text_top10": 0.17313737991074374}