{"num_src_sents": 507, "lucian_1831_13": {"tgt_lang": "de", "transl_top1": 0.27416173570019725, "transl_top5": 0.4536489151873767, "transl_top10": 0.5404339250493096, "num_nulls": 0, "num_tgt_sents": 4049}, "Lucian_1827_ht8": {"tgt_lang": "de", "transl_top1": 0.011834319526627219, "transl_top5": 0.02564102564102564, "transl_top10": 0.05917159763313609, "num_nulls": 0, "num_tgt_sents": 1131}, "lucian_1827_7": {"tgt_lang": "de", "transl_top1": 0.007889546351084813, "transl_top5": 0.04339250493096647, "transl_top10": 0.07889546351084813, "num_nulls": 0, "num_tgt_sents": 4692}, "num_translations": 3, "text_top1": 0.09796186719263643, "text_top5": 0.1742274819197896, "text_top10": 0.2261669953977646}