{"num_src_sents": 15, "lucian_1829_10": {"tgt_lang": "de", "transl_top1": 0.0, "transl_top5": 0.2, "transl_top10": 0.26666666666666666, "num_nulls": 0, "num_tgt_sents": 4222}, "num_translations": 1, "text_top1": 0.0, "text_top5": 0.2, "text_top10": 0.26666666666666666}