{"num_src_sents": 87, "demosthenes_1877": {"tgt_lang": "en", "transl_top1": 0.1839080459770115, "transl_top5": 0.3333333333333333, "transl_top10": 0.3793103448275862, "num_nulls": 0, "num_tgt_sents": 7775}, "demosthenes_aeschynes_1861": {"tgt_lang": "fr", "transl_top1": 0.011494252873563218, "transl_top5": 0.04597701149425287, "transl_top10": 0.06896551724137931, "num_nulls": 0, "num_tgt_sents": 36182}, "num_translations": 2, "text_top1": 0.09770114942528735, "text_top5": 0.1896551724137931, "text_top10": 0.22413793103448276}