{"num_src_sents": 222, "plutarch_3_1908": {"tgt_lang": "en", "transl_top1": 0.536036036036036, "transl_top5": 0.6981981981981982, "transl_top10": 0.7837837837837838, "num_nulls": 0, "num_tgt_sents": 6633}, "plutarch_4_1908": {"tgt_lang": "en", "transl_top1": 0.018018018018018018, "transl_top5": 0.04054054054054054, "transl_top10": 0.0990990990990991, "num_nulls": 0, "num_tgt_sents": 13066}, "plutarch_nd": {"tgt_lang": "de", "transl_top1": 0.32882882882882886, "transl_top5": 0.5180180180180181, "transl_top10": 0.5990990990990991, "num_nulls": 0, "num_tgt_sents": 10643}, "num_translations": 3, "text_top1": 0.2942942942942943, "text_top5": 0.41891891891891897, "text_top10": 0.49399399399399396}