{"num_src_sents": 21, "plutarch_1898_ethical": {"tgt_lang": "en", "transl_top1": 0.0, "transl_top5": 0.09523809523809523, "transl_top10": 0.23809523809523808, "num_nulls": 0, "num_tgt_sents": 5242, "retrieval_preds": [[1344, 873, 3921, 4485, 3862, 1304, 1020, 3476], [1345, 4121, 3808, 1078, 4612, 5025, 1878, 620], [1401, 1346, 1590, 1584, 411, 4998, 1134, 3856], [5001, 634, 899, 201, 1970, 3717, 2219, 4708], [1348, 1443, 3654, 4152, 1360, 1750, 4977, 1388], [1802, 1349, 3577, 2232, 4732, 1637, 1745, 2539], [4251, 3577, 2304, 1363, 3616, 1621, 2194, 4448], [1355, 250, 4328, 1585, 883, 3168, 1745, 1581], [32, 3100, 3425, 1507, 139, 480, 3128, 1229], [1356, 3536, 1424, 3743, 3662, 3955, 1377, 3949], [1357, 1713, 3756, 4263, 4501, 3802, 4229, 3914], [847, 4954, 1557, 1612, 704, 2447, 390, 4425], [2124, 1995, 2539, 4501, 1745, 1358, 1466, 1249], [1360, 4372, 1491, 3743, 2281, 198, 3722, 4977], [3894, 4695, 477, 384, 1338, 4697, 4031, 2469], [1360, 1020, 2232, 4964, 4345, 1962, 1271, 1745], [1363, 3577, 2304, 2303, 1802, 2232, 1810, 4345], [4422, 3245, 3922, 5024, 2232, 3093, 2144, 4723], [1874, 4969, 1815, 1650, 1314, 45, 4171, 117], [1365, 1455, 192, 2542, 2763, 2508, 3655, 202], [3820, 2056, 4339, 4345, 658, 3911, 2178, 563]]}, "plutarch_2_1844": {"tgt_lang": "fr", "transl_top1": 0.0, "transl_top5": 0.047619047619047616, "transl_top10": 0.23809523809523808, "num_nulls": 0, "num_tgt_sents": 7523, "retrieval_preds": [[497, 4262, 4096, 2881, 5529, 4184, 3206, 5916], [6812, 5695, 3112, 5130, 7437, 3035, 6954, 2658], [3423, 779, 4441, 4619, 4412, 2824, 4423, 3620], [5070, 5458, 1841, 6653, 6931, 701, 7312, 3816], [4393, 2331, 1648, 2527, 5407, 7467, 7348, 7281], [7008, 2510, 3791, 6734, 5488, 2881, 3805, 6035], [5847, 2510, 2616, 3460, 7008, 3719, 6734, 2081], [4153, 310, 3050, 497, 4670, 4761, 5499, 5467], [4559, 4561, 7363, 7307, 7356, 4536, 6003, 7350], [4761, 2900, 4667, 4589, 4767, 4448, 4631, 1952], [4964, 3719, 2510, 6593, 5503, 6095, 6615, 6581], [2962, 3678, 4246, 3814, 629, 2357, 3851, 2725], [4444, 6404, 4277, 7320, 574, 3805, 4983, 7272], [4454, 6573, 6580, 7, 5112, 5677, 4970, 6013], [5126, 1840, 4620, 94, 6698, 546, 6022, 887], [7, 5159, 5529, 4424, 4290, 4096, 3945, 4153], [6838, 5847, 6375, 1707, 5690, 2438, 508, 3460], [4617, 7, 5112, 1889, 3719, 4226, 5560, 7008], [2900, 774, 356, 6893, 94, 784, 4707, 4559], [4371, 4895, 3606, 5386, 5153, 5432, 3519, 4514], [5562, 2262, 6035, 5553, 7467, 4424, 5440, 4356]]}, "plutarch_1_1844": {"tgt_lang": "fr", "transl_top1": 0.047619047619047616, "transl_top5": 0.23809523809523808, "transl_top10": 0.42857142857142855, "num_nulls": 0, "num_tgt_sents": 8121, "retrieval_preds": [[2853, 1534, 2362, 3451, 2854, 3726, 2851, 261], [2855, 649, 2833, 3393, 2195, 3885, 1001, 2957], [919, 3363, 2955, 2799, 1036, 2856, 4503, 449], [1071, 6966, 4284, 4292, 3990, 4327, 1670, 6968], [261, 1166, 7339, 2858, 1585, 181, 1725, 703], [2135, 4825, 3726, 2334, 3592, 4794, 2112, 1871], [4825, 4002, 2112, 4864, 1871, 2384, 4013, 2370], [3036, 2325, 2872, 2910, 3603, 2327, 261, 4720], [3538, 6777, 2874, 6543, 1846, 1017, 2323, 1002], [2709, 1912, 1585, 2872, 7490, 2581, 4795, 817], [2112, 2135, 1570, 4789, 4885, 3792, 4888, 2306], [2133, 1898, 2379, 1120, 3612, 5748, 4811, 983], [2882, 640, 3457, 2038, 4109, 1729, 4800, 1749], [2883, 1138, 1725, 2513, 2889, 2830, 919, 956], [4510, 4296, 2088, 6643, 1517, 1502, 6526, 1651], [3548, 225, 3767, 3689, 2384, 3556, 1258, 1534], [4013, 905, 4853, 5572, 5985, 2888, 2112, 7510], [4002, 3566, 3578, 2420, 1197, 3726, 1182, 3015], [1457, 1451, 1822, 6970, 3680, 2767, 2764, 2471], [934, 4189, 1673, 3062, 2894, 3058, 235, 1036], [2370, 1669, 6547, 1400, 4926, 1640, 1649, 2116]]}, "num_translations": 3, "text_top1": 0.015873015873015872, "text_top5": 0.12698412698412698, "text_top10": 0.30158730158730157}