{"num_src_sents": 1021, "plato_3_1826": {"tgt_lang": "fr", "transl_top1": 0.005876591576885406, "transl_top5": 0.03232125367286973, "transl_top10": 0.05778648383937316, "num_nulls": 0, "num_tgt_sents": 3903}, "plato_6_1854": {"tgt_lang": "en", "transl_top1": 0.0068560235063663075, "transl_top5": 0.02742409402546523, "transl_top10": 0.047992164544564155, "num_nulls": 0, "num_tgt_sents": 9064}, "plato_1_1846": {"tgt_lang": "fr", "transl_top1": 0.0, "transl_top5": 0.024485798237022526, "transl_top10": 0.043095004897159644, "num_nulls": 0, "num_tgt_sents": 3203}, "plato_1_1848": {"tgt_lang": "en", "transl_top1": 0.00881488736532811, "transl_top5": 0.03525954946131244, "transl_top10": 0.05484818805093046, "num_nulls": 0, "num_tgt_sents": 12817}, "plato_2_1849": {"tgt_lang": "en", "transl_top1": 0.011753183153770812, "transl_top5": 0.03721841332027424, "transl_top10": 0.06072477962781587, "num_nulls": 0, "num_tgt_sents": 9568}, "plato_5_1852": {"tgt_lang": "en", "transl_top1": 0.00881488736532811, "transl_top5": 0.023506366307541625, "transl_top10": 0.04505386875612145, "num_nulls": 0, "num_tgt_sents": 8721}, "plato_3_1850": {"tgt_lang": "en", "transl_top1": 0.3819784524975514, "transl_top5": 0.5396669931439765, "transl_top10": 0.6131243878550441, "num_nulls": 0, "num_tgt_sents": 13689}, "num_translations": 7, "text_top1": 0.060584860780747166, "text_top5": 0.10284035259549462, "text_top10": 0.13180355393871554}