{"num_src_sents": 72, "demosthenes_1_1863": {"tgt_lang": "fr", "transl_top1": 0.05555555555555555, "transl_top5": 0.16666666666666666, "transl_top10": 0.2777777777777778, "num_nulls": 0, "num_tgt_sents": 3406, "retrieval_preds": [[3328, 1283, 354, 2065, 3152, 2566, 3042, 1627], [3274, 1118, 1054, 954, 836, 2361, 3002, 1939], [3277, 299, 3284, 3315, 3, 2353, 1255, 2615], [687, 2465, 2575, 1187, 3278, 601, 1107, 2353], [3315, 277, 1709, 1250, 680, 3229, 1346, 400], [299, 2797, 2410, 3285, 3197, 2261, 3397, 1346], [2065, 3287, 1379, 2160, 2289, 480, 911, 2559], [753, 2225, 2253, 2858, 1607, 2165, 2850, 2412], [3289, 3315, 3291, 3287, 2238, 2719, 2548, 3208], [1064, 2272, 1791, 1054, 2326, 1816, 1754, 1892], [3161, 2237, 3308, 913, 218, 76, 2315, 3101], [3315, 3011, 3291, 2382, 2261, 3289, 3287, 1370], [2410, 2725, 2353, 851, 3040, 1794, 2261, 748], [1884, 3269, 2711, 1054, 1509, 2724, 1064, 197], [3298, 2065, 2410, 911, 155, 1379, 480, 2489], [3299, 629, 3298, 1910, 3289, 1794, 649, 1346], [3342, 3315, 3112, 3289, 1526, 1129, 1807, 1323], [1884, 1792, 2340, 2053, 2522, 1424, 2559, 1044], [3291, 3310, 3315, 3287, 1794, 3311, 629, 1939], [821, 1424, 3313, 2053, 3385, 431, 3362, 491], [2716, 1693, 3322, 1380, 1298, 1265, 1307, 2319], [3315, 2384, 1794, 981, 2725, 3291, 1884, 2987], [3269, 2246, 3181, 491, 1380, 2261, 203, 1884], [3208, 3219, 1080, 2723, 3315, 2559, 565, 2190], [1884, 2721, 3269, 3315, 650, 207, 2361, 981], [3269, 2465, 2319, 2554, 2361, 3181, 1107, 2947], [2006, 1539, 1634, 3315, 3321, 2261, 33, 2529], [1785, 3041, 3040, 3140, 3315, 3197, 3291, 3289], [2867, 2247, 1915, 1670, 795, 1918, 2794, 2771], [2723, 565, 1198, 1054, 3315, 1807, 262, 1107], [3330, 854, 2410, 0, 1634, 2489, 3335, 3390], [3331, 1807, 3098, 2681, 1296, 1816, 3390, 3319], [2588, 1553, 1477, 1822, 3209, 310, 2406, 612], [3315, 207, 1877, 2750, 3112, 1768, 2410, 1972], [3315, 3040, 3269, 299, 3041, 836, 1323, 1883], [3315, 624, 1207, 15, 2382, 2353, 1794, 2889], [3269, 1054, 491, 191, 3344, 2681, 3319, 3212], [3321, 3342, 1116, 2289, 946, 3364, 3126, 2078], [3364, 687, 1253, 2353, 3152, 1118, 1107, 854], [3213, 1713, 836, 856, 3326, 3269, 2997, 3342], [527, 1253, 1217, 3349, 1255, 565, 1883, 1820], [3197, 1794, 2410, 1250, 3315, 2382, 2997, 748], [2410, 3356, 729, 3352, 748, 1524, 1997, 702], [2384, 2410, 1794, 2889, 2382, 748, 3112, 3369], [681, 397, 899, 2410, 429, 3197, 3191, 3371], [3358, 2028, 2779, 3127, 2553, 3144, 2491, 1987], [3363, 1428, 2260, 2521, 2455, 2580, 1034, 312], [3364, 3126, 1655, 2382, 3171, 2379, 3195, 2351], [1118, 3364, 240, 2725, 2353, 3315, 954, 3152], [3369, 2384, 2353, 1118, 2382, 3315, 3126, 2559], [3371, 2410, 1794, 3112, 1374, 1875, 580, 2384], [3319, 776, 780, 3086, 2681, 2714, 763, 2252], [1971, 3075, 3291, 776, 1252, 1524, 3172, 3212], [1553, 2478, 310, 1395, 3025, 3383, 3209, 2864], [2725, 1118, 2835, 3364, 2353, 2529, 3315, 3343], [3378, 1010, 1719, 2738, 2772, 1899, 3240, 2834], [1666, 267, 585, 3356, 3198, 3152, 1794, 2138], [3384, 1877, 35, 4, 1307, 2822, 2222, 12], [431, 776, 3165, 1714, 3331, 2459, 3378, 3075], [3387, 2226, 3364, 1229, 3376, 3385, 1623, 2355], [386, 3388, 1204, 3275, 1087, 2585, 1475, 1714], [3364, 2353, 3321, 3390, 2261, 2410, 1794, 2382], [3242, 1272, 2911, 431, 3319, 1355, 1528, 696], [1299, 2723, 2909, 1118, 1895, 3393, 2930, 1832], [1787, 854, 1253, 687, 2225, 155, 240, 1726], [2581, 2406, 850, 2099, 512, 2145, 1553, 2588], [646, 2089, 764, 442, 1688, 2019, 2459, 3110], [1116, 3397, 3321, 2452, 1722, 469, 1077, 1250], [2730, 954, 2269, 2246, 2363, 2835, 1689, 2309], [3401, 2319, 2326, 1054, 3291, 2309, 1329, 1971], [1077, 2190, 2192, 1240, 2452, 687, 1494, 2723], [3405, 687, 1107, 2954, 1277, 3404, 3269, 707]]}, "demosthenes_aeschynes_1861": {"tgt_lang": "fr", "transl_top1": 0.027777777777777776, "transl_top5": 0.027777777777777776, "transl_top10": 0.027777777777777776, "num_nulls": 0, "num_tgt_sents": 36182, "retrieval_preds": [[21111, 35115, 25598, 13550, 34858, 2425, 11246, 21938], [2968, 21802, 34706, 11698, 19029, 34406, 15585, 34436], [34708, 2970, 5163, 3916, 18154, 6116, 2977, 20501], [11432, 4696, 15295, 15372, 7116, 3593, 13557, 2418], [2608, 18441, 34667, 16361, 21067, 6287, 14990, 24890], [15203, 34321, 3899, 6356, 3103, 15195, 6830, 3052], [2980, 2220, 3897, 5168, 16608, 32606, 12315, 2158], [3384, 33757, 20566, 1715, 16887, 4077, 21509, 19060], [4472, 4187, 21290, 9914, 21312, 16913, 2983, 4928], [19248, 15982, 28791, 17421, 18199, 19259, 4587, 20518], [11237, 24576, 14375, 8459, 29925, 27562, 1072, 9699], [2988, 15371, 2570, 17152, 4219, 4402, 3052, 4930], [3052, 9914, 34494, 3733, 15821, 9238, 6969, 15371], [21772, 9782, 16430, 20966, 20711, 35425, 2862, 8191], [21246, 17233, 33657, 5955, 22600, 12315, 7287, 23760], [2998, 33920, 12670, 186, 205, 3052, 7819, 22798], [9822, 20498, 9539, 1446, 2983, 12413, 22790, 4517], [30705, 6192, 8058, 3392, 3628, 8933, 16430, 11471], [6028, 3009, 12947, 15295, 12503, 11698, 5942, 22280], [27559, 28439, 2373, 15747, 29154, 24827, 29794, 6996], [3012, 7490, 20853, 11374, 11164, 25901, 1417, 29818], [4661, 3052, 4219, 3016, 4372, 8823, 21439, 5559], [32277, 15747, 29794, 22923, 12601, 6996, 5223, 6173], [9914, 17694, 4472, 32856, 15553, 4202, 8819, 6052], [13688, 8823, 16913, 20529, 11167, 15056, 22560, 7981], [35425, 18914, 3942, 8816, 22874, 7458, 7287, 22841], [17145, 35667, 3023, 16053, 4662, 7431, 22873, 16150], [4187, 7202, 4472, 3052, 4202, 1455, 8866, 18223], [21651, 23082, 20958, 3027, 30242, 8223, 1906, 6989], [15808, 3029, 7217, 23468, 4586, 35458, 35109, 13683], [3030, 35667, 19448, 9109, 21881, 1781, 3393, 21463], [6155, 5784, 5204, 33655, 1524, 4458, 2443, 4108], [5619, 11426, 27268, 31136, 11121, 20684, 11004, 4455], [3040, 4372, 17389, 5616, 6947, 3052, 5574, 4662], [16913, 5163, 30339, 4187, 34706, 6830, 6831, 4472], [3040, 23042, 11165, 21438, 18427, 34503, 6028, 16325], [3045, 7451, 2943, 21551, 18107, 21101, 7417, 34965], [16045, 5554, 3043, 3091, 10778, 3062, 7036, 3045], [6868, 14978, 7431, 2370, 9914, 6632, 19129, 9417], [3026, 19030, 12366, 7603, 19029, 34406, 3942, 6827], [3050, 34384, 2982, 21520, 33511, 19104, 14801, 17056], [3052, 3023, 15821, 7126, 7431, 20241, 15083, 19442], [3054, 3052, 7277, 34459, 2109, 1921, 8821, 20907], [3689, 3054, 7431, 20241, 3072, 3056, 21438, 83], [3059, 23811, 7052, 6367, 3689, 4297, 18863, 26189], [22560, 8266, 7169, 6390, 21845, 27806, 22561, 8997], [3061, 5543, 6078, 4875, 2442, 11098, 15477, 16486], [3062, 3054, 34669, 3924, 6131, 5180, 9056, 10683], [9914, 14702, 6868, 15871, 5509, 11698, 8489, 9238], [3069, 3689, 21438, 5583, 4602, 5942, 6028, 7088], [3072, 15821, 5942, 33769, 22622, 16818, 3052, 12947], [8058, 21298, 18883, 8614, 21551, 14448, 15393, 1409], [2983, 3582, 14737, 21305, 21551, 11292, 14816, 35508], [23003, 11999, 3305, 10917, 11900, 12522, 29923, 16095], [6947, 7431, 9539, 7120, 19310, 24698, 11266, 7216], [21656, 32972, 3081, 5707, 27000, 31956, 4405, 9508], [83, 4560, 18789, 9015, 5168, 20832, 4158, 1985], [3087, 19310, 11395, 6841, 3086, 1830, 8780, 17983], [19197, 26062, 15808, 16080, 11373, 20870, 13210, 1931], [3089, 17440, 23215, 5778, 35664, 8397, 23590, 4433], [7028, 14963, 11238, 8460, 34109, 10849, 19197, 7975], [3052, 9914, 7431, 15871, 15042, 7094, 6632, 3062], [3096, 18549, 18883, 12806, 15964, 12256, 7479, 16124], [3625, 6724, 1656, 7428, 19310, 13289, 10701, 6827], [14978, 20907, 12398, 1407, 5962, 31373, 21906, 21686], [8053, 2366, 5474, 10816, 12270, 15943, 23013, 24745], [3101, 5701, 15184, 1777, 26059, 18832, 29852, 12554], [15871, 9822, 3052, 16316, 4589, 17576, 3373, 12332], [14702, 8933, 14381, 16243, 15211, 25074, 4925, 11292], [3106, 14816, 21373, 12413, 2381, 21380, 15388, 34597], [35576, 15871, 21249, 15370, 21003, 5509, 4182, 9914], [3111, 14761, 1882, 19369, 8540, 7415, 16304, 35109]]}, "demosthenes_2_1861": {"tgt_lang": "fr", "transl_top1": 0.027777777777777776, "transl_top5": 0.09722222222222222, "transl_top10": 0.16666666666666666, "num_nulls": 0,