{"num_src_sents": 38, "plutarch_1898_ethical": {"tgt_lang": "en", "transl_top1": 0.05263157894736842, "transl_top5": 0.13157894736842105, "transl_top10": 0.34210526315789475, "num_nulls": 0, "num_tgt_sents": 5242}, "plutarch_1_1844": {"tgt_lang": "fr", "transl_top1": 0.0, "transl_top5": 0.10526315789473684, "transl_top10": 0.21052631578947367, "num_nulls": 0, "num_tgt_sents": 8121}, "plutarch_2_1844": {"tgt_lang": "fr", "transl_top1": 0.02631578947368421, "transl_top5": 0.07894736842105263, "transl_top10": 0.15789473684210525, "num_nulls": 0, "num_tgt_sents": 7523}, "num_translations": 3, "text_top1": 0.02631578947368421, "text_top5": 0.10526315789473684, "text_top10": 0.2368421052631579}