{"num_src_sents": 76, "corneliusNepos_1856": {"tgt_lang": "de", "transl_top1": 0.8289473684210527, "transl_top5": 0.9210526315789473, "transl_top10": 0.9473684210526315, "num_nulls": 0, "num_tgt_sents": 2320, "retrieval_preds": [[95, 2234, 1672, 204, 2152, 24, 1537, 899], [97, 145, 1996, 887, 728, 409, 1585, 230], [98, 1484, 708, 2173, 1827, 128, 1134, 159], [99, 1105, 146, 992, 1651, 1481, 758, 171], [100, 410, 131, 2118, 1920, 687, 648, 1770], [102, 520, 116, 1030, 182, 1519, 318, 376], [104, 518, 96, 1481, 2046, 467, 484, 1036], [96, 105, 1689, 247, 1098, 201, 101, 331], [110, 1494, 143, 1384, 1535, 1339, 934, 1172], [111, 837, 2167, 815, 2204, 779, 1192, 1735], [112, 1353, 1076, 177, 480, 1396, 260, 1916], [113, 1728, 1005, 1701, 2092, 792, 2002, 1596], [114, 379, 976, 518, 153, 155, 942, 302], [115, 1541, 1167, 134, 1434, 2166, 1723, 733], [116, 2066, 308, 102, 469, 1998, 1496, 96], [117, 118, 1392, 103, 96, 1236, 262, 324], [119, 1435, 1493, 1428, 1494, 248, 1283, 673], [120, 813, 1777, 2061, 562, 1728, 1255, 380], [124, 992, 1369, 1381, 947, 402, 257, 981], [125, 212, 695, 859, 434, 1993, 274, 60], [126, 790, 2061, 233, 1018, 1030, 404, 825], [127, 130, 1805, 531, 497, 1771, 677, 674], [128, 187, 1173, 231, 1151, 13, 401, 779], [129, 1494, 1045, 843, 983, 972, 987, 1771], [130, 813, 127, 124, 140, 1540, 1670, 686], [131, 1948, 2118, 1926, 665, 682, 510, 218], [132, 503, 689, 147, 633, 666, 306, 1562], [133, 137, 1264, 134, 1419, 364, 353, 887], [135, 1567, 1277, 1499, 308, 1666, 733, 750], [136, 2055, 1893, 436, 115, 360, 1360, 1726], [137, 481, 314, 1045, 129, 1575, 540, 1905], [138, 720, 1676, 1696, 610, 2002, 1068, 134], [140, 1369, 686, 1257, 182, 1030, 130, 1895], [143, 992, 1369, 1925, 378, 1382, 1030, 983], [144, 249, 159, 627, 1784, 1841, 347, 1832], [1877, 144, 1868, 165, 227, 2009, 162, 1835], [145, 661, 1149, 1282, 182, 520, 1339, 686], [146, 755, 1985, 156, 128, 541, 1869, 699], [147, 1132, 245, 1316, 1770, 163, 1293, 666], [148, 1730, 741, 194, 931, 278, 1665, 2118], [149, 1132, 1770, 901, 1485, 1432, 1379, 1168], [155, 813, 1644, 837, 1036, 731, 1636, 1641], [156, 1151, 1877, 227, 146, 162, 413, 176], [146, 156, 162, 1151, 1324, 1951, 397, 144], [158, 187, 896, 1390, 193, 1307, 115, 1151], [159, 627, 484, 302, 612, 224, 288, 2043], [160, 693, 1565, 268, 1831, 1153, 1395, 1506], [161, 1428, 610, 1436, 2048, 1458, 907, 1147], [162, 1877, 156, 2084, 1019, 1151, 146, 1148], [163, 182, 395, 239, 176, 1316, 1785, 282], [164, 1248, 1770, 1862, 1153, 217, 1353, 2097], [2097, 1594, 1298, 1794, 1323, 2096, 164, 1699], [168, 204, 915, 2247, 1803, 1403, 1304, 1307], [169, 1484, 41, 1205, 170, 2029, 25, 52], [172, 725, 228, 182, 376, 1018, 1530, 948], [173, 750, 1721, 363, 755, 623, 1276, 1649], [176, 992, 1031, 1930, 402, 249, 182, 108], [390, 792, 177, 946, 821, 481, 360, 592], [178, 260, 182, 284, 1008, 326, 1831, 453], [180, 324, 983, 236, 326, 1098, 1477, 1831], [181, 1939, 135, 1318, 1642, 1568, 1484, 233], [182, 137, 378, 376, 129, 639, 178, 260], [183, 649, 1079, 421, 411, 542, 1170, 1075], [184, 1134, 1289, 98, 1471, 1332, 255, 1042], [185, 195, 194, 1896, 1590, 1427, 2226, 1142], [186, 187, 2220, 720, 1622, 1047, 678, 1907], [188, 412, 245, 2010, 1233, 2118, 976, 895], [198, 1632, 412, 595, 1656, 578, 2019, 1213], [199, 869, 329, 1327, 1700, 719, 930, 854], [200, 589, 1726, 45, 2106, 690, 610, 724], [201, 203, 515, 118, 96, 270, 1670, 875], [214, 202, 1501, 753, 1703, 138, 1870, 2204], [203, 926, 201, 1723, 750, 1788, 1720, 1748], [204, 1665, 1706, 592, 2207, 2064, 1521, 1189], [565, 204, 654, 1788, 1017, 1728, 521, 1323], [205, 593, 904, 893, 1697, 496, 734, 1576]]}, "justin_cNepos_eutropius_1902": {"tgt_lang": "en", "transl_top1": 0.6052631578947368, "transl_top5": 0.7368421052631579, "transl_top10": 0.8026315789473685, "num_nulls": 0, "num_tgt_sents": 9841, "retrieval_preds": [[4683, 3974, 3887, 5988, 5390, 1608, 3375, 3319], [4684, 7356, 5351, 3514, 4440, 1982, 6086, 3517], [4685, 6957, 1022, 6844, 4052, 487, 6932, 751], [4686, 4551, 5601, 4, 7551, 4443, 3514, 3969], [5361, 5131, 6031, 5626, 1179, 7305, 1760, 6052], [4687, 891, 5032, 5152, 4698, 2189, 1132, 5120], [4689, 5002, 1162, 983, 5030, 4017, 5217, 9154], [4690, 5825, 4674, 3810, 8454, 798, 4762, 2993], [4692, 2677, 5592, 3218, 7613, 3138, 2685, 1047], [2612, 5334, 6201, 2815, 2977, 5484, 7890, 1228], [4997, 5572, 7165, 2950, 1787, 5852, 1177, 4512], [4694, 8009, 4103, 994, 4695, 5277, 8186, 6474], [4696, 1030, 2785, 1021, 4405, 983, 683, 5473], [4697, 4285, 2109, 4093, 1081, 175, 428, 994], [4698, 1054, 1987, 7663, 1086, 792, 1092, 6420], [4699, 4700, 4688, 591, 5825, 650, 4947, 2492], [4701, 820, 4123, 2753, 3215, 905, 7097, 814], [4702, 2155, 4257, 7841, 1718, 3033, 7894, 3190], [4704, 421, 1272, 5878, 1098, 495, 2736, 4677], [4705, 4603, 9771, 5139, 6454, 2440, 4379, 2242], [4707, 5273, 5301, 3382, 7509, 7213, 3734, 1025], [4708, 4711, 5164, 3273, 5409, 5038, 2972, 1006], [4709, 7220, 1022, 494, 5568, 4729, 606, 2619], [4710, 421, 1272, 2736, 719, 1105, 4677, 522], [4711, 4704, 958, 1284, 4708, 1714, 1198, 472], [6031, 7305, 6073, 1523, 8997, 4280, 4712, 8139], [4402, 4712, 573, 8186, 174, 7241, 3303, 4844], [4716, 4714, 1617, 4753, 4713, 166, 1604, 4744], [1875, 2997, 6125, 897, 575, 6895, 2292, 7679], [4715, 4399, 3272, 5364, 6543, 3125, 3672, 3812], [4716, 4753, 1055, 3284, 2700, 5603, 5534, 7011], [4717, 8460, 5701, 5637, 8039, 8446, 4763, 1412], [4719, 493, 1714, 4704, 3633, 891, 5878, 3176], [4721, 7510, 1400, 7417, 5477, 5878, 3781, 4704], [4722, 6274, 4807, 5128, 822, 5834, 7768, 7853], [6875, 7962, 6949, 6884, 7259, 6798, 4722, 7859], [4723, 1132, 891, 902, 5152, 7067, 557, 1134], [4724, 6891, 4729, 7674, 1086, 693, 2016, 6928], [4725, 2140, 1520, 2296, 1213, 4086, 3331, 959], [4726, 7502, 3804, 6808, 6228, 8390, 5873, 4432], [4727, 2498, 4085, 2268, 6267, 5115, 5637, 5392], [4728, 1021, 1030, 1333, 647, 1156, 5334, 5548], [3023, 7360, 5624, 7823, 7539, 7517, 7073, 4793], [693, 4729, 561, 4369, 4736, 1210, 7190, 6273], [5493, 5431, 4594, 4731, 8056, 2382, 7360, 2092], [4731, 2186, 822, 5217, 2878, 946, 704, 2483], [4290, 4732, 611, 6013, 1978, 4512, 3054, 6336], [4735, 1078, 948, 1190, 5513, 5593, 5813, 5110], [4736, 7189, 1692, 2098, 7324, 7160, 1210, 7190], [4737, 6956, 2187, 815, 4512, 4746, 6137, 564], [4738, 2818, 4432, 7671, 7349, 1216, 2610, 4310], [1966, 4739, 6282, 1781, 7668, 6207, 7077, 4432], [4741, 1230, 4285, 5709, 1943, 5722, 4399, 756], [4742, 1620, 3838, 7055, 1016, 6793, 280, 6714], [4743, 4916, 5214, 3966, 3411, 3890, 4087, 819], [4744, 3441, 5123, 3347, 5236, 6132, 2464, 1902], [4746, 2187, 7082, 5518, 946, 7517, 3680, 2185], [471, 1164, 3478, 7824, 4747, 1093, 5386, 5304], [4749, 4178, 8291, 3617, 4753, 1714, 6427, 6016], [4751, 4529, 335, 680, 5963, 1865, 2961, 1208], [4752, 2997, 5211, 2333, 3346, 2733, 1898, 485], [4753, 5128, 5534, 6016, 3284, 4999, 3268, 4178], [4754, 2422, 1554, 8456, 2378, 8008, 471, 1687], [2961, 2997, 6808, 2514, 4685, 3606, 535, 7502], [4755, 3999, 6389, 3836, 473, 618, 4435, 5057], [4756, 2098, 6400, 5568, 5538, 1136, 5260, 5165], [4757, 1062, 7114, 7230, 3507, 5416, 4803, 5644], [4759, 1552, 2446, 3613, 1173, 5335, 8180, 1739], [4760, 753, 4176, 822, 5362, 544, 3734, 1214], [4761, 2182, 317, 7865, 8354, 883, 8001, 3753], [4762, 7977, 3823, 306, 2528, 4764, 6785, 5005], [4763, 4695, 6201, 4103, 175, 3478, 5356, 6588], [4764, 6640, 2100, 3453, 4285, 420, 883, 3845], [4765, 6155, 7905, 4665, 381, 1620, 592, 2828], [4766, 8086, 7976, 7865, 8393, 6221, 6290, 5071], [4767, 834, 7088, 937, 3181, 5413, 1281, 4402]]}, "num_translations": 2, "text_top1": 0.7171052631578947, "text_top5": 0.8289473684210527, "text_top10": 0.875}