{"num_src_sents": 44, "luca_siliusItalicus_claudius_1842": {"tgt_lang": "fr", "transl_top1": 0.06818181818181818, "transl_top5": 0.18181818181818182, "transl_top10": 0.29545454545454547, "num_nulls": 0, "num_tgt_sents": 20880, "retrieval_preds": [[17390, 14810, 17117, 5125, 17352, 19787, 5710, 10332], [17353, 17352, 15087, 19925, 5141, 14484, 18334, 15268], [17414, 16937, 13725, 2485, 2225, 19512, 8272, 4936], [11539, 17415, 17866, 6239, 571, 1204, 16655, 13440], [17416, 11231, 826, 20161, 18672, 11297, 11092, 11348], [14561, 9634, 14511, 2294, 11582, 19120, 12723, 13024], [5245, 16621, 7596, 16591, 17417, 16587, 8651, 6548], [20047, 17419, 20091, 19478, 1971, 20670, 19455, 11593], [17421, 12613, 20406, 18116, 5080, 19904, 13147, 20454], [20564, 17557, 6489, 16063, 7885, 19859, 15566, 6964], [17422, 6988, 6636, 2187, 20254, 666, 8687, 5710], [17423, 20621, 4076, 11419, 18308, 7565, 15096, 1576], [17424, 8923, 9150, 12539, 14468, 6381, 6393, 11308], [17427, 17767, 17608, 13732, 17173, 20171, 3244, 19239], [3383, 19705, 19052, 19101, 19466, 14969, 19170, 12813], [18245, 15929, 14906, 17431, 758, 19586, 15172, 1202], [15711, 13816, 5238, 19178, 16221, 2855, 8656, 19893], [15937, 15826, 20228, 17290, 17432, 17433, 15934, 17528], [16326, 17434, 11264, 7960, 13271, 17433, 11553, 4698], [18166, 16499, 17435, 12844, 19144, 19126, 14918, 6712], [17877, 1752, 16814, 12322, 14896, 20058, 16040, 18146], [9747, 18067, 16701, 16056, 3157, 9840, 20113, 5740], [16321, 18402, 14025, 4753, 1396, 20204, 1737, 1506], [17438, 20246, 17650, 20682, 17090, 2750, 19100, 15292], [3812, 1659, 15269, 15145, 4947, 20739, 14755, 9438], [18066, 19585, 5327, 17375, 1381, 18040, 13527, 19497], [1795, 14618, 17443, 20317, 18411, 17350, 20498, 15984], [11488, 17445, 15073, 17527, 1858, 17142, 16570, 18719], [19230, 5784, 14533, 5966, 18334, 15160, 8604, 19924], [18391, 1309, 20585, 14528, 17446, 17353, 16985, 8405], [17447, 14553, 17392, 17500, 18524, 16260, 17769, 18131], [8102, 5387, 6483, 13402, 15628, 8300, 16637, 13596], [17451, 16550, 10907, 1817, 6042, 6281, 299, 3838], [17452, 3282, 16076, 1781, 4802, 19433, 16098, 20410], [17453, 18271, 18752, 19270, 17278, 2856, 17211, 832], [19600, 7576, 7061, 11534, 17454, 14869, 15403, 19609], [17457, 18551, 18169, 8909, 705, 5348, 11503, 3260], [299, 8258, 11102, 10100, 1255, 19730, 10057, 2933], [17461, 18527, 3088, 1953, 9161, 15663, 14650, 18010], [17462, 5223, 16702, 6499, 8271, 19098, 837, 16530], [5967, 9328, 18651, 18048, 7573, 18051, 15425, 2246], [16866, 16253, 8663, 13410, 635, 6512, 12183, 18450], [1735, 19722, 17465, 18164, 12191, 1759, 16740, 16806], [19439, 13629, 1749, 19603, 15923, 8498, 1955, 6271]]}, "num_translations": 1, "text_top1": 0.06818181818181818, "text_top5": 0.18181818181818182, "text_top10": 0.29545454545454547}