{"num_src_sents": 107, "demosthenes_1877": {"tgt_lang": "en", "transl_top1": 0.3644859813084112, "transl_top5": 0.5607476635514018, "transl_top10": 0.6448598130841121, "num_nulls": 0, "num_tgt_sents": 7775}, "demosthenes_aeschynes_1861": {"tgt_lang": "fr", "transl_top1": 0.0, "transl_top5": 0.037383177570093455, "transl_top10": 0.04672897196261682, "num_nulls": 0, "num_tgt_sents": 36182}, "num_translations": 2, "text_top1": 0.1822429906542056, "text_top5": 0.29906542056074764, "text_top10": 0.34579439252336447}