{"num_src_sents": 351, "plutarch_1864-1867_14-20": {"tgt_lang": "de", "transl_top1": 0.017094017094017096, "transl_top5": 0.03418803418803419, "transl_top10": 0.1111111111111111, "num_nulls": 0, "num_tgt_sents": 6866}, "plutarch_2_1908": {"tgt_lang": "en", "transl_top1": 0.017094017094017096, "transl_top5": 0.05982905982905983, "transl_top10": 0.09686609686609686, "num_nulls": 0, "num_tgt_sents": 5773}, "plutarch_1855-1903_4": {"tgt_lang": "de", "transl_top1": 0.019943019943019943, "transl_top5": 0.05982905982905983, "transl_top10": 0.09971509971509972, "num_nulls": 0, "num_tgt_sents": 5144}, "plutarch_1855-1897_1": {"tgt_lang": "de", "transl_top1": 0.3646723646723647, "transl_top5": 0.5498575498575499, "transl_top10": 0.6296296296296297, "num_nulls": 0, "num_tgt_sents": 7147}, "plutarch_1_1906": {"tgt_lang": "en", "transl_top1": 0.47293447293447294, "transl_top5": 0.6210826210826211, "transl_top10": 0.6495726495726496, "num_nulls": 0, "num_tgt_sents": 6800}, "num_translations": 5, "text_top1": 0.17834757834757836, "text_top5": 0.26495726495726496, "text_top10": 0.31737891737891744}