{"num_src_sents": 87, "demosthenes_aeschynes_1861": {"tgt_lang": "fr", "transl_top1": 0.011494252873563218, "transl_top5": 0.04597701149425287, "transl_top10": 0.06896551724137931, "num_nulls": 0, "num_tgt_sents": 36182, "retrieval_preds": [[9003, 9914, 27395, 24368, 30522, 30385, 8199, 13123], [21536, 10163, 9772, 23413, 9914, 18349, 3770, 13634], [25476, 25457, 6295, 12670, 25477, 20966, 4560, 31704], [9262, 8381, 15808, 4357, 12176, 8816, 24989, 11387], [9914, 8816, 4472, 34897, 18427, 21802, 21249, 34436], [15756, 29024, 31330, 17796, 21747, 32334, 23636, 30104], [25489, 25457, 16706, 25477, 4523, 25449, 16878, 5640], [30174, 25487, 26473, 25287, 3136, 29204, 29402, 20734], [9822, 24187, 7202, 24633, 29781, 6948, 32885, 20987], [25492, 10370, 2205, 4055, 26313, 20574, 6623, 25451], [15553, 30458, 4041, 10803, 6912, 8191, 21249, 29479], [25499, 35744, 26351, 15070, 32918, 31414, 17136, 20639], [11074, 30691, 23122, 22215, 32638, 34177, 8671, 11300], [25502, 25452, 26351, 26336, 25496, 1487, 25878, 25508], [25503, 364, 400, 246, 4813, 9210, 27698, 19151], [33134, 35546, 3654, 24633, 21803, 9035, 7136, 19216], [25508, 25891, 12670, 8806, 7832, 9632, 32533, 3373], [20241, 20756, 4602, 16105, 4426, 83, 20951, 24350], [20241, 3052, 21246, 21067, 15083, 364, 9931, 17445], [16432, 26591, 10810, 15783, 18473, 4350, 9226, 24177], [35387, 30918, 18154, 24004, 23176, 23000, 31541, 17736], [9447, 6649, 21907, 33741, 17225, 16221, 23843, 11601], [16913, 9161, 12413, 4472, 4219, 9954, 13095, 9238], [3681, 9378, 17264, 18567, 25529, 30470, 19586, 12047], [25456, 30458, 25533, 27433, 5822, 24, 6, 24287], [25535, 1579, 7281, 23691, 17189, 6482, 16622, 9044], [24371, 24190, 11261, 29879, 31982, 8483, 34920, 8489], [8934, 10290, 11373, 748, 20977, 17438, 30288, 16460], [25763, 30759, 1083, 9444, 30025, 31946, 7049, 27083], [25329, 24916, 31956, 20591, 11806, 26998, 29298, 30330], [20283, 1070, 23653, 3520, 1242, 18064, 20384, 27860], [4560, 26189, 26849, 24187, 18766, 29381, 323, 4426], [23134, 11650, 29540, 25545, 13734, 9407, 16346, 19118], [20314, 8210, 13958, 5146, 5994, 12287, 21942, 26782], [7202, 12895, 16239, 26643, 13851, 24633, 24333, 3394], [19180, 7097, 34875, 8053, 13247, 18872, 5017, 31435], [15620, 35054, 28360, 16350, 11802, 18140, 21192, 15331], [18184, 9467, 19029, 22873, 7386, 16150, 8900, 9896], [12670, 17264, 22092, 26062, 29745, 4560, 31818, 24806], [6335, 6429, 24987, 29948, 9009, 4007, 34581, 34483], [33897, 24987, 23215, 14061, 5432, 12282, 1448, 9417], [14041, 12185, 12587, 34807, 29860, 20591, 2452, 11838], [15779, 5400, 26505, 22275, 1270, 17637, 34414, 16769], [18438, 17691, 15978, 12964, 6704, 23584, 28715, 30136], [4472, 7202, 23025, 30490, 10166, 5588, 23269, 3052], [34597, 20711, 8933, 10541, 15013, 12601, 7359, 7027], [3593, 6023, 17253, 28234, 2131, 12203, 4854, 32122], [8933, 24840, 29252, 18914, 31669, 9244, 14723, 15272], [20283, 1070, 23653, 3520, 1242, 18064, 20384, 27860], [28715, 15472, 12670, 4560, 10629, 12203, 7359, 26402], [5432, 20572, 9581, 27541, 13532, 30055, 12513, 24176], [31266, 33557, 25576, 15328, 3977, 3610, 26351, 7832], [6809, 30808, 32705, 153, 11746, 11099, 11882, 15982], [6335, 11064, 30853, 5183, 23010, 6134, 3390, 7189], [21133, 19785, 16935, 23131, 9598, 13416, 15473, 15630], [18914, 15370, 4560, 23975, 7422, 16105, 16207, 22106], [15371, 13265, 3052, 5481, 11248, 35483, 26145, 7431], [18268, 30882, 628, 22027, 32621, 29410, 2871, 28685], [12179, 29659, 27934, 20303, 27134, 12287, 26782, 29117], [3278, 3276, 3535, 4848, 20380, 20285, 20283, 20385], [27934, 30456, 33014, 11512, 28039, 32185, 18384, 32775], [18089, 11512, 3278, 20285, 8155, 28039, 11771, 3276], [12062, 7351, 20516, 12469, 17189, 22856, 15044, 23554], [9008, 14702, 34074, 7217, 7985, 12132, 15808, 6993], [29781, 7202, 6828, 9238, 20519, 10409, 7456, 8816], [21409, 7148, 15871, 4447, 9914, 33456, 3913, 4189], [9238, 9085, 9269, 9216, 31051, 7356, 8426, 6040], [2443, 6023, 8058, 5622, 18914, 31411, 3642, 15867], [24745, 5770, 10635, 4738, 12513, 23049, 28942, 9627], [8421, 21551, 12023, 10159, 4587, 26146, 19117, 9418], [15232, 1535, 1578, 9035, 7215, 24347, 2373, 21551], [20572, 16142, 2745, 34061, 5772, 16098, 11736, 26625], [16732, 17842, 4036, 583, 3154, 1068, 6248, 30104], [7975, 33671, 16411, 34751, 4904, 7785, 29915, 3954], [11145, 21678, 21149, 10651, 9003, 25901, 8212, 3056], [25615, 28567, 32083, 3388, 31098, 21534, 31199, 28989], [19072, 7591, 18962, 2755, 14175, 21099, 22147, 28997], [16080, 15310, 18596, 31389, 7825, 16460, 19197, 17088], [10712, 12883, 18914, 10785, 9238, 23413, 8335, 14381], [20966, 7356, 11292, 23713, 3942, 24071, 18107, 7062], [21678, 25901, 22560, 17002, 20029, 19259, 35615, 11167], [35134, 18199, 34438, 32781, 25628, 25705, 27225, 8373], [16622, 20461, 1727, 18982, 17264, 13248, 18516, 14359], [21911, 19569, 21246, 17233, 20907, 19238, 2603, 1921], [11693, 20527, 9776, 33882, 4575, 9539, 26224, 21013], [17812, 5642, 35680, 35947, 32343, 16314, 32904, 24038], [16430, 18366, 6315, 9883, 20575, 19029, 9782, 6192]]}, "demosthenes_1877": {"tgt_lang": "en", "transl_top1": 0.1839080459770115, "transl_top5": 0.3333333333333333, "transl_top10": 0.3793103448275862, "num_nulls": 0, "num_tgt_sents": 7775,