{"num_src_sents": 295, "seneca_1877": {"tgt_lang": "fr", "transl_top1": 0.5423728813559322, "transl_top5": 0.7186440677966102, "transl_top10": 0.7694915254237288, "num_nulls": 0, "num_tgt_sents": 29079}, "seneca_1889": {"tgt_lang": "en", "transl_top1": 0.7491525423728813, "transl_top5": 0.9084745762711864, "transl_top10": 0.9559322033898305, "num_nulls": 0, "num_tgt_sents": 6989}, "num_translations": 2, "text_top1": 0.6457627118644067, "text_top5": 0.8135593220338984, "text_top10": 0.8627118644067797}