{"num_src_sents": 12, "plutarch_4_1844": {"tgt_lang": "fr", "transl_top1": 0.3333333333333333, "transl_top5": 0.5833333333333334, "transl_top10": 0.6666666666666666, "num_nulls": 0, "num_tgt_sents": 6665, "retrieval_preds": [[509, 2204, 483, 1010, 693, 339, 51, 742], [3522, 1470, 1177, 734, 1283, 6345, 5008, 594], [1233, 1234, 481, 2991, 403, 1130, 4484, 504], [321, 2204, 936, 2730, 122, 2219, 2343, 128], [1239, 1238, 1243, 2382, 3103, 196, 5076, 321], [1010, 1150, 1172, 209, 747, 1241, 765, 419], [6543, 1243, 1244, 458, 699, 1173, 3108, 6544], [1247, 2744, 4466, 2750, 4821, 6383, 3000, 578], [1250, 321, 2204, 1173, 2196, 2203, 2193, 122], [161, 3108, 943, 122, 210, 1250, 517, 321], [6550, 2204, 312, 321, 1256, 888, 74, 419], [1173, 5505, 1430, 2595, 2456, 1927, 2605, 1763]]}, "plutarch_5_1844": {"tgt_lang": "fr", "transl_top1": 0.16666666666666666, "transl_top5": 0.25, "transl_top10": 0.5, "num_nulls": 0, "num_tgt_sents": 5916, "retrieval_preds": [[527, 2768, 3074, 5731, 562, 533, 5024, 1366], [1824, 2994, 1691, 1827, 1830, 2095, 1301, 4965], [1339, 5338, 4117, 919, 5091, 2669, 1770, 5137], [527, 5352, 4697, 5101, 5016, 1704, 1209, 3319], [3779, 4055, 3161, 4492, 2412, 99, 1704, 5131], [517, 562, 527, 5106, 5250, 1366, 2984, 3045], [1704, 178, 4360, 527, 5106, 4330, 81, 5011], [1806, 3411, 3548, 2702, 3366, 283, 3231, 5724], [5106, 1324, 527, 5011, 1233, 3013, 4141, 3064], [5106, 5189, 5182, 5326, 1233, 2997, 730, 527], [3213, 468, 3266, 2768, 1885, 3870, 3560, 3308], [3326, 2533, 3455, 5644, 1126, 3241, 4956, 2410]]}, "num_translations": 2, "text_top1": 0.25, "text_top5": 0.4166666666666667, "text_top10": 0.5833333333333333}