{"num_src_sents": 88, "demosthenes_1902": {"tgt_lang": "en", "transl_top1": 0.3409090909090909, "transl_top5": 0.5795454545454546, "transl_top10": 0.6477272727272727, "num_nulls": 0, "num_tgt_sents": 6778, "retrieval_preds": [[4236, 926, 3927, 715, 912, 4925, 4126, 1007], [1136, 751, 6485, 413, 1944, 1159, 891, 2405], [1138, 1139, 2444, 1836, 2489, 1154, 184, 1989], [1139, 1147, 837, 1138, 2000, 602, 495, 724], [1140, 940, 3357, 1832, 1325, 834, 2890, 2784], [1141, 3477, 2784, 1169, 974, 697, 804, 3492], [1142, 914, 1522, 1205, 3340, 2426, 577, 1325], [1143, 1793, 4772, 4779, 1126, 1295, 2871, 644], [914, 1144, 1301, 2732, 3251, 1319, 1562, 4214], [1145, 687, 792, 849, 744, 724, 702, 20], [1147, 843, 836, 2000, 724, 837, 862, 922], [1148, 1161, 843, 939, 1122, 797, 165, 836], [3684, 3722, 3605, 429, 5469, 5468, 59, 2272], [1153, 1313, 1311, 1292, 3722, 1307, 3675, 1310], [1154, 1565, 1199, 1177, 165, 1938, 996, 1919], [213, 5466, 2211, 566, 327, 2971, 879, 402], [3656, 253, 1180, 6143, 1018, 3255, 3597, 3613], [2854, 403, 1718, 4913, 1140, 1747, 2815, 504], [1159, 1238, 1339, 1454, 1836, 3586, 1212, 1449], [3755, 1160, 1199, 5468, 553, 447, 2713, 1188], [2405, 1161, 2399, 1414, 1265, 3120, 1029, 20], [4101, 1162, 327, 4673, 950, 1538, 3670, 1179], [3656, 253, 1180, 6143, 1018, 3255, 3597, 3613], [1140, 1163, 5279, 2880, 2340, 2710, 938, 1971], [3622, 4187, 1296, 3330, 1640, 1126, 203, 4198], [3656, 253, 1180, 6143, 1018, 3255, 3597, 3613], [1126, 1165, 1296, 2927, 1986, 4015, 1770, 716], [974, 1167, 1320, 1325, 1196, 739, 628, 3518], [1168, 3819, 1683, 3158, 4199, 2902, 353, 5552], [1170, 1153, 1311, 807, 824, 712, 2871, 1302], [5469, 2489, 3020, 37, 1565, 1138, 2444, 1154], [1173, 429, 4198, 645, 1700, 4157, 4187, 1640], [1174, 400, 4122, 1218, 1241, 3627, 3307, 4082], [1175, 3110, 242, 400, 5468, 213, 3114, 4849], [1176, 3363, 6015, 165, 6659, 5929, 6439, 5642], [1177, 1139, 1952, 1776, 1230, 3451, 345, 837], [1178, 2874, 2908, 3310, 4627, 4508, 4507, 5443], [2965, 400, 5149, 269, 1179, 602, 4199, 5075], [253, 1180, 3656, 1208, 300, 1233, 1641, 2211], [3656, 253, 1180, 6143, 1018, 3255, 3597, 3613], [1181, 2760, 1188, 3722, 4043, 1310, 715, 5160], [447, 1182, 664, 588, 1325, 1184, 429, 1226], [602, 3280, 3390, 1183, 3381, 529, 1535, 2725], [1184, 1226, 2546, 3722, 4359, 1174, 459, 2602], [1185, 3303, 1776, 1199, 1525, 3795, 649, 907], [1188, 2736, 3714, 3722, 4847, 4902, 5469, 4195], [1189, 206, 871, 598, 129, 208, 1196, 1226], [3895, 3722, 4215, 220, 710, 4486, 3425, 2736], [1192, 2324, 429, 3466, 1457, 5031, 2814, 2309], [1205, 1193, 396, 1098, 871, 2549, 1933, 5082], [1196, 1179, 3330, 366, 4198, 3890, 1228, 310], [3656, 253, 1180, 6143, 1018, 3255, 3597, 3613], [1199, 231, 206, 588, 210, 248, 3284, 1222], [1200, 210, 907, 206, 1153, 1131, 2485, 807], [1185, 588, 1206, 1184, 3390, 486, 1203, 447], [1204, 2823, 5467, 855, 2412, 4831, 2677, 2825], [1205, 1199, 231, 163, 3340, 165, 1139, 807], [1206, 1203, 499, 3390, 3280, 1200, 265, 1533], [1202, 3506, 3455, 1207, 3622, 224, 1237, 657], [253, 1180, 3656, 1208, 300, 1233, 1641, 2211], [3656, 253, 1180, 6143, 1018, 3255, 3597, 3613], [3893, 1475, 3080, 1209, 239, 2338, 3152, 206], [1199, 265, 206, 588, 258, 664, 3280, 4191], [2971, 2427, 1211, 3741, 3378, 3323, 3272, 1930], [1547, 246, 2485, 1138, 837, 2014, 5506, 2982], [3632, 5584, 6646, 284, 1018, 3255, 3597, 3613], [1213, 996, 724, 1145, 857, 1212, 112, 849], [1214, 688, 857, 786, 1682, 724, 1923, 1995], [3896, 3895, 3722, 4259, 3734, 3628, 212, 3724], [3656, 253, 1180, 6143, 1018, 3255, 3597, 3613], [2091, 1355, 3614, 2132, 1902, 886, 1219, 1430], [1772, 4333, 1886, 4946, 1691, 1241, 1534, 1766], [3896, 4195, 3709, 4182, 3722, 2019, 4206, 1181], [1226, 1184, 1182, 588, 206, 1210, 2246, 2546], [3656, 253, 1180, 6143, 1018, 3255, 3597, 3613], [206, 209, 1227, 588, 210, 1199, 208, 1226], [1228, 1139, 1154, 227, 715, 705, 3430, 18], [1231, 1724, 1165, 1301, 716, 1296, 751, 1159], [3506, 1686, 400, 1526, 2062, 4060, 1149, 245], [327, 3725, 5468, 2211, 253, 1180, 1641, 1233], [3656, 253, 1180, 6143, 1018, 3255, 3597, 3613], [1234, 3079, 3072, 3605, 301, 4161, 1429, 1199], [1237, 248, 3622, 1744, 4198, 3714, 1173, 2386], [1238, 1938, 1159, 751, 1245, 2541, 2808, 2265], [5228, 2298, 1640, 1150, 844, 3228, 1245, 1239], [4527, 4418, 2346, 4565, 4834, 5085, 4269, 1325], [1244, 3163, 3161, 628, 1147, 689, 787, 1109], [1245, 369, 2489, 4237, 2808, 1339, 1792, 1238]]}, "demosthenes_aeschynes_1861": {"tgt_lang": "fr", "transl_top1": 0.022727272727272728, "transl_top5": 0.03409090909090909, "transl_top10": 0.06818181818181818, "num_nulls": 0, "num_tgt_sents": 36182,