{"num_src_sents": 22, "plutarch_4_1908": {"tgt_lang": "en", "transl_top1": 0.0, "transl_top5": 0.045454545454545456, "transl_top10": 0.13636363636363635, "num_nulls": 0, "num_tgt_sents": 13066, "retrieval_preds": [[69, 4359, 48, 591, 3768, 4089, 2465, 3141], [3073, 1559, 4572, 4089, 156, 107, 3530, 1574], [5577, 1574, 3532, 243, 3620, 3214, 11728, 10166], [4359, 865, 2137, 6734, 6771, 591, 660, 3758], [3620, 2465, 34, 375, 1574, 6099, 591, 1197], [211, 132, 212, 5308, 5563, 5575, 1482, 322], [4359, 1333, 5228, 591, 1636, 6230, 375, 3976], [4359, 4509, 591, 69, 48, 4586, 1055, 2282], [4359, 6099, 1403, 1961, 3388, 6413, 6720, 5613], [1180, 3288, 686, 4600, 4008, 3813, 1367, 1351], [3305, 2564, 1409, 4306, 3758, 2060, 5355, 5950], [5293, 1997, 4458, 1035, 3064, 2464, 4612, 3087], [757, 6099, 374, 3688, 4927, 5170, 5370, 1347], [5370, 3956, 3650, 5613, 4934, 1961, 2923, 6024], [531, 6466, 2951, 6226, 3297, 2294, 3204, 845], [1403, 6099, 1347, 3327, 4334, 757, 3354, 1941], [6081, 6080, 1415, 1189, 5573, 6026, 3328, 2430], [3556, 6531, 5370, 6024, 5563, 1403, 757, 6236], [5874, 971, 3941, 2174, 900, 6095, 2137, 3399], [2145, 1347, 3650, 69, 6300, 2529, 5187, 6791], [2239, 3717, 6303, 4038, 1187, 125, 1181, 2376], [4038, 2928, 211, 527, 153, 4883, 3806, 2211]]}, "plutarch_3_1908": {"tgt_lang": "en", "transl_top1": 0.045454545454545456, "transl_top5": 0.18181818181818182, "transl_top10": 0.4090909090909091, "num_nulls": 0, "num_tgt_sents": 6633, "retrieval_preds": [[4753, 1482, 3419, 2806, 5483, 6303, 2371, 2453], [3420, 3386, 3595, 1825, 2806, 3424, 3528, 1709], [3422, 3682, 3567, 2820, 3517, 2569, 2769, 3232], [6347, 3375, 4753, 3423, 2806, 6269, 6339, 6305], [2371, 3429, 2218, 86, 155, 3428, 2195, 4530], [3429, 3419, 1895, 3836, 3905, 2385, 1844, 1855], [3430, 6488, 2743, 6305, 3627, 2561, 2188, 3078], [3434, 2371, 2625, 3430, 5493, 5439, 3232, 2743], [3244, 3436, 4753, 3225, 1709, 3456, 1308, 2453], [3438, 851, 971, 3064, 4321, 1775, 13, 5449], [2837, 2951, 9, 3244, 4538, 3439, 3607, 1482], [3444, 2535, 4040, 2678, 506, 6075, 5865, 2272], [3244, 4753, 5210, 4881, 1024, 4823, 3162, 1308], [3025, 4757, 1024, 6549, 2570, 3244, 1314, 4753], [6096, 3454, 2788, 2667, 5438, 5251, 469, 51], [3456, 5052, 3225, 3244, 5543, 2239, 2453, 6488], [3457, 3461, 2340, 5367, 4794, 6547, 2652, 2506], [3244, 5210, 2239, 3459, 784, 4958, 4753, 4456], [3470, 3462, 3392, 6286, 4783, 4612, 5449, 2527], [3244, 1456, 5167, 6472, 2536, 1482, 4767, 961], [3467, 5053, 5706, 2820, 424, 5143, 4626, 297], [3470, 3462, 2120, 2346, 1425, 3596, 1516, 2486]]}, "num_translations": 2, "text_top1": 0.022727272727272728, "text_top5": 0.11363636363636365, "text_top10": 0.2727272727272727}