{"num_src_sents": 137, "demosthenes_aeschynes_1861": {"tgt_lang": "fr", "transl_top1": 0.021897810218978103, "transl_top5": 0.12408759124087591, "transl_top10": 0.15328467153284672, "num_nulls": 0, "num_tgt_sents": 36182, "retrieval_preds": [[34031, 33083, 5890, 18273, 28404, 18106, 8487, 7017], [20241, 10971, 24465, 9059, 9238, 26428, 30930, 10377], [16448, 26215, 3979, 15056, 17395, 17237, 33769, 21924], [26219, 9334, 17032, 26217, 20756, 27839, 9238, 29763], [9914, 26428, 26224, 10409, 20966, 26340, 17739, 23378], [21359, 26225, 27832, 17574, 27747, 21079, 24124, 9538], [26428, 26226, 3052, 7431, 16151, 20756, 7202, 17233], [26229, 23734, 30706, 8201, 31542, 3975, 9448, 23272], [26230, 27832, 27735, 27641, 26217, 17948, 29201, 28279], [29755, 27388, 14769, 33313, 17032, 31093, 25564, 13716], [31870, 21755, 20913, 24979, 1997, 8301, 30927, 169], [3278, 4848, 20380, 3276, 3535, 20285, 4139, 20283], [26390, 26231, 20756, 21900, 9653, 23830, 371, 18613], [34031, 7479, 9614, 9040, 21551, 7463, 6564, 15285], [26395, 6851, 26236, 4418, 6269, 29914, 26351, 31220], [10876, 10712, 29879, 17189, 15553, 15821, 22974, 8846], [31010, 9358, 23202, 10803, 25061, 32965, 26401, 26398], [26241, 26400, 26231, 6947, 26390, 10712, 7456, 27839], [26402, 26243, 17164, 4513, 34605, 16887, 15083, 4510], [29627, 10594, 10842, 10840, 16081, 23201, 15637, 21984], [31340, 34953, 18048, 11873, 5252, 5644, 25993, 12104], [28954, 21902, 26408, 26286, 26252, 26254, 23007, 26285], [6896, 28711, 30330, 26998, 169, 25541, 25329, 8837], [26249, 1228, 9653, 28161, 1232, 25722, 26198, 21079], [26998, 26874, 28711, 24156, 30330, 13199, 6896, 31956], [20283, 1070, 1242, 3520, 23653, 23137, 18064, 20384], [26249, 21079, 371, 20816, 6796, 20836, 23830, 17615], [35444, 26219, 9334, 17032, 26198, 25548, 24952, 26217], [27852, 26262, 27839, 9591, 13389, 1232, 17574, 11088], [26428, 9334, 20241, 9238, 20756, 26231, 29879, 31089], [26196, 6537, 26259, 20322, 113, 28506, 24988, 27663], [14975, 24596, 32188, 31895, 24853, 15633, 9086, 24134], [26271, 24269, 25002, 27382, 25688, 1494, 9059, 25037], [26428, 26271, 19029, 24187, 25688, 4560, 36012, 24269], [31160, 33428, 24861, 29202, 29113, 34165, 24095, 32653], [20283, 1070, 1242, 3520, 23653, 23137, 18064, 20384], [26283, 26284, 21193, 16105, 20831, 12670, 21184, 26249], [26284, 26283, 16105, 20831, 21193, 29671, 23830, 21184], [21079, 26249, 20836, 21898, 17615, 7505, 371, 28161], [1513, 9602, 24164, 24258, 28543, 22106, 30818, 34513], [25995, 10841, 5607, 8488, 7261, 31198, 6947, 32511], [31884, 26350, 28011, 31582, 8222, 33302, 33253, 24089], [26625, 26294, 2490, 28720, 12348, 12613, 4368, 30282], [24190, 29486, 7456, 26453, 8483, 14381, 31264, 32885], [26298, 26305, 29544, 8598, 11328, 26386, 26222, 22415], [13199, 13978, 18310, 13982, 29252, 25564, 30458, 32505], [6896, 13650, 28711, 8837, 26998, 29298, 169, 30330], [20283, 1070, 1242, 3520, 23653, 23137, 18064, 20384], [12670, 26249, 23830, 26283, 26284, 1232, 26390, 21184], [4984, 34940, 30982, 20565, 34071, 1883, 11114, 24360], [9334, 26231, 26390, 18766, 24190, 17490, 31093, 25564], [6947, 19029, 8169, 24394, 9539, 9174, 24602, 4560], [26495, 26313, 29781, 26176, 25910, 5236, 26390, 20241], [11266, 12062, 7216, 21003, 34459, 2109, 20554, 6613], [22511, 7027, 5651, 26759, 8218, 6753, 5035, 5432], [15813, 21772, 9782, 26107, 29781, 24371, 25158, 24284], [22898, 30473, 23413, 18349, 14289, 12062, 10792, 7017], [12884, 9008, 18349, 15808, 9539, 22790, 34893, 12203], [26327, 26262, 34840, 23215, 16220, 24989, 10462, 15991], [25910, 26329, 26112, 20241, 10712, 3052, 9238, 15821], [24101, 9078, 15343, 5673, 24343, 14547, 26231, 9460], [30982, 19694, 27488, 35014, 7068, 21618, 11554, 24346], [26336, 4976, 17593, 6591, 26351, 25567, 16387, 26494], [21230, 28124, 2109, 34459, 30939, 30200, 3593, 6192], [26340, 26198, 24918, 26258, 25564, 26226, 26518, 35497], [21534, 7092, 9914, 25754, 14362, 4560, 7479, 9874], [20574, 3964, 35064, 27564, 6623, 30458, 18623, 8067], [26231, 4511, 20241, 16105, 26495, 364, 26390, 20756], [11387, 241, 34940, 3635, 26596, 1883, 9467, 16442], [12670, 14746, 9632, 16818, 26283, 4589, 24092, 26351], [14041, 11838, 26357, 3033, 27134, 26409, 34807, 24177], [10838, 14934, 18925, 15839, 8875, 7454, 15834, 2118], [26283, 26284, 12670, 26358, 26249, 12371, 26372, 402], [20283, 1070, 23653, 3520, 1242, 18064, 20384, 27860], [16105, 26361, 21184, 26390, 20756, 26249, 21193, 23830], [9632, 15083, 7765, 7126, 4110, 26283, 4296, 373], [26372, 26283, 26284, 29201, 16105, 12670, 15083, 20241], [21903, 21898, 20836, 451, 15883, 9637, 26373, 28954], [34940, 1883, 11114, 21185, 34021, 14432, 20565, 3636], [35007, 9772, 13634, 21246, 12047, 21409, 30132, 15682], [26379, 2377, 3909, 4233, 5780, 3927, 3816, 7094], [23830, 16105, 4602, 4110, 26428, 17216, 26495, 15083], [20322, 26381, 33846, 26386, 26298, 34455, 6537, 2105], [26388, 18766, 19029, 26428, 9334, 6632, 6947, 24190], [30147, 32151, 5863, 31063, 27084, 13893, 9358, 25881], [3278, 4848, 20380, 3276, 3535, 20285, 4139, 20283], [6122, 26428, 6969, 9914, 21409, 25181, 1823, 21513], [6947, 18367, 7359, 24602, 13292, 18160, 7422, 18165], [9914, 35387, 7624, 19029, 19442, 9160, 23171, 26912], [9741, 22790, 7607, 31043, 6116, 2384, 9108, 3728], [15370, 26428, 8848, 8817, 11292, 35348, 19310, 31839], [264, 31838, 13530, 31615, 26426, 15185, 34071, 25077], [8489, 35576, 23110, 26427, 26428, 15553, 9914, 5800], [14416, 8477, 30096, 18725, 9825, 15043, 35481, 20571], [26428, 29781, 11225, 8447, 9238, 15303, 8470, 23701], [32997, 21656, 25173, 16926, 18834, 35044, 26275, 26602], [21053, 18914, 35020, 20619, 6708, 15372, 28876, 2949], [23734, 34088, 17131, 15843, 15963, 33317, 25901, 20059], [26428, 29781, 7202, 27956, 7456, 17739, 6947, 9238], [18914, 10792, 15044, 12883, 4560, 9238, 8431, 11432], [34840, 28515, 8947, 26423, 8053, 26131, 29727, 11950], [32982, 26446, 32954, 12267, 10010, 22946, 27964, 13488], [7532, 21034, 24950, 24071, 8309, 3626, 34826, 11870], [26448, 4347, 28942, 23049, 12513, 7294, 5770, 7250], [6826, 23819, 7356, 7105, 4575, 31112, 5010, 5165], [6167, 5216, 7431, 6857, 8470, 15553, 10842, 26428], [26448, 26298, 26497, 26454, 15726, 26386, 9696, 26443], [26457, 11065, 30879, 27964, 31787, 29138, 11416, 14941], [13872, 1622, 21975, 26458, 11749, 18614, 8973, 23249], [8685, 17846, 5432, 20981, 1068, 3611, 26460, 16732], [5108, 8900, 5151, 8991, 6417, 15611, 21926, 5999], [3611, 5770, 10635, 5014, 24881, 6425, 203, 24745], [18580, 12096, 5761, 15285, 34031, 23677, 2285, 11240], [203, 20983, 18962, 9860, 21041, 14813, 11035, 13732], [26465, 25901, 24646, 1589, 21678, 8201, 15843, 15140], [1359, 1172, 14813, 12150, 20367, 2435, 5772, 30436], [23812, 27335, 27503, 11771, 18122, 18140, 27583, 1241], [32716, 5252, 1359, 20865, 18623, 21399, 21820, 33249], [36174, 26342, 8118, 5306, 2755, 2537, 21167, 32889], [26472, 26219, 25548, 31095, 8508, 27832, 17574, 26471], [14078, 26409, 11826, 26591, 17612, 26115, 9561, 5149], [27395, 7231, 22913, 8487, 13210, 7536, 26441, 13094], [25612, 9023, 33683, 13089, 21522, 1876, 32889, 9798], [19029, 17490, 26428, 13716, 3023, 29763, 21924, 7045], [13916, 12047, 10920, 6947, 11874, 10629, 11024, 13716], [28062, 9042, 8950, 23756, 10975, 27278, 33014, 21125], [11165, 6947, 22671, 10712, 26176, 26482, 6632, 227], [17165, 20834, 9602, 11635, 19029, 11253, 18117, 16442], [8933, 6807, 31715, 4944, 35425, 24294, 30915, 20618], [10726, 11926, 12112, 13716, 9914, 11093, 9772, 9334], [24109, 26495, 32885, 29879, 31780, 27839, 29781, 29763], [26495, 26231, 25923, 26027, 4589, 26217, 26351, 31248], [31266, 4890, 29382, 290, 25995, 27023, 31256, 21855], [26428, 9914, 21409, 32527, 1823, 13822, 10920, 19310], [7359, 4560, 17472, 26428, 29910, 19029, 18766, 35444], [15871, 16218, 21249, 13335, 9570, 30930, 31587, 10944], [18186, 4189, 20739, 24952, 6632, 15573, 15372, 2520]]}, "demosthenes_1877": {"tgt_lang": "en", "transl_top1": 0.4744525547445255, "transl_top5": 0.6861313868613139,