{"num_src_sents": 68, "demosthenes_1_1863": {"tgt_lang": "fr", "transl_top1": 0.014705882352941176, "transl_top5": 0.1323529411764706, "transl_top10": 0.20588235294117646, "num_nulls": 0, "num_tgt_sents": 3406, "retrieval_preds": [[1253, 687, 3252, 1787, 854, 2065, 2353, 1562], [1080, 3291, 3159, 3315, 2192, 1299, 2018, 3289], [3001, 729, 2353, 1524, 2410, 655, 1785, 2575], [3040, 748, 2730, 3289, 1080, 3229, 80, 3041], [1794, 469, 2410, 1346, 2548, 1634, 277, 3390], [3315, 2410, 1768, 624, 605, 1794, 2129, 1379], [2006, 33, 1026, 2190, 2410, 2225, 836, 2261], [1151, 1054, 986, 1807, 2100, 2047, 491, 1017], [1445, 2260, 2253, 1352, 303, 2083, 267, 1558], [3012, 1507, 2261, 3126, 3397, 677, 3331, 3040], [1997, 729, 1296, 1107, 1524, 2489, 1787, 655], [2382, 2261, 2129, 398, 2127, 2021, 2384, 2719], [3245, 277, 2559, 1639, 1250, 3220, 2846, 2021], [387, 354, 2021, 2189, 1250, 1684, 2410, 2559], [1337, 1997, 691, 78, 2891, 729, 849, 349], [2261, 2353, 2410, 3197, 400, 1250, 2725, 3126], [836, 853, 1939, 2730, 1526, 2524, 115, 2055], [457, 2922, 866, 1528, 1448, 15, 2331, 1884], [1499, 3364, 1787, 2575, 1296, 2225, 2065, 3001], [2225, 687, 1007, 2065, 3364, 2509, 2362, 2382], [1634, 1379, 1562, 2065, 2382, 687, 1107, 2072], [2021, 1851, 2129, 1794, 1669, 2846, 2138, 2303], [753, 1465, 405, 488, 447, 1503, 501, 2096], [2330, 2916, 744, 759, 2755, 2357, 2556, 1828], [2160, 2253, 1445, 1379, 1634, 469, 1413, 1250], [2269, 2319, 3212, 3006, 776, 78, 3005, 3035], [2379, 3391, 687, 1183, 1296, 586, 2827, 1683], [1524, 2410, 2353, 748, 2725, 3040, 3140, 585], [2319, 3372, 3049, 3291, 3126, 2246, 3236, 2724], [2410, 1524, 2353, 1054, 1884, 3252, 836, 3001], [2261, 2353, 1026, 3315, 2529, 3245, 1539, 3040], [3321, 2410, 469, 2353, 1907, 1785, 1026, 2382], [1288, 909, 444, 77, 115, 1606, 2925, 2775], [1630, 1877, 3364, 1884, 2006, 2860, 3390, 2711], [3269, 1884, 2827, 671, 1946, 1259, 856, 2829], [2478, 1, 1553, 759, 1435, 2092, 3300, 2588], [2928, 1384, 378, 972, 759, 2584, 3195, 2346], [1670, 1103, 2051, 3178, 890, 1448, 1383, 2418], [2868, 2711, 12, 1637, 1260, 2928, 2034, 2192], [2710, 1428, 3384, 1739, 2626, 2720, 3071, 3056], [3088, 491, 1380, 498, 1843, 2854, 2540, 3078], [1054, 3269, 1053, 3005, 2313, 1253, 3099, 2444], [368, 2242, 1495, 674, 1488, 2233, 2160, 1491], [2730, 1424, 1094, 2499, 1280, 3140, 400, 2465], [208, 639, 1279, 94, 950, 2416, 856, 1267], [2568, 2888, 2124, 2965, 491, 2797, 565, 1383], [1648, 1912, 1449, 2562, 721, 719, 805, 152], [1660, 678, 1775, 2246, 405, 197, 482, 210], [3110, 3099, 1122, 3107, 664, 508, 1157, 1230], [2559, 3246, 753, 80, 2730, 1307, 1524, 3126], [2361, 2053, 2829, 2554, 3241, 481, 3342, 218], [2382, 1634, 2353, 1346, 1250, 687, 2261, 2189], [2319, 2688, 2055, 3391, 3035, 821, 2479, 1107], [1107, 729, 2954, 1296, 2410, 1437, 1524, 524], [2261, 2349, 2251, 2382, 3391, 414, 3364, 902], [1821, 1624, 2478, 1531, 1384, 1382, 3209, 2588], [1259, 2527, 2414, 3216, 491, 3181, 115, 1607], [2969, 2418, 1921, 2894, 1016, 2970, 2330, 1447], [3263, 3269, 2200, 3194, 2688, 2982, 2283, 491], [2971, 2706, 2970, 3235, 1175, 1211, 3204, 2969], [1524, 1380, 2051, 3111, 1670, 3178, 1103, 1813], [1096, 81, 3319, 892, 1204, 772, 226, 47], [3148, 1509, 2053, 2039, 2107, 261, 2340, 3127], [3040, 2261, 1255, 2353, 3289, 1396, 2719, 1437], [3195, 1070, 3339, 597, 2343, 2351, 2172, 1384], [2805, 1957, 491, 468, 210, 837, 3181, 2553], [680, 2382, 2261, 277, 3289, 3321, 469, 1080], [2917, 1525, 1383, 2538, 1345, 1315, 2872, 647]]}, "demosthenes_1856_1": {"tgt_lang": "de", "transl_top1": 0.3235294117647059, "transl_top5": 0.4411764705882353, "transl_top10": 0.5, "num_nulls": 0, "num_tgt_sents": 4305, "retrieval_preds": [[3674, 3132, 161, 3395, 318, 423, 2273, 2655], [3575, 3583, 884, 3188, 1162, 2679, 1313, 1984], [154, 422, 694, 3388, 3186, 939, 547, 405], [418, 437, 960, 2742, 412, 601, 1581, 2601], [515, 118, 785, 2450, 130, 412, 606, 696], [821, 1026, 2558, 2628, 1517, 785, 2684, 685], [122, 3269, 515, 3186, 2896, 3931, 422, 154], [123, 3397, 3604, 3868, 3327, 3682, 831, 3381], [124, 2123, 2645, 943, 2030, 308, 1024, 764], [125, 536, 2773, 916, 666, 3961, 343, 3724], [127, 405, 154, 1396, 318, 3186, 3395, 2450], [128, 672, 569, 1399, 696, 850, 130, 683], [129, 672, 562, 143, 506, 2876, 2558, 4253], [130, 643, 3584, 491, 2038, 3785, 3306, 615], [131, 3443, 2716, 2020, 127, 3310, 3308, 3843], [405, 2628, 3130, 418, 412, 3403, 3149, 606], [2737, 166, 273, 565, 3755, 152, 1837, 3344], [138, 3309, 3555, 364, 3600, 3157, 3902, 3279], [140, 3395, 2655, 2273, 500, 1973, 2150, 3388], [3897, 141, 423, 2150, 2414, 307, 4214, 2033], [142, 233, 500, 2147, 607, 520, 615, 764], [143, 1551, 2565, 643, 129, 672, 1026, 2381], [146, 850, 120, 742, 1047, 764, 1432, 2176], [780, 738, 827, 3733, 593, 1717, 147, 4029], [412, 233, 2460, 523, 3186, 515, 606, 183], [3138, 150, 317, 740, 3244, 447, 405, 769], [151, 262, 339, 133, 1923, 185, 2191, 835], [152, 3931, 4253, 1399, 3403, 884, 3145, 3755], [804, 673, 4192, 1268, 752, 986, 3158, 1935], [412, 154, 401, 2476, 3501, 3901, 694, 552], [1447, 785, 3269, 122, 1581, 1026, 821, 412], [3931, 1855, 3737, 418, 263, 2955, 643, 1399], [2651, 555, 4260, 3411, 4159, 3151, 435, 788], [161, 3170, 742, 166, 499, 3364, 438, 3395], [163, 2737, 3158, 1394, 2234, 3338, 3327, 4087], [461, 738, 501, 3390, 899, 944, 985, 656], [2027, 164, 2229, 4218, 2350, 829, 780, 1619], [2405, 2398, 2249, 4080, 931, 3804, 2102, 3312], [166, 507, 438, 2416, 2296, 488, 321, 2704], [167, 238, 3871, 4128, 457, 2748, 3077, 2885], [168, 4215, 4242, 3072, 2211, 1427, 1647, 2676], [603, 3966, 3689, 170, 355, 3125, 1045, 1076], [170, 89, 2010, 2030, 2176, 219, 2662, 2058], [171, 514, 1016, 541, 612, 4228, 2051, 447], [172, 3337, 2611, 2657, 766, 255, 1325, 4003], [174, 344, 761, 2414, 2450, 3843, 312, 2630], [229, 175, 2377, 1519, 1649, 850, 3513, 344], [2065, 177, 204, 685, 2887, 704, 964, 588], [178, 3721, 161, 1882, 2065, 818, 3677, 565], [2898, 1992, 853, 688, 2930, 2620, 3124, 588], [3158, 3696, 3327, 2874, 1565, 3778, 2153, 3896], [643, 785, 412, 183, 2879, 3145, 606, 820], [777, 185, 1573, 2153, 405, 2211, 1917, 2727], [3395, 3715, 423, 523, 694, 1396, 185, 3901], [2593, 643, 186, 800, 183, 158, 2415, 577], [2929, 3019, 981, 4045, 2580, 594, 188, 190], [1771, 1823, 1461, 2485, 774, 745, 417, 1010], [4067, 190, 1677, 4013, 2936, 2027, 2832, 192], [191, 151, 2682, 3484, 1022, 2340, 4132, 1915], [192, 2937, 2936, 4013, 2027, 461, 2470, 4067], [193, 3312, 2405, 2121, 931, 2249, 2102, 2438], [1268, 3843, 761, 352, 3056, 3405, 808, 405], [195, 359, 1836, 817, 831, 1817, 777, 2608], [196, 1532, 694, 1986, 1856, 2601, 571, 1016], [197, 4216, 423, 4287, 3836, 977, 187, 3089], [2250, 3922, 3812, 2581, 3978, 2599, 1043, 2779], [198, 1313, 562, 2208, 2742, 683, 536, 599], [3873, 2226, 4061, 2668, 1323, 2144, 3925, 3938]]}, "demosthenes_aeschynes_1861": {"tgt_lang": "fr", "transl_top1": 0.029411764705882353, "transl_top5": 0.058823529411764705, "transl_top10": 0.08823529411764706, "num_nulls": 0, "num_tgt_sents": 36182,