{"num_src_sents": 14, "lysias_1856": {"tgt_lang": "de", "transl_top1": 0.14285714285714285, "transl_top5": 0.6428571428571429, "transl_top10": 0.7142857142857143, "num_nulls": 0, "num_tgt_sents": 5319}, "num_translations": 1, "text_top1": 0.14285714285714285, "text_top5": 0.6428571428571429, "text_top10": 0.7142857142857143}