{"num_src_sents": 282, "lucian_1829_10": {"tgt_lang": "de", "transl_top1": 0.2624113475177305, "transl_top5": 0.44680851063829785, "transl_top10": 0.5319148936170213, "num_nulls": 0, "num_tgt_sents": 4222}, "num_translations": 1, "text_top1": 0.2624113475177305, "text_top5": 0.44680851063829785, "text_top10": 0.5319148936170213}