{"num_src_sents": 108, "cicero_1855-1892_14": {"tgt_lang": "de", "transl_top1": 0.018518518518518517, "transl_top5": 0.07407407407407407, "transl_top10": 0.12962962962962962, "num_nulls": 0, "num_tgt_sents": 6557, "retrieval_preds": [[6555, 6543, 5435, 174, 962, 2478, 6439, 6556], [1815, 427, 5269, 6543, 6217, 2957, 6552, 5435], [2079, 1692, 2808, 6327, 2082, 6555, 1736, 5347], [3102, 2315, 5606, 4508, 3796, 5648, 3980, 706], [3896, 1461, 2877, 5293, 5403, 6089, 2311, 6478], [3685, 1004, 4035, 3937, 6310, 6133, 4288, 108], [3093, 4859, 6195, 5985, 3094, 1549, 1526, 5635], [4050, 537, 4215, 4048, 5431, 536, 2180, 2078], [891, 5903, 5651, 1273, 2948, 4858, 2174, 4275], [6369, 6133, 1547, 1947, 2362, 4822, 5005, 3964], [2946, 269, 688, 2933, 5963, 4521, 955, 1844], [1236, 5717, 942, 137, 3176, 2823, 466, 5443], [2366, 5346, 5356, 3703, 5687, 3997, 4537, 2553], [5576, 3785, 2534, 6439, 5851, 6109, 1889, 4811], [5541, 108, 5636, 1690, 3685, 1681, 4886, 4223], [2682, 4586, 3267, 3410, 3875, 2226, 3399, 4115], [2226, 2755, 2662, 2934, 2902, 4612, 4935, 2261], [6214, 2079, 2082, 1252, 2801, 2808, 5446, 6467], [5961, 5438, 120, 1217, 422, 3616, 3122, 3096], [3320, 3157, 3091, 4322, 3249, 4367, 3094, 4139], [4449, 2109, 6491, 3646, 4998, 766, 188, 4215], [3829, 6201, 3847, 1143, 3491, 2444, 5306, 4550], [3257, 5810, 3645, 965, 1878, 1637, 6097, 1021], [2649, 6196, 5436, 4797, 1935, 412, 1409, 3053], [2526, 3599, 5851, 950, 1756, 5523, 5541, 1815], [1910, 4339, 1747, 4779, 5205, 5342, 3965, 1455], [3553, 3755, 3981, 6014, 1523, 3559, 5376, 4946], [2013, 3090, 3546, 1043, 226, 296, 1615, 3298], [1189, 3938, 6216, 4395, 4637, 4494, 4503, 1298], [5963, 174, 2387, 2789, 3284, 1252, 3222, 5355], [2493, 990, 2027, 3553, 1523, 2679, 3615, 934], [6133, 567, 1902, 2710, 3285, 1758, 92, 5993], [6149, 6214, 2079, 4345, 4979, 6337, 6555, 5446], [463, 3039, 2877, 3091, 3156, 518, 1716, 582], [2602, 4048, 3484, 5743, 5107, 558, 3172, 256], [1455, 5431, 5242, 3392, 4779, 4530, 3524, 4339], [2690, 555, 2561, 2574, 3476, 2560, 204, 6272], [3102, 6193, 5969, 1768, 5403, 636, 3156, 3797], [6214, 1079, 6146, 5349, 6555, 6089, 5187, 6057], [271, 3685, 3367, 3069, 2710, 5447, 3858, 5053], [5541, 4881, 5106, 5360, 152, 1425, 6369, 6214], [3981, 943, 3553, 3145, 3546, 934, 3792, 5376], [613, 1955, 5091, 599, 987, 84, 4003, 2492], [1902, 1754, 4869, 3598, 5204, 2821, 5346, 987], [5433, 3123, 4520, 942, 1461, 6510, 1745, 2555], [326, 1178, 4859, 319, 1902, 2536, 3507, 2577], [5212, 5580, 2451, 1758, 6148, 5251, 6523, 37], [5805, 5160, 664, 2216, 6284, 1105, 162, 2536], [1425, 4345, 6439, 1815, 6046, 6555, 5106, 6543], [3981, 5295, 943, 838, 934, 3008, 5348, 4244], [4742, 1095, 5706, 577, 157, 6174, 5141, 6148], [6310, 2139, 5540, 3223, 6369, 1392, 647, 467], [297, 6186, 808, 3526, 869, 5576, 2651, 2830], [3183, 6556, 101, 962, 6468, 6328, 990, 2815], [3500, 6552, 641, 2679, 101, 1425, 5427, 4096], [1641, 5053, 5055, 3582, 3588, 5364, 266, 3865], [827, 4859, 6117, 1729, 1028, 3910, 4731, 5270], [1963, 412, 843, 5018, 2848, 4468, 5203, 5352], [3000, 4444, 1370, 1707, 187, 6171, 4066, 755], [6555, 4345, 5435, 6543, 4979, 2478, 962, 4981], [6477, 2619, 6311, 3103, 1598, 4782, 4962, 5075], [4390, 5098, 1491, 2606, 6510, 4215, 4713, 4111], [5446, 291, 2478, 2957, 5184, 6328, 6468, 3792], [6478, 5744, 2111, 4854, 2542, 5871, 6484, 4542], [5350, 4967, 6525, 5750, 6205, 967, 2542, 1527], [1815, 1585, 3711, 864, 6255, 1425, 536, 1071], [6108, 1461, 4511, 20, 3155, 5916, 4520, 4785], [4528, 4783, 862, 3499, 6328, 995, 6372, 1135], [6372, 6468, 2478, 5446, 3785, 4345, 4979, 946], [4198, 3979, 5586, 5066, 4473, 4971, 5960, 5258], [3922, 3854, 5215, 1754, 1460, 224, 6525, 2347], [4519, 6463, 456, 1684, 2737, 5403, 4944, 1722], [4200, 3986, 162, 3218, 5023, 4064, 5892, 2870], [5519, 278, 5435, 427, 1722, 2789, 118, 3551], [5194, 4981, 872, 2492, 6313, 1287, 2289, 846], [5085, 1701, 5420, 369, 1341, 6452, 5788, 3606], [6484, 711, 6150, 1362, 6540, 6225, 942, 4010], [6372, 1425, 864, 6468, 6313, 4993, 3553, 224], [3553, 6540, 6014, 6366, 4526, 862, 2493, 224], [166, 5887, 76, 2205, 2058, 938, 5415, 4702], [4298, 2853, 1124, 4970, 6476, 6497, 5893, 536], [6372, 226, 101, 4946, 6468, 4967, 912, 3155], [731, 3270, 707, 6343, 1435, 5106, 6543, 6540], [6555, 4938, 5435, 6467, 5430, 6543, 118, 2190], [5075, 749, 471, 1783, 3792, 2415, 5246, 4854], [6542, 6475, 2875, 5744, 5346, 3834, 1465, 3997], [6409, 1701, 5684, 5890, 5916, 147, 2946, 6344], [685, 5346, 3314, 1811, 3669, 3193, 662, 2880], [6524, 5679, 123, 5763, 5998, 3879, 6153, 4863], [4538, 5763, 654, 5998, 2678, 6439, 6365, 5349], [4067, 2078, 3937, 3685, 4432, 1974, 4850, 4736], [3103, 4886, 1722, 6555, 1703, 5726, 5427, 5347], [3104, 1360, 4513, 4338, 4340, 1435, 537, 3685], [1722, 6555, 4345, 962, 6543, 5435, 3551, 148], [4345, 5184, 6555, 962, 1815, 5446, 6517, 5435], [1223, 2317, 6335, 4881, 687, 5929, 6541, 5205], [3365, 3582, 3525, 3496, 3475, 4634, 3347, 3700], [3223, 4205, 3685, 289, 3237, 1455, 4574, 6347], [2387, 6516, 1573, 4826, 3964, 3497, 5946, 1680], [750, 5993, 6122, 3235, 6517, 2675, 2387, 685], [6347, 1343, 615, 1573, 6155, 750, 3149, 642], [4200, 163, 4453, 1548, 1953, 1510, 414, 5387], [3237, 3223, 266, 5447, 2426, 4339, 3166, 1573], [3695, 2967, 6135, 1925, 3223, 5685, 6035, 3129], [5805, 867, 5326, 2594, 3986, 5960, 4553, 5364], [4779, 6080, 6500, 5763, 683, 4511, 4419, 5929], [5519, 6555, 5446, 1736, 6214, 2478, 6543, 1680], [6543, 6555, 3711, 1347, 5435, 2082, 962, 6439]]}, "cicero_1855-1892_13": {"tgt_lang": "de", "transl_top1": 0.6759259259259259, "transl_top5": 0.8611111111111112, "transl_top10": 0.9814814814814815, "num_nulls": 0, "num_tgt_sents": 5014,