{"num_src_sents": 515, "plutarch_5_1844": {"tgt_lang": "fr", "transl_top1": 0.29514563106796116, "transl_top5": 0.487378640776699, "transl_top10": 0.5514563106796116, "num_nulls": 1, "num_tgt_sents": 5916}, "plutarch_4_1844": {"tgt_lang": "fr", "transl_top1": 0.009708737864077669, "transl_top5": 0.040776699029126215, "transl_top10": 0.0854368932038835, "num_nulls": 0, "num_tgt_sents": 6665}, "num_translations": 2, "text_top1": 0.1524271844660194, "text_top5": 0.2640776699029126, "text_top10": 0.31844660194174756}