{"num_src_sents": 235, "lucian_1829_10": {"tgt_lang": "de", "transl_top1": 0.41702127659574467, "transl_top5": 0.6042553191489362, "transl_top10": 0.7021276595744681, "num_nulls": 0, "num_tgt_sents": 4222}, "num_translations": 1, "text_top1": 0.41702127659574467, "text_top5": 0.6042553191489362, "text_top10": 0.7021276595744681}