{"num_src_sents": 1414, "plautus_1862_1": {"tgt_lang": "de", "transl_top1": 0.0049504950495049506, "transl_top5": 0.018387553041018388, "transl_top10": 0.033946251768033946, "num_nulls": 0, "num_tgt_sents": 4446}, "plautus_1866_2": {"tgt_lang": "de", "transl_top1": 0.009193776520509194, "transl_top5": 0.024045261669024046, "transl_top10": 0.038896746817538894, "num_nulls": 0, "num_tgt_sents": 4445}, "plautus_4_1855": {"tgt_lang": "de", "transl_top1": 0.0049504950495049506, "transl_top5": 0.028995756718528994, "transl_top10": 0.04809052333804809, "num_nulls": 0, "num_tgt_sents": 5818}, "plautus_3_1855": {"tgt_lang": "de", "transl_top1": 0.019801980198019802, "transl_top5": 0.04031117397454031, "transl_top10": 0.0594059405940594, "num_nulls": 0, "num_tgt_sents": 5003}, "num_translations": 4, "text_top1": 0.009724186704384723, "text_top5": 0.027934936350777935, "text_top10": 0.04508486562942008}