{"num_src_sents": 190, "demosthenes_1902": {"tgt_lang": "en", "transl_top1": 0.18421052631578946, "transl_top5": 0.2631578947368421, "transl_top10": 0.33157894736842103, "num_nulls": 0, "num_tgt_sents": 6778}, "demosthenes_aeschynes_1861": {"tgt_lang": "fr", "transl_top1": 0.021052631578947368, "transl_top5": 0.031578947368421054, "transl_top10": 0.04736842105263158, "num_nulls": 0, "num_tgt_sents": 36182}, "num_translations": 2, "text_top1": 0.10263157894736842, "text_top5": 0.14736842105263157, "text_top10": 0.1894736842105263}