{"num_src_sents": 140, "plato_6_1854": {"tgt_lang": "en", "transl_top1": 0.02142857142857143, "transl_top5": 0.09285714285714286, "transl_top10": 0.17142857142857143, "num_nulls": 0, "num_tgt_sents": 9064}, "plato_1_1848": {"tgt_lang": "en", "transl_top1": 0.02857142857142857, "transl_top5": 0.05714285714285714, "transl_top10": 0.10714285714285714, "num_nulls": 0, "num_tgt_sents": 12817}, "plato_2_1849": {"tgt_lang": "en", "transl_top1": 0.5357142857142857, "transl_top5": 0.75, "transl_top10": 0.8214285714285714, "num_nulls": 0, "num_tgt_sents": 9568}, "plato_5_1852": {"tgt_lang": "en", "transl_top1": 0.02857142857142857, "transl_top5": 0.07142857142857142, "transl_top10": 0.10714285714285714, "num_nulls": 0, "num_tgt_sents": 8721}, "plato_3_1850": {"tgt_lang": "en", "transl_top1": 0.03571428571428571, "transl_top5": 0.06428571428571428, "transl_top10": 0.07857142857142857, "num_nulls": 0, "num_tgt_sents": 13689}, "num_translations": 5, "text_top1": 0.12999999999999998, "text_top5": 0.20714285714285713, "text_top10": 0.2571428571428572}