{"num_src_sents": 121, "isocrates_1835_5": {"tgt_lang": "de", "transl_top1": 0.024793388429752067, "transl_top5": 0.09090909090909091, "transl_top10": 0.15702479338842976, "num_nulls": 0, "num_tgt_sents": 4051}, "isocrates_1832_1": {"tgt_lang": "de", "transl_top1": 0.38016528925619836, "transl_top5": 0.5619834710743802, "transl_top10": 0.6115702479338843, "num_nulls": 0, "num_tgt_sents": 3528}, "sophistesGrecs_1842": {"tgt_lang": "fr", "transl_top1": 0.30578512396694213, "transl_top5": 0.5206611570247934, "transl_top10": 0.6033057851239669, "num_nulls": 0, "num_tgt_sents": 7988}, "num_translations": 3, "text_top1": 0.2369146005509642, "text_top5": 0.39118457300275483, "text_top10": 0.4573002754820936}