{"num_src_sents": 139, "demosthenes_1902": {"tgt_lang": "en", "transl_top1": 0.5251798561151079, "transl_top5": 0.7266187050359713, "transl_top10": 0.8201438848920863, "num_nulls": 0, "num_tgt_sents": 6778, "retrieval_preds": [[2965, 2057, 5228, 3779, 1439, 1294, 2795, 5085], [2058, 164, 108, 166, 3798, 4369, 113, 120], [3224, 1021, 5119, 5128, 4771, 2066, 1110, 2345], [2060, 2246, 1735, 836, 2177, 2277, 2982, 2190], [1860, 2063, 2415, 2269, 3467, 3442, 5414, 3740], [2064, 2270, 1245, 3466, 5329, 2954, 5504, 2826], [2760, 5573, 5588, 2067, 5160, 1429, 3591, 5458], [5320, 3439, 5335, 2069, 1116, 3385, 2145, 768], [2760, 3781, 4133, 3961, 2110, 2075, 3729, 2445], [2078, 3328, 1900, 2486, 380, 1964, 1670, 2989], [1018, 3255, 3597, 3613, 368, 1579, 3959, 2992], [2079, 3644, 224, 269, 3181, 282, 1294, 667], [2080, 2549, 1836, 5336, 2543, 2126, 2510, 1381], [2304, 2081, 2052, 1462, 1347, 5303, 4121, 2133], [1777, 3601, 3556, 3266, 626, 1482, 1854, 426], [2084, 5228, 2126, 2329, 3453, 1934, 1245, 1978], [3411, 1245, 4259, 2086, 317, 1364, 3292, 2515], [2088, 5142, 5513, 2485, 2761, 2511, 2696, 3590], [2089, 5084, 4715, 4927, 503, 2324, 4803, 1793], [2090, 2131, 2126, 2119, 2145, 2110, 2549, 1381], [5007, 3632, 6646, 5584, 1018, 3255, 3597, 3613], [1716, 1785, 1126, 1912, 2093, 3466, 2224, 5283], [566, 974, 2094, 1860, 5576, 2182, 2540, 4086], [2095, 3005, 3169, 3002, 2279, 3166, 3086, 3116], [2097, 2900, 566, 3627, 645, 4361, 129, 1002], [2099, 2104, 2233, 2145, 2110, 2552, 2098, 4053], [2131, 3188, 2080, 2110, 2099, 1917, 1429, 2760], [2101, 2141, 3028, 1574, 2142, 2241, 5500, 2145], [2102, 1474, 3500, 3588, 1568, 1399, 86, 4482], [2103, 3529, 1935, 3500, 689, 787, 1939, 5381], [3632, 5584, 6646, 284, 1018, 3255, 3597, 3613], [1018, 3255, 3597, 3613, 368, 1579, 3959, 2992], [2104, 4147, 4130, 2110, 2145, 2155, 3851, 4378], [4847, 2106, 2077, 4144, 2126, 3851, 4147, 2131], [3904, 4568, 509, 3753, 2096, 4524, 1104, 5295], [2108, 5160, 2109, 2126, 4958, 4902, 1381, 4430], [2110, 1429, 2760, 2145, 3781, 3956, 2155, 2131], [2130, 2116, 2113, 2104, 2110, 2145, 4147, 1861], [2145, 2104, 2110, 2120, 2155, 2198, 1839, 1888], [2119, 5588, 2131, 2126, 2808, 1762, 3843, 2067], [2120, 2155, 2198, 2122, 2118, 2104, 1256, 2187], [2124, 4153, 2105, 2077, 2123, 3781, 2145, 2120], [2125, 2126, 4125, 3296, 1776, 5555, 3257, 1384], [2126, 5027, 5355, 2119, 1381, 5384, 5331, 2096], [2128, 1574, 2089, 1400, 1520, 2485, 2116, 4742], [2046, 3120, 2937, 3240, 2908, 3110, 1132, 4418], [2130, 2145, 4225, 1429, 2675, 2760, 1888, 3781], [2158, 2133, 1721, 2248, 2046, 2304, 1091, 1379], [1117, 1476, 5340, 2315, 2152, 3110, 5032, 2136], [2137, 2140, 3287, 1845, 4053, 3661, 995, 4728], [2140, 2760, 3961, 4036, 4206, 5538, 4225, 2445], [1447, 236, 1855, 2142, 943, 544, 4863, 3169], [1860, 1912, 566, 1487, 2415, 2570, 2946, 974], [5007, 3632, 6646, 5584, 1018, 3255, 3597, 3613], [2144, 2244, 2489, 2246, 1138, 5389, 5325, 5391], [2145, 1212, 2233, 1279, 1454, 1381, 3487, 1328], [2146, 2588, 2223, 1297, 2426, 932, 1502, 1408], [2147, 3722, 824, 1936, 3047, 2126, 5555, 2510], [1935, 3253, 4086, 2971, 974, 2148, 2516, 5464], [2150, 2182, 5576, 1553, 3671, 2239, 3498, 1415], [4491, 4641, 1117, 2152, 5033, 1610, 5384, 5558], [2155, 2120, 2145, 2000, 2176, 2110, 2198, 2099], [2126, 1381, 1447, 2131, 5449, 2145, 2649, 3587], [2304, 1362, 2159, 2238, 2146, 2302, 1400, 2236], [2160, 2046, 5230, 3715, 4508, 4711, 1055, 3095], [2161, 1783, 2105, 4194, 3493, 5027, 932, 1384], [2163, 2649, 2126, 2112, 1677, 2826, 190, 871], [2165, 3467, 1117, 1135, 617, 2459, 1721, 5510], [2485, 907, 2168, 4691, 2815, 5281, 602, 1969], [2169, 231, 5298, 3047, 2146, 241, 4194, 3864], [2180, 2172, 2128, 1574, 2485, 2178, 2043, 3863], [2173, 2595, 2293, 2224, 2354, 2302, 4407, 2528], [2175, 1417, 1443, 2489, 1422, 5588, 1117, 2224], [5007, 3632, 6646, 5584, 1018, 3255, 3597, 3613], [1917, 1429, 2246, 2145, 4133, 2177, 2176, 4159], [1744, 5389, 2870, 5333, 1730, 5458, 5207, 2549], [2182, 2415, 2328, 814, 3467, 1912, 974, 2946], [2183, 2227, 2151, 2223, 2742, 2427, 1407, 2219], [959, 974, 1375, 5324, 1487, 3442, 3300, 1325], [3632, 5584, 6646, 284, 1018, 3255, 3597, 3613], [3467, 1916, 2185, 5423, 4157, 2653, 4101, 1437], [2186, 3974, 4218, 6279, 3994, 4232, 6708, 2411], [2187, 1996, 2145, 2000, 3616, 2188, 1999, 2120], [2188, 1687, 2187, 544, 2112, 1923, 1894, 581], [3442, 3492, 3386, 651, 2894, 3615, 2583, 3357], [3632, 5584, 6646, 284, 1018, 3255, 3597, 3613], [2190, 2274, 842, 227, 1368, 2246, 1640, 1384], [1348, 2514, 2153, 2191, 5423, 1954, 4825, 4987], [2192, 1716, 2985, 1934, 5242, 3622, 3379, 454], [1971, 2485, 5532, 2266, 2194, 4686, 2248, 363], [2485, 2784, 1545, 617, 2969, 1567, 396, 1890], [2196, 3936, 3937, 1450, 5385, 4006, 1574, 1884], [2197, 4807, 3425, 5573, 4925, 2760, 1429, 3984], [2198, 2145, 2120, 1888, 2118, 2208, 2233, 3913], [2199, 2183, 2151, 2290, 2316, 2218, 2754, 2676], [2200, 2219, 1993, 1896, 1894, 2398, 2416, 2157], [2202, 2416, 3781, 2155, 2233, 2157, 2863, 1030], [2204, 2177, 1721, 797, 2485, 2264, 2182, 5588], [1538, 4962, 4778, 4491, 2856, 4960, 2485, 5537], [2208, 2198, 3920, 5844, 3359, 2200, 6231, 579], [4191, 5468, 5466, 1182, 666, 5075, 1179, 5082], [2212, 2398, 2209, 2453, 2202, 2863, 2158, 2488], [1117, 2213, 1107, 2490, 2215, 2982, 1869, 2212], [2216, 4742, 2841, 1971, 5468, 2736, 1567, 5389], [2155, 2218, 6702, 2233, 3820, 2217, 3650, 2171], [2218, 1568, 1399, 1370, 1402, 3915, 2221, 1564], [2220, 2219, 2200, 2198, 2233, 2155, 2110, 1358], [2221, 1896, 3915, 1907, 1992, 1402, 2201, 2156], [2222, 4778, 5588, 2212, 1107, 2475, 2428, 4385], [2224, 1978, 1828, 2175, 1744, 4237, 1368, 3735], [2226, 1861, 2198, 3920, 2208, 157, 2374, 4053], [2228, 2130, 2157, 2233, 2369, 2416, 1381, 2145], [1917, 1888, 2104, 2233, 1310, 3961, 2110, 3591], [2236, 2426, 3340, 807, 1972, 2248, 2035, 2158], [503, 3169, 2238, 2353, 5298, 2302, 2035, 2236], [2239, 1553, 5513, 1832, 1415, 1574, 3440, 1203], [2241, 2242, 2130, 3781, 3116, 2099, 2416, 3072], [2570, 1487, 2580, 1860, 2487, 1708, 2243, 566], [5007, 3632, 6646, 5584, 1018, 3255, 3597, 3613], [2244, 2144, 3616, 1319, 406, 1443, 1422, 1117], [2246, 1339, 2270, 4063, 4792, 1640, 2272, 1184], [1381, 2249, 2525, 2145, 2131, 2126, 2176, 3927], [2251, 5216, 1525, 5509, 2462, 363, 2418, 2484], [2252, 3431, 848, 4695, 3466, 1573, 2764, 3590], [2253, 1104, 1465, 2485, 5498, 1556, 2148, 3243], [2954, 5355, 2549, 2126, 3878, 2256, 460, 1381], [2258, 5355, 3296, 5396, 2126, 2717, 1792, 4180], [2260, 815, 5547, 370, 664, 3315, 2908, 4268], [4195, 4887, 4215, 4601, 1313, 1205, 4206, 3895], [2265, 2489, 1762, 1245, 5282, 2549, 2264, 4499], [2266, 2870, 5020, 5082, 5288, 2472, 4654, 5443], [2270, 2246, 4195, 1339, 5458, 3714, 2760, 310], [5555, 2246, 3733, 4792, 3729, 5458, 3735, 3763], [3506, 3533, 5556, 3757, 971, 4060, 213, 5580], [2274, 4925, 4780, 842, 5147, 2276, 5033, 1237], [2275, 2810, 2820, 2821, 4211, 2913, 1784, 1967], [1117, 4962, 4838, 2870, 2276, 2485, 4902, 2761], [2277, 180, 177, 4008, 2140, 145, 4036, 4043], [3632, 5584, 6646, 284, 1018, 3255, 3597, 3613]]}, "demosthenes_aeschynes_1861": {"tgt_lang": "fr", "transl_top1": 0.04316546762589928, "transl_top5": 0.04316546762589928, "transl_top10": 0.06474820143884892, "num_nulls": 0, "num_tgt_sents": 36182,