{"num_src_sents": 76, "demosthenes_1902": {"tgt_lang": "en", "transl_top1": 0.19736842105263158, "transl_top5": 0.27631578947368424, "transl_top10": 0.40789473684210525, "num_nulls": 0, "num_tgt_sents": 6778}, "demosthenes_aeschynes_1861": {"tgt_lang": "fr", "transl_top1": 0.0, "transl_top5": 0.013157894736842105, "transl_top10": 0.039473684210526314, "num_nulls": 0, "num_tgt_sents": 36182}, "num_translations": 2, "text_top1": 0.09868421052631579, "text_top5": 0.14473684210526316, "text_top10": 0.2236842105263158}