{"num_src_sents": 21, "plutarch_4_1844": {"tgt_lang": "fr", "transl_top1": 0.047619047619047616, "transl_top5": 0.09523809523809523, "transl_top10": 0.14285714285714285, "num_nulls": 0, "num_tgt_sents": 6665, "retrieval_preds": [[6037, 4720, 2224, 546, 2544, 6065, 4548, 1017], [5290, 5211, 3619, 4307, 5224, 3038, 6599, 1374], [316, 332, 1017, 339, 419, 1346, 5048, 638], [224, 6184, 845, 2379, 5930, 2476, 4930, 5666], [2953, 5922, 4985, 6467, 2960, 5776, 6444, 3233], [2241, 4401, 93, 4007, 702, 6098, 2189, 593], [6584, 4720, 5653, 164, 2247, 4039, 1152, 6432], [6584, 4672, 4755, 6181, 1017, 15, 5000, 4720], [2252, 2378, 2351, 2247, 4417, 743, 3716, 5000], [2254, 3824, 397, 2766, 5116, 6364, 6441, 3091], [2255, 3136, 3704, 4611, 3701, 3700, 5100, 5424], [4165, 6133, 6654, 6598, 1812, 3056, 6645, 4558], [2258, 419, 2719, 3150, 2406, 312, 3149, 2351], [4313, 2746, 101, 6013, 3984, 581, 4637, 2829], [2262, 2265, 2648, 426, 1030, 6181, 2507, 483], [6143, 4423, 393, 3730, 2265, 2289, 4410, 3942], [2545, 1272, 818, 1044, 2265, 2075, 3992, 3508], [4876, 2962, 4873, 4755, 5116, 4868, 6323, 4720], [2269, 2515, 636, 4453, 2471, 5003, 2732, 2378], [1152, 1139, 6550, 349, 316, 419, 241, 2406], [2276, 1152, 2293, 2260, 464, 638, 1162, 743]]}, "plutarch_5_1844": {"tgt_lang": "fr", "transl_top1": 0.14285714285714285, "transl_top5": 0.38095238095238093, "transl_top10": 0.5238095238095238, "num_nulls": 0, "num_tgt_sents": 5916, "retrieval_preds": [[1165, 1694, 2869, 2081, 4678, 4709, 2289, 3849], [986, 2974, 1332, 2570, 637, 1596, 851, 2608], [2312, 1302, 2768, 1002, 2231, 865, 1480, 2066], [1425, 3710, 4759, 2050, 1421, 926, 3762, 5475], [3410, 2201, 1784, 155, 5398, 3396, 5110, 227], [2042, 4232, 5212, 1903, 3013, 58, 4156, 2044], [1269, 2758, 367, 4360, 470, 4357, 3162, 2146], [468, 2050, 1885, 3846, 12, 3153, 3849, 375], [5160, 2283, 3302, 2231, 2636, 1417, 5366, 2704], [575, 819, 3319, 2758, 2336, 2911, 81, 5705], [1777, 197, 2416, 72, 3215, 1766, 811, 1866], [1647, 5191, 1824, 1661, 3868, 1835, 1836, 445], [1143, 1690, 3045, 1182, 5811, 2231, 1767, 1417], [5772, 2719, 1559, 3781, 1427, 1855, 5388, 4542], [3213, 2312, 2237, 2231, 865, 2019, 1205, 2768], [2991, 2253, 2099, 3096, 3127, 2058, 1846, 4328], [2271, 1362, 2040, 3032, 4341, 5007, 5147, 4155], [4505, 3870, 2519, 4278, 1302, 3153, 1901, 4109], [4048, 3846, 3464, 482, 3213, 2081, 4431, 2283], [3869, 3852, 2972, 1292, 4401, 4160, 4408, 2768], [1371, 5792, 910, 5783, 5338, 987, 3096, 918]]}, "num_translations": 2, "text_top1": 0.09523809523809523, "text_top5": 0.23809523809523808, "text_top10": 0.33333333333333337}