{"num_src_sents": 300, "plutarch_2_1908": {"tgt_lang": "en", "transl_top1": 0.006666666666666667, "transl_top5": 0.05, "transl_top10": 0.11, "num_nulls": 0, "num_tgt_sents": 5773}, "plutarch_1_1906": {"tgt_lang": "en", "transl_top1": 0.4666666666666667, "transl_top5": 0.6566666666666666, "transl_top10": 0.7333333333333333, "num_nulls": 0, "num_tgt_sents": 6800}, "num_translations": 2, "text_top1": 0.23666666666666666, "text_top5": 0.35333333333333333, "text_top10": 0.42166666666666663}