{"num_src_sents": 70, "plutarch_2_1844": {"tgt_lang": "fr", "transl_top1": 0.11428571428571428, "transl_top5": 0.18571428571428572, "transl_top10": 0.2714285714285714, "num_nulls": 0, "num_tgt_sents": 7523, "retrieval_preds": [[6836, 5562, 7418, 5979, 6847, 6035, 7008, 2208], [2100, 7251, 4333, 1859, 74, 4620, 5334, 6899], [1138, 7338, 5714, 6839, 3460, 2510, 5701, 4069], [6839, 3756, 2510, 5701, 6892, 3460, 4983, 2616], [2438, 6828, 3462, 6838, 2002, 6625, 3460, 6964], [1123, 6829, 5159, 3805, 6830, 502, 7217, 4918], [2892, 6540, 5161, 5574, 2668, 2145, 2748, 5987], [1138, 2616, 2882, 5847, 3854, 7013, 502, 5562], [6984, 3057, 4781, 6681, 3125, 4109, 5467, 2223], [5847, 6838, 5553, 7127, 5731, 561, 5562, 5979], [4698, 4599, 7256, 7320, 4805, 7274, 5609, 4950], [4355, 4439, 5458, 5159, 7, 6847, 6035, 2616], [5472, 3338, 7, 2123, 6848, 5834, 2208, 1254], [6850, 948, 3835, 5275, 1642, 552, 504, 95], [727, 3017, 1742, 4062, 5882, 3973, 2954, 3858], [4973, 7256, 5587, 7320, 6923, 7406, 6839, 7127], [2078, 4698, 2327, 4691, 5350, 4599, 7, 7096], [3719, 5847, 7127, 2510, 3660, 4973, 6669, 561], [65, 1161, 6862, 491, 271, 3407, 6700, 6479], [5118, 658, 4546, 6379, 2123, 74, 1165, 339], [5077, 4083, 5187, 3426, 5452, 1071, 4849, 6094], [4599, 4475, 4619, 4853, 7348, 2510, 4951, 4444], [2714, 5274, 4983, 508, 6868, 5690, 7340, 7418], [2002, 7053, 4866, 3147, 2724, 2085, 4633, 1687], [1027, 1135, 420, 6877, 201, 5321, 6892, 6725], [5279, 6695, 1693, 3293, 7138, 3157, 3070, 1669], [2262, 2400, 5274, 2510, 450, 7055, 2431, 2021], [4505, 7050, 4166, 910, 5207, 3042, 4675, 2931], [5643, 6896, 5979, 5847, 6727, 1112, 5746, 5091], [7008, 4983, 6734, 5159, 204, 561, 7240, 3719], [159, 2435, 4675, 5350, 6935, 94, 3964, 6639], [7080, 3755, 2337, 3619, 7013, 7326, 794, 341], [6905, 6944, 3734, 942, 5975, 3833, 6909, 6935], [5384, 2708, 6298, 6299, 5321, 6289, 5197, 6310], [6907, 3107, 643, 216, 5382, 1123, 6923, 659], [6908, 5979, 72, 6812, 125, 102, 6836, 6832], [2882, 4060, 561, 3748, 7240, 3969, 5988, 5847], [6917, 3973, 5723, 2267, 6042, 5725, 4189, 5643], [1968, 5509, 3923, 2574, 5698, 6712, 6545, 4822], [6922, 7344, 3221, 5891, 5698, 5939, 4343, 6394], [365, 4260, 460, 183, 739, 6893, 6991, 701], [5689, 5584, 1993, 7233, 5713, 5617, 4275, 1978], [3797, 5553, 3986, 5562, 5684, 5916, 5682, 7218], [5555, 5979, 7088, 5818, 5746, 1112, 5561, 53], [5847, 2616, 5979, 1959, 6625, 5682, 671, 2262], [5321, 1759, 5384, 4974, 2708, 4361, 234, 6298], [4264, 4892, 7137, 3692, 7160, 6509, 3649, 3640], [2849, 2258, 6939, 7430, 4585, 5371, 6932, 4557], [219, 3963, 625, 159, 2078, 1066, 2368, 3969], [5378, 3418, 5024, 6999, 5445, 7012, 4164, 4499], [2708, 6299, 5384, 6298, 6945, 2206, 5321, 6289], [2303, 6037, 360, 6922, 2428, 6022, 127, 6946], [6946, 6143, 5927, 3575, 3129, 3187, 6309, 5963], [7294, 2538, 3929, 5845, 7438, 5405, 7142, 2244], [3893, 6695, 5951, 7223, 3100, 4177, 4272, 7284], [100, 546, 3459, 6948, 81, 2161, 6041, 2342], [5193, 6752, 6481, 2045, 2303, 5383, 4845, 4807], [6950, 2002, 5675, 5562, 6839, 2487, 6954, 2046], [2438, 6035, 2510, 2208, 5083, 6734, 2002, 2021], [5445, 4822, 2663, 2329, 2900, 5052, 2951, 1112], [6954, 5125, 4846, 3955, 2002, 3620, 6950, 5847], [2438, 6734, 3500, 3170, 5562, 2002, 5714, 3296], [6962, 5130, 5994, 6830, 7261, 2333, 6821, 6954], [6950, 6964, 6966, 3660, 6954, 2549, 5125, 2002], [349, 6970, 3461, 351, 673, 6893, 434, 3927], [3017, 3295, 3964, 6975, 6670, 4597, 3985, 3540], [5587, 3791, 4155, 4184, 3621, 5335, 4037, 4153], [6976, 2853, 3461, 3497, 4356, 4337, 3221, 3803], [2438, 6977, 6734, 5562, 2207, 5979, 508, 6839], [5631, 7246, 4671, 3800, 4945, 2244, 7304, 6003]]}, "plutarch_1_1844": {"tgt_lang": "fr", "transl_top1": 0.02857142857142857, "transl_top5": 0.05714285714285714, "transl_top10": 0.1, "num_nulls": 0, "num_tgt_sents": 8121, "retrieval_preds": [[4755, 1649, 683, 2833, 5398, 2630, 1640, 1367], [1562, 129, 2513, 1364, 388, 3908, 4511, 4469], [6909, 1361, 551, 7544, 5127, 5679, 6702, 1455], [1936, 1664, 1616, 4888, 3491, 1525, 4720, 1976], [6910, 1367, 3222, 3192, 2833, 5949, 7326, 5985], [1286, 5933, 6922, 3109, 82, 3588, 2671, 5382], [3123, 690, 2073, 2035, 669, 7010, 674, 971], [4825, 1570, 640, 2384, 3596, 4800, 3232, 1640], [2109, 34, 4714, 4693, 3576, 752, 919, 956], [2384, 1439, 2362, 3739, 1640, 6910, 1570, 2150], [2889, 4800, 2362, 2882, 5921, 1729, 2370, 140], [2384, 1640, 3739, 1292, 6910, 4002, 2883, 2334], [166, 5535, 5933, 1439, 5729, 4049, 1369, 5949], [2196, 991, 6327, 4442, 4034, 4434, 7115, 2618], [3363, 707, 3266, 2937, 6236, 3131, 3027, 979], [8012, 1391, 1531, 4441, 1833, 3671, 1004, 2841], [2889, 1729, 6954, 2885, 919, 2192, 2883, 2836], [1570, 2063, 1616, 4902, 1459, 1302, 4888, 4825], [6270, 7637, 6979, 5777, 6790, 7110, 6989, 6681], [5509, 4394, 3499, 3831, 4505, 2768, 1007, 785], [2086, 4016, 5563, 4205, 5114, 7164, 3940, 6696], [2889, 923, 2038, 1749, 2673, 2362, 4695, 919], [5222, 8012, 7399, 7578, 3192, 551, 7190, 5332], [5332, 4825, 4615, 2630, 5535, 1907, 5377, 5227], [2513, 3254, 6503, 3905, 3926, 2509, 3980, 3601], [1904, 2944, 3932, 1345, 5246, 7291, 7018, 8093], [4825, 4970, 4755, 1649, 4013, 1850, 7399, 2841], [848, 4979, 7112, 2095, 4251, 203, 588, 6235], [3370, 2655, 2063, 3371, 4059, 7667, 7326, 3317], [4002, 6910, 6909, 1364, 640, 3726, 3767, 1871], [646, 6970, 2830, 762, 2726, 4748, 701, 2096], [5332, 640, 5092, 6820, 6421, 1048, 3089, 5104], [4873, 3848, 285, 1031, 4208, 5869, 3261, 7233], [4848, 4311, 6190, 5454, 4306, 4308, 3601, 4167], [5382, 1369, 4529, 1573, 6286, 2139, 397, 435], [2833, 3775, 2780, 3318, 1451, 2830, 5751, 7269], [7725, 4956, 3642, 3192, 1286, 1850, 640, 4825], [1024, 1854, 7946, 401, 386, 455, 1924, 1323], [1924, 1837, 1432, 1748, 6233, 1852, 779, 1660], [6139, 1403, 4806, 4638, 391, 727, 7186, 3653], [2620, 1293, 2865, 110, 1806, 3990, 3013, 2486], [1031, 752, 36, 4562, 3939, 2565, 3025, 438], [1286, 2384, 2370, 2362, 3726, 299, 2536, 3795], [285, 3371, 1031, 3118, 1570, 401, 2668, 1230], [905, 3642, 1640, 2384, 7377, 2150, 4825, 3703], [7294, 3601, 1321, 3509, 4306, 3249, 4848, 4311], [7511, 5437, 3439, 5220, 5153, 6795, 6274, 1285], [911, 1448, 2443, 7271, 7269, 404, 2889, 3017], [3693, 2600, 4265, 2883, 4542, 919, 7087, 3192], [919, 1197, 1415, 1166, 3868, 2491, 3792, 7667], [4848, 4311, 5454, 3249, 2964, 2837, 3237, 4426], [1103, 2776, 1822, 1828, 2615, 1095, 109, 4511], [6348, 5266, 2186, 4271, 1271, 1693, 4671, 4453], [82, 4990, 964, 919, 966, 1223, 1556, 5382], [6890, 4791, 1533, 4283, 1881, 1465, 3020, 3602], [1399, 1706, 3775, 4079, 4518, 4183, 2838, 4869], [1502, 1828, 2391, 1095, 3782, 4300, 4302, 1138], [5070, 2766, 1367, 4385, 3745, 3192, 1700, 4915], [4013, 7508, 1871, 3874, 7578, 4825, 3875, 1907], [2491, 4108, 2862, 3222, 1912, 404, 272, 4481], [1640, 4755, 2116, 5382, 2384, 2135, 3642, 4385], [1455, 1850, 3913, 4825, 3192, 5332, 4898, 4975], [173, 649, 2195, 988, 272, 6917, 1188, 6236], [4825, 5332, 5315, 5722, 4453, 5535, 1640, 2766], [4144, 3578, 2619, 4500, 3642, 6790, 2826, 2513], [1569, 1556, 1837, 1420, 1388, 1620, 1801, 2389], [2370, 1361, 4864, 2384, 3556, 2362, 235, 3203], [2823, 988, 1383, 4793, 1400, 1346, 2123, 956], [3913, 1640, 3642, 2139, 5943, 1367, 2766, 1649], [2788, 6301, 1801, 1912, 1613, 4367, 2491, 5277]]}, "num_translations": 2, "text_top1": 0.07142857142857142, "text_top5": 0.12142857142857143, "text_top10": 0.18571428571428572}