{"num_src_sents": 28, "lucian_1829_10": {"tgt_lang": "de", "transl_top1": 0.35714285714285715, "transl_top5": 0.6785714285714286, "transl_top10": 0.75, "num_nulls": 0, "num_tgt_sents": 4222, "retrieval_preds": [[1331, 1272, 3357, 943, 3120, 1097, 1576, 3684], [3739, 1195, 1303, 3157, 3313, 3635, 3206, 1506], [2700, 2816, 3617, 2821, 1080, 1597, 2289, 1079], [3619, 4157, 3640, 3621, 1990, 2964, 3516, 3662], [3622, 1621, 132, 3298, 2926, 83, 3650, 3636], [3622, 3640, 3619, 3625, 3662, 83, 3626, 3665], [3630, 4038, 1846, 1586, 2400, 1964, 4042, 3150], [3633, 3631, 2293, 3275, 3182, 3444, 289, 3364], [3637, 3634, 3645, 3631, 3624, 3014, 2820, 3650], [3636, 3637, 3640, 3645, 3942, 3638, 3518, 96], [3640, 1067, 3637, 3619, 1887, 4157, 432, 491], [3641, 3642, 3640, 1990, 3639, 3018, 1687, 4215], [3641, 3643, 3642, 451, 1699, 3639, 127, 2773], [3644, 3277, 2715, 3269, 3622, 2847, 2019, 832], [3645, 494, 3648, 486, 2414, 604, 2473, 2361], [3650, 3649, 3622, 3673, 3645, 3669, 3682, 4038], [1773, 4221, 51, 70, 3178, 2569, 277, 2852], [2221, 1393, 1827, 1099, 1194, 1958, 3917, 733], [3636, 3671, 83, 3622, 2805, 1677, 1005, 1098], [3660, 1005, 987, 3662, 1586, 430, 3645, 1010], [3662, 430, 1586, 987, 3186, 1718, 580, 425], [1718, 430, 3666, 334, 1846, 1005, 987, 1988], [3662, 1718, 4042, 968, 83, 1010, 987, 3290], [3671, 430, 1718, 2203, 3394, 3033, 478, 1720], [2805, 3786, 95, 1340, 201, 1584, 2203, 277], [3678, 3677, 1005, 220, 3631, 334, 3643, 1718], [3679, 992, 3636, 330, 2950, 1213, 1139, 926], [686, 2400, 2059, 2687, 1010, 1213, 3219, 1009]]}, "num_translations": 1, "text_top1": 0.35714285714285715, "text_top5": 0.6785714285714286, "text_top10": 0.75}