{"num_src_sents": 497, "demosthenes_1856_1": {"tgt_lang": "de", "transl_top1": 0.4346076458752515, "transl_top5": 0.5814889336016097, "transl_top10": 0.6579476861167002, "num_nulls": 0, "num_tgt_sents": 4305}, "demosthenes_1856": {"tgt_lang": "en", "transl_top1": 0.4607645875251509, "transl_top5": 0.6197183098591549, "transl_top10": 0.7082494969818913, "num_nulls": 0, "num_tgt_sents": 7116}, "demosthenes_aeschynes_1861": {"tgt_lang": "fr", "transl_top1": 0.14688128772635814, "transl_top5": 0.19718309859154928, "transl_top10": 0.22937625754527163, "num_nulls": 0, "num_tgt_sents": 36182}, "num_translations": 3, "text_top1": 0.3474178403755869, "text_top5": 0.4661301140174379, "text_top10": 0.5318578135479544}