{"num_src_sents": 183, "luciusSamosata_1_1869": {"tgt_lang": "fr", "transl_top1": 0.34972677595628415, "transl_top5": 0.5573770491803278, "transl_top10": 0.6557377049180327, "num_nulls": 0, "num_tgt_sents": 14187}, "num_translations": 1, "text_top1": 0.34972677595628415, "text_top5": 0.5573770491803278, "text_top10": 0.6557377049180327}