{"num_src_sents": 235, "lucian_1829_10": {"tgt_lang": "de", "transl_top1": 0.41702127659574467, "transl_top5": 0.6042553191489362, "transl_top10": 0.7021276595744681, "num_nulls": 0, "num_tgt_sents": 4222, "retrieval_preds": [[1970, 1473, 2131, 833, 3088, 2284, 571, 1999], [1970, 3297, 2868, 4118, 2000, 2522, 3824, 2391], [1586, 3053, 987, 1464, 1010, 1975, 334, 3242], [1977, 70, 1584, 2000, 1462, 1677, 1866, 578], [1978, 22, 694, 1979, 1104, 56, 2489, 1415], [1979, 1970, 1487, 2393, 1408, 3257, 2381, 1614], [1386, 1981, 1826, 3612, 3857, 2419, 1932, 179], [1303, 1982, 3069, 3281, 1493, 851, 1971, 1266], [2369, 2596, 3304, 3428, 585, 516, 2408, 3353], [1984, 2339, 1442, 78, 2714, 3053, 319, 1866], [1986, 2246, 1694, 2018, 1846, 532, 3790, 1011], [1988, 1011, 2339, 430, 2681, 2246, 2084, 2775], [1990, 557, 1473, 132, 2841, 1563, 1999, 1569], [1992, 3150, 3174, 334, 4090, 3511, 1479, 3699], [1993, 1988, 3150, 3790, 334, 3174, 2701, 761], [1479, 1996, 1473, 1586, 3752, 1694, 1067, 2706], [3639, 3642, 3524, 3675, 4220, 3509, 13, 3667], [1999, 2332, 3621, 851, 1918, 338, 130, 771], [2000, 3120, 3484, 2061, 1504, 1462, 671, 741], [1479, 2393, 3261, 85, 532, 2337, 2276, 3150], [2329, 2276, 2320, 2783, 2006, 2119, 340, 3174], [1988, 1846, 353, 430, 1089, 968, 138, 2059], [1178, 2012, 1659, 4199, 2371, 2317, 4096, 2558], [69, 2514, 3489, 1642, 1172, 3166, 4184, 3095], [2918, 2775, 2783, 532, 1586, 1846, 2018, 3027], [2018, 2246, 2775, 532, 3064, 2918, 2339, 2740], [2821, 772, 101, 578, 2019, 3516, 3126, 1645], [2020, 2190, 2241, 2043, 2159, 2016, 3232, 989], [3988, 2022, 2393, 1521, 2017, 26, 342, 2183], [711, 2270, 2017, 2375, 3485, 967, 2196, 2297], [1952, 968, 1100, 181, 3076, 3399, 3186, 3486], [2240, 571, 2048, 3102, 1451, 991, 3171, 749], [2031, 2037, 68, 2148, 2784, 720, 2745, 3467], [2321, 667, 186, 2740, 2612, 2236, 2372, 3106], [2464, 2035, 2519, 466, 4003, 2457, 2516, 2154], [2037, 3064, 1213, 2031, 1473, 3602, 2784, 2032], [165, 3440, 703, 2969, 2734, 2185, 658, 19], [2039, 3476, 3412, 3821, 1288, 677, 858, 2772], [2135, 1021, 2131, 1740, 2372, 3139, 36, 1743], [2042, 1154, 2860, 3494, 696, 121, 2529, 1959], [2043, 2241, 1773, 2190, 498, 2045, 2020, 2244], [2012, 1178, 1659, 4096, 4161, 1256, 379, 2238], [2053, 2048, 3992, 2373, 3157, 1740, 4024, 2094], [2049, 114, 3053, 3045, 338, 1340, 1317, 1010], [2050, 2032, 3242, 1479, 2187, 2051, 3757, 4026], [1846, 2059, 1009, 2714, 2612, 1011, 2320, 1010], [2055, 3313, 2165, 4158, 739, 1303, 2724, 2891], [4154, 1741, 181, 1866, 114, 4026, 346, 3144], [2956, 1886, 3187, 1729, 790, 3393, 1731, 3214], [1621, 3414, 2059, 3381, 2943, 2798, 2372, 2806], [2059, 2329, 2320, 1547, 1234, 2715, 2048, 2698], [2061, 2514, 338, 3762, 2698, 117, 671, 503], [2062, 2063, 3021, 2339, 1485, 988, 1011, 1067], [2264, 3401, 3945, 967, 2514, 3891, 1235, 3781], [128, 2066, 3611, 1942, 4136, 664, 4131, 1947], [2761, 527, 2077, 466, 3087, 2068, 2745, 1011], [2925, 1451, 2077, 2088, 1473, 2070, 1081, 2759], [2077, 1846, 2075, 2088, 956, 2843, 968, 1011], [2078, 2077, 2500, 1547, 3096, 3035, 1560, 3863], [3276, 2082, 3290, 3114, 681, 3129, 3215, 3541], [1866, 1846, 1964, 2246, 2745, 2463, 332, 1718], [2088, 2772, 4212, 4087, 4219, 2474, 3809, 663], [3139, 3871, 1865, 1319, 1741, 2372, 2007, 394], [2740, 340, 3219, 334, 2329, 2320, 3261, 2059], [1757, 4131, 2092, 2805, 3831, 2821, 4159, 328], [2581, 3139, 394, 2220, 2095, 3832, 3056, 4155], [2224, 2221, 819, 3653, 2458, 2324, 3962, 3309], [2805, 2372, 101, 579, 772, 1757, 727, 2782], [2097, 2746, 1535, 3083, 1433, 711, 2264, 2376], [2098, 3597, 3285, 3438, 521, 887, 3017, 2251], [2099, 1340, 2926, 604, 2920, 1621, 1767, 2991], [2555, 604, 1939, 1213, 991, 1783, 591, 2189], [2104, 1846, 1005, 674, 3645, 513, 430, 1718], [2112, 1150, 2859, 2297, 967, 1659, 765, 2359], [3887, 2184, 604, 2302, 2245, 2310, 85, 711], [2118, 2117, 485, 505, 478, 489, 2311, 2108], [2119, 3274, 1193, 2801, 2264, 102, 1234, 2329], [2059, 2372, 1988, 3397, 2701, 3150, 513, 2320], [1787, 3185, 2128, 1888, 2807, 52, 2943, 2723], [2130, 4003, 1644, 692, 78, 2339, 4000, 4191], [2578, 972, 556, 2764, 502, 2675, 3781, 2514], [2833, 428, 2131, 23, 330, 423, 1675, 2584], [2132, 3144, 1887, 541, 1846, 2088, 727, 1866], [151, 334, 3298, 761, 1718, 2952, 68, 2941], [197, 2137, 2390, 870, 3612, 1828, 2229, 2931], [2138, 2822, 2603, 388, 3760, 4157, 3752, 2078], [2139, 2176, 2146, 2159, 2371, 2140, 2329, 2393], [2143, 3186, 1866, 1993, 1194, 2592, 2374, 3088], [2144, 385, 3066, 458, 132, 101, 2019, 181], [2146, 1479, 3174, 3611, 2246, 3541, 3536, 1694], [2252, 599, 908, 1132, 1506, 3329, 601, 3951], [2147, 2172, 2189, 3974, 1550, 2744, 3975, 3873], [2148, 1473, 1143, 4131, 711, 3828, 1580, 498], [2150, 2374, 3085, 2171, 2837, 2503, 2723, 3752], [2153, 4000, 513, 2339, 334, 3144, 541, 2464], [2519, 1193, 2464, 38, 2457, 2153, 2156, 2205], [2393, 2270, 2176, 2268, 2017, 2014, 2329, 2409], [2159, 2155, 1865, 2742, 1550, 1519, 2171, 2241], [2329, 2606, 181, 3056, 2837, 2320, 2768, 3100], [2162, 3281, 2055, 2742, 3189, 2662, 3019, 2873], [2514, 1863, 2164, 3857, 1879, 1080, 1139, 591], [2165, 1303, 2834, 1195, 3157, 46, 1406, 4205], [2166, 2759, 3045, 2310, 82, 2343, 2146, 3336], [2170, 2356, 1100, 2709, 2778, 2593, 1769, 3195], [2171, 2155, 2532, 3356, 1519, 1525, 2018, 1498], [2172, 2189, 1498, 2329, 3356, 1992, 1191, 2532], [874, 1326, 2188, 2371, 1643, 1491, 1502, 1532], [2174, 2016, 540, 2183, 3897, 2381, 2107, 539], [2278, 3022, 3857, 538, 677, 3130, 3597, 2764], [1736, 756, 387, 2176, 48, 2317, 2298, 3803], [2177, 1189, 2264, 1193, 2874, 1234, 1414, 1274], [1725, 1773, 3178, 2339, 3828, 2178, 2751, 2964], [1473, 3809, 2297, 2038, 3912, 3864, 3755, 2188], [2184, 1317, 674, 1305, 604, 1307, 4187, 2187], [2187, 270, 2104, 2186, 2254, 1713, 2312, 2184], [1178, 2012, 2782, 1326, 2871, 3976, 2877, 2872], [1422, 3268, 2188, 4091, 3551, 563, 3812, 2155], [2172, 2189, 1498, 2329, 1522, 2147, 2877, 1708], [2189, 2374, 2172, 991, 3711, 2555, 1149, 2171], [2215, 2783, 2337, 2159, 2276, 2371, 1509, 3581], [2194, 1521, 2159, 1767, 1319, 1623, 3871, 620], [3879, 3425, 411, 3433, 2744, 8, 3411, 1851], [2196, 2146, 2258, 2302, 3561, 1807, 2337, 2371], [2574, 2201, 4002, 2188, 3492, 467, 1146, 3247], [2625, 1881, 1866, 2762, 251, 565, 270, 749], [2516, 2339, 3027, 3847, 3144, 2088, 2918, 2246], [371, 1553, 2007, 960, 3933, 3056, 3902, 373], [2210, 2393, 2371, 1902, 3849, 2270, 2187, 2263], [2211, 1473, 2018, 1838, 2472, 2246, 3532, 2320], [683, 2212, 277, 491, 138, 1984, 2372, 1584], [2215, 2329, 620, 2139, 2176, 385, 3871, 2144], [2215, 1498, 528, 2609, 1986, 3090, 4003, 1470], [2915, 2279, 2207, 2051, 2216, 2137, 2183, 786], [2217, 505, 541, 478, 550, 2308, 471, 2297], [2246, 2775, 553, 2339, 3144, 3986, 2220, 3828], [1736, 2012, 607, 933, 2215, 756, 2176, 2317], [1705, 2225, 4144, 4056, 4159, 1851, 222, 411], [2919, 2226, 1519, 1525, 3594, 2916, 819, 633], [2227, 4023, 2877, 2871, 1429, 1261, 3568, 3066], [2228, 2227, 3066, 2018, 3148, 1442, 1952, 2230], [2231, 2823, 1340, 82, 2339, 541, 1584, 2780], [4127, 2233, 777, 622, 1055, 3262, 1001, 373], [2376, 813, 711, 870, 2236, 2231, 208, 1150], [2571, 2229, 1932, 2390, 3612, 469, 2937, 2452], [2320, 2032, 2329, 2037, 2018, 2291, 3111, 2139], [2242, 676, 645, 538, 3130, 2305, 2307, 113], [181, 2244, 4154, 813, 2860, 3149, 4146, 3056], [2245, 541, 2917, 1080, 4212, 1075, 3340, 3144], [1195, 4180, 1724, 1855, 2834, 4141, 3204, 1630], [2246, 3611, 3504, 664, 2775, 560, 819, 3539], [2101, 1080, 1082, 1095, 1081, 966, 1100, 2247], [3975, 2251, 1295, 3873, 2766, 1539, 2172, 2278], [2253, 3028, 2268, 3064, 2032, 3076, 2500, 2310], [2025, 2361, 2314, 598, 2775, 2167, 1612, 2221], [1178, 1200, 1256, 397, 46, 379, 1528, 1506], [2256, 2190, 2258, 1723, 3581, 2196, 2257, 2434], [2258, 2092, 2140, 2581, 3427, 4025, 2884, 2124], [1930, 3951, 3975, 3873, 1505, 1530, 2259, 3963], [3541, 3536, 2260, 3611, 1846, 3532, 3535, 1694], [2371, 2263, 2270, 1527, 2297, 2329, 765, 3276], [2265, 505, 520, 490, 2289,