{"num_src_sents": 151, "plutarch_1_1844": {"tgt_lang": "fr", "transl_top1": 0.006622516556291391, "transl_top5": 0.059602649006622516, "transl_top10": 0.12582781456953643, "num_nulls": 0, "num_tgt_sents": 8121}, "plutarch_2_1844": {"tgt_lang": "fr", "transl_top1": 0.2980132450331126, "transl_top5": 0.4768211920529801, "transl_top10": 0.543046357615894, "num_nulls": 0, "num_tgt_sents": 7523}, "num_translations": 2, "text_top1": 0.152317880794702, "text_top5": 0.2682119205298013, "text_top10": 0.3344370860927152}