{"num_src_sents": 291, "philo_4_1855": {"tgt_lang": "en", "transl_top1": 0.020618556701030927, "transl_top5": 0.054982817869415807, "transl_top10": 0.10309278350515463, "num_nulls": 0, "num_tgt_sents": 7517}, "philo_2_1854": {"tgt_lang": "en", "transl_top1": 0.013745704467353952, "transl_top5": 0.054982817869415807, "transl_top10": 0.09278350515463918, "num_nulls": 0, "num_tgt_sents": 7912}, "philo_1_1854": {"tgt_lang": "en", "transl_top1": 0.4329896907216495, "transl_top5": 0.6391752577319587, "transl_top10": 0.6941580756013745, "num_nulls": 0, "num_tgt_sents": 8507}, "num_translations": 3, "text_top1": 0.15578465063001146, "text_top5": 0.24971363115693013, "text_top10": 0.2966781214203894}