{"num_src_sents": 150, "cicero_1855-1892_13": {"tgt_lang": "de", "transl_top1": 0.82, "transl_top5": 0.92, "transl_top10": 0.94, "num_nulls": 0, "num_tgt_sents": 5014}, "cicero_1855-1892_14": {"tgt_lang": "de", "transl_top1": 0.02, "transl_top5": 0.14, "transl_top10": 0.22666666666666666, "num_nulls": 0, "num_tgt_sents": 6557}, "num_translations": 2, "text_top1": 0.42, "text_top5": 0.53, "text_top10": 0.5833333333333333}