{"num_src_sents": 1539, "seneca_1889": {"tgt_lang": "en", "transl_top1": 0.7069525666016894, "transl_top5": 0.8765432098765432, "transl_top10": 0.9330734243014944, "num_nulls": 0, "num_tgt_sents": 6989}, "seneca_1877": {"tgt_lang": "fr", "transl_top1": 0.6205328135152697, "transl_top5": 0.838856400259909, "transl_top10": 0.9051332033788174, "num_nulls": 0, "num_tgt_sents": 29079}, "num_translations": 2, "text_top1": 0.6637426900584795, "text_top5": 0.8576998050682261, "text_top10": 0.9191033138401559}