{"num_src_sents": 301, "anacreon_1870": {"tgt_lang": "de", "transl_top1": 0.17940199335548174, "transl_top5": 0.3222591362126246, "transl_top10": 0.3754152823920266, "num_nulls": 0, "num_tgt_sents": 5470}, "Epictetus_MarcusAurelius_Theophrastus_1855-1891": {"tgt_lang": "de", "transl_top1": 0.21926910299003322, "transl_top5": 0.32558139534883723, "transl_top10": 0.39867109634551495, "num_nulls": 0, "num_tgt_sents": 5160}, "num_translations": 2, "text_top1": 0.19933554817275748, "text_top5": 0.3239202657807309, "text_top10": 0.3870431893687708}