{"num_src_sents": 1529, "plautus_1862_1": {"tgt_lang": "de", "transl_top1": 0.006540222367560497, "transl_top5": 0.02877697841726619, "transl_top10": 0.051013734466971876, "num_nulls": 0, "num_tgt_sents": 4446}, "plautus_1866_2": {"tgt_lang": "de", "transl_top1": 0.007194244604316547, "transl_top5": 0.026160889470241987, "transl_top10": 0.041203400915631135, "num_nulls": 0, "num_tgt_sents": 4445}, "plautus_4_1855": {"tgt_lang": "de", "transl_top1": 0.002616088947024199, "transl_top5": 0.02223675604970569, "transl_top10": 0.03989535644211903, "num_nulls": 0, "num_tgt_sents": 5818}, "plautus_3_1855": {"tgt_lang": "de", "transl_top1": 0.015696533682145193, "transl_top5": 0.03662524525833878, "transl_top10": 0.061478090255068674, "num_nulls": 0, "num_tgt_sents": 5003}, "num_translations": 4, "text_top1": 0.008011772400261609, "text_top5": 0.028449967298888164, "text_top10": 0.04839764551994768}