{"num_src_sents": 178, "plutarch_1898_ethical": {"tgt_lang": "en", "transl_top1": 0.42134831460674155, "transl_top5": 0.5449438202247191, "transl_top10": 0.5955056179775281, "num_nulls": 0, "num_tgt_sents": 5242}, "plutarch_1_1844": {"tgt_lang": "fr", "transl_top1": 0.011235955056179775, "transl_top5": 0.07303370786516854, "transl_top10": 0.10112359550561797, "num_nulls": 0, "num_tgt_sents": 8121}, "plutarch_2_1844": {"tgt_lang": "fr", "transl_top1": 0.16292134831460675, "transl_top5": 0.29775280898876405, "transl_top10": 0.3595505617977528, "num_nulls": 0, "num_tgt_sents": 7523}, "num_translations": 3, "text_top1": 0.19850187265917602, "text_top5": 0.3052434456928839, "text_top10": 0.352059925093633}