{"num_src_sents": 118, "lysias_1856": {"tgt_lang": "de", "transl_top1": 0.559322033898305, "transl_top5": 0.6949152542372882, "transl_top10": 0.7457627118644068, "num_nulls": 0, "num_tgt_sents": 5319, "retrieval_preds": [[2088, 3310, 1943, 1239, 3623, 1205, 1136, 2884], [1150, 4526, 2659, 1229, 1030, 2055, 548, 2185], [1151, 1726, 1120, 931, 2171, 806, 1955, 3329], [1153, 1034, 3493, 1017, 4102, 2967, 2425, 1855], [1154, 1808, 1435, 4102, 1168, 2687, 1686, 4646], [1156, 1155, 2687, 1168, 1808, 4589, 1848, 4163], [1158, 2380, 2687, 4720, 3779, 3858, 241, 783], [1159, 1168, 2464, 1268, 547, 3909, 2776, 1928], [1160, 1190, 2112, 1159, 2659, 2184, 1990, 3874], [1161, 1162, 2882, 125, 188, 5, 3520, 4145], [1163, 3909, 343, 2687, 1468, 3821, 566, 3736], [1164, 3914, 4036, 2460, 1201, 4728, 2153, 4632], [1168, 1669, 2340, 4102, 2515, 1268, 1686, 1848], [1169, 2340, 1982, 433, 2221, 4442, 554, 121], [1170, 1808, 4104, 3800, 1679, 4481, 4388, 3991], [1172, 1131, 1808, 769, 2063, 2931, 2662, 4589], [1174, 3286, 696, 783, 4259, 4044, 761, 3068], [1176, 2128, 2237, 4113, 2227, 3973, 1260, 2215], [1779, 1697, 3290, 3709, 1177, 1449, 1250, 4113], [1178, 715, 2568, 1185, 2061, 1680, 2602, 2791], [1180, 3499, 644, 2831, 4251, 4133, 4113, 1129], [2405, 4192, 3338, 1404, 1278, 1181, 2005, 2540], [1183, 2568, 662, 3078, 2613, 3030, 702, 1185], [1184, 3537, 3914, 1143, 1612, 4115, 1666, 2485], [2542, 1185, 3139, 3291, 3884, 415, 2642, 1485], [1188, 2687, 2691, 644, 1003, 4363, 2457, 1686], [2237, 4193, 2693, 3733, 3685, 2059, 1639, 4113], [1192, 4048, 4701, 3887, 1993, 793, 1928, 683], [4113, 1705, 3556, 445, 1168, 2059, 4109, 2831], [4389, 1196, 61, 4312, 1668, 2128, 2340, 14], [2515, 2563, 1168, 3779, 1964, 4159, 3267, 2181], [1200, 1639, 4108, 4170, 1816, 1784, 3352, 4201], [1201, 687, 2515, 2530, 1784, 2423, 4115, 1068], [1203, 1098, 3288, 2255, 4728, 4036, 1883, 3759], [2530, 1204, 3035, 547, 2008, 1956, 853, 3080], [1205, 1245, 1323, 1943, 2237, 4360, 2138, 2726], [1211, 1015, 4582, 4104, 3868, 1426, 1460, 1735], [1212, 567, 1149, 4609, 3529, 4561, 2148, 818], [1214, 1288, 1308, 1275, 3033, 1273, 2516, 3192], [1143, 1679, 4079, 1808, 1215, 4141, 4115, 873], [2380, 1219, 1980, 1260, 2829, 1749, 1639, 3983], [3083, 2093, 2553, 3513, 4399, 1221, 4205, 4598], [1222, 1754, 1319, 824, 2648, 4683, 4544, 1921], [3362, 1223, 1143, 4327, 1808, 4551, 1315, 2102], [2509, 489, 2076, 2339, 3651, 1366, 1516, 2144], [1471, 2791, 2183, 2464, 2555, 489, 4467, 1771], [1228, 1189, 1805, 745, 1883, 225, 2536, 3792], [1229, 1232, 2416, 1143, 4175, 652, 1135, 2095], [1231, 2213, 720, 1975, 1235, 1205, 3374, 794], [1232, 975, 982, 3338, 3288, 1000, 715, 2530], [1234, 1554, 3077, 73, 4140, 789, 4148, 2442], [1235, 714, 2173, 1231, 675, 677, 3225, 1315], [1236, 1096, 3592, 2791, 1805, 2659, 2617, 1277], [1239, 1238, 2173, 4070, 3991, 2385, 2706, 1365], [1240, 1298, 3964, 2513, 4720, 4724, 2185, 2597], [514, 2390, 2651, 578, 3030, 344, 1212, 1140], [4687, 848, 1243, 851, 1943, 739, 2401, 701], [1244, 4204, 2148, 4226, 4650, 823, 4511, 1931], [1245, 1209, 565, 1680, 1180, 437, 2042, 1211], [4126, 1247, 4201, 4246, 3475, 2142, 3964, 2168], [1248, 1298, 164, 1460, 3974, 1808, 1269, 2055], [1249, 4292, 2021, 1169, 2215, 1340, 4540, 923], [714, 4059, 4539, 367, 2536, 440, 2707, 1260], [1518, 2689, 1296, 2533, 1969, 2419, 2532, 2434], [1250, 4632, 3237, 2563, 3617, 3733, 3351, 2405], [1808, 4141, 1003, 4589, 2130, 4104, 2738, 3964], [3878, 560, 586, 4843, 4244, 2750, 5273, 1254], [1255, 3218, 1763, 1310, 1539, 3414, 1517, 1521], [2404, 4661, 636, 3733, 4201, 1313, 3329, 4193], [1257, 834, 1632, 843, 2830, 3266, 2659, 747], [1259, 1227, 748, 2214, 3994, 1803, 1276, 1544], [1260, 3194, 3412, 4327, 2967, 4551, 4042, 1289], [4192, 3338, 1239, 1263, 2530, 1790, 4037, 4358], [1265, 2430, 823, 793, 4667, 4053, 1153, 2525], [1266, 4417, 3329, 1955, 3755, 1539, 4398, 2005], [1268, 2776, 1557, 2563, 3903, 40, 1168, 1808], [1269, 720, 3737, 1268, 1159, 4155, 1271, 2405], [1271, 1983, 1089, 3317, 3237, 1091, 2516, 3338], [1129, 1272, 3779, 135, 2546, 2921, 1143, 1320], [1275, 2935, 1268, 1308, 1307, 2648, 888, 1269], [1276, 749, 748, 834, 2764, 4514, 161, 1057], [1277, 3329, 832, 2010, 1811, 3797, 1998, 2543], [1278, 1325, 4159, 2339, 4187, 2423, 2403, 2563], [1279, 4251, 3600, 361, 2558, 3888, 1614, 2457], [1281, 2484, 1284, 1543, 1760, 1959, 2995, 2039], [1283, 1958, 1784, 2540, 4120, 4113, 1639, 4043], [1284, 2128, 2416, 4113, 2349, 1525, 3803, 3853], [2540, 4356, 3562, 4043, 1283, 2511, 1985, 3952], [1784, 1287, 4120, 1793, 1777, 4104, 1705, 2399], [1288, 1308, 1299, 1307, 2571, 2340, 2434, 1214], [1289, 2967, 3021, 2242, 4193, 3396, 4386, 4004], [1291, 715, 3187, 3995, 3338, 1040, 2530, 782], [1292, 3779, 650, 765, 2175, 644, 2302, 1129], [1293, 2563, 2643, 2340, 1808, 2525, 3654, 1669], [1294, 1168, 2515, 1189, 1308, 1839, 4856, 2468], [1295, 3003, 1758, 4417, 2314, 4096, 1309, 2733], [1296, 1308, 1307, 2434, 2339, 2243, 888, 3789], [1297, 4401, 4509, 1510, 1390, 2006, 1057, 161], [1298, 2817, 3903, 3842, 3267, 2918, 4064, 2464], [1299, 3887, 4159, 2330, 4149, 693, 62, 4048], [1300, 2914, 1927, 4390, 3475, 2008, 807, 2457], [1301, 1307, 2385, 4525, 1288, 1320, 2662, 672], [2177, 4183, 68, 4720, 2185, 4709, 710, 796], [1308, 1307, 2177, 2433, 796, 2099, 2687, 807], [1309, 4096, 1218, 4417, 2659, 4133, 1253, 1180], [1310, 3759, 1682, 3901, 3685, 948, 2262, 3761], [1312, 1716, 2922, 1315, 162, 4647, 630, 1887], [1313, 857, 4113, 2057, 1640, 2181, 2525, 4149], [1314, 1528, 522, 3705, 4364, 1531, 2432, 1881], [1315, 121, 4463, 1808, 1156, 1170, 3991, 1239], [748, 2291, 4509, 1276, 1317, 831, 2420, 1798], [1319, 732, 778, 3316, 3909, 755, 1222, 970], [3033, 1155, 1320, 1308, 2552, 2468, 1215, 4420], [1321, 1760, 2239, 3654, 1445, 2879, 3638, 3634], [681, 4028, 3988, 4102, 1322, 2609, 630, 4325], [1325, 1278, 4646, 1327, 1154, 4201, 1308, 2243], [1328, 2968, 2179, 2005, 2572, 542, 2511, 3338], [2059, 2060, 3285, 1178, 3562, 4116, 1209, 3547]]}, "num_translations": 1, "text_top1": 0.559322033898305, "text_top5": 0.6949152542372882, "text_top10": 0.7457627118644068}