{"num_src_sents": 89, "isocrates_1832_1": {"tgt_lang": "de", "transl_top1": 0.011235955056179775, "transl_top5": 0.02247191011235955, "transl_top10": 0.07865168539325842, "num_nulls": 0, "num_tgt_sents": 3528, "retrieval_preds": [[1511, 2765, 1952, 1902, 1889, 2332, 2808, 1665], [1184, 2808, 2833, 1902, 1241, 2765, 1840, 2121], [1331, 1237, 1511, 2776, 1797, 2808, 1901, 2844], [3447, 2295, 1902, 2808, 2107, 589, 3515, 726], [1325, 2165, 2107, 947, 2960, 2831, 722, 2764], [2874, 2770, 1759, 1935, 720, 181, 869, 3521], [2110, 2990, 2992, 2322, 2006, 2791, 1765, 2594], [2808, 2451, 2291, 2121, 1902, 1803, 1644, 2107], [2831, 2299, 2949, 2237, 1643, 2971, 2280, 2463], [578, 1379, 197, 3439, 1912, 224, 214, 205], [1238, 2895, 2615, 2109, 1128, 1174, 3388, 3431], [3404, 2126, 1777, 2834, 3444, 2775, 589, 1263], [1177, 2459, 1938, 2272, 1280, 2571, 2765, 1184], [2976, 1455, 2894, 2255, 2328, 2334, 2898, 2261], [1728, 2332, 1262, 2983, 823, 2775, 1738, 1490], [1212, 2934, 2615, 915, 2286, 1355, 1264, 2789], [565, 1961, 1270, 1205, 1874, 2170, 3203, 2540], [422, 2494, 3490, 804, 698, 2482, 1368, 2474], [842, 1940, 1387, 2792, 2452, 1574, 417, 1182], [3205, 1377, 2124, 2268, 1256, 1335, 1787, 1234], [1656, 1798, 2769, 1334, 412, 1889, 589, 2006], [2831, 2229, 1024, 2299, 1734, 2268, 2823, 2941], [2451, 1889, 2833, 1902, 1924, 622, 2825, 2622], [1938, 475, 2330, 1943, 1722, 1929, 1724, 2579], [1511, 1273, 1717, 2870, 1970, 3225, 2965, 1483], [2353, 2920, 1943, 678, 3502, 3343, 3168, 685], [2958, 1298, 2304, 1249, 703, 3022, 436, 1341], [2215, 1498, 2978, 2773, 935, 2753, 2667, 2171], [1644, 622, 1902, 2451, 1739, 2833, 879, 3406], [1486, 2833, 2482, 1656, 2808, 2297, 3515, 1761], [1311, 1314, 2578, 1644, 2584, 1289, 2906, 2494], [2883, 1368, 2280, 3423, 3198, 243, 2833, 2299], [452, 243, 2903, 258, 1228, 3151, 3464, 1435], [1946, 2752, 1665, 443, 1951, 2978, 1924, 392], [1169, 890, 886, 390, 2258, 1421, 2649, 1228], [682, 1901, 440, 1917, 971, 392, 698, 2531], [2758, 1498, 2815, 1922, 2215, 2238, 1234, 2180], [2494, 1790, 3393, 2815, 2833, 2474, 1314, 1654], [1311, 1644, 1902, 2825, 1490, 2833, 2121, 2622], [1787, 1960, 1367, 1311, 2833, 924, 1314, 1407], [2906, 2833, 1739, 3232, 1311, 1314, 1852, 2688], [2493, 2906, 2833, 3393, 1314, 1341, 823, 2453], [2331, 1771, 1666, 956, 712, 3233, 2162, 3234], [685, 2276, 2317, 2543, 1749, 1712, 448, 591], [2451, 2833, 2622, 1254, 1902, 1241, 1840, 2808], [1465, 1402, 2193, 1342, 2945, 3234, 1347, 1324], [1343, 2946, 1012, 1347, 2857, 1761, 3114, 3235], [2947, 2946, 1273, 1323, 1325, 1667, 3227, 2379], [2949, 1264, 2229, 2299, 1324, 1330, 1518, 1456], [1731, 1511, 1273, 1728, 1314, 1371, 2870, 3225], [1742, 2692, 1173, 3436, 1013, 3443, 623, 2870], [1311, 1944, 728, 2906, 1644, 3213, 2215, 1334], [2833, 2451, 1902, 1311, 1739, 1889, 1241, 2121], [1352, 573, 2833, 2299, 1318, 2239, 2578, 1739], [392, 393, 1353, 288, 1943, 1955, 678, 977], [440, 2797, 2826, 448, 3355, 1368, 279, 2762], [440, 2833, 1368, 247, 443, 1902, 1644, 3516], [1798, 1902, 2451, 247, 844, 2493, 2787, 1644], [2451, 1322, 3447, 589, 1924, 2769, 1798, 2107], [2833, 1311, 1367, 1254, 2578, 1902, 1241, 1644], [1254, 1367, 1241, 1311, 817, 1877, 1208, 2451], [247, 2785, 2969, 2107, 1467, 298, 443, 445], [1428, 1323, 1511, 1498, 2833, 2180, 2753, 247], [1259, 1234, 1905, 3225, 1787, 2291, 2947, 2267], [1938, 1788, 1318, 2870, 1432, 1716, 1798, 2965], [1931, 1645, 2959, 2903, 1852, 1691, 1180, 1780], [1902, 2833, 2121, 2451, 1960, 2163, 2825, 1241], [2833, 2782, 1339, 1902, 1889, 1334, 2990, 2451], [2341, 658, 2293, 2927, 2622, 1761, 2107, 2105], [1184, 1334, 1214, 2971, 3173, 2622, 2782, 3413], [2765, 2325, 240, 3243, 1889, 2250, 309, 3429], [1912, 1229, 224, 705, 3439, 2894, 708, 2243], [1184, 2785, 299, 309, 230, 2237, 2917, 2622], [2189, 2148, 1712, 1176, 1936, 2242, 587, 2609], [2455, 589, 3355, 445, 440, 3447, 1777, 247], [1924, 1241, 823, 2989, 954, 2017, 1490, 1960], [1355, 3199, 3169, 2202, 269, 2485, 1002, 432], [581, 2622, 2833, 698, 1889, 1787, 2207, 2815], [954, 3198, 473, 1889, 1232, 162, 240, 658], [1341, 2451, 1175, 1344, 1889, 2833, 2839, 2782], [1602, 1185, 1698, 2524, 1943, 1164, 1237, 1903], [2451, 2833, 2195, 1314, 1321, 1254, 1924, 1739], [1924, 1254, 2833, 1314, 2622, 455, 3393, 1948], [2832, 1852, 816, 2185, 1665, 3315, 2467, 2145], [1250, 1242, 1898, 2833, 1482, 2903, 1454, 2579], [2833, 1780, 2277, 2622, 2578, 2769, 1289, 455], [1728, 1959, 1834, 1327, 1273, 1482, 1371, 2145], [288, 977, 294, 970, 3215, 182, 206, 1638], [2622, 2107, 2797, 589, 2121, 1840, 2451, 1649]]}, "isocrates_1835_5": {"tgt_lang": "de", "transl_top1": 0.5280898876404494, "transl_top5": 0.6292134831460674, "transl_top10": 0.6629213483146067, "num_nulls": 0, "num_tgt_sents": 4051,