{"num_src_sents": 1201, "terence_1866": {"tgt_lang": "de", "transl_top1": 0.05328892589508743, "transl_top5": 0.1015820149875104, "transl_top10": 0.13488759367194006, "num_nulls": 1, "num_tgt_sents": 5170}, "terence_phaedrus_1891": {"tgt_lang": "en", "transl_top1": 0.4196502914238135, "transl_top5": 0.5770191507077436, "transl_top10": 0.6228143213988343, "num_nulls": 1, "num_tgt_sents": 15708}, "terence_1863": {"tgt_lang": "fr", "transl_top1": 0.29725228975853457, "transl_top5": 0.4454621149042465, "transl_top10": 0.5062447960033306, "num_nulls": 0, "num_tgt_sents": 12726}, "num_translations": 3, "text_top1": 0.2567305023591452, "text_top5": 0.3746877601998335, "text_top10": 0.42131557035803496}