{"num_src_sents": 12, "theocritus_1878": {"tgt_lang": "en", "transl_top1": 0.08333333333333333, "transl_top5": 0.16666666666666666, "transl_top10": 0.16666666666666666, "num_nulls": 0, "num_tgt_sents": 6617}, "hesiod_nd": {"tgt_lang": "fr", "transl_top1": 0.08333333333333333, "transl_top5": 0.16666666666666666, "transl_top10": 0.3333333333333333, "num_nulls": 0, "num_tgt_sents": 3571}, "num_translations": 2, "text_top1": 0.08333333333333333, "text_top5": 0.16666666666666666, "text_top10": 0.25}