{"num_src_sents": 76, "justin_cNepos_eutropius_1902": {"tgt_lang": "en", "transl_top1": 0.6052631578947368, "transl_top5": 0.7368421052631579, "transl_top10": 0.8026315789473685, "num_nulls": 0, "num_tgt_sents": 9841}, "corneliusNepos_1856": {"tgt_lang": "de", "transl_top1": 0.8289473684210527, "transl_top5": 0.9210526315789473, "transl_top10": 0.9473684210526315, "num_nulls": 0, "num_tgt_sents": 2320}, "num_translations": 2, "text_top1": 0.7171052631578947, "text_top5": 0.8289473684210527, "text_top10": 0.875}