{"num_src_sents": 32, "lysias_1856": {"tgt_lang": "de", "transl_top1": 0.03125, "transl_top5": 0.1875, "transl_top10": 0.25, "num_nulls": 0, "num_tgt_sents": 5319, "retrieval_preds": [[1770, 3475, 4641, 3413, 1686, 1055, 982, 1668], [1774, 2765, 3903, 1670, 3941, 1668, 1669, 4678], [966, 945, 3055, 3731, 1271, 3398, 3217, 2817], [1686, 1777, 1679, 1761, 3561, 2521, 2731, 4388], [1779, 1682, 1614, 2295, 4102, 2817, 3492, 1211], [1781, 1683, 1967, 2295, 275, 1682, 2340, 3342], [1784, 2530, 1686, 1783, 2515, 1089, 4108, 2498], [3617, 1814, 1180, 1761, 4388, 2059, 4108, 1621], [1686, 1784, 1692, 3144, 1787, 1783, 2515, 3821], [2725, 1617, 547, 1355, 2530, 3909, 2028, 3376], [1791, 1701, 1680, 1778, 4120, 1985, 3547, 1037], [1793, 1704, 1647, 1706, 3920, 4582, 2399, 4121], [3413, 1686, 1731, 1783, 2423, 3384, 1668, 1795], [3384, 4064, 3247, 1988, 3232, 1665, 3425, 1668], [2405, 1288, 1955, 2237, 2423, 1903, 1954, 1797], [1798, 1736, 2456, 2291, 4509, 3789, 4513, 1542], [1800, 748, 1738, 1057, 1276, 2356, 161, 1317], [2917, 1739, 1497, 2702, 1798, 1801, 475, 3685], [1524, 2592, 3759, 1578, 1049, 2316, 4747, 3547], [161, 2291, 1803, 1095, 4509, 834, 1262, 2917], [1049, 1524, 3181, 2592, 2214, 2429, 1977, 1208], [1958, 1805, 1743, 1739, 1705, 3353, 1888, 1801], [1744, 1806, 2592, 1791, 1771, 4477, 3037, 1623], [1808, 2625, 3800, 3893, 4325, 2736, 4582, 1106], [1810, 4010, 2380, 4683, 2647, 1754, 4545, 3348], [4539, 1812, 4204, 2962, 2181, 2081, 2547, 3225], [586, 5270, 4827, 5253, 195, 5123, 3288, 941], [1814, 1761, 4388, 1679, 2399, 1786, 3597, 949], [3914, 4133, 1180, 4126, 2633, 2405, 4201, 1816], [1818, 1044, 3637, 1815, 2572, 2073, 1207, 4131], [1767, 1819, 2358, 1668, 1015, 1669, 600, 3747], [3705, 1306, 4865, 2278, 486, 4963, 1901, 1540]]}, "num_translations": 1, "text_top1": 0.03125, "text_top5": 0.1875, "text_top10": 0.25}