{"num_src_sents": 2288, "sophistesGrecs_1842": {"tgt_lang": "fr", "transl_top1": 0.00043706293706293706, "transl_top5": 0.003933566433566434, "transl_top10": 0.013986013986013986, "num_nulls": 0, "num_tgt_sents": 7988}, "num_translations": 1, "text_top1": 0.00043706293706293706, "text_top5": 0.003933566433566434, "text_top10": 0.013986013986013986}