{"num_src_sents": 27, "demosthenes_1_1863": {"tgt_lang": "fr", "transl_top1": 0.1111111111111111, "transl_top5": 0.18518518518518517, "transl_top10": 0.2962962962962963, "num_nulls": 0, "num_tgt_sents": 3406, "retrieval_preds": [[1346, 1370, 2410, 1907, 1742, 299, 1634, 277], [1794, 1764, 629, 2452, 748, 1637, 2475, 2353], [2382, 624, 748, 680, 3112, 2384, 629, 3315], [400, 1323, 299, 3315, 1346, 3289, 1794, 836], [2410, 585, 2548, 1634, 2189, 2160, 2341, 1379], [2089, 339, 2889, 515, 3356, 3026, 2363, 699], [468, 3126, 1260, 2089, 2246, 1489, 2259, 2888], [2410, 3126, 1026, 1524, 729, 1346, 2559, 2160], [2160, 2382, 2129, 2260, 2289, 3265, 2189, 339], [3315, 15, 400, 3126, 3321, 3112, 677, 3289], [1737, 1785, 2730, 585, 3242, 1188, 2015, 3000], [3315, 2889, 836, 2730, 513, 1080, 3126, 1094], [1375, 3113, 2565, 2935, 3078, 1839, 819, 1439], [2889, 2489, 2408, 2065, 2225, 1649, 35, 2723], [1794, 3112, 2997, 400, 2962, 1314, 2835, 1972], [2719, 2559, 2475, 2889, 2382, 2160, 1346, 1634], [1794, 2353, 2489, 981, 1781, 387, 1568, 2341], [3192, 587, 1307, 1737, 1802, 1767, 2962, 2640], [1009, 367, 2928, 1019, 2639, 3120, 2462, 2046], [2410, 1250, 2997, 3001, 3352, 2353, 1794, 1736], [2189, 1107, 3152, 2225, 354, 1736, 2890, 1803], [1907, 2160, 1877, 207, 1346, 680, 3051, 2261], [2887, 2028, 3127, 1640, 1861, 3362, 249, 1554], [3142, 3175, 1397, 1807, 3171, 3202, 1165, 2331], [1794, 1080, 2410, 2190, 469, 2750, 0, 1884], [2410, 748, 1346, 1250, 1794, 3197, 400, 3229], [981, 1379, 2410, 3133, 667, 1370, 851, 277]]}, "demosthenes_aeschynes_1861": {"tgt_lang": "fr", "transl_top1": 0.07407407407407407, "transl_top5": 0.18518518518518517, "transl_top10": 0.25925925925925924, "num_nulls": 0, "num_tgt_sents": 36182, "retrieval_preds": [[2570, 15083, 15821, 5506, 3052, 4560, 21246, 15746], [3052, 9914, 7431, 35272, 21431, 34799, 11698, 4361], [3052, 7431, 9334, 5025, 7094, 2533, 26231, 5942], [2512, 33833, 4517, 1446, 16361, 10888, 21831, 4219], [21246, 4560, 1713, 34454, 20241, 9931, 9917, 14684], [3357, 6407, 3352, 5545, 2552, 3366, 16049, 18043], [9038, 20568, 8900, 9467, 15414, 15991, 12534, 1588], [3052, 15746, 20241, 15821, 17389, 33914, 3607, 15083], [21438, 21193, 4426, 15056, 16053, 1713, 9876, 15870], [6418, 3418, 9539, 4517, 5616, 6028, 15821, 6032], [21551, 35241, 6996, 6125, 7278, 25424, 20535, 20568], [4373, 19290, 19029, 9539, 15870, 11698, 9896, 7116], [34941, 13142, 25778, 35577, 5141, 5989, 17846, 32818], [9049, 11480, 5481, 3077, 18427, 16426, 7116, 9747], [7456, 4219, 9413, 9527, 15295, 15821, 32885, 6028], [2533, 21246, 21779, 3935, 4219, 2570, 15821, 35483], [19949, 227, 6632, 4378, 22280, 6443, 16325, 5490], [6446, 7240, 35242, 13376, 22420, 7568, 4146, 6048], [6447, 13729, 31034, 15460, 12853, 26317, 8505, 32394], [3052, 35272, 10944, 21812, 4447, 5683, 21431, 3935], [6453, 2410, 15348, 9696, 2138, 3924, 18506, 21409], [5125, 4589, 18766, 17211, 7431, 29910, 20951, 24373], [5010, 22560, 30784, 2542, 19802, 25614, 21772, 28701], [3392, 7359, 24371, 16913, 33808, 3406, 3667, 3642], [3052, 5236, 2533, 9914, 17152, 14185, 15821, 21438], [6466, 3052, 16321, 15083, 15370, 4187, 15821, 9238], [2550, 18848, 17152, 15371, 3052, 4930, 20596, 3678]]}, "demosthenes_2_1861": {"tgt_lang": "fr", "transl_top1": 0.07407407407407407, "transl_top5": 0.18518518518518517, "transl_top10": 0.3333333333333333, "num_nulls": 0, "num_tgt_sents": 2969, "retrieval_preds": [[1688, 2645, 2199, 1733, 934, 2099, 2790, 1615], [883, 1122, 2328, 2199, 308, 792, 1435, 190], [399, 789, 883, 2241, 1300, 1237, 747, 2818], [883, 789, 1472, 2734, 989, 1359, 1902, 1650], [2513, 1467, 789, 2388, 1095, 334, 1122, 413], [380, 2675, 375, 514, 964, 378, 379, 2808], [28, 1173, 2002, 1351, 1195, 1252, 2668, 1662], [2965, 2682, 1122, 975, 1688, 2199, 413, 37], [1193, 1089, 2807, 2965, 1043, 1467, 1704, 2727], [447, 2004, 1489, 1122, 2685, 1360, 1995, 2889], [410, 2702, 1467, 789, 1810, 2388, 759, 1095], [738, 396, 1030, 2559, 883, 1741, 2355, 2107], [1730, 1061, 469, 781, 430, 988, 1511, 2438], [37, 1263, 669, 1405, 2530, 2965, 792, 1435], [883, 66, 991, 738, 789, 1469, 2004, 409], [413, 206, 2965, 416, 2705, 37, 934, 2199], [2710, 2241, 2530, 2807, 2550, 964, 1783, 159], [757, 634, 1287, 1932, 316, 2693, 1391, 313], [1791, 867, 2539, 1412, 1919, 381, 1663, 1481], [2199, 789, 1122, 1237, 37, 1469, 2428, 356], [2723, 60, 771, 1125, 2807, 2002, 0, 1783], [1424, 2727, 2965, 789, 2506, 325, 1691, 1193], [2718, 786, 2202, 132, 1438, 1573, 1147, 728], [423, 436, 976, 2738, 792, 758, 874, 302], [1500, 2428, 1469, 1438, 2202, 2132, 738, 308], [883, 1685, 2199, 37, 1122, 1030, 2965, 426], [1688, 2749, 158, 2199, 792, 1424, 2666, 1733]]}, "num_translations": 3, "text_top1": 0.08641975308641975, "text_top5": 0.18518518518518517, "text_top10": 0.2962962962962963}