{"num_src_sents": 47, "demosthenes_1_1863": {"tgt_lang": "fr", "transl_top1": 0.02127659574468085, "transl_top5": 0.0851063829787234, "transl_top10": 0.1702127659574468, "num_nulls": 0, "num_tgt_sents": 3406, "retrieval_preds": [[518, 1777, 2422, 2394, 1456, 2065, 901, 1875], [2627, 1509, 1863, 2617, 2190, 3159, 1883, 2618], [1791, 1952, 250, 2508, 3274, 119, 989, 1054], [585, 2459, 2015, 2627, 2280, 2361, 2487, 677], [1483, 899, 2301, 1806, 1489, 3126, 1709, 2189], [387, 482, 2123, 2129, 726, 2035, 300, 1811], [1535, 2461, 29, 1494, 203, 2015, 2678, 1116], [1922, 1948, 3035, 460, 1107, 2391, 818, 1409], [2138, 1794, 3198, 267, 2452, 1379, 2557, 2576], [1253, 1972, 1509, 2261, 1971, 2008, 687, 1256], [3306, 323, 339, 3019, 1863, 3198, 2026, 1744], [2382, 267, 1622, 2172, 1370, 1808, 1379, 1634], [2410, 1634, 3287, 1250, 3152, 3357, 524, 2954], [2489, 203, 385, 2225, 1620, 2410, 2492, 1619], [2410, 2353, 469, 1077, 2278, 1107, 3153, 748], [2465, 277, 469, 2278, 2261, 1379, 2890, 3153], [197, 1838, 211, 2854, 2882, 207, 954, 210], [2489, 2719, 80, 203, 385, 2529, 2889, 981], [1108, 1811, 1806, 2492, 1109, 633, 1483, 858], [3364, 3237, 3035, 3319, 2357, 2459, 903, 3269], [2353, 3315, 2410, 1323, 3159, 1971, 3040, 1296], [2353, 277, 2410, 585, 414, 369, 1794, 469], [1738, 1107, 1230, 2626, 1064, 2409, 2826, 1805], [1943, 197, 2414, 1642, 1810, 2721, 203, 134], [704, 687, 2465, 2889, 2261, 3126, 858, 2015], [3315, 15, 3289, 3051, 1884, 323, 207, 1370], [1299, 1881, 3315, 36, 3319, 2742, 3291, 2723], [261, 1805, 2908, 729, 668, 3328, 1499, 3110], [2830, 1515, 2330, 2418, 512, 759, 1405, 310], [2763, 1839, 1015, 1650, 2831, 2688, 118, 2383], [1859, 1183, 2437, 2831, 2688, 1107, 3329, 1132], [1655, 1007, 1627, 642, 2172, 1628, 226, 1562], [3037, 1948, 192, 2815, 1947, 2356, 2864, 538], [683, 2021, 748, 277, 2514, 3287, 726, 1910], [2708, 1222, 1794, 3292, 2889, 148, 2868, 1445], [1250, 2410, 2353, 836, 2382, 3364, 851, 3153], [2725, 2353, 2410, 277, 2983, 3229, 2855, 1370], [1093, 326, 401, 341, 3319, 668, 370, 2350], [1080, 0, 2261, 2452, 1116, 3321, 469, 1794], [687, 2705, 2659, 3319, 1287, 1144, 3126, 822], [2492, 3364, 1292, 2353, 3319, 2725, 1323, 2018], [2384, 2382, 691, 3369, 3230, 3371, 2138, 1057], [3152, 1107, 3356, 354, 2246, 3321, 1253, 1666], [1460, 2721, 2152, 2417, 1649, 499, 2870, 3292], [15, 2557, 3140, 2353, 1794, 2384, 3370, 2261], [1971, 3371, 2351, 1280, 2962, 1250, 3133, 2353], [1253, 3, 1883, 1299, 1971, 1972, 2192, 1837]]}, "demosthenes_aeschynes_1861": {"tgt_lang": "fr", "transl_top1": 0.0, "transl_top5": 0.06382978723404255, "transl_top10": 0.0851063829787234, "num_nulls": 0, "num_tgt_sents": 36182, "retrieval_preds": [[18698, 8592, 3476, 11321, 8595, 11324, 20667, 23693], [6273, 35324, 21248, 8191, 20711, 19237, 18154, 7825], [9614, 8191, 8421, 8341, 12501, 23454, 24985, 21556], [6276, 25083, 9238, 13306, 24182, 18766, 26049, 10712], [6277, 2206, 4973, 9301, 7287, 6626, 227, 14891], [6278, 205, 364, 18667, 18613, 22649, 14631, 17256], [3913, 15871, 21914, 30837, 34959, 7092, 6540, 23121], [34840, 33620, 9417, 22923, 20965, 11420, 6529, 6335], [6283, 4696, 6287, 3052, 21193, 4110, 3689, 4602], [6287, 13376, 23692, 20535, 35300, 8866, 9914, 21013], [4061, 15475, 14958, 6529, 25592, 6023, 5501, 15477], [15371, 6289, 15514, 2570, 3052, 18431, 7202, 18848], [20804, 35400, 6291, 9914, 17576, 13371, 21351, 32090], [6294, 20554, 17395, 344, 33900, 1267, 14746, 33907], [3052, 21246, 17445, 14746, 6297, 9592, 20241, 4602], [21513, 6122, 15274, 6298, 9323, 12371, 9822, 35300], [6300, 18165, 27278, 10899, 18367, 10599, 33531, 9003], [6302, 15827, 4571, 9539, 6169, 5588, 17615, 5218], [4995, 12487, 26359, 12371, 21447, 20690, 3908, 17833], [6305, 35588, 1448, 21551, 22923, 17277, 32132, 25803], [3052, 4202, 8816, 13688, 12732, 30339, 15295, 6175], [3052, 20241, 17445, 15546, 17576, 33774, 4560, 7202], [9874, 7092, 16150, 6315, 26028, 9914, 35386, 12637], [6315, 12765, 16715, 26055, 18906, 35660, 16958, 6937], [6315, 15203, 12239, 26701, 21551, 32122, 7202, 18778], [4472, 3052, 15553, 8816, 6373, 8819, 12670, 20987], [15210, 7825, 17002, 20521, 24004, 35437, 24014, 8866], [33942, 34031, 4810, 3056, 15747, 3308, 7211, 15998], [4319, 23068, 5698, 31690, 26317, 35355, 28356, 25574], [8451, 11229, 6332, 13137, 28740, 5950, 12709, 32982], [16129, 7497, 8451, 11229, 27130, 11053, 35132, 9900], [6334, 23236, 4325, 20823, 19058, 19194, 15022, 18389], [34723, 21029, 34668, 23214, 36169, 30064, 34937, 33620], [17216, 3908, 16818, 15083, 4930, 21067, 17152, 14631], [16033, 9539, 32527, 15924, 4571, 18367, 11057, 12174], [16321, 7202, 8816, 7431, 3052, 2370, 19442, 7456], [3052, 15370, 15682, 4602, 4925, 21409, 26428, 9238], [5306, 31028, 15982, 34031, 15772, 23996, 27668, 15301], [6356, 15871, 9813, 3052, 7053, 8017, 6175, 9822], [32090, 33655, 12834, 21855, 34857, 16929, 23713, 27141], [11698, 4709, 6868, 14958, 8491, 21530, 3062, 6812], [5588, 35216, 28321, 25025, 34605, 24321, 11059, 27988], [6367, 7359, 4560, 18349, 9773, 16150, 9914, 2194], [15414, 14761, 1439, 9467, 18784, 17237, 1424, 7176], [6369, 9914, 4642, 7422, 21513, 7456, 16993, 29781], [6373, 6122, 27944, 23289, 5949, 28272, 15458, 30091], [9914, 11292, 9539, 9707, 27477, 28832, 4189, 7825]]}, "demosthenes_2_1861": {"tgt_lang": "fr", "transl_top1": 0.10638297872340426, "transl_top5": 0.2127659574468085, "transl_top10": 0.3191489361702128, "num_nulls": 0, "num_tgt_sents": 2969, "retrieval_preds": [[1018, 1846, 1524, 2451, 2513, 2219, 1759, 1806], [308, 2569, 1627, 2, 2513, 2061, 792, 913], [536, 2381, 1608, 725, 1460, 558, 746, 2798], [2520, 2521, 2428, 1371, 1500, 558, 792, 1193], [2523, 1704, 1237, 1261, 2550, 2887, 2030, 2647], [2550, 747, 2562, 2443, 1943, 1691, 1193, 1515], [1122, 2513, 2550, 399, 466, 2534, 868, 2887], [1078, 1361, 1206, 1504, 2127, 2432, 1423, 2633], [2887, 2536, 1704, 399, 2595, 2818, 1615, 747], [883, 1469, 2540, 792, 1154, 1685, 2539, 81], [1467, 2388, 2099, 2594, 2553, 1040, 2150, 554], [2545, 1733, 934, 2965, 886, 1176, 413, 1237], [2550, 1733, 1783, 623, 2965, 2428, 1435, 2199], [2550, 839, 2551, 1524, 2451, 2033, 1739, 2417], [2550, 1122, 2428, 623, 792, 2551, 1500, 1739], [1469, 2557, 1262, 1029, 1030, 883, 1749, 1685], [2559, 2551, 2273, 944, 419, 702, 2824, 1304], [2561, 2887, 1739, 2199, 2578, 2598, 1435, 2925], [2562, 747, 1098, 2561, 1261, 1704, 601, 934], [2955, 2520, 2391, 2202, 1614, 1726, 426, 1438], [792, 883, 1122, 308, 1358, 738, 2184, 1424], [747, 399, 1467, 623, 2099, 1193, 934, 886], [2569, 2574, 2578, 2589, 1473, 1992, 2520, 205], [2578, 2628, 2934, 1739, 2631, 139, 2417, 2877], [2955, 1749, 2150, 2965, 1263, 94, 1237, 850], [883, 468, 1040, 1721, 175, 789, 865, 2763], [0, 2569, 885, 792, 2, 1708, 308, 1721], [1460, 536, 2429, 818, 1074, 1649, 2381, 2123], [898, 1624, 2815, 1224, 615, 146, 6, 1645], [2886, 1274, 1189, 2591, 1793, 2943, 2602, 1761], [321, 2498, 2479, 1885, 725, 2592, 711, 229], [850, 550, 1018, 1859, 159, 2711, 1090, 2495], [1423, 1206, 2633, 1145, 2593, 2769, 788, 1141], [747, 2594, 1237, 886, 1424, 1704, 2550, 2818], [2887, 2598, 2744, 1651, 396, 2965, 350, 2513], [934, 2836, 792, 206, 1176, 2550, 940, 426], [2199, 1122, 2818, 883, 1424, 2513, 1687, 399], [2772, 2831, 342, 2877, 387, 1959, 1669, 1744], [399, 391, 1469, 883, 1685, 2428, 1122, 158], [890, 1929, 1411, 1627, 2844, 2139, 1716, 1074], [416, 792, 883, 747, 934, 1685, 2965, 1021], [2768, 1796, 1783, 747, 60, 660, 2623, 416], [1499, 2150, 1125, 2548, 1037, 441, 2965, 1783], [2114, 1390, 540, 1469, 1116, 669, 2390, 2668], [883, 747, 2150, 66, 789, 738, 426, 1424], [1469, 2712, 1400, 2130, 1030, 2499, 660, 2390], [792, 2864, 883, 441, 1030, 2294, 2598, 2860]]}, "num_translations": 3, "text_top1": 0.04255319148936171, "text_top5": 0.12056737588652483, "text_top10": 0.19148936170212766}