{"num_src_sents": 32, "lucian_1829_10": {"tgt_lang": "de", "transl_top1": 0.03125, "transl_top5": 0.125, "transl_top10": 0.1875, "num_nulls": 0, "num_tgt_sents": 4222, "retrieval_preds": [[2397, 427, 652, 103, 1622, 3075, 2413, 3141], [2398, 3734, 1380, 1258, 1265, 2403, 2397, 1263], [841, 1881, 3485, 2593, 74, 128, 76, 1080], [2400, 684, 3066, 51, 1563, 101, 2816, 220], [1498, 1437, 1525, 3535, 2823, 3598, 2877, 4038], [46, 1852, 3872, 2797, 3831, 3697, 1506, 1195], [2402, 1586, 1191, 1677, 78, 3397, 1464, 560], [1887, 669, 541, 3532, 3539, 2405, 3535, 3598], [2407, 819, 4070, 3352, 1527, 3479, 3276, 2171], [2409, 3364, 3552, 463, 2640, 1514, 3367, 1213], [1718, 987, 2410, 1586, 2783, 332, 1846, 1011], [2414, 1374, 560, 2402, 1233, 1380, 2781, 1191], [2416, 230, 369, 3776, 2414, 1498, 1514, 1773], [2451, 2603, 3397, 3362, 3331, 71, 3847, 579], [3031, 236, 1005, 3847, 2473, 3695, 987, 1509], [1718, 332, 3031, 52, 1005, 987, 1853, 2745], [2495, 2431, 655, 819, 663, 787, 3361, 805], [2429, 3847, 2755, 2751, 3144, 78, 2796, 819], [332, 114, 987, 761, 2612, 1846, 1340, 52], [1589, 2464, 1851, 2289, 15, 2816, 2245, 128], [2430, 2431, 1714, 3859, 3708, 2772, 113, 759], [3371, 3857, 2071, 2164, 2977, 2305, 834, 223], [2436, 31, 1137, 2179, 2458, 1714, 137, 3575], [3316, 3708, 3756, 3377, 579, 223, 209, 230], [3846, 3101, 4052, 1451, 3471, 1887, 3027, 656], [313, 1932, 1714, 2937, 2390, 2571, 3672, 246], [2442, 1307, 3135, 2124, 2777, 95, 3276, 3340], [772, 1773, 4019, 2796, 1725, 4021, 1563, 26], [3752, 3397, 532, 3186, 3399, 987, 3847, 1005], [2451, 3364, 264, 3174, 3669, 1969, 28, 346], [2452, 1176, 4005, 2445, 3618, 1080, 1996, 2390], [2453, 197, 444, 369, 2861, 671, 2061, 630]]}, "num_translations": 1, "text_top1": 0.03125, "text_top5": 0.125, "text_top10": 0.1875}