{"num_src_sents": 77, "appian_1830_5": {"tgt_lang": "de", "transl_top1": 0.03896103896103896, "transl_top5": 0.11688311688311688, "transl_top10": 0.18181818181818182, "num_nulls": 0, "num_tgt_sents": 7584, "retrieval_preds": [[4487, 4403, 6621, 672, 541, 7386, 559, 2690], [3477, 36, 2177, 5271, 3329, 2197, 4207, 1186], [644, 5575, 3630, 743, 5643, 7224, 5316, 6510], [4207, 3177, 5310, 6895, 1260, 5305, 7429, 1080], [3181, 833, 7101, 3200, 548, 6930, 2385, 6042], [36, 2177, 5271, 2197, 7079, 3477, 1499, 7429], [644, 5575, 3630, 743, 5643, 7224, 5316, 6510], [3239, 5310, 4207, 5369, 84, 3177, 3657, 5611], [4245, 2746, 6189, 4434, 2670, 2634, 3527, 4040], [36, 2177, 5271, 2197, 7079, 3477, 1499, 7429], [644, 5575, 3630, 743, 5643, 7224, 5316, 6510], [4207, 2614, 2013, 1080, 1443, 6118, 3720, 3657], [3018, 7386, 1961, 4428, 6535, 7396, 4416, 2211], [36, 2177, 5271, 2197, 7079, 3477, 1499, 7429], [644, 5575, 3630, 743, 5643, 7224, 5316, 6510], [4207, 3657, 5310, 3177, 1080, 1443, 6118, 5611], [2286, 2475, 848, 2899, 1861, 6543, 4990, 6293], [2003, 350, 6293, 3032, 2039, 1706, 2438, 406], [593, 4972, 4051, 3793, 588, 6822, 3861, 2111], [6396, 4021, 4416, 7055, 6607, 2492, 675, 3660], [4522, 6273, 4370, 2828, 1414, 6617, 2648, 4101], [5683, 527, 4972, 7418, 2530, 2828, 410, 2188], [4264, 4201, 6576, 4832, 2740, 6474, 4411, 2754], [7386, 7466, 7385, 6024, 6780, 5009, 6921, 4972], [326, 3863, 4939, 6215, 4089, 7573, 7025, 2051], [1999, 3053, 763, 3199, 483, 7542, 4434, 6930], [674, 4865, 1797, 2143, 4188, 618, 486, 670], [902, 2559, 4429, 6842, 6850, 4211, 1122, 2819], [4429, 6610, 3032, 7541, 6278, 698, 2001, 3136], [1665, 4705, 2211, 4972, 1611, 7201, 697, 4990], [2283, 4416, 6551, 717, 1647, 1621, 1961, 7378], [7256, 255, 7257, 4502, 2728, 7298, 7039, 4316], [3780, 6783, 3809, 3786, 7299, 2267, 1468, 255], [255, 4316, 914, 321, 982, 3185, 1855, 7133], [914, 255, 4316, 3884, 7257, 1855, 2647, 7133], [7446, 6266, 7370, 997, 1372, 1067, 7277, 1125], [4990, 6977, 296, 7466, 3053, 3849, 7386, 2924], [2065, 1623, 726, 903, 2302, 6705, 3053, 6682], [350, 2409, 3136, 2796, 1602, 3108, 4989, 1767], [4094, 7439, 810, 1025, 6858, 1550, 2944, 3727], [2124, 7412, 4139, 7576, 3928, 573, 2578, 3780], [4324, 503, 1139, 1138, 819, 4094, 1120, 2944], [219, 6933, 5971, 295, 2456, 266, 2847, 588], [455, 353, 56, 446, 819, 5254, 1417, 788], [2177, 6373, 5271, 4060, 7079, 1186, 7429, 2197], [7079, 3477, 5271, 36, 7368, 7429, 1162, 6373], [7276, 1388, 7153, 6296, 2363, 1059, 49, 3325], [3706, 3527, 5314, 4490, 3996, 4247, 4538, 4386], [3477, 36, 2177, 5271, 3329, 2197, 4207, 1186], [644, 5575, 3630, 743, 5643, 7224, 5316, 6510], [4207, 3177, 3657, 5310, 5271, 7429, 5611, 1475], [5573, 5577, 7396, 5587, 405, 5143, 7323, 5248], [3764, 4078, 5838, 5010, 2211, 6711, 2397, 2521], [7573, 6198, 480, 6905, 6898, 6541, 6591, 982], [3477, 36, 2177, 5271, 3329, 2197, 4207, 1186], [644, 5575, 3630, 743, 5643, 7224, 5316, 6510], [7573, 650, 6541, 5348, 2718, 6198, 5573, 4772], [541, 788, 3008, 2676, 2122, 6962, 2528, 3885], [36, 2177, 5271, 2197, 7079, 3477, 1499, 7429], [644, 5575, 3630, 743, 5643, 7224, 5316, 6510], [3177, 4207, 3657, 751, 3329, 7255, 3720, 138], [2638, 2460, 5883, 1920, 681, 3203, 1776, 447], [7386, 4972, 603, 4050, 3724, 4663, 6247, 5454], [397, 5054, 2169, 3167, 832, 229, 1761, 1910], [1611, 871, 832, 3818, 5812, 2557, 5704, 747], [6245, 469, 3990, 6662, 1863, 1776, 3053, 1563], [2200, 2003, 4293, 2785, 3724, 406, 5854, 2060], [644, 5575, 3630, 743, 5643, 7224, 5316, 6510], [7079, 3477, 5271, 36, 7368, 7429, 1162, 6373], [6057, 3257, 3249, 5379, 3432, 3267, 3401, 5642], [4624, 355, 3023, 3527, 1736, 4775, 1252, 465], [5785, 4340, 1611, 3787, 3950, 3908, 947, 5938], [3025, 6238, 2558, 3461, 684, 7005, 5621, 3111], [7382, 7385, 4026, 3740, 4022, 3738, 2279, 4018], [644, 5575, 3630, 743, 5643, 7224, 5316, 6510], [7079, 3477, 5271, 36, 7368, 7429, 1162, 6373], [6057, 6296, 3249, 3648, 3267, 3401, 5404, 5609]]}, "Appianus_1828": {"tgt_lang": "de", "transl_top1": 0.18181818181818182, "transl_top5": 0.38961038961038963, "transl_top10": 0.45454545454545453, "num_nulls": 0, "num_tgt_sents": 6120, "retrieval_preds": [[560, 4098, 1188, 5236, 2280, 1724, 3890, 1798], [2277, 2192, 2120, 3964, 4725, 2633, 5416, 4683], [5741, 1658, 1455, 307, 2721, 4622, 4866, 1650], [2120, 5342, 2192, 5516, 5416, 2633, 4725, 3964], [2699, 5922, 5835, 5943, 3591, 608, 5639, 5626], [2120, 2633, 2192, 5416, 2277, 3964, 4744, 4725], [5741, 1658, 1455, 307, 2721, 4622, 4866, 1650], [3316, 1545, 1518, 5516, 5342, 2192, 1308, 4911], [562, 1531, 1062, 564, 1427, 1392, 1397, 865], [2120, 2633, 2192, 5416, 2277, 3964, 4744, 4725], [5741, 1658, 1455, 307, 2721, 4622, 4866, 1650], [5416, 2192, 1508, 1358, 2217, 5342, 1377, 5516], [563, 437, 5187, 975, 799, 5788, 5474, 767], [2120, 2633, 2192, 5416, 2277, 3964, 4744, 4725], [5741, 1658, 1455, 307, 2721, 4622, 4866, 1650], [2192, 5342, 5416, 5516, 1545, 2120, 3316, 1578], [569, 564, 565, 1824, 737, 5055, 4133, 1397], [5547, 4289, 5619, 569, 564, 2724, 5297, 567], [569, 1849, 4443, 5461, 5318, 5456, 1055, 4401], [6034, 1709, 570, 787, 5255, 4777, 5074, 673], [571, 3831, 5865, 5997, 5605, 1759, 1702, 1833], [571, 3469, 1759, 880, 5711, 5620, 2037, 372], [574, 6048, 3523, 5295, 6018, 939, 1723, 6067], [576, 767, 977, 4580, 4241, 5542, 628, 4574], [5865, 5674, 571, 4962, 578, 1759, 2728, 548], [5861, 1397, 2699, 3066, 5639, 5643, 3034, 5922], [2921, 1430, 2825, 582, 2109, 5097, 4173, 3054], [582, 4575, 6107, 587, 4401, 5552, 1961, 4325], [649, 587, 582, 5297, 4306, 560, 569, 2141], [1262, 4443, 4401, 3982, 737, 5283, 1858, 465], [823, 593, 592, 602, 5566, 5080, 2976, 4120], [594, 5279, 5666, 6028, 4139, 597, 1787, 4354], [2822, 595, 5905, 596, 597, 5732, 4107, 5779], [5905, 2822, 5582, 597, 4077, 3761, 728, 4074], [597, 5905, 2066, 4309, 2822, 3761, 5582, 2788], [598, 4415, 5272, 4576, 1511, 4464, 4054, 4746], [5544, 473, 5861, 2932, 2174, 2206, 2944, 465], [604, 587, 4401, 1909, 590, 5915, 2331, 824], [606, 737, 469, 903, 5274, 453, 4443, 5428], [609, 4459, 1853, 4408, 5685, 1947, 3534, 720], [4138, 4305, 384, 1398, 4530, 612, 3919, 521], [614, 707, 3591, 1853, 4401, 766, 5839, 4843], [615, 603, 5295, 569, 1702, 1865, 1750, 5037], [617, 266, 5444, 1497, 1956, 6114, 865, 1895], [2192, 5416, 2633, 2277, 2120, 4725, 3964, 3080], [2192, 2633, 2277, 4725, 5110, 3964, 5416, 184], [4439, 349, 1390, 4024, 4123, 5258, 3263, 3404], [1392, 3676, 577, 1427, 341, 1397, 600, 3913], [2277, 2192, 2120, 3964, 4725, 2633, 5416, 4683], [5741, 1658, 1455, 307, 2721, 4622, 4866, 1650], [2192, 5516, 2120, 5416, 3964, 2633, 4725, 3316], [3979, 5691, 2118, 646, 1820, 3201, 4343, 3651], [2305, 1821, 1255, 620, 2098, 449, 1248, 459], [4305, 1403, 621, 2719, 2588, 6052, 4939, 5977], [2277, 2192, 2120, 3964, 4725, 2633, 5416, 4683], [5741, 1658, 1455, 307, 2721, 4622, 4866, 1650], [2719, 416, 621, 2588, 1667, 4236, 5152, 329], [2763, 5250, 623, 2600, 2830, 4819, 5963, 1784], [2120, 2633, 2192, 5416, 2277, 3964, 4744, 4725], [5741, 1658, 1455, 307, 2721, 4622, 4866, 1650], [5516, 2192, 1377, 2120, 3964, 1518, 5342, 3321], [626, 5855, 5461, 4035, 2139, 1497, 4289, 6119], [6106, 930, 627, 5318, 670, 4522, 2105, 1085], [629, 630, 5898, 5856, 5324, 5860, 865, 1681], [632, 631, 817, 1753, 2319, 5486, 3486, 2724], [633, 634, 3490, 5428, 951, 3972, 5503, 5461], [636, 6106, 865, 5855, 5428, 901, 1804, 1926], [5741, 1658, 1455, 307, 2721, 4622, 4866, 1650], [2192, 2633, 2277, 4725, 5110, 3964, 5416, 184], [5310, 2471, 2524, 3282, 5326, 3245, 3312, 4749], [637, 4843, 1397, 3949, 1533, 2122, 5672, 4908], [638, 5522, 603, 2319, 5369, 1885, 2033, 651], [5123, 1287, 5611, 499, 2456, 5620, 5073, 674], [641, 422, 3972, 5922, 4348, 472, 5187, 3068], [5741, 1658, 1455, 307, 2721, 4622, 4866, 1650], [2192, 2633, 2277, 4725, 5110, 3964, 5416, 184], [3245, 3312, 5310, 2467, 3249, 1021, 2406, 4661]]}, "appian_1832_10": {"tgt_lang": "de", "transl_top1": 0.025974025974025976, "transl_top5": 0.06493506493506493,