{"num_src_sents": 88, "sophistesGrecs_1842": {"tgt_lang": "fr", "transl_top1": 0.07954545454545454, "transl_top5": 0.1590909090909091, "transl_top10": 0.23863636363636365, "num_nulls": 0, "num_tgt_sents": 7988}, "lysias_1856": {"tgt_lang": "de", "transl_top1": 0.4772727272727273, "transl_top5": 0.6590909090909091, "transl_top10": 0.7272727272727273, "num_nulls": 0, "num_tgt_sents": 5319}, "num_translations": 2, "text_top1": 0.27840909090909094, "text_top5": 0.40909090909090906, "text_top10": 0.48295454545454547}