{"num_src_sents": 117, "plutarch_1898_ethical": {"tgt_lang": "en", "transl_top1": 0.4444444444444444, "transl_top5": 0.5897435897435898, "transl_top10": 0.7094017094017094, "num_nulls": 0, "num_tgt_sents": 5242, "retrieval_preds": [[3093, 3021, 1713, 3020, 3024, 4493, 5025, 889], [3022, 4782, 4791, 4878, 645, 4855, 4778, 4862], [4870, 4006, 1167, 5107, 720, 2383, 5108, 930], [3023, 4878, 4862, 3048, 2214, 1878, 4820, 4664], [3024, 3048, 3093, 1745, 4964, 4739, 1418, 2232], [2493, 858, 1977, 1492, 4445, 1429, 137, 4737], [2219, 3052, 4030, 2004, 5068, 1879, 2562, 4629], [3029, 1301, 4385, 3082, 1635, 1661, 1414, 3368], [3030, 1978, 3827, 4345, 3093, 3577, 844, 447], [3034, 3035, 3894, 2533, 2857, 2579, 5028, 4887], [3034, 3035, 477, 5028, 2857, 3894, 1333, 4662], [3037, 3802, 1713, 3750, 4100, 4457, 4185, 2658], [3038, 4436, 2630, 1717, 1357, 4500, 2483, 1444], [3042, 4494, 698, 1767, 3517, 1705, 1225, 4890], [3043, 4593, 3957, 1916, 428, 774, 3552, 1450], [3044, 1883, 4966, 4467, 2056, 3487, 2826, 1660], [3570, 4484, 3047, 3802, 3616, 2031, 3954, 1745], [1637, 2632, 3939, 4262, 3248, 3049, 4321, 5025], [3052, 3050, 2953, 4952, 3503, 3894, 4971, 2028], [3053, 2577, 4686, 2657, 3549, 3395, 862, 194], [3577, 4460, 1653, 4345, 2194, 3093, 4251, 3054], [3570, 3058, 1767, 4783, 1637, 4251, 4980, 3517], [4788, 4953, 4289, 3060, 4836, 950, 4834, 2171], [3854, 3060, 3658, 1708, 1762, 3641, 1653, 3925], [3063, 3381, 4436, 2515, 2001, 2539, 3440, 3701], [2833, 3064, 1337, 3728, 4972, 4974, 3504, 798], [2173, 4097, 3825, 3065, 2178, 3820, 2557, 1057], [3067, 1475, 1491, 736, 2281, 492, 737, 3457], [3068, 2436, 2633, 1986, 2194, 508, 1534, 327], [3069, 2801, 292, 3134, 4655, 2884, 4151, 3066], [3894, 3071, 1338, 4751, 4894, 2238, 5028, 1333], [3168, 250, 3433, 2899, 1755, 3670, 3018, 3340], [3073, 4642, 1428, 458, 2721, 2998, 4630, 4644], [4484, 3864, 1637, 882, 4493, 3076, 4262, 4485], [3078, 129, 1317, 3108, 2187, 3066, 144, 3994], [4669, 217, 1838, 3894, 2594, 839, 593, 493], [4262, 1978, 4272, 1707, 1348, 4500, 1637, 4457], [3081, 4607, 4609, 1980, 862, 783, 391, 3747], [3570, 327, 3337, 4345, 3068, 3083, 4339, 1358], [1605, 1986, 2895, 2116, 1995, 3522, 2123, 2173], [3087, 2304, 1063, 2194, 3088, 4460, 4448, 1183], [3100, 483, 3989, 3316, 308, 3433, 3962, 511], [3093, 1978, 1466, 4499, 2232, 2539, 1637, 1388], [1769, 557, 1655, 4152, 3776, 406, 737, 4096], [3099, 1838, 3704, 3962, 2998, 3974, 333, 3178], [1860, 1815, 364, 2483, 5073, 3518, 2194, 2907], [1338, 4895, 3894, 4697, 2234, 2238, 1339, 4695], [3100, 1470, 3619, 3743, 3315, 1492, 3945, 3752], [3103, 511, 1871, 1856, 1852, 1636, 3092, 1984], [3104, 1679, 1523, 726, 2317, 1770, 4950, 646], [2123, 1234, 3653, 1249, 4438, 1851, 1632, 4238], [3106, 1520, 4593, 3552, 3792, 2676, 3381, 620], [3107, 3381, 4499, 1979, 3337, 2539, 4497, 4194], [3110, 4844, 2543, 2595, 1414, 4251, 1637, 1620], [3258, 4319, 464, 3178, 349, 292, 4998, 2219], [3111, 3424, 1520, 4737, 3001, 2676, 1619, 2895], [3115, 1878, 3125, 3743, 4739, 4841, 3701, 620], [3120, 388, 386, 4608, 2814, 3116, 477, 3715], [1333, 4662, 5028, 4887, 3894, 226, 3034, 3936], [3011, 3117, 2038, 634, 2583, 684, 683, 3071], [3118, 3907, 1505, 3425, 3198, 465, 3179, 4593], [3119, 4062, 3790, 3791, 3514, 2075, 96, 2661], [3120, 384, 477, 4608, 2814, 4936, 3725, 4044], [3121, 3120, 3715, 2302, 2814, 388, 2130, 386], [3122, 2130, 4954, 3120, 2882, 4044, 503, 955], [3764, 4593, 1330, 299, 4663, 496, 3050, 1337], [3125, 2539, 4499, 3030, 3248, 4285, 3743, 1802], [3126, 299, 1838, 2039, 2893, 1521, 58, 4288], [3315, 4436, 4214, 4739, 1936, 982, 1888, 1717], [3130, 2427, 1670, 1205, 1206, 4704, 576, 139], [3764, 2211, 3131, 1717, 3132, 2138, 3425, 2865], [3133, 3420, 1713, 4486, 4457, 2836, 4732, 4646], [3137, 1907, 855, 3307, 1891, 2194, 4480, 3597], [3138, 4656, 3334, 645, 4974, 1071, 1127, 4301], [919, 960, 4214, 3489, 3388, 3315, 46, 2144], [620, 2214, 3486, 1444, 2301, 2507, 46, 3140], [3143, 1907, 3248, 3093, 2620, 327, 3854, 3203], [3145, 3397, 3858, 3281, 264, 208, 2532, 139], [3146, 4340, 2690, 3017, 4823, 1677, 3300, 4803], [3148, 4232, 1301, 4422, 1606, 3381, 4257, 2190], [3149, 4422, 914, 4385, 472, 3093, 1292, 4467], [3150, 2124, 284, 4409, 4820, 2865, 2771, 188], [3151, 4743, 1805, 3476, 2116, 3337, 1804, 1745], [1745, 4345, 914, 901, 3487, 1802, 4251, 4437], [3156, 2325, 4009, 3891, 3635, 4251, 4229, 1425], [3157, 2590, 4861, 3101, 333, 3209, 2899, 119], [2194, 3750, 1653, 4090, 3577, 1705, 3158, 2630], [3161, 1707, 2836, 2165, 1713, 2539, 2647, 4499], [3162, 4499, 3400, 2539, 1772, 3381, 2332, 1594], [4022, 3164, 4437, 4345, 3801, 2494, 3054, 3372], [3522, 2914, 1791, 5008, 3167, 3476, 1318, 1880], [4041, 1713, 3487, 1707, 3467, 914, 1509, 4251], [3173, 4981, 1493, 95, 2741, 755, 3307, 4050], [1637, 3174, 4229, 1713, 1788, 3420, 4263, 4457], [3175, 4575, 3093, 257, 3622, 1878, 3925, 840], [4251, 1805, 2116, 2123, 3289, 4339, 2378, 2455], [3182, 1466, 4321, 2194, 2385, 2195, 4437, 814], [3183, 2984, 2539, 3975, 4252, 1979, 4666, 2865], [3184, 3185, 964, 1767, 4333, 563, 2056, 718], [3186, 3574, 3236, 4022, 3386, 3350, 3537, 3385], [3188, 1114, 4357, 3959, 4980, 1472, 4241, 1692], [1610, 1661, 1757, 4231, 3038, 1598, 1717, 3188], [3827, 3190, 698, 3889, 4890, 2828, 4385, 3517], [3806, 139, 1352, 2800, 72, 618, 3191, 423], [3087, 4263, 2960, 3476, 3318, 3001, 2123, 2300], [3194, 2190, 779, 2714, 2111, 3249, 2863, 1727], [3195, 511, 1856, 1853, 3702, 3025, 3244, 1481], [2253, 1009, 3279, 1653, 4335, 2304, 2378, 3750], [3200, 3508, 4890, 3356, 4333, 2352, 1704, 803], [4339, 2194, 814, 2649, 1738, 1978, 1653, 4041], [3249, 4436, 3101, 404, 2483, 3621, 3, 3135], [3207, 4279, 1082, 2404, 1713, 3208, 727, 4288], [3101, 2893, 1457, 1458, 6, 4514, 4515, 651], [3702, 4949, 3106, 2676, 1566, 2123, 3211, 3425], [3212, 3060, 1978, 563, 4382, 3820, 2124, 2037], [2865, 3381, 2539, 1717, 4593, 1878, 2111, 4602], [3574, 1459, 2211, 2630, 1377, 1928, 2389, 269]]}, "plutarch_2_1844": {"tgt_lang": "fr", "transl_top1": 0.2222222222222222, "transl_top5": 0.3076923076923077, "transl_top10": 0.37606837606837606, "num_nulls": 0, "num_tgt_sents": 7523,