{"num_src_sents": 193, "plato_1_1846": {"tgt_lang": "fr", "transl_top1": 0.02072538860103627, "transl_top5": 0.07772020725388601, "transl_top10": 0.14507772020725387, "num_nulls": 0, "num_tgt_sents": 3203, "retrieval_preds": [[2420, 1520, 971, 440, 1895, 2394, 8, 685], [494, 1927, 771, 217, 3110, 3193, 1823, 2924], [639, 8, 2918, 627, 2420, 1520, 661, 971], [332, 1069, 633, 2962, 1855, 1857, 1547, 501], [2420, 1520, 971, 440, 1895, 2394, 8, 685], [2008, 468, 1142, 530, 2678, 2958, 1926, 110], [1962, 2305, 2135, 752, 2608, 125, 1606, 2352], [639, 8, 2918, 627, 2420, 1520, 661, 971], [1591, 1743, 2619, 695, 2109, 2097, 475, 2146], [2071, 2462, 2441, 1354, 237, 1886, 2991, 2672], [2420, 1520, 971, 440, 1895, 2394, 8, 685], [2678, 1193, 1740, 1326, 2186, 2625, 1489, 899], [639, 8, 2918, 627, 2420, 1520, 661, 971], [1974, 2463, 229, 866, 947, 1076, 1683, 861], [2847, 718, 2842, 552, 758, 3110, 649, 897], [2420, 1520, 971, 440, 1895, 2394, 8, 685], [2481, 861, 985, 807, 2468, 1285, 619, 1058], [1853, 1964, 2511, 1425, 2133, 2485, 2083, 841], [456, 764, 3190, 2511, 2544, 2305, 166, 841], [2302, 2431, 2305, 2511, 2509, 2488, 1850, 2334], [639, 8, 2918, 627, 2420, 1520, 661, 971], [1298, 877, 1069, 955, 332, 1626, 1855, 223], [174, 3071, 2239, 966, 29, 855, 2395, 939], [2420, 1520, 971, 440, 1895, 2394, 8, 685], [2922, 494, 502, 2958, 2625, 217, 2678, 920], [3155, 1876, 2479, 3095, 1151, 3106, 2429, 2279], [1237, 212, 3025, 446, 2343, 2451, 172, 573], [639, 8, 2918, 627, 2420, 1520, 661, 971], [165, 2108, 182, 2153, 638, 678, 2498, 2214], [2420, 1520, 971, 440, 1895, 2394, 8, 685], [535, 3164, 1457, 661, 1076, 2189, 866, 707], [639, 8, 2918, 627, 2420, 1520, 661, 971], [2928, 524, 1829, 1741, 628, 2202, 646, 3193], [2420, 1520, 971, 440, 1895, 2394, 8, 685], [133, 2024, 1511, 107, 254, 877, 894, 172], [639, 8, 2918, 627, 2420, 1520, 661, 971], [165, 2108, 2922, 2214, 182, 325, 1588, 1948], [217, 638, 678, 2958, 2769, 2364, 2191, 2771], [2420, 1520, 971, 440, 1895, 2394, 8, 685], [843, 1769, 2980, 868, 679, 458, 1318, 667], [3071, 248, 212, 573, 246, 172, 886, 125], [639, 8, 2918, 627, 2420, 1520, 661, 971], [2971, 1179, 2012, 3002, 2062, 1489, 2769, 226], [2420, 1520, 971, 440, 1895, 2394, 8, 685], [500, 2254, 649, 157, 2663, 3190, 272, 474], [433, 125, 811, 527, 446, 795, 2977, 752], [639, 8, 2918, 627, 2420, 1520, 661, 971], [379, 136, 217, 2771, 1545, 753, 2958, 2385], [2420, 1520, 971, 440, 1895, 2394, 8, 685], [935, 976, 2504, 934, 1030, 2141, 841, 727], [639, 8, 2918, 627, 2420, 1520, 661, 971], [1966, 638, 678, 165, 2108, 1193, 182, 2008], [2420, 1520, 971, 440, 1895, 2394, 8, 685], [385, 1182, 3071, 1213, 2975, 2364, 515, 352], [639, 8, 2918, 627, 2420, 1520, 661, 971], [500, 963, 1896, 2022, 2416, 515, 2619, 172], [2420, 1520, 971, 440, 1895, 2394, 8, 685], [1182, 515, 787, 936, 128, 1322, 730, 2379], [639, 8, 2918, 627, 2420, 1520, 661, 971], [190, 2472, 2109, 1092, 1631, 1223, 1061, 1298], [2420, 1520, 971, 440, 1895, 2394, 8, 685], [1623, 3080, 2398, 957, 515, 2672, 500, 917], [294, 642, 866, 2249, 559, 709, 1578, 2143], [2124, 2009, 1959, 1759, 2381, 1717, 2708, 533], [1175, 1272, 1964, 1724, 2485, 2577, 1015, 764], [1853, 1964, 1242, 790, 1659, 764, 2482, 1425], [2420, 1520, 971, 440, 1895, 2394, 8, 685], [3002, 217, 225, 2769, 2958, 2191, 1926, 110], [1973, 2466, 2967, 3039, 1582, 1134, 1605, 1698], [1113, 581, 1932, 1366, 2469, 817, 1070, 2565], [2667, 241, 248, 249, 2612, 252, 237, 253], [2592, 765, 2099, 2766, 42, 1854, 2290, 2190], [2485, 1724, 1964, 2000, 2540, 2577, 2511, 2568], [119, 1186, 1864, 42, 2115, 249, 1916, 1837], [1280, 1849, 2766, 2136, 1263, 2340, 2373, 3040], [174, 1143, 2446, 7, 164, 166, 186, 1148], [2511, 1242, 166, 1015, 724, 1752, 1581, 3038], [2549, 2382, 2509, 2559, 2531, 2256, 767, 2541], [2206, 2451, 2419, 1191, 2431, 2405, 303, 2450], [2420, 1520, 971, 440, 1895, 2394, 8, 685], [2262, 2511, 1425, 1380, 3040, 2540, 23, 1964], [2858, 722, 1090, 2538, 2084, 2536, 2373, 2854], [1716, 272, 237, 2067, 447, 209, 2379, 1378], [741, 1724, 1964, 1851, 2511, 1854, 2286, 2485], [1231, 1371, 1863, 1147, 1864, 1451, 2341, 1774], [1185, 2190, 1289, 1195, 138, 291, 145, 7], [1595, 1263, 1272, 1280, 1175, 1610, 616, 3190], [1280, 404, 1263, 1278, 821, 932, 1448, 815], [767, 3156, 650, 1195, 1950, 802, 2410, 1280], [1242, 114, 2511, 1243, 1263, 1425, 212, 1977], [2514, 1239, 2532, 2549, 27, 767, 789, 1934], [2420, 1520, 971, 440, 1895, 2394, 8, 685], [764, 2511, 1280, 1242, 917, 1724, 876, 1263], [876, 764, 212, 1251, 166, 741, 389, 1315], [2111, 2305, 741, 2089, 1545, 2943, 841, 1018], [244, 1853, 1812, 562, 2402, 1556, 3071, 2405], [444, 764, 843, 1845, 448, 2650, 1731, 553], [1481, 1015, 3135, 2577, 1789, 1874, 1837, 2518], [2509, 2513, 2511, 1015, 1977, 1021, 1481, 2544], [1481, 1512, 811, 2513, 734, 741, 752, 2577], [1481, 1285, 943, 3177, 1264, 848, 2596, 1294], [1278, 1015, 972, 877, 741, 1512, 1475, 1264], [1724, 2340, 3135, 1853, 1242, 2513, 1425, 2511], [1724, 1024, 65, 972, 448, 2482, 854, 764], [2420, 1520, 971, 440, 1895, 2394, 8, 685], [820, 2600, 1891, 3177, 2789, 2005, 975, 212], [2608, 2305, 2509, 2362, 2520, 728, 2511, 1747], [693, 65, 1015, 608, 448, 446, 665, 867], [2600, 884, 1731, 795, 1278, 65, 1018, 2845], [1018, 1462, 674, 1481, 848, 816, 854, 693], [1263, 1280, 446, 2485, 764, 479, 1252, 1475], [1724, 2890, 2884, 1738, 1878, 1118, 2602, 1810], [1512, 1481, 1517, 1021, 448, 741, 764, 1516], [2420, 1520, 971, 440, 1895, 2394, 8, 685], [1280, 433, 802, 1295, 1958, 2650, 1261, 1272], [405, 741, 811, 2932, 2354, 2133, 1015, 2304], [2602, 2650, 1462, 1724, 448, 2592, 479, 2304], [741, 1015, 125, 2650, 1024, 1018, 456, 764], [125, 811, 1263, 876, 764, 1280, 874, 2413], [2420, 1520, 971, 440, 1895, 2394, 8, 685], [125, 2912, 860, 1697, 1021, 2932, 741, 1731], [1392, 2947, 1994, 1775, 3201, 2382, 2276, 1125], [894, 1964, 1015, 2650, 1481, 1973, 841, 2577], [1853, 2451, 2083, 2089, 456, 2513, 2111, 2482], [62, 930, 2089, 2136, 3190, 456, 216, 1263], [2420, 1520, 971, 440, 1895, 2394, 8, 685], [166, 2133, 125, 1021, 2461, 2305, 741, 246], [2650, 456, 2136, 1021, 2592, 1175, 1272, 1137], [237, 963, 3159, 2022, 2368, 2693, 2593, 1433], [2136, 2361, 1257, 1863, 1023, 1676, 1749, 177], [764, 1015, 741, 1263, 2040, 2650, 2089, 65], [1251, 1269, 1716, 1315, 1118, 1211, 966, 1175], [225, 920, 1326, 899, 1489, 2678, 2270, 2958], [1724, 1264, 2932, 1475, 1512, 2305, 172, 752], [249, 1218, 303, 135, 203, 1591, 441, 29], [2420, 1520, 971, 440, 1895, 2394, 8, 685], [2650, 2695, 741, 1015, 456, 1731, 856, 894], [737, 1018, 2755, 2101, 2587, 854, 2585, 1259], [741, 1278, 1263, 811, 125, 2111, 1731, 1280], [1253, 1512, 2932, 2695, 2413, 2461, 1252, 2571], [2733, 1280, 1392, 2126, 164, 2470, 311, 2409], [1278, 1279, 1512, 1475, 212, 741, 2837, 764], [1252, 2917, 567, 2977, 500, 1211, 1279, 1181], [2089, 1265, 2305, 1244, 1272, 2133, 2451, 2967], [2420, 1520, 971, 440, 1895, 2394, 8, 685], [1731, 125, 456, 1272, 2650, 884, 1278, 2305], [2337, 940, 2126, 2608, 2511, 3190, 728, 1789], [2084, 3190, 1024, 2141, 2600, 1789, 752, 2543], [741, 1731, 764, 172, 841, 1610, 860, 1082], [475, 806, 516, 727, 461, 2247, 2064, 515], [764, 172, 389, 125, 1024, 2650, 1315, 2608], [2089, 2325, 1752, 940, 2126, 62, 289, 166], [1977, 2205, 212, 1450, 2513, 1991, 303, 1940], [1722, 1719, 1363, 13, 1301, 1721, 575, 2285], [2431, 2089, 2111, 2956, 456, 3135, 1190, 2343], [1853, 2431, 244, 2451, 246, 248, 172, 752], [761, 1977, 2858, 1242, 166, 389, 1024, 1243], [1316, 2117, 1283, 1285, 1315, 2650, 756, 841], [2848, 1097, 990, 2687, 2843, 158, 65, 867], [1853, 2595, 1908, 2451, 2083, 2461, 1789, 721], [1451, 2454, 2234, 1024, 1973, 2083, 2373, 1877], [721, 212, 2132, 856, 246, 456, 841, 720], [237, 2405, 2335, 2746, 236, 2779, 2382, 244], [2420, 1520, 971, 440, 1895, 2394, 8, 685], [1977, 212, 166, 1024, 1961, 2513, 2511, 172], [212, 2017, 289, 1024, 456, 2136, 1315, 2391], [2595, 2482, 172, 1964, 1988, 2461, 1024, 1789], [2305, 2029, 876, 2513, 1973, 