{"num_src_sents": 435, "seneca_1877": {"tgt_lang": "fr", "transl_top1": 0.7126436781609196, "transl_top5": 0.8873563218390804, "transl_top10": 0.960919540229885, "num_nulls": 0, "num_tgt_sents": 29079}, "seneca_1889": {"tgt_lang": "en", "transl_top1": 0.6344827586206897, "transl_top5": 0.832183908045977, "transl_top10": 0.9011494252873563, "num_nulls": 0, "num_tgt_sents": 6989}, "num_translations": 2, "text_top1": 0.6735632183908047, "text_top5": 0.8597701149425288, "text_top10": 0.9310344827586207}