{"num_src_sents": 4991, "virgil_1_1855": {"tgt_lang": "de", "transl_top1": 0.5303546383490283, "transl_top5": 0.6812262071729113, "transl_top10": 0.7447405329593267, "num_nulls": 0, "num_tgt_sents": 8279}, "lucretius_virgil_valeriusFlaccus_1857": {"tgt_lang": "fr", "transl_top1": 0.45201362452414345, "transl_top5": 0.6375475856541776, "transl_top10": 0.7136846323382088, "num_nulls": 0, "num_tgt_sents": 19813}, "virgil_1_nd": {"tgt_lang": "fr", "transl_top1": 0.0008014425966740132, "transl_top5": 0.004407934281707073, "transl_top10": 0.010619114405930675, "num_nulls": 459, "num_tgt_sents": 4216}, "virgil_2_nd": {"tgt_lang": "fr", "transl_top1": 0.3496293327990383, "transl_top5": 0.48126627930274496, "transl_top10": 0.5363654578240834, "num_nulls": 702, "num_tgt_sents": 4960}, "num_translations": 4, "text_top1": 0.33319975956722103, "text_top5": 0.4511120016028852, "text_top10": 0.5013524343818874}