{"num_src_sents": 1394, "ovid_1882_2": {"tgt_lang": "de", "transl_top1": 0.005021520803443328, "transl_top5": 0.021520803443328552, "transl_top10": 0.03443328550932568, "num_nulls": 0, "num_tgt_sents": 10840}, "ovid_1850": {"tgt_lang": "fr", "transl_top1": 0.37302725968436157, "transl_top5": 0.5473457675753228, "transl_top10": 0.6190817790530847, "num_nulls": 32, "num_tgt_sents": 27705}, "ovid_1855-1890_1": {"tgt_lang": "de", "transl_top1": 0.5724533715925395, "transl_top5": 0.7675753228120517, "transl_top10": 0.8443328550932568, "num_nulls": 0, "num_tgt_sents": 7974}, "ovid_1866-1897_3": {"tgt_lang": "de", "transl_top1": 0.003586800573888092, "transl_top5": 0.024390243902439025, "transl_top10": 0.03802008608321377, "num_nulls": 0, "num_tgt_sents": 7793}, "num_translations": 6, "text_top1": 0.15901482544237208, "text_top5": 0.226805356288857, "text_top10": 0.25597800095648016}