{"num_src_sents": 130, "sophistesGrecs_1842": {"tgt_lang": "fr", "transl_top1": 0.34615384615384615, "transl_top5": 0.5153846153846153, "transl_top10": 0.5769230769230769, "num_nulls": 0, "num_tgt_sents": 7988, "retrieval_preds": [[5443, 4796, 5100, 4871, 5574, 5030, 4948, 5451], [4578, 4937, 4678, 4963, 4786, 4872, 5013, 5048], [4799, 4954, 5443, 4951, 5037, 5041, 5034, 4947], [4780, 5960, 7680, 4792, 1879, 3564, 6543, 7822], [2937, 2918, 4781, 6474, 7866, 3644, 2920, 6453], [2969, 1545, 7884, 6870, 4136, 7209, 2929, 5207], [4782, 1650, 4726, 804, 4866, 5873, 3361, 6755], [4962, 4796, 5950, 5910, 6543, 4630, 4592, 4431], [5024, 1562, 5025, 4984, 4778, 6398, 4799, 7273], [4792, 4989, 6998, 4960, 4956, 4952, 4013, 4962], [4796, 4794, 4792, 5100, 3750, 4871, 5259, 4882], [4796, 4129, 4615, 4794, 4543, 4465, 4882, 5152], [4796, 4869, 5799, 4871, 5779, 5019, 5012, 7366], [4797, 6779, 1696, 6610, 1691, 5290, 6623, 846], [1322, 6507, 7102, 2997, 2082, 4048, 2282, 7347], [4426, 4800, 1648, 5220, 6495, 4999, 6021, 6449], [1322, 6507, 7102, 2997, 2082, 4048, 2282, 7347], [5283, 4803, 4863, 4873, 4715, 4720, 5833, 6449], [4804, 2090, 6475, 4989, 6682, 4023, 5534, 604], [4805, 6392, 6098, 6038, 1260, 6417, 6750, 2527], [4632, 4963, 4438, 7866, 4722, 4621, 4971, 4566], [4809, 4812, 5509, 4962, 5518, 4829, 5114, 5456], [7404, 4711, 418, 415, 4671, 4501, 1153, 4964], [4814, 4779, 1314, 1687, 4727, 7704, 2879, 4671], [4816, 4403, 5028, 5968, 5325, 418, 938, 5063], [4817, 4962, 6495, 4963, 4371, 3402, 5406, 4675], [4818, 858, 5054, 4371, 4621, 2296, 3383, 1617], [4819, 7324, 6816, 2769, 4438, 6257, 4514, 6578], [4948, 4821, 4923, 4456, 4962, 4646, 4792, 4817], [4823, 4825, 4821, 5574, 4819, 6116, 3750, 4826], [4827, 4823, 4828, 3750, 3468, 6495, 6276, 4863], [5559, 4829, 4446, 4828, 4965, 4863, 3281, 5219], [6352, 194, 1468, 4830, 7589, 2975, 4206, 7220], [4831, 7023, 4077, 3564, 2769, 4643, 5219, 3270], [3784, 4090, 4477, 305, 3997, 510, 3964, 5920], [4836, 4963, 7404, 938, 540, 5968, 1533, 850], [5000, 4799, 4836, 4778, 7448, 829, 5995, 1475], [3750, 4904, 5868, 7822, 4141, 5304, 6111, 5314], [3997, 3284, 4336, 4844, 4477, 7704, 7551, 3676], [4845, 3666, 3977, 4769, 5779, 366, 638, 6301], [4846, 5121, 1101, 7778, 5602, 7679, 6389, 4130], [4847, 430, 6286, 6116, 6894, 4794, 4856, 735], [7589, 7356, 812, 417, 4179, 433, 4514, 1302], [2223, 4849, 6053, 745, 6718, 4415, 4885, 3855], [1218, 7174, 628, 1239, 7375, 6900, 1495, 1234], [4829, 4907, 4853, 4938, 4884, 820, 5314, 4867], [4856, 6495, 4643, 4514, 4655, 6050, 4189, 4523], [4857, 7023, 4646, 4962, 7444, 6019, 4578, 6768], [4858, 4962, 4960, 5071, 3450, 4863, 6050, 3750], [7051, 7882, 7883, 4859, 6206, 6402, 7877, 7904], [4860, 4909, 4857, 4786, 4590, 4882, 4821, 4812], [4861, 4561, 1502, 4634, 1475, 6400, 1474, 4416], [2494, 3139, 1480, 1483, 1502, 4634, 4686, 1474], [4863, 1064, 4446, 7017, 4643, 5253, 5081, 4990], [4863, 4655, 4446, 7868, 4643, 6759, 4449, 6275], [4864, 4836, 5453, 4921, 4997, 991, 1475, 5624], [4998, 4711, 4403, 4671, 666, 540, 415, 418], [4867, 7187, 3360, 5890, 4799, 5971, 6568, 5134], [4871, 4882, 4868, 4884, 4792, 4796, 6998, 4860], [4962, 4963, 4923, 4456, 5034, 5054, 6449, 4873], [7558, 6543, 6019, 4884, 7363, 4965, 4937, 7551], [4962, 5034, 5559, 372, 4863, 4456, 4812, 4923], [4880, 7316, 4799, 6041, 4402, 917, 1977, 1105], [4575, 6790, 4881, 4622, 7368, 7503, 4496, 442], [4884, 4882, 4792, 6543, 758, 4960, 4871, 4951], [4885, 5984, 7324, 820, 2223, 4678, 5982, 3363], [5316, 894, 5317, 5329, 1368, 5314, 2477, 4887], [11, 4889, 5392, 295, 2207, 6982, 2477, 1341], [4403, 7641, 4890, 4917, 5968, 1180, 7149, 846], [6430, 1648, 680, 7642, 4835, 2439, 858, 6494], [4894, 3714, 4296, 6079, 3596, 4228, 4876, 3947], [4895, 6507, 5328, 1155, 674, 7217, 2549, 6849], [4897, 4896, 4963, 4077, 4678, 6543, 6050, 3797], [4898, 351, 7196, 4559, 5383, 5915, 4926, 6273], [7196, 4621, 4609, 4915, 3139, 7061, 4397, 5062], [1687, 722, 4903, 4727, 1515, 418, 2693, 427], [4962, 3646, 4960, 5950, 4077, 4080, 4112, 4860], [7023, 4938, 6920, 504, 4907, 6019, 1783, 4904], [4909, 4907, 4943, 4640, 7023, 1882, 4829, 6063], [4911, 2084, 6407, 4915, 538, 6404, 4453, 6398], [4536, 367, 4465, 5274, 2934, 6920, 5064, 1405], [4915, 5210, 4616, 6495, 4923, 5198, 5062, 5283], [863, 322, 3284, 5324, 4321, 7229, 731, 114], [4897, 4962, 3402, 6050, 7023, 4817, 4747, 4904], [4923, 4962, 7866, 4932, 6449, 5044, 5198, 4423], [4924, 5215, 4835, 2310, 452, 6228, 4711, 4697], [4621, 5269, 4423, 4962, 4371, 4630, 4438, 5293], [4929, 4965, 4678, 4963, 4962, 4994, 4438, 4937], [4931, 2584, 6976, 4579, 7168, 6033, 4953, 413], [4932, 5559, 5565, 5475, 5556, 5057, 5219, 4525], [831, 4964, 418, 5968, 5995, 1153, 6228, 4711], [4962, 4923, 4963, 4438, 4994, 5134, 4951, 4646], [4938, 6920, 6045, 4872, 3825, 7646, 4014, 4225], [6798, 4711, 5782, 4378, 2879, 718, 3469, 957], [5283, 5760, 5660, 4585, 5655, 5640, 5639, 5190], [5910, 6050, 6543, 6495, 5960, 7023, 4942, 5950], [4945, 1064, 5274, 6422, 6430, 6520, 6145, 618], [6428, 2105, 6860, 729, 4946, 7935, 6712, 7322], [4948, 4792, 4947, 4962, 4831, 5159, 4863, 6519], [1038, 5360, 7459, 6862, 6268, 6954, 770, 318], [4962, 2596, 3035, 7910, 7866, 3985, 1778, 5926], [4954, 1475, 5253, 4863, 4951, 808, 5973, 7868], [7866, 5953, 5278, 5054, 7444, 7163, 4923, 1737], [7420, 6400, 1728, 4957, 6517, 6507, 7372, 2096], [1676, 6184, 1981, 6374, 6338, 2940, 2913, 7799], [6753, 3022, 4959, 646, 6372, 4394, 4360, 2423], [4960, 4856, 5950, 4643, 3440, 4757, 3978, 4450], [4961, 4965, 4922, 3911, 6351, 5217, 2683, 97], [4962, 4963, 4863, 4923, 5272, 4932, 4817, 4831], [4963, 3646, 5960, 4836, 6543, 4678, 5910, 4896], [4962, 4965, 7866, 5910, 3646, 4630, 4923, 4994], [6818, 3050, 3368, 7207, 908, 6268, 7101, 2927], [7885, 4968, 4394, 7897, 4360, 3011, 7199, 4206], [7881, 7964, 3165, 7882, 6156, 4423, 6526, 704], [4971, 7910, 2612, 1681, 6829, 7866, 7233, 5938], [1084, 2817, 498, 6077, 7207, 3205, 5955, 6072], [6720, 4868, 2580, 4792, 6983, 4780, 4974, 1879], [2831, 5985, 1201, 6964, 5693, 5647, 5984, 4446], [7565, 4285, 3988, 6026, 3763, 3375, 6351, 4135], [3139, 4982, 5647, 5668, 4952, 6650, 6750, 5693], [4984, 4414, 6436, 6039, 5206, 1979, 5207, 5278], [4987, 4985, 1060, 4799, 4954, 6800, 4792, 4989], [6849, 31, 3717, 4490, 5204, 7978, 7492, 1155], [4989, 4799, 1070, 1374, 4866, 3641, 828, 5136], [4990, 4863, 5081, 6038, 4723, 5274, 5143, 7661], [4991, 5143, 5693, 5288, 5625, 5629, 5647, 5027], [2310, 4992, 5968, 6186, 6299, 4924, 4779, 6021], [4994, 4962, 4817, 4831, 4643, 5910, 4829, 4965], [4998, 3834, 2667, 1464, 837, 298, 322, 2052], [6186, 316, 4426, 6495, 2091, 4999, 5274, 7368]]}, "num_translations": 1, "text_top1": 0.34615384615384615, "text_top5": 0.5153846153846153, "text_top10": 0.5769230769230769}