{"num_src_sents": 792, "euripides_2_1884": {"tgt_lang": "fr", "transl_top1": 0.008838383838383838, "transl_top5": 0.030303030303030304, "transl_top10": 0.05555555555555555, "num_nulls": 0, "num_tgt_sents": 6695}, "euripides_1_1884": {"tgt_lang": "fr", "transl_top1": 0.14898989898989898, "transl_top5": 0.2537878787878788, "transl_top10": 0.29545454545454547, "num_nulls": 1, "num_tgt_sents": 6832}, "num_translations": 3, "text_top1": 0.052609427609427606, "text_top5": 0.0946969696969697, "text_top10": 0.11700336700336701}