{"num_src_sents": 887, "virgil_1_1855": {"tgt_lang": "de", "transl_top1": 0.47125140924464487, "transl_top5": 0.6516347237880497, "transl_top10": 0.7102593010146562, "num_nulls": 0, "num_tgt_sents": 8279}, "lucretius_virgil_valeriusFlaccus_1857": {"tgt_lang": "fr", "transl_top1": 0.43855693348365277, "transl_top5": 0.6099210822998873, "transl_top10": 0.677564825253664, "num_nulls": 0, "num_tgt_sents": 19813}, "virgil_1_nd": {"tgt_lang": "fr", "transl_top1": 0.46561443066516345, "transl_top5": 0.6674182638105975, "transl_top10": 0.7452085682074409, "num_nulls": 1, "num_tgt_sents": 4216}, "virgil_2_nd": {"tgt_lang": "fr", "transl_top1": 0.011273957158962795, "transl_top5": 0.02818489289740699, "transl_top10": 0.0496054114994363, "num_nulls": 0, "num_tgt_sents": 4960}, "num_translations": 4, "text_top1": 0.346674182638106, "text_top5": 0.4892897406989853, "text_top10": 0.5456595264937993}