{"num_src_sents": 17, "lysias_1856": {"tgt_lang": "de", "transl_top1": 0.058823529411764705, "transl_top5": 0.058823529411764705, "transl_top10": 0.29411764705882354, "num_nulls": 0, "num_tgt_sents": 5319, "retrieval_preds": [[4739, 3858, 4310, 2945, 4014, 3937, 3939, 3823], [4741, 4646, 1855, 1268, 4236, 2055, 883, 1435], [3404, 3593, 1505, 3421, 1379, 3613, 2935, 1705], [4744, 4745, 2185, 1848, 4548, 2099, 796, 3126], [3959, 1998, 3991, 2177, 3933, 4481, 1808, 4548], [4753, 2168, 3937, 2945, 1808, 1998, 3920, 2687], [4756, 4757, 3394, 839, 4542, 4545, 2954, 1301], [4757, 2380, 2183, 888, 3404, 2758, 1805, 3709], [2541, 2530, 4758, 998, 1089, 1784, 1948, 3035], [4760, 1460, 2815, 4720, 4761, 3861, 3858, 3870], [4764, 4133, 1123, 2041, 4104, 2168, 4582, 4388], [1126, 692, 4532, 1457, 4765, 1975, 1123, 3962], [718, 4745, 3858, 4767, 691, 4772, 4739, 765], [4770, 4196, 3021, 3204, 3396, 1441, 4713, 4721], [4772, 2695, 1211, 2945, 4053, 710, 2672, 2099], [3427, 4159, 693, 2928, 2403, 763, 127, 3192], [4774, 2967, 3351, 2928, 814, 2956, 2165, 4718]]}, "num_translations": 1, "text_top1": 0.058823529411764705, "text_top5": 0.058823529411764705, "text_top10": 0.29411764705882354}