{"num_src_sents": 31, "luciusSamosata_1_1869": {"tgt_lang": "fr", "transl_top1": 0.03225806451612903, "transl_top5": 0.0967741935483871, "transl_top10": 0.1935483870967742, "num_nulls": 0, "num_tgt_sents": 14187}, "num_translations": 1, "text_top1": 0.03225806451612903, "text_top5": 0.0967741935483871, "text_top10": 0.1935483870967742}