{"num_src_sents": 187, "lucian_1827_7": {"tgt_lang": "de", "transl_top1": 0.33689839572192515, "transl_top5": 0.5508021390374331, "transl_top10": 0.6898395721925134, "num_nulls": 0, "num_tgt_sents": 4692}, "Lucian_1827_ht8": {"tgt_lang": "de", "transl_top1": 0.016042780748663103, "transl_top5": 0.11229946524064172, "transl_top10": 0.17647058823529413, "num_nulls": 0, "num_tgt_sents": 1131}, "lucian_1831_13": {"tgt_lang": "de", "transl_top1": 0.016042780748663103, "transl_top5": 0.053475935828877004, "transl_top10": 0.08021390374331551, "num_nulls": 0, "num_tgt_sents": 4049}, "luciusSamosata_1_1869": {"tgt_lang": "fr", "transl_top1": 0.2192513368983957, "transl_top5": 0.42780748663101603, "transl_top10": 0.5668449197860963, "num_nulls": 0, "num_tgt_sents": 14187}, "num_translations": 4, "text_top1": 0.14705882352941177, "text_top5": 0.28609625668449196, "text_top10": 0.3783422459893048}