{"num_src_sents": 31, "corneliusNepos_1856": {"tgt_lang": "de", "transl_top1": 0.5483870967741935, "transl_top5": 0.6774193548387096, "transl_top10": 0.6774193548387096, "num_nulls": 0, "num_tgt_sents": 2320, "retrieval_preds": [[514, 519, 386, 1741, 1366, 1264, 1435, 664], [1398, 585, 535, 777, 515, 1641, 54, 503], [517, 1008, 1916, 664, 1076, 1395, 894, 1772], [518, 608, 304, 611, 1031, 1398, 96, 170], [519, 520, 1109, 514, 1435, 286, 1378, 161], [520, 1031, 284, 813, 286, 661, 1282, 1339], [521, 1335, 750, 302, 203, 1254, 825, 565], [522, 1464, 92, 2095, 797, 1179, 509, 1175], [541, 2058, 2033, 529, 360, 780, 722, 1325], [530, 375, 2204, 33, 1312, 558, 1576, 1748], [531, 127, 481, 786, 1317, 228, 620, 1577], [532, 1685, 1477, 1378, 610, 1096, 543, 1393], [542, 552, 949, 244, 540, 1264, 541, 688], [543, 1711, 1264, 499, 1278, 680, 677, 520], [544, 1475, 1007, 1481, 258, 1350, 1144, 223], [545, 608, 837, 508, 839, 660, 1303, 832], [546, 1920, 183, 887, 612, 1919, 1279, 1237], [547, 1396, 981, 1784, 2173, 645, 684, 1112], [548, 244, 1282, 813, 411, 450, 552, 949], [549, 1335, 1047, 1936, 1653, 1680, 1661, 392], [550, 1292, 607, 1264, 520, 1350, 1116, 364], [552, 2258, 908, 562, 1964, 67, 57, 853], [555, 807, 809, 794, 619, 561, 766, 1699], [556, 1633, 1292, 559, 1282, 1204, 520, 409], [1652, 889, 779, 2058, 792, 221, 346, 360], [779, 1357, 1245, 1618, 1589, 1723, 1814, 424], [557, 1907, 1015, 700, 1173, 218, 970, 1909], [558, 2060, 1438, 570, 2064, 375, 41, 2229], [559, 556, 1933, 405, 696, 1116, 814, 1021], [1398, 418, 2004, 369, 1645, 450, 60, 262], [561, 316, 779, 1357, 524, 1427, 2033, 2297]]}, "justin_cNepos_eutropius_1902": {"tgt_lang": "en", "transl_top1": 0.1935483870967742, "transl_top5": 0.22580645161290322, "transl_top10": 0.3548387096774194, "num_nulls": 0, "num_tgt_sents": 9841, "retrieval_preds": [[5031, 5026, 2356, 2396, 1167, 6240, 2612, 2284], [737, 5027, 1411, 4760, 9396, 358, 3128, 9406], [5029, 7210, 4512, 5899, 2754, 1634, 6406, 5572], [5030, 1333, 839, 1167, 2785, 814, 817, 809], [5031, 5032, 1027, 2396, 939, 5007, 974, 5160], [5032, 5518, 5152, 891, 1846, 5160, 1174, 819], [5033, 6891, 5191, 946, 4707, 4764, 6785, 166], [5034, 6578, 4670, 6634, 3205, 5391, 1347, 4118], [5036, 6697, 6937, 7957, 170, 5378, 2430, 5801], [5037, 5799, 1328, 0, 1620, 4672, 598, 5074], [5038, 4708, 5546, 4860, 472, 4869, 5120, 5164], [5039, 5378, 2129, 2498, 5593, 6184, 3443, 5043], [5030, 5042, 839, 620, 5760, 1167, 1172, 5822], [5043, 6209, 5143, 5378, 5153, 113, 5049, 956], [5044, 910, 1334, 5626, 7237, 1379, 7072, 6770], [5044, 6178, 5334, 5443, 6545, 2485, 264, 839], [5045, 7111, 4949, 2302, 792, 1733, 5608, 5415], [3034, 5468, 3795, 7332, 7092, 7264, 3475, 7074], [5046, 935, 2542, 814, 4802, 1173, 948, 1003], [5047, 7430, 5830, 2574, 2782, 1565, 8669, 5538], [5048, 5781, 596, 935, 5813, 5904, 7858, 5108], [5050, 6723, 3275, 5707, 7653, 8049, 8371, 4108], [5051, 4654, 1122, 694, 2514, 4256, 5589, 6940], [5052, 5288, 5055, 802, 2039, 5054, 5152, 5781], [726, 2720, 7871, 6149, 2068, 8393, 8250, 1076], [8484, 6031, 6538, 3663, 235, 8772, 8448, 4942], [5053, 5507, 1147, 597, 8233, 5186, 6477, 6400], [5054, 6548, 3890, 5935, 5728, 4159, 5078, 8369], [5055, 5052, 1745, 5054, 7021, 2389, 5589, 5173], [5056, 1054, 1000, 2385, 4945, 4517, 423, 9354], [5057, 6156, 6386, 3999, 6123, 4819, 8088, 8448]]}, "num_translations": 2, "text_top1": 0.3709677419354839, "text_top5": 0.45161290322580644, "text_top10": 0.5161290322580645}