{"num_src_sents": 2233, "cicero_1855-1893_9": {"tgt_lang": "de", "transl_top1": 0.0026869682042095834, "transl_top5": 0.012091356918943126, "transl_top10": 0.02373488580385132, "num_nulls": 0, "num_tgt_sents": 5238}, "cicero_1855-1893_10": {"tgt_lang": "de", "transl_top1": 0.696820420958352, "transl_top5": 0.8289296909986565, "transl_top10": 0.8656515897895208, "num_nulls": 0, "num_tgt_sents": 6044}, "num_translations": 2, "text_top1": 0.34975369458128075, "text_top5": 0.42051052395879984, "text_top10": 0.44469323779668607}