{"num_src_sents": 172, "plutarch_2_1908": {"tgt_lang": "en", "transl_top1": 0.4941860465116279, "transl_top5": 0.6918604651162791, "transl_top10": 0.7616279069767442, "num_nulls": 0, "num_tgt_sents": 5773}, "plutarch_1_1906": {"tgt_lang": "en", "transl_top1": 0.011627906976744186, "transl_top5": 0.05232558139534884, "transl_top10": 0.08139534883720931, "num_nulls": 0, "num_tgt_sents": 6800}, "plutarch_nd": {"tgt_lang": "de", "transl_top1": 0.37209302325581395, "transl_top5": 0.5872093023255814, "transl_top10": 0.6511627906976745, "num_nulls": 0, "num_tgt_sents": 10643}, "num_translations": 3, "text_top1": 0.29263565891472865, "text_top5": 0.4437984496124031, "text_top10": 0.49806201550387597}