{"num_src_sents": 65, "demosthenes_1902": {"tgt_lang": "en", "transl_top1": 0.27692307692307694, "transl_top5": 0.4, "transl_top10": 0.5230769230769231, "num_nulls": 0, "num_tgt_sents": 6778, "retrieval_preds": [[2686, 2265, 2510, 1245, 3210, 842, 369, 5126], [2511, 1310, 5573, 1429, 806, 1293, 3709, 1307], [2515, 2572, 649, 2603, 837, 880, 2602, 4014], [4539, 1107, 5458, 4902, 3878, 5384, 2694, 4925], [2519, 4662, 5055, 3508, 2764, 4519, 631, 3891], [2799, 3781, 2770, 2521, 2808, 2760, 3293, 2510], [2954, 4601, 1307, 5336, 1381, 4980, 2197, 5458], [2526, 5680, 3915, 2200, 1030, 6199, 5848, 5609], [2328, 2433, 5043, 426, 2882, 2516, 1281, 4473], [2528, 3713, 3417, 1381, 2238, 5588, 4215, 5127], [2531, 2855, 1567, 1721, 2299, 939, 6685, 4397], [2532, 2371, 481, 6100, 779, 2073, 6106, 345], [2533, 3591, 2534, 5588, 1383, 3686, 3587, 2145], [2534, 5422, 2137, 1529, 2434, 994, 955, 1503], [2538, 2435, 2552, 5588, 2535, 2760, 1383, 2513], [5588, 2538, 2435, 5282, 3591, 2457, 1383, 1762], [1159, 2541, 1836, 2552, 1212, 1988, 1454, 5336], [2543, 5458, 3722, 1429, 2552, 2760, 3028, 3072], [2544, 5384, 5033, 2116, 1574, 2126, 2549, 2124], [2545, 2810, 3509, 754, 2265, 5495, 3024, 3264], [2546, 1184, 1182, 447, 1317, 1410, 3710, 429], [2547, 4902, 5282, 5458, 2760, 5588, 5573, 1836], [2549, 3072, 1096, 4601, 2089, 4925, 2002, 1097], [1058, 5190, 1901, 5423, 873, 1777, 1099, 3098], [1503, 2680, 1859, 5588, 4779, 848, 1127, 1915], [2552, 3661, 1845, 6043, 2413, 1869, 875, 2116], [2552, 2549, 1381, 5501, 1836, 2569, 1426, 5458], [2554, 1364, 1238, 2855, 1449, 2553, 3591, 1762], [2510, 2558, 2493, 533, 2602, 604, 564, 1429], [2557, 2552, 3861, 2374, 2501, 3021, 2140, 3863], [1429, 77, 4194, 4043, 2077, 3675, 2760, 3706], [2561, 2694, 806, 5273, 1408, 3425, 3274, 3896], [3591, 1762, 1429, 2760, 1307, 1292, 2556, 3616], [2567, 5320, 1506, 1315, 1398, 1762, 1793, 1372], [2569, 2510, 3781, 5393, 2760, 649, 374, 4159], [2570, 2580, 2487, 1708, 3464, 3954, 2584, 1430], [5007, 3632, 5584, 368, 3959, 1018, 3255, 3597], [2571, 2265, 1245, 2584, 2510, 2515, 842, 751], [2574, 2565, 1094, 2572, 2584, 4371, 1486, 2571], [5007, 3632, 5584, 368, 3959, 1018, 3255, 3597], [2510, 2558, 1986, 2603, 2602, 2493, 2576, 484], [5007, 3632, 5584, 368, 3959, 1018, 3255, 3597], [2579, 226, 724, 1977, 996, 732, 145, 177], [2583, 566, 3386, 2674, 2570, 2487, 2580, 3464], [5007, 3632, 5584, 368, 3959, 1018, 3255, 3597], [2581, 3468, 3139, 2878, 2574, 2882, 873, 3416], [2582, 2602, 5500, 3120, 3274, 710, 5234, 3230], [3464, 3954, 2674, 2583, 2580, 2487, 781, 2570], [5007, 3632, 5584, 368, 3959, 1018, 3255, 3597], [2584, 2574, 1915, 2581, 5366, 2415, 974, 1912], [2585, 566, 3500, 4987, 4207, 2423, 2085, 3245], [1422, 1308, 3260, 2586, 1297, 1405, 1301, 3743], [3605, 1429, 2588, 806, 1292, 3878, 1307, 2749], [3709, 1429, 1292, 4925, 3675, 4807, 3637, 4792], [2939, 4097, 3770, 4999, 2918, 460, 4889, 3191], [2248, 3299, 5142, 4691, 2631, 4418, 2485, 1971], [3464, 2674, 3954, 2580, 2487, 3313, 2583, 2570], [5007, 3632, 5584, 368, 3959, 1018, 3255, 3597], [2597, 5140, 4187, 842, 631, 3684, 3734, 3755], [2598, 2602, 1611, 751, 2345, 2603, 1911, 823], [974, 4199, 4927, 2340, 5046, 4884, 2990, 566], [3709, 2602, 429, 1185, 837, 2019, 3642, 3722], [2602, 561, 2603, 390, 564, 649, 604, 484], [974, 429, 4187, 4924, 2295, 4779, 5120, 4927], [2605, 2760, 5160, 4887, 1792, 4847, 3605, 4195]]}, "demosthenes_aeschynes_1861": {"tgt_lang": "fr", "transl_top1": 0.0, "transl_top5": 0.06153846153846154, "transl_top10": 0.07692307692307693, "num_nulls": 0, "num_tgt_sents": 36182, "retrieval_preds": [[19029, 9539, 9914, 8819, 21919, 20966, 11292, 19310], [9383, 9238, 4169, 16913, 8816, 8819, 17445, 21019], [26185, 27589, 8169, 29535, 13478, 6632, 33185, 17899], [11698, 7202, 26224, 12413, 8866, 18427, 4202, 5509], [15155, 20535, 32076, 3907, 24004, 9691, 9746, 22901], [9914, 17761, 3681, 26428, 17576, 18427, 9249, 15871], [20594, 15390, 6947, 2323, 16154, 5616, 21812, 7202], [3234, 22649, 4822, 22654, 12639, 11605, 23760, 4510], [1623, 14175, 5298, 4844, 19854, 24905, 15715, 605], [32439, 13800, 17735, 10228, 33194, 32170, 9931, 18287], [26016, 24632, 28827, 32940, 26569, 32956, 24215, 32918], [29449, 18589, 30811, 19775, 11480, 27567, 12940, 297], [8816, 23830, 29451, 13734, 19273, 826, 17472, 4202], [24080, 826, 24926, 24004, 29457, 17025, 31656, 31925], [15295, 18441, 9383, 35576, 16207, 26230, 9361, 19715], [21513, 6028, 15295, 7202, 9383, 35281, 17387, 3370], [24272, 20089, 8906, 29763, 31581, 896, 26189, 25688], [6947, 26428, 15509, 10629, 3052, 9238, 6704, 20241], [8191, 9917, 11298, 5161, 29482, 21520, 9914, 9301], [14728, 25782, 5072, 3830, 33411, 12534, 25530, 23930], [12032, 9049, 7284, 12030, 9087, 23183, 35871, 18200], [21513, 7202, 5509, 11698, 9383, 34436, 12601, 15295], [35589, 29894, 5025, 3964, 12832, 4378, 9008, 24340], [9609, 25391, 21737, 20934, 24959, 27942, 33238, 3825], [7506, 17328, 30132, 13247, 26987, 11759, 34580, 33477], [29496, 24162, 13979, 24215, 28636, 18308, 33235, 29690], [19029, 32885, 8848, 35589, 6815, 15553, 9238, 4169], [25083, 30837, 4187, 9212, 1275, 9383, 15497, 29501], [11698, 20756, 9334, 26249, 12670, 21065, 17615, 16973], [24245, 9238, 16840, 24232, 16294, 9383, 19118, 20756], [9323, 21067, 12280, 13683, 9896, 20756, 18223, 9238], [20520, 3052, 12891, 23615, 9163, 9085, 9078, 15871], [16207, 9914, 32387, 16913, 8816, 20519, 9401, 9015], [29523, 10471, 18740, 8815, 24985, 29477, 32319, 13938], [9238, 12883, 6947, 11165, 17490, 10712, 20756, 29531], [9391, 8247, 25838, 29378, 31621, 29532, 17737, 20843], [20283, 30211, 1070, 4791, 3276, 3535, 4848, 20380], [9914, 24004, 32606, 21945, 19448, 35444, 11292, 19029], [29604, 19586, 29540, 35861, 29531, 28182, 29509, 28375], [20283, 30211, 1070, 4791, 3276, 3535, 4848, 20380], [29604, 29540, 29509, 14809, 24952, 16426, 29539, 23084], [20283, 30211, 1070, 4791, 4848, 20380, 3276, 3535], [12980, 27844, 36181, 26189, 16011, 16239, 4691, 29894], [31956, 24861, 31621, 14828, 20643, 32583, 32293, 25034], [20283, 30211, 1070, 4791, 3276, 3535, 4848, 20380], [21686, 12943, 1461, 23806, 13542, 17954, 20907, 1921], [29539, 24101, 14185, 6947, 6704, 7386, 24149, 5734], [31621, 32583, 31956, 25034, 30025, 30927, 32460, 20643], [20283, 30211, 1070, 4791, 3276, 3535, 4848, 20380], [29549, 30132, 15717, 26646, 22856, 17461, 29997, 29532], [21533, 20643, 14828, 30919, 21224, 18491, 27304, 9602], [32444, 32739, 25053, 11292, 25763, 27083, 21662, 35380], [9383, 9238, 15858, 10649, 15370, 17525, 17389, 9008], [10649, 9238, 7359, 10629, 22967, 9896, 19029, 6947], [10649, 2194, 9360, 8823, 7456, 16913, 6753, 4219], [21133, 12238, 6141, 25312, 5192, 9638, 25191, 25066], [9199, 32293, 9391, 28859, 31621, 23635, 9247, 27444], [20283, 30211, 1070, 4791, 3276, 3535, 4848, 20380], [18200, 9044, 13144, 20516, 19265, 9739, 23467, 25669], [29577, 14736, 24918, 33622, 29539, 7287, 23280, 9049], [27699, 7387, 14232, 1744, 15747, 7603, 24254, 15309], [6841, 7284, 9245, 8199, 9896, 7234, 20987, 11464], [28437, 27705, 28207, 20987, 25671, 20756, 28462, 22470], [29116, 11292, 6515, 7217, 7092, 9983, 4560, 30837], [4202, 7456, 1455, 21831, 2533, 20519, 3052, 5509]]}, "num_translations": 2, "text_top1": 0.13846153846153847, "text_top5": 0.23076923076923078, "text_top10": 0.30000000000000004}