{"num_src_sents": 282, "lucian_1829_10": {"tgt_lang": "de", "transl_top1": 0.2624113475177305, "transl_top5": 0.44680851063829785, "transl_top10": 0.5319148936170213, "num_nulls": 0, "num_tgt_sents": 4222, "retrieval_preds": [[713, 456, 730, 3361, 3765, 447, 3255, 741], [714, 2320, 2714, 2701, 334, 2339, 221, 430], [430, 52, 715, 1853, 3276, 1818, 1005, 3186], [588, 113, 676, 4215, 587, 717, 401, 2118], [719, 2918, 1853, 334, 2745, 1011, 1846, 1305], [1180, 1184, 1240, 3787, 1743, 1191, 1269, 61], [2077, 321, 721, 3789, 3757, 3725, 1500, 1340], [1213, 2991, 725, 1649, 1621, 3131, 3704, 3552], [727, 737, 1887, 2372, 3344, 3411, 674, 1988], [728, 545, 1889, 741, 2203, 3639, 457, 3659], [4042, 3523, 733, 3518, 4038, 968, 1067, 413], [2745, 1011, 1509, 2612, 1010, 727, 1988, 2339], [3752, 730, 2612, 2140, 2059, 1442, 2339, 2018], [2339, 686, 3695, 3383, 743, 2965, 3043, 727], [4042, 746, 1718, 82, 283, 462, 2603, 230], [748, 3760, 2488, 684, 1767, 3920, 2952, 1584], [3178, 1791, 1622, 578, 282, 3665, 1213, 2624], [1677, 1622, 270, 3043, 761, 211, 1584, 579], [1046, 3815, 697, 3287, 242, 902, 4046, 2632], [752, 762, 183, 1022, 3781, 1100, 1935, 442], [3763, 3401, 753, 4204, 242, 124, 3978, 36], [335, 1485, 2526, 1888, 1089, 89, 999, 4153], [2369, 2596, 3304, 3428, 585, 516, 2408, 3353], [3759, 4137, 872, 75, 4127, 4119, 835, 1125], [36, 3056, 882, 856, 3832, 3139, 757, 4161], [3393, 3833, 904, 758, 1055, 362, 116, 1514], [1872, 3891, 2838, 4219, 3781, 3777, 694, 2393], [760, 761, 858, 2950, 334, 151, 859, 3174], [916, 3001, 4150, 160, 3746, 972, 954, 15], [762, 1044, 752, 2860, 1999, 1082, 1162, 996], [1425, 765, 1009, 1586, 51, 1408, 2687, 604], [1570, 1009, 3790, 761, 1213, 2926, 3075, 3071], [771, 770, 3559, 1380, 1394, 1402, 444, 3178], [1021, 1459, 3313, 1757, 772, 2848, 1663, 3831], [3242, 1451, 772, 1584, 2707, 2687, 683, 2708], [1725, 737, 1773, 3101, 3504, 2784, 1992, 294], [776, 3411, 2128, 577, 2581, 1756, 68, 218], [3106, 3111, 3097, 1079, 1977, 2861, 1149, 1177], [335, 686, 1570, 3316, 232, 3071, 1966, 151], [917, 836, 2019, 1176, 1923, 2700, 4007, 2395], [1130, 4128, 3393, 1821, 3841, 2514, 2533, 188], [3809, 787, 2577, 3922, 1425, 4212, 47, 4070], [1724, 1855, 2834, 3872, 2880, 3204, 4141, 379], [3144, 3752, 2816, 3504, 3101, 793, 1623, 1846], [796, 795, 73, 1939, 2488, 2372, 3219, 353], [797, 2514, 3262, 271, 200, 102, 351, 142], [1387, 798, 1394, 1442, 1391, 1389, 1380, 2099], [3034, 1403, 2977, 3151, 1021, 3323, 2593, 2514], [2714, 3088, 260, 2898, 3752, 425, 604, 270], [2289, 305, 3, 1879, 1021, 1589, 1851, 1451], [3071, 807, 1901, 2085, 1703, 2985, 2131, 3041], [1288, 1404, 1762, 1134, 2499, 1717, 1381, 2908], [810, 811, 4080, 2017, 3174, 3940, 3946, 663], [2245, 1143, 819, 505, 604, 594, 507, 1866], [815, 3871, 2740, 2532, 792, 101, 1818, 3100], [46, 379, 1528, 933, 1256, 1852, 3831, 1506], [2278, 816, 3934, 822, 620, 4103, 2872, 629], [1552, 819, 3459, 818, 1490, 527, 471, 2568], [2070, 2221, 483, 2579, 418, 3443, 1288, 820], [179, 821, 785, 3922, 313, 1326, 831, 4215], [822, 1067, 1436, 2497, 541, 1479, 101, 4212], [835, 2024, 3329, 567, 50, 1506, 3428, 872], [1736, 376, 856, 3241, 756, 3951, 4161, 1216], [2895, 824, 4152, 794, 4146, 958, 103, 1885], [826, 373, 777, 2497, 822, 1542, 3056, 3781], [827, 1483, 3269, 618, 3888, 613, 291, 3872], [966, 1584, 3316, 28, 23, 1971, 8, 779], [1725, 3267, 4003, 1866, 1300, 1584, 95, 223], [29, 2673, 2977, 1403, 1130, 557, 831, 3255], [1, 832, 822, 816, 1553, 3056, 372, 1409], [833, 1483, 379, 2695, 2535, 1528, 1256, 2284], [1044, 2140, 101, 1473, 1021, 3178, 4023, 1790], [1027, 880, 349, 1032, 957, 1990, 918, 1973], [837, 2019, 3797, 2397, 1829, 3762, 103, 1959], [839, 1572, 1483, 600, 833, 3061, 1464, 3843], [1869, 1451, 3764, 1145, 3793, 2495, 2593, 841], [1589, 842, 2019, 3034, 1021, 1100, 578, 2246], [1718, 604, 683, 3045, 1918, 847, 413, 3336], [1718, 1011, 230, 3518, 1128, 2950, 220, 683], [1584, 686, 849, 1977, 82, 216, 1677, 1686], [3309, 2861, 103, 2772, 15, 3406, 704, 2325], [851, 1677, 62, 2858, 1889, 3673, 3494, 2923], [852, 2682, 3171, 3261, 2018, 1866, 2580, 2798], [3241, 854, 789, 1278, 1505, 767, 1630, 3187], [933, 1506, 1195, 412, 1275, 3365, 835, 1268], [857, 208, 3890, 2874, 160, 3883, 954, 3135], [760, 541, 859, 858, 3267, 2950, 915, 771], [862, 15, 249, 1711, 2861, 1556, 1717, 819], [992, 1040, 1469, 1037, 761, 1488, 1166, 1902], [1213, 2329, 4219, 564, 1425, 1869, 3276, 2118], [867, 1826, 2072, 1808, 2627, 613, 1170, 3553], [3746, 3144, 160, 1866, 2548, 2246, 1964, 3760], [871, 1326, 608, 2766, 2944, 3963, 785, 3438], [1291, 3982, 379, 1388, 1257, 3806, 2955, 920], [2593, 1815, 834, 846, 1610, 2466, 865, 249], [4103, 827, 126, 3951, 3963, 3933, 2241, 2295], [641, 1228, 402, 875, 643, 3951, 1630, 878], [876, 1048, 450, 3326, 1640, 2903, 3282, 1131], [1232, 641, 1228, 1174, 1640, 1630, 573, 450], [641, 2956, 450, 402, 4180, 1228, 1168, 1630], [880, 918, 151, 547, 910, 2355, 825, 900], [874, 881, 790, 1036, 3993, 3924, 1941, 1670], [882, 376, 1736, 756, 823, 856, 397, 3938], [128, 181, 294, 883, 1176, 1925, 737, 191], [1826, 2580, 2627, 1714, 3553, 3815, 2789, 3653], [892, 907, 890, 517, 2874, 918, 885, 535], [880, 1131, 876, 1018, 957, 1033, 412, 1179], [887, 892, 200, 1432, 1037, 1420, 1501, 1427], [889, 878, 916, 886, 4119, 891, 3916, 3920], [1029, 890, 2191, 2287, 1001, 894, 3146, 825], [889, 891, 878, 3630, 4014, 4206, 3748, 296], [1383, 3587, 3901, 3959, 3981, 1049, 2191, 884], [893, 3326, 3753, 2794, 2346, 1372, 1133, 889], [2191, 894, 3869, 3146, 3459, 3541, 2233, 47], [886, 889, 3610, 878, 1531, 641, 3570, 979], [896, 2581, 2264, 1473, 2588, 3977, 3067, 2874], [3557, 897, 2022, 3048, 3164, 862, 2820, 3310], [899, 3060, 341, 1622, 3212, 1458, 201, 2947], [3241, 884, 1736, 2675, 3781, 1501, 2467, 4103], [1329, 3107, 3773, 1729, 1389, 1602, 3839, 3057], [1543, 1163, 2887, 4112, 4105, 2390, 900, 928], [907, 1133, 906, 3241, 1001, 1641, 3118, 890], [908, 2695, 1241, 1506, 3697, 599, 3888, 46], [909, 1729, 309, 1395, 1830, 2072, 1594, 399], [3014, 913, 1133, 3260, 1769, 741, 1967, 671], [3067, 3922, 1521, 2877, 896, 1552, 3264, 3277], [69, 1949, 2587, 3723, 3908, 2673, 1309, 2221], [3901, 3959, 3981, 900, 928, 975, 2145, 3944], [917, 1126, 954, 972, 1002, 1643, 4210, 1151], [1514, 1309, 649, 2404, 246, 3859, 3984, 3890], [1309, 3684, 2669, 124, 1222, 3393, 2799, 2012], [3831, 1852, 1051, 379, 599, 600, 1724, 1855], [3648, 2278, 856, 3826, 622, 247, 3890, 694], [4129, 1469, 1560, 917, 834, 4052, 1138, 999], [2111, 2072, 2921, 4, 2026, 6, 806, 1930], [23, 3756, 3212, 749, 2978, 752, 534, 3282], [1102, 932, 1440, 3370, 3683, 1295, 3629, 3233], [1130, 79, 56, 67, 1826, 69, 1677, 1046], [379, 2882, 3759, 3697, 45, 856, 1528, 789], [1982, 2861, 3765, 3416, 2970, 934, 2974, 3763], [1960, 2810, 3107, 1559, 3811, 2495, 4002, 958], [938, 2514, 2874, 102, 1505, 3083, 2740, 124], [343, 954, 3746, 3197, 160, 832, 1986, 208], [940, 956, 1509, 2920, 3064, 968, 1011, 1005], [1515, 942, 130, 1495, 2917, 1527, 122, 819], [1005, 945, 2339, 1887, 1718, 532, 3045, 946], [947, 19, 3260, 1641, 3774, 3443, 2108, 3787], [613, 3682, 3511, 343, 1377, 3005, 1369, 2642], [1951, 3406, 4183, 1960, 540, 2221, 3162, 4080], [46, 2834, 2695, 1195, 184, 1852, 2797, 1528], [1821, 1130, 1384, 1268, 3036, 1729, 1830, 2106], [160, 3746, 954, 2837, 2768, 999, 1866, 2709], [1846, 956, 2018, 334, 1005, 2920, 3144, 430], [3186, 1846, 3224, 2059, 3045, 4157, 3144, 3847], [3828, 2548, 1005, 334, 4102, 1128, 1718, 1846], [966, 1005, 1340, 3045, 3383, 1677, 3043, 4153], [386, 2347, 967, 2838, 2895, 3080, 3401, 1745], [968, 1080, 181, 2246, 1145, 3111, 532, 3186], [3238, 3401, 3946, 3890, 2594, 3393, 3919, 3932], [351, 2816, 74, 1851, 3251, 117, 2289, 1131], [976, 3263, 3596, 2655, 4087, 1775, 1272, 3300], [3762, 4036, 1663, 2541, 250, 1315, 81, 2061], [764, 907, 939, 892, 954, 978, 916, 3602], [2580, 2122, 3305, 1064, 3615, 3401, 197, 3393], [1866, 578, 1984, 319, 2339, 579, 2246, 3188], [955, 102, 118, 2120, 984, 