{"num_src_sents": 68, "demosthenes_1856_1": {"tgt_lang": "de", "transl_top1": 0.3235294117647059, "transl_top5": 0.4411764705882353, "transl_top10": 0.5, "num_nulls": 0, "num_tgt_sents": 4305}, "demosthenes_2_1861": {"tgt_lang": "fr", "transl_top1": 0.14705882352941177, "transl_top5": 0.29411764705882354, "transl_top10": 0.39705882352941174, "num_nulls": 0, "num_tgt_sents": 2969}, "demosthenes_1_1863": {"tgt_lang": "fr", "transl_top1": 0.014705882352941176, "transl_top5": 0.1323529411764706, "transl_top10": 0.20588235294117646, "num_nulls": 0, "num_tgt_sents": 3406}, "demosthenes_aeschynes_1861": {"tgt_lang": "fr", "transl_top1": 0.029411764705882353, "transl_top5": 0.058823529411764705, "transl_top10": 0.08823529411764706, "num_nulls": 0, "num_tgt_sents": 36182}, "num_translations": 4, "text_top1": 0.12867647058823528, "text_top5": 0.23161764705882354, "text_top10": 0.29779411764705876}