{"num_src_sents": 97, "plutarch_1898_ethical": {"tgt_lang": "en", "transl_top1": 0.35051546391752575, "transl_top5": 0.5463917525773195, "transl_top10": 0.5670103092783505, "num_nulls": 0, "num_tgt_sents": 5242, "retrieval_preds": [[2517, 4860, 46, 4984, 1573, 3286, 3963, 4872], [2495, 1279, 1371, 4842, 3408, 2461, 1773, 40], [2520, 2352, 4990, 4345, 4437, 2392, 4890, 2108], [4263, 4467, 4993, 4251, 1581, 901, 2521, 3487], [2522, 2592, 3750, 3945, 3616, 4237, 2194, 3902], [2523, 1805, 4601, 3817, 4656, 1508, 1837, 5004], [2232, 1363, 2531, 1978, 873, 3577, 2189, 1020], [2528, 2633, 1950, 1534, 2561, 2194, 2483, 2301], [2529, 1848, 3315, 1850, 4530, 4501, 3683, 4413], [3894, 477, 1338, 2808, 4697, 194, 4895, 4695], [4839, 2712, 646, 4359, 867, 4763, 2036, 4664], [2531, 2232, 3487, 1581, 1745, 1833, 2539, 1495], [2590, 333, 3244, 2532, 4342, 511, 4007, 3241], [5028, 1333, 4662, 3894, 2579, 4899, 3034, 4887], [2534, 2194, 814, 2253, 1705, 4321, 842, 3577], [2535, 3570, 3293, 3337, 2536, 3752, 1950, 814], [3962, 4501, 4229, 1006, 4530, 3093, 3108, 2539], [2539, 901, 4499, 1802, 1349, 1708, 3743, 1979], [5028, 3894, 1333, 4662, 850, 226, 3936, 217], [4251, 3774, 2541, 3922, 1620, 2650, 4448, 1995], [2543, 1637, 3783, 3093, 1978, 1745, 1713, 1772], [2545, 3607, 3254, 1717, 2620, 819, 3743, 5018], [698, 1751, 2131, 3570, 3517, 3337, 4251, 4022], [2548, 2572, 4733, 1579, 2539, 114, 4784, 3048], [2549, 2643, 2907, 2536, 2588, 2634, 2140, 1913], [2550, 3632, 2352, 3902, 2638, 842, 2299, 2345], [3392, 425, 2151, 2030, 1838, 740, 1, 252], [1198, 2907, 804, 2111, 221, 10, 480, 4925], [2903, 2904, 4686, 2722, 3178, 3791, 2076, 2075], [5028, 1333, 4662, 4887, 3894, 3936, 4899, 2579], [2555, 736, 4969, 371, 2895, 448, 1388, 4977], [2640, 3854, 2365, 2311, 2124, 3607, 3555, 3874], [1481, 333, 3678, 1492, 511, 4583, 1566, 338], [2561, 1805, 1401, 2584, 1986, 1703, 2297, 2123], [4582, 480, 2722, 4585, 3179, 4686, 4583, 3269], [1363, 4500, 4448, 2304, 1911, 2194, 4285, 1802], [591, 194, 2657, 1893, 1902, 345, 1599, 1914], [1491, 4319, 1518, 3457, 3959, 1605, 1974, 3100], [2211, 2507, 4436, 1728, 3168, 3160, 4346, 2569], [2570, 3675, 4434, 139, 4319, 4514, 3867, 554], [2571, 1612, 1573, 2354, 2424, 3881, 870, 1576], [2572, 2455, 2528, 1721, 1063, 2515, 4263, 4733], [1720, 3577, 3555, 2056, 4646, 4460, 1472, 4385], [2578, 3277, 5047, 2757, 950, 4074, 821, 1696], [5028, 1333, 4662, 2954, 2579, 4899, 3894, 4887], [2582, 1821, 4490, 1818, 3653, 907, 4044, 1742], [4652, 1826, 3729, 3457, 3179, 423, 579, 1298], [2584, 4459, 3557, 736, 4097, 2455, 4929, 1761], [2586, 3001, 3038, 4183, 2056, 2194, 2473, 2520], [2589, 2509, 1719, 1957, 4140, 4480, 836, 3530], [2694, 2634, 2591, 3319, 269, 2014, 2066, 2211], [2099, 4460, 2593, 4448, 2592, 2056, 4251, 2232], [2116, 1942, 2595, 2378, 3954, 3960, 4486, 3567], [4457, 2328, 3750, 4022, 3337, 2194, 3985, 2378], [2598, 2037, 2771, 4589, 2345, 302, 867, 819], [4530, 2111, 3609, 3219, 3683, 2493, 2620, 1444], [2601, 4036, 4429, 2602, 987, 3334, 1796, 4035], [2603, 3393, 3543, 3006, 622, 2601, 2216, 4004], [2604, 1718, 3001, 4090, 4150, 2650, 1706, 2328], [155, 40, 955, 3739, 4618, 1328, 4923, 3737], [4952, 2605, 2809, 3846, 4217, 2545, 434, 1612], [2606, 2310, 2014, 2658, 2270, 1560, 4255, 2520], [2607, 4514, 5071, 2545, 3008, 1827, 2012, 2754], [4887, 3729, 634, 558, 3894, 1710, 4669, 1333], [2814, 3771, 4207, 2823, 2608, 4306, 3120, 2816], [2609, 1340, 3113, 583, 3322, 308, 406, 1377], [2611, 2634, 2620, 2483, 3137, 2633, 3742, 2536], [1466, 2612, 1761, 2632, 1692, 2123, 2232, 2117], [3476, 1745, 3480, 2365, 3743, 3381, 2539, 4328], [2614, 1975, 2746, 216, 3100, 4247, 1576, 2423], [4890, 2056, 2615, 3904, 3517, 3577, 1705, 4460], [2618, 2561, 3448, 3283, 3368, 3088, 327, 2194], [2056, 1388, 2635, 3446, 1883, 2299, 2361, 3487], [2623, 1981, 2104, 1986, 2630, 1953, 3959, 1491], [2194, 4385, 4890, 3577, 4437, 2216, 2630, 4460], [2194, 2630, 2474, 1466, 1978, 1653, 4138, 2638], [2631, 3655, 5068, 5023, 250, 2145, 729, 155], [1370, 1710, 955, 4683, 4142, 384, 3178, 477], [2539, 2632, 1761, 4214, 4458, 3743, 1466, 2144], [2194, 2635, 2304, 4251, 1911, 1653, 3616, 2543], [2636, 3709, 2848, 299, 5067, 2939, 5144, 4705], [2636, 2278, 2601, 4361, 2751, 4043, 3690, 3527], [3126, 4589, 2507, 4288, 70, 4268, 4446, 1462], [311, 4480, 789, 1654, 2219, 3960, 3289, 1977], [2638, 2630, 2483, 1459, 1986, 4138, 2061, 2507], [2640, 4271, 2635, 4467, 1978, 3517, 2311, 1762], [2642, 812, 4070, 4050, 953, 1890, 2345, 3607], [2643, 383, 3568, 2549, 2907, 3456, 3602, 1953], [905, 1307, 4567, 4601, 1837, 4714, 2483, 1805], [2645, 2547, 2620, 586, 3954, 90, 3621, 2483], [2646, 2543, 1978, 2506, 1653, 2531, 1707, 2194], [4251, 3902, 4271, 4022, 1653, 4437, 2986, 3577], [2650, 2649, 4339, 2194, 4349, 2195, 736, 1534], [448, 2650, 1598, 1995, 2506, 2630, 5029, 1717], [2652, 3774, 3903, 4339, 4783, 3616, 1653, 2543], [2656, 3850, 4640, 3903, 1283, 867, 2173, 3820], [2658, 1321, 2010, 4251, 4460, 2056, 3902, 4229]]}, "plutarch_2_1844": {"tgt_lang": "fr", "transl_top1": 0.0, "transl_top5": 0.010309278350515464, "transl_top10": 0.061855670103092786, "num_nulls": 0, "num_tgt_sents": 7523,