{"num_src_sents": 820, "euripides_2_1884": {"tgt_lang": "fr", "transl_top1": 0.07439024390243902, "transl_top5": 0.14146341463414633, "transl_top10": 0.17317073170731706, "num_nulls": 0, "num_tgt_sents": 6695}, "euripides_1_1884": {"tgt_lang": "fr", "transl_top1": 0.014634146341463415, "transl_top5": 0.04024390243902439, "transl_top10": 0.07439024390243902, "num_nulls": 0, "num_tgt_sents": 6832}, "euripides_1913_sandron": {"tgt_lang": "it", "transl_top1": 0.06097560975609756, "transl_top5": 0.13414634146341464, "transl_top10": 0.18414634146341463, "num_nulls": 0, "num_tgt_sents": 2323}, "num_translations": 3, "text_top1": 0.05, "text_top5": 0.10528455284552846, "text_top10": 0.14390243902439023}