{"num_src_sents": 1334, "plautus_1862_1": {"tgt_lang": "de", "transl_top1": 0.006746626686656672, "transl_top5": 0.024737631184407798, "transl_top10": 0.044977511244377814, "num_nulls": 0, "num_tgt_sents": 4446}, "plautus_1866_2": {"tgt_lang": "de", "transl_top1": 0.004497751124437781, "transl_top5": 0.020989505247376312, "transl_top10": 0.035982008995502246, "num_nulls": 0, "num_tgt_sents": 4445}, "plautus_4_1855": {"tgt_lang": "de", "transl_top1": 0.005247376311844078, "transl_top5": 0.025487256371814093, "transl_top10": 0.04422788605697151, "num_nulls": 0, "num_tgt_sents": 5818}, "plautus_3_1855": {"tgt_lang": "de", "transl_top1": 0.02923538230884558, "transl_top5": 0.05547226386806597, "transl_top10": 0.0704647676161919, "num_nulls": 0, "num_tgt_sents": 5003}, "num_translations": 4, "text_top1": 0.011431784107946028, "text_top5": 0.031671664167916044, "text_top10": 0.048913043478260865}