{"num_src_sents": 954, "plato_3_1826": {"tgt_lang": "fr", "transl_top1": 0.240041928721174, "transl_top5": 0.38469601677148846, "transl_top10": 0.4549266247379455, "num_nulls": 4, "num_tgt_sents": 3903}, "plato_6_1854": {"tgt_lang": "en", "transl_top1": 0.010482180293501049, "transl_top5": 0.03563941299790356, "transl_top10": 0.04507337526205451, "num_nulls": 0, "num_tgt_sents": 9064}, "plato_1_1846": {"tgt_lang": "fr", "transl_top1": 0.008385744234800839, "transl_top5": 0.029350104821802937, "transl_top10": 0.04716981132075472, "num_nulls": 0, "num_tgt_sents": 3203}, "plato_1_1848": {"tgt_lang": "en", "transl_top1": 0.33438155136268344, "transl_top5": 0.49056603773584906, "transl_top10": 0.5377358490566038, "num_nulls": 1, "num_tgt_sents": 12817}, "plato_2_1849": {"tgt_lang": "en", "transl_top1": 0.008385744234800839, "transl_top5": 0.03249475890985325, "transl_top10": 0.051362683438155136, "num_nulls": 0, "num_tgt_sents": 9568}, "plato_5_1852": {"tgt_lang": "en", "transl_top1": 0.005241090146750524, "transl_top5": 0.020964360587002098, "transl_top10": 0.039832285115303984, "num_nulls": 0, "num_tgt_sents": 8721}, "plato_1855-1903_4": {"tgt_lang": "de", "transl_top1": 0.005241090146750524, "transl_top5": 0.031446540880503145, "transl_top10": 0.04821802935010482, "num_nulls": 0, "num_tgt_sents": 7126}, "plato_1855-1903_3": {"tgt_lang": "de", "transl_top1": 0.19392033542976939, "transl_top5": 0.2851153039832285, "transl_top10": 0.3438155136268344, "num_nulls": 2, "num_tgt_sents": 7777}, "plato_1855-1903_1": {"tgt_lang": "de", "transl_top1": 0.006289308176100629, "transl_top5": 0.02830188679245283, "transl_top10": 0.05241090146750524, "num_nulls": 0, "num_tgt_sents": 3965}, "plato_1855-1903_2": {"tgt_lang": "de", "transl_top1": 0.009433962264150943, "transl_top5": 0.03039832285115304, "transl_top10": 0.04507337526205451, "num_nulls": 0, "num_tgt_sents": 6411}, "plato_3_1850": {"tgt_lang": "en", "transl_top1": 0.008385744234800839, "transl_top5": 0.03773584905660377, "transl_top10": 0.0639412997903564, "num_nulls": 0, "num_tgt_sents": 13689}, "num_translations": 14, "text_top1": 0.059299191374663066, "text_top5": 0.10047918538484575, "text_top10": 0.12353998203054804}