{"num_src_sents": 415, "aristotle_1850": {"tgt_lang": "en", "transl_top1": 0.13975903614457832, "transl_top5": 0.2385542168674699, "transl_top10": 0.3060240963855422, "num_nulls": 0, "num_tgt_sents": 8571}, "aristotle_1855-1907_3": {"tgt_lang": "de", "transl_top1": 0.12289156626506025, "transl_top5": 0.19036144578313252, "transl_top10": 0.2433734939759036, "num_nulls": 0, "num_tgt_sents": 5084}, "aristotle_1859_2": {"tgt_lang": "de", "transl_top1": 0.1566265060240964, "transl_top5": 0.28433734939759037, "transl_top10": 0.3614457831325301, "num_nulls": 0, "num_tgt_sents": 5670}, "aristotle_1860": {"tgt_lang": "de", "transl_top1": 0.236144578313253, "transl_top5": 0.43373493975903615, "transl_top10": 0.5132530120481927, "num_nulls": 0, "num_tgt_sents": 1151}, "num_translations": 4, "text_top1": 0.163855421686747, "text_top5": 0.28674698795180725, "text_top10": 0.3560240963855421}