{"num_src_sents": 169, "sophistesGrecs_1842": {"tgt_lang": "fr", "transl_top1": 0.23076923076923078, "transl_top5": 0.40236686390532544, "transl_top10": 0.46153846153846156, "num_nulls": 0, "num_tgt_sents": 7988}, "isocrates_1835_5": {"tgt_lang": "de", "transl_top1": 0.01775147928994083, "transl_top5": 0.05917159763313609, "transl_top10": 0.1242603550295858, "num_nulls": 0, "num_tgt_sents": 4051}, "isocrates_1832_1": {"tgt_lang": "de", "transl_top1": 0.5443786982248521, "transl_top5": 0.6745562130177515, "transl_top10": 0.7218934911242604, "num_nulls": 0, "num_tgt_sents": 3528}, "num_translations": 3, "text_top1": 0.26429980276134124, "text_top5": 0.378698224852071, "text_top10": 0.4358974358974359}