{"num_src_sents": 24, "plutarch_1_1906": {"tgt_lang": "en", "transl_top1": 0.041666666666666664, "transl_top5": 0.16666666666666666, "transl_top10": 0.2916666666666667, "num_nulls": 0, "num_tgt_sents": 6800, "retrieval_preds": [[4321, 2906, 1853, 2151, 6606, 6613, 3951, 3598], [2911, 2623, 5078, 5935, 2838, 2929, 6180, 4125], [2911, 5935, 2928, 2929, 5681, 3995, 2623, 6141], [2914, 5806, 1994, 1968, 4338, 985, 5854, 1637], [2929, 2356, 2928, 2911, 2918, 2947, 2916, 2943], [2919, 1830, 3806, 2916, 2741, 3030, 6564, 2324], [2928, 2921, 2943, 2929, 2939, 2528, 2947, 2911], [2925, 2919, 6197, 2539, 4995, 2231, 2580, 2921], [1616, 2441, 1359, 4032, 1465, 6782, 6174, 5715], [2938, 4787, 1865, 3576, 2866, 2861, 2824, 2891], [753, 3177, 2099, 1077, 1892, 4827, 2428, 3020], [2929, 2471, 2911, 2534, 2528, 5804, 2336, 2923], [2220, 2570, 2940, 2493, 2918, 2919, 6141, 2460], [2932, 2924, 2570, 2939, 2940, 2919, 6119, 2923], [789, 4032, 3540, 741, 293, 3481, 2459, 2429], [2436, 1354, 4374, 6558, 2341, 5840, 1352, 6509], [2937, 2597, 2356, 2943, 2393, 2911, 2536, 2402], [2939, 3995, 2528, 2911, 2308, 531, 2364, 1698], [4425, 358, 1694, 2061, 1260, 4146, 4156, 6010], [3133, 4125, 4132, 2996, 2265, 6005, 2947, 6180], [1806, 2835, 6712, 4836, 6556, 1381, 3716, 5176], [2951, 403, 6232, 970, 2529, 5172, 2290, 1015], [1432, 4103, 2952, 1917, 2976, 1447, 6066, 2522], [2954, 6103, 3840, 1817, 6383, 1215, 3587, 5668]]}, "plutarch_2_1908": {"tgt_lang": "en", "transl_top1": 0.0, "transl_top5": 0.16666666666666666, "transl_top10": 0.20833333333333334, "num_nulls": 0, "num_tgt_sents": 5773, "retrieval_preds": [[5766, 1371, 5560, 2958, 2293, 500, 1175, 528], [4420, 4344, 339, 4636, 313, 312, 2665, 4455], [1847, 4420, 312, 4042, 4043, 1588, 2302, 410], [405, 3133, 3146, 4080, 2288, 5023, 2185, 391], [4552, 4420, 2191, 4043, 5760, 5239, 4643, 356], [410, 4304, 5039, 4165, 1203, 39, 3593, 2627], [4551, 3896, 4428, 4105, 1448, 3976, 365, 4791], [4465, 2991, 4643, 857, 4212, 4437, 3972, 243], [356, 1570, 1343, 60, 685, 5659, 2940, 3852], [1588, 2928, 1855, 1016, 2965, 258, 4420, 129], [527, 1409, 277, 5100, 2941, 1604, 4037, 3902], [297, 365, 2319, 2257, 4552, 4455, 339, 4420], [4420, 4371, 4608, 860, 5498, 4556, 1500, 5389], [5014, 5358, 4643, 4631, 2991, 4140, 5498, 4676], [2940, 1208, 2015, 885, 965, 963, 1962, 280], [5651, 3542, 87, 5557, 1349, 614, 3697, 405], [4042, 4636, 4551, 3348, 4485, 3565, 4673, 3536], [2302, 4420, 1229, 3896, 155, 1851, 339, 1953], [5619, 3536, 5194, 5061, 5569, 5421, 2409, 5313], [1876, 5184, 365, 2755, 2611, 312, 2315, 5239], [1302, 299, 3141, 4231, 3296, 5557, 3083, 4097], [5368, 308, 5498, 3601, 4173, 4304, 893, 273], [2901, 4082, 5378, 783, 5520, 473, 3060, 2160], [1154, 29, 586, 4472, 2565, 2957, 1876, 568]]}, "num_translations": 2, "text_top1": 0.020833333333333332, "text_top5": 0.16666666666666666, "text_top10": 0.25}