{"num_src_sents": 584, "euripides_2_1884": {"tgt_lang": "fr", "transl_top1": 0.008561643835616438, "transl_top5": 0.03595890410958904, "transl_top10": 0.07191780821917808, "num_nulls": 0, "num_tgt_sents": 6695}, "greekDramas_1912": {"tgt_lang": "en", "transl_top1": 0.1541095890410959, "transl_top5": 0.2945205479452055, "transl_top10": 0.3458904109589041, "num_nulls": 0, "num_tgt_sents": 8924}, "euripides_1_1884": {"tgt_lang": "fr", "transl_top1": 0.0702054794520548, "transl_top5": 0.13527397260273974, "transl_top10": 0.18664383561643835, "num_nulls": 0, "num_tgt_sents": 6832}, "euripides_1906_3": {"tgt_lang": "de", "transl_top1": 0.06164383561643835, "transl_top5": 0.14897260273972604, "transl_top10": 0.21232876712328766, "num_nulls": 1, "num_tgt_sents": 4200}, "num_translations": 4, "text_top1": 0.07363013698630137, "text_top5": 0.15368150684931506, "text_top10": 0.20419520547945205}