{"num_src_sents": 131, "sophistesGrecs_1842": {"tgt_lang": "fr", "transl_top1": 0.16030534351145037, "transl_top5": 0.26717557251908397, "transl_top10": 0.366412213740458, "num_nulls": 0, "num_tgt_sents": 7988, "retrieval_preds": [[5121, 4809, 5428, 5017, 5113, 5560, 5574, 4482], [5177, 5552, 5273, 5135, 4947, 5578, 947, 5451], [2005, 1244, 4888, 7293, 5571, 7803, 2127, 5405], [5552, 5183, 5485, 5546, 5177, 5514, 5540, 5135], [5138, 2683, 5837, 7506, 4678, 5501, 5550, 3915], [5138, 4678, 5335, 5462, 5871, 5124, 5159, 6479], [7345, 5640, 5286, 5494, 1141, 6758, 3368, 5072], [6346, 2103, 5143, 4456, 5264, 5283, 5646, 5053], [5143, 4640, 5625, 4643, 5195, 5110, 5412, 5048], [5145, 5674, 5146, 5106, 5103, 5623, 1590, 4983], [5628, 5195, 5147, 5146, 5625, 5647, 5110, 5143], [5147, 4756, 5628, 4222, 237, 5062, 4683, 3860], [7878, 5148, 6346, 7885, 7663, 5188, 5143, 1892], [5150, 5042, 4082, 4135, 5597, 5797, 4993, 5143], [5207, 6295, 6422, 5972, 5152, 6299, 1648, 6529], [4708, 5253, 6038, 4714, 5933, 2180, 3260, 6613], [5155, 6633, 7538, 7368, 2859, 5237, 5646, 5156], [7368, 6523, 5157, 1094, 6628, 5782, 5283, 4585], [7347, 6097, 7216, 1129, 1618, 625, 5810, 2165], [4533, 4546, 4586, 5040, 5760, 4941, 5242, 4585], [2152, 1428, 1682, 975, 1145, 5584, 815, 1089], [5159, 5702, 5690, 4640, 7774, 5666, 5446, 947], [5380, 5655, 7408, 5283, 1119, 6503, 5686, 2130], [5161, 7889, 2879, 7799, 1644, 7341, 355, 1220], [5162, 1351, 2267, 2177, 652, 473, 1989, 1644], [1391, 389, 5163, 2941, 5285, 1216, 468, 3729], [4702, 5143, 5282, 3909, 4879, 4757, 4965, 5331], [6916, 986, 686, 4648, 1488, 952, 6097, 6428], [6729, 6476, 6819, 4240, 4958, 6813, 6740, 6156], [5054, 6036, 6753, 7866, 4423, 5170, 6156, 6392], [5170, 6495, 4523, 7866, 4426, 5953, 316, 4423], [4607, 4102, 144, 5925, 7444, 5210, 7669, 3468], [5008, 5269, 5071, 3520, 4601, 4517, 4716, 3332], [5175, 5212, 5574, 4836, 5550, 5560, 5419, 947], [5960, 3610, 2610, 4592, 6019, 2400, 4702, 6241], [5552, 5183, 5406, 5180, 5179, 1971, 5558, 5573], [3971, 6156, 4360, 2514, 5955, 5184, 6114, 3016], [7187, 5183, 5184, 7444, 2386, 5960, 4578, 5396], [5175, 4962, 1879, 2401, 5030, 5092, 4678, 4616], [5189, 4709, 3012, 4747, 5934, 4517, 4454, 6156], [5760, 5655, 5640, 5283, 5190, 5639, 4802, 5632], [5143, 5129, 5628, 5627, 5195, 7774, 5109, 6245], [1961, 3199, 4501, 1442, 2630, 5955, 3093, 3816], [5241, 5782, 4532, 6498, 5283, 4695, 5660, 4585], [5195, 5143, 5628, 5110, 5193, 4873, 5053, 5052], [5195, 4615, 5910, 4640, 4962, 4616, 4923, 4863], [5198, 5081, 4990, 5253, 4863, 5188, 4643, 7661], [1994, 7343, 2013, 2165, 575, 1322, 5069, 5810], [5201, 4640, 5143, 2820, 5196, 5934, 4748, 4873], [5203, 5292, 2403, 4077, 5910, 4863, 5205, 5931], [5071, 5203, 5205, 5209, 3971, 7822, 3402, 7866], [4104, 5207, 5292, 4102, 5960, 3246, 6495, 3649], [5159, 5173, 5223, 1475, 5209, 4778, 4703, 858], [5271, 6488, 5205, 4643, 4446, 3423, 7896, 7866], [5212, 5175, 4963, 4817, 4962, 7023, 4836, 4808], [4592, 4962, 4817, 5219, 4431, 4077, 4621, 4438], [4456, 5910, 5950, 6495, 6543, 5170, 670, 6050], [5910, 7444, 4630, 7866, 4077, 4544, 5950, 2284], [3116, 3003, 4667, 851, 715, 3510, 6006, 7545], [5301, 2654, 4680, 5203, 6829, 5207, 1648, 5227], [5229, 7174, 5188, 2365, 6498, 4477, 6233, 6505], [5212, 5230, 4640, 1475, 5396, 4578, 4630, 4965], [7866, 7972, 7910, 5233, 3423, 5938, 6158, 7396], [4962, 6495, 5034, 5259, 4923, 7822, 4630, 4873], [6526, 6753, 5283, 4715, 6346, 7538, 4723, 7885], [4695, 7047, 3715, 298, 4048, 508, 5120, 465], [5686, 6975, 1119, 5244, 2287, 4863, 5160, 5007], [5921, 1468, 6346, 5084, 5157, 7368, 5278, 4471], [2980, 6191, 1950, 6352, 5939, 7589, 6457, 753], [5250, 5270, 5284, 1454, 5238, 2766, 4965, 1474], [4990, 728, 5253, 4571, 4454, 5252, 4861, 5251], [810, 3414, 4173, 7693, 3738, 801, 6683, 3676], [5253, 4643, 6750, 1454, 4622, 5628, 5693, 4863], [3260, 2494, 5254, 7442, 2450, 459, 4966, 1939], [5283, 5053, 6346, 7885, 5782, 5044, 5686, 2408], [6141, 4714, 7442, 520, 5261, 6395, 4709, 1731], [5258, 4525, 5215, 4455, 77, 919, 5210, 4751], [5910, 5253, 4423, 4747, 5054, 5170, 5259, 6238], [3515, 1255, 984, 1021, 4528, 4574, 2997, 2046], [5292, 4962, 5184, 5283, 4523, 6494, 4621, 4203], [7866, 5292, 4702, 4523, 4646, 4873, 5205, 6495], [4962, 4523, 6435, 5960, 4923, 5271, 6494, 2403], [5195, 5272, 5143, 6071, 4608, 5289, 5412, 4923], [4962, 5272, 5910, 4923, 4077, 4592, 4646, 7866], [5276, 319, 5170, 7368, 6753, 5292, 671, 4426], [5054, 7882, 7904, 7883, 5211, 7905, 3423, 2852], [7368, 5044, 5645, 168, 5948, 6346, 3370, 6631], [5227, 2956, 4426, 6299, 859, 1648, 5972, 7547], [5281, 5328, 4895, 2549, 527, 6507, 5226, 3354], [5193, 6495, 5024, 4991, 7061, 5157, 5058, 5089], [5284, 5205, 5223, 4423, 5054, 5262, 468, 4436], [5205, 5293, 5292, 5222, 7979, 5284, 4873, 5053], [5062, 4702, 5412, 5293, 5292, 5143, 4675, 4423], [6268, 7659, 6028, 7773, 7925, 7203, 1744, 7457], [5292, 6495, 5205, 4720, 5910, 7866, 3614, 5170], [6495, 7866, 5283, 5953, 4873, 5950, 4104, 5973], [5910, 5960, 4778, 2403, 6543, 5173, 5209, 5152], [5292, 5277, 5301, 3372, 3440, 5062, 4720, 5262], [5302, 2896, 5986, 2868, 6156, 7866, 3375, 7220], [5303, 5259, 5173, 5253, 5223, 5340, 1475, 4682], [5304, 4962, 4080, 4616, 7896, 5271, 4592, 3571], [7185, 4403, 2067, 4779, 4442, 4501, 5063, 920], [5143, 5308, 5290, 6689, 5915, 4622, 4716, 4991], [2259, 4806, 7898, 7552, 3012, 7538, 6496, 4018], [7233, 4146, 5221, 5647, 3422, 5311, 7196, 4502], [5314, 5315, 4055, 4141, 4796, 3750, 5331, 4792], [5317, 4897, 5329, 2510, 4887, 6146, 5316, 5322], [5108, 5428, 6292, 7774, 7554, 5196, 1558, 3205], [680, 5129, 4964, 2400, 4871, 4799, 5336, 7774], [4321, 2257, 7784, 3022, 5324, 5323, 1036, 2262], [722, 4903, 4902, 5028, 418, 4964, 568, 2161], [5173, 7217, 4709, 7149, 3109, 5253, 1753, 3322], [5329, 5316, 5315, 1132, 3423, 4884, 4141, 2769], [1368, 4693, 5317, 893, 4598, 2510, 894, 2477], [5331, 5259, 4080, 3820, 5293, 7896, 2400, 4702], [5253, 5462, 4962, 4675, 4923, 4965, 5335, 5034], [6280, 309, 5973, 4722, 5336, 3360, 7394, 4708], [6319, 6354, 5253, 7713, 3531, 6312, 6700, 2631], [4205, 3990, 7785, 5223, 6488, 6265, 3411, 4547], [3417, 5341, 2534, 5097, 3167, 5343, 7381, 5355], [7904, 5948, 5953, 1468, 4873, 5342, 6021, 4409], [5343, 5519, 4753, 5419, 5057, 5443, 5550, 5175], [6001, 4792, 3107, 6409, 6519, 6998, 5981, 6381], [5347, 6137, 3232, 5647, 2639, 1294, 1075, 4430], [5348, 2767, 3978, 129, 5094, 6168, 5969, 2645], [5350, 4796, 4615, 5459, 4640, 4645, 5443, 4792], [7866, 7910, 6284, 7863, 7596, 6813, 2404, 4729], [7638, 5663, 4318, 5353, 7773, 3619, 4735, 4245], [251, 5354, 3660, 4580, 3808, 771, 7174, 334], [5289, 3750, 5225, 5331, 5355, 1754, 4640, 3375], [481, 533, 1251, 1551, 1253, 288, 7115, 1697]]}, "num_translations": 1, "text_top1": 0.16030534351145037, "text_top5": 0.26717557251908397, "text_top10": 0.366412213740458}