{"num_src_sents": 114, "aristotle_1855-1906_6": {"tgt_lang": "de", "transl_top1": 0.017543859649122806, "transl_top5": 0.08771929824561403, "transl_top10": 0.14035087719298245, "num_nulls": 0, "num_tgt_sents": 8895, "retrieval_preds": [[6918, 5642, 7447, 4313, 6998, 7945, 6101, 359], [7453, 403, 8286, 3391, 8431, 7731, 3480, 4404], [7672, 8202, 4531, 1097, 8795, 8001, 7771, 4899], [5231, 6240, 6582, 4868, 869, 6402, 3804, 2174], [3240, 2267, 8555, 1736, 5312, 1536, 3575, 4899], [4064, 1253, 4563, 3582, 8555, 937, 1421, 7755], [7941, 2599, 2649, 2407, 2618, 8124, 2138, 4607], [8286, 8795, 8202, 8726, 2160, 973, 214, 8001], [8555, 3582, 7593, 7944, 7659, 7594, 4305, 7453], [1258, 7944, 5061, 1142, 6120, 4204, 3075, 3229], [6163, 3633, 690, 8555, 7949, 2168, 3178, 3181], [2502, 3646, 4326, 4074, 4462, 4045, 1370, 1345], [2348, 7951, 7998, 428, 7755, 1226, 1246, 6357], [7951, 7952, 4563, 7975, 6750, 4305, 4064, 4534], [4256, 596, 5061, 5679, 5678, 1465, 852, 6125], [7955, 8134, 7578, 7988, 4132, 7291, 7233, 7286], [7957, 3265, 5863, 853, 7975, 4480, 4314, 5772], [897, 2907, 2918, 8768, 1562, 7672, 7293, 8202], [2843, 2161, 4443, 3201, 1370, 1138, 3161, 7749], [1374, 7940, 6750, 8026, 7939, 8202, 7947, 8137], [3551, 1663, 5523, 820, 2829, 3828, 4964, 7965], [7966, 8126, 8134, 7946, 7947, 7659, 4224, 7929], [7968, 7965, 8434, 8786, 8457, 5986, 8310, 6125], [690, 3582, 3153, 214, 8555, 668, 1240, 3181], [1421, 4064, 8555, 3582, 1290, 4691, 4328, 3240], [566, 8355, 8437, 4607, 8286, 3089, 2151, 7941], [1077, 8202, 7672, 1097, 6158, 4899, 3886, 940], [8555, 6374, 948, 214, 7485, 3741, 1285, 1273], [3139, 4480, 7716, 1406, 3852, 7819, 1374, 603], [7279, 2252, 4393, 4098, 2433, 3852, 1597, 5587], [7986, 7761, 7974, 5640, 6927, 8031, 7633, 7446], [7987, 8260, 7666, 7935, 8264, 7966, 7654, 8219], [4961, 3852, 4912, 5099, 6022, 1610, 1209, 4630], [6299, 8555, 1370, 4431, 3770, 2217, 3185, 7998], [5226, 3181, 3595, 2423, 6158, 6163, 3759, 798], [8555, 7992, 8134, 7530, 7946, 7943, 7966, 8057], [5061, 5188, 7884, 5285, 4609, 7635, 3852, 7355], [860, 3852, 962, 5224, 7255, 6425, 6998, 5797], [5065, 4468, 6240, 6383, 6875, 6582, 6927, 5292], [7847, 1370, 3770, 7659, 5265, 3918, 3406, 3191], [2423, 3924, 1344, 7255, 1888, 2430, 5361, 2589], [3964, 403, 8437, 3905, 4531, 178, 377, 2160], [2600, 4393, 2423, 2589, 2267, 2430, 8871, 3727], [8005, 8260, 6580, 8048, 7935, 8224, 7987, 8258], [2782, 1196, 6183, 4779, 1344, 8871, 6128, 6658], [2910, 8588, 4904, 4537, 8153, 962, 1344, 2616], [1597, 4064, 930, 5282, 3575, 1520, 946, 1821], [4945, 4534, 2795, 1374, 1344, 3553, 3689, 6702], [6927, 5071, 4495, 5656, 8010, 1545, 5648, 5715], [2558, 4534, 4064, 2129, 3315, 4480, 3122, 178], [8013, 4064, 8340, 7763, 8492, 8363, 2906, 2910], [8014, 2438, 8023, 4789, 7091, 8639, 2196, 6235], [8555, 962, 8369, 8714, 8587, 8015, 8521, 2990], [2616, 2267, 5454, 2910, 8742, 3440, 1252, 2907], [8555, 3582, 7699, 4563, 1344, 1410, 1370, 1251], [652, 8747, 3150, 3219, 4608, 8751, 2766, 6179], [3534, 2430, 2399, 3702, 2034, 2966, 1096, 4328], [8020, 8431, 7940, 2372, 4064, 7951, 8306, 6749], [4325, 3070, 3629, 4849, 3418, 4854, 7714, 120], [8014, 8023, 2438, 7091, 2314, 4789, 543, 921], [5061, 4393, 613, 7699, 1597, 5416, 2586, 1096], [8588, 2910, 7967, 266, 3160, 142, 2014, 3367], [4903, 4945, 7771, 1681, 7672, 3709, 4393, 1240], [5188, 418, 3216, 3150, 5952, 8876, 1344, 4609], [8202, 8312, 7579, 5648, 8304, 7943, 2947, 8296], [6736, 8134, 8137, 7594, 5688, 6027, 7947, 7967], [6532, 6648, 1581, 6531, 7945, 4652, 1583, 2163], [3646, 5952, 2691, 2405, 1370, 1798, 428, 1401], [3652, 6151, 1030, 5290, 2870, 7255, 271, 5797], [7594, 7485, 8272, 8231, 8137, 7289, 1356, 5619], [8876, 8623, 8604, 8600, 8624, 8880, 8791, 1864], [8586, 8409, 2675, 5747, 8094, 8073, 8696, 8536], [8431, 8312, 7282, 8044, 8020, 8134, 7659, 8588], [2906, 2267, 2907, 7763, 897, 2014, 2918, 5307], [5709, 4394, 6374, 1163, 8555, 8740, 8336, 7598], [8042, 8134, 8048, 8074, 7930, 3303, 8037, 5188], [1370, 4779, 4492, 1625, 4494, 3646, 8214, 8623], [2910, 7492, 8075, 8521, 2267, 7586, 7488, 8365], [7988, 3466, 895, 5971, 8672, 8665, 4628, 3852], [4609, 5952, 1351, 7859, 3553, 1406, 5748, 5900], [8134, 4132, 4912, 4090, 8306, 8037, 4510, 7955], [8555, 8188, 8642, 1771, 8795, 8849, 1374, 8880], [4086, 2555, 8112, 7927, 4305, 203, 2569, 1415], [8555, 5065, 5188, 6487, 4243, 7522, 4448, 7594], [2237, 8063, 4466, 465, 226, 575, 564, 5025], [8555, 5107, 7659, 266, 4393, 5189, 2906, 2910], [8066, 1434, 2553, 5999, 4649, 3188, 7629, 4849], [3659, 2845, 1244, 8672, 4325, 4612, 5376, 3162], [7559, 4973, 5374, 1368, 7050, 8069, 6631, 3590], [6868, 8666, 8876, 8071, 7578, 8020, 4372, 7403], [7987, 8072, 8077, 8013, 8081, 7477, 7935, 8391], [4608, 6473, 6185, 6022, 8111, 2485, 5850, 6850], [2423, 6097, 6868, 3321, 2886, 1551, 5649, 5658], [2423, 4179, 2616, 8075, 4414, 7355, 245, 2267], [8076, 8134, 8042, 7955, 4047, 8202, 8852, 7987], [8134, 8077, 2122, 8024, 4063, 6775, 1597, 8039], [6158, 5617, 4064, 494, 4731, 5076, 3627, 4042], [7488, 3156, 8075, 5780, 8879, 8623, 1864, 8791], [7495, 8080, 5681, 5188, 7504, 6453, 4123, 6739], [8081, 8860, 8077, 563, 8078, 8803, 8042, 8080], [8214, 4045, 6817, 5061, 6179, 1402, 1239, 7851], [8083, 1959, 172, 4391, 1928, 366, 2075, 1978], [1597, 2252, 7594, 3418, 3746, 566, 3659, 134], [354, 7944, 5061, 6662, 5679, 3162, 8434, 8697], [3964, 8083, 8880, 4024, 8555, 3905, 2395, 4305], [962, 5709, 3741, 7255, 6041, 215, 5522, 6374], [5671, 564, 4466, 5025, 5041, 2913, 5462, 2902], [8090, 8552, 2910, 8646, 8887, 8098, 4731, 568], [8091, 8753, 8476, 8645, 8027, 2910, 8011, 8493], [2910, 7279, 8764, 7762, 7027, 2252, 7388, 8609], [2267, 5103, 4414, 4179, 5217, 366, 3240, 1773], [4189, 6774, 6360, 4741, 8615, 1654, 3853, 7466], [8098, 8650, 8642, 8652, 8197, 8880, 4899, 8495], [8725, 8795, 2177, 8625, 8001, 4042, 3510, 4531]]}, "num_translations": 1, "text_top1": 0.017543859649122806, "text_top5": 0.08771929824561403, "text_top10": 0.14035087719298245}