{"num_src_sents": 109, "plutarch_1898_ethical": {"tgt_lang": "en", "transl_top1": 0.3577981651376147, "transl_top5": 0.5229357798165137, "transl_top10": 0.5779816513761468, "num_nulls": 0, "num_tgt_sents": 5242, "retrieval_preds": [[3216, 2365, 4272, 2232, 3701, 1581, 1707, 3743], [3218, 178, 3987, 553, 3980, 2507, 3101, 608], [3381, 3219, 4346, 3960, 2226, 1717, 3945, 3106], [1492, 3100, 333, 3220, 1055, 1491, 566, 1481], [3366, 2722, 364, 3606, 1055, 3604, 3201, 3221], [1377, 1124, 2715, 3168, 3101, 178, 4514, 1468], [3223, 2569, 3947, 1782, 511, 3989, 4260, 269], [4263, 3225, 900, 3476, 2123, 3619, 1851, 4508], [1534, 3226, 2483, 3945, 4100, 3985, 3966, 2194], [4195, 2116, 2123, 4263, 4460, 4212, 4214, 1466], [3229, 2494, 4531, 1466, 4251, 4884, 1570, 4041], [4460, 1870, 2232, 1653, 2099, 4448, 508, 4285], [3235, 379, 431, 3108, 1610, 2893, 3933, 1198], [1979, 889, 1713, 1653, 4251, 3093, 1739, 4499], [3245, 3534, 947, 3388, 4146, 4195, 2144, 2620], [3238, 4283, 3997, 3743, 3400, 2214, 3, 2620], [4263, 2123, 854, 3960, 3445, 1722, 3987, 4991], [2715, 1457, 1492, 1458, 179, 333, 566, 3101], [2056, 4251, 4460, 3246, 1637, 842, 3643, 2635], [3248, 2194, 3289, 4460, 905, 1472, 4500, 2304], [3577, 3904, 1637, 3517, 3909, 4460, 1870, 3902], [3249, 2284, 2111, 2190, 308, 3857, 3806, 3254], [3894, 2882, 202, 48, 3988, 40, 2131, 3737], [2687, 2998, 2893, 1505, 2715, 2907, 379, 2040], [3256, 4557, 3372, 4666, 3293, 511, 126, 3381], [349, 2903, 1543, 1277, 2904, 958, 862, 3980], [3259, 4333, 4385, 4793, 2605, 3551, 2751, 2455], [2388, 4515, 3101, 117, 1878, 3206, 2893, 119], [503, 4652, 674, 3760, 1818, 2882, 4704, 704], [3262, 4298, 1859, 1969, 100, 4289, 3512, 4974], [3263, 942, 818, 951, 792, 2933, 3979, 303], [3264, 2108, 3632, 4333, 4382, 2206, 2352, 867], [1338, 1339, 2240, 4608, 477, 4879, 2238, 2234], [2848, 4527, 2859, 804, 4541, 2855, 4289, 2878], [3266, 3653, 3612, 349, 1876, 4489, 4036, 4253], [3267, 1805, 3987, 4185, 1114, 2561, 4346, 1220], [4460, 4212, 2632, 4229, 2056, 3448, 4194, 4318], [3273, 1805, 3517, 2584, 198, 3904, 2895, 3289], [3274, 4202, 2471, 1508, 1805, 4129, 2516, 3552], [3275, 4794, 3314, 397, 2899, 3642, 3301, 80], [3277, 4837, 817, 645, 4074, 4300, 4836, 4817], [3278, 4952, 1821, 543, 4789, 646, 4872, 4889], [3279, 1805, 4853, 3372, 3654, 2304, 3876, 3289], [3281, 24, 2301, 2620, 404, 3549, 1294, 1206], [3282, 3916, 2630, 2633, 1804, 4195, 1466, 1986], [3283, 2561, 3015, 1805, 3597, 4103, 1547, 1884], [4907, 3284, 1860, 3206, 3518, 1696, 1949, 4512], [3894, 1710, 3071, 194, 4651, 4245, 226, 1830], [3286, 46, 1298, 4969, 3073, 196, 5068, 1538], [3287, 4423, 947, 4096, 1950, 4146, 2255, 2297], [3289, 4090, 2584, 2895, 2194, 2123, 1805, 3001], [1294, 4949, 2685, 4386, 1206, 1838, 3311, 3425], [3291, 2108, 2178, 1883, 2345, 3369, 2206, 4050], [3293, 3960, 3337, 3570, 3552, 3310, 3701, 3537], [3294, 2357, 2847, 3821, 2456, 3296, 4208, 3690], [4460, 4251, 4890, 4271, 4028, 1978, 3567, 4385], [3300, 2900, 995, 3395, 2657, 1876, 161, 3839], [3301, 3757, 3989, 2723, 3708, 3971, 4992, 2549], [3854, 1653, 3352, 1978, 3902, 1705, 422, 4251], [3310, 1063, 2304, 1086, 2253, 1986, 3087, 2584], [3314, 3743, 1713, 3476, 4229, 4251, 1637, 2325], [4346, 3318, 3381, 2211, 4598, 1717, 3106, 3219], [1717, 3319, 3320, 3381, 2123, 2633, 2314, 2252], [3321, 327, 3306, 1031, 1412, 3088, 120, 370], [1720, 4840, 4385, 1805, 3856, 2253, 4321, 3820], [1794, 4223, 4356, 4892, 408, 147, 272, 3325], [3517, 4382, 2352, 4251, 1767, 2056, 4385, 4890], [3606, 4907, 1371, 4947, 1696, 4583, 3128, 4170], [3330, 4972, 645, 4574, 646, 4729, 3334, 3649], [1902, 202, 1371, 201, 62, 2134, 1372, 2038], [724, 1741, 2469, 1573, 2219, 3331, 633, 2715], [3318, 3319, 2471, 2876, 3960, 164, 298, 643], [3334, 3333, 3517, 2352, 964, 4333, 4890, 2347], [3337, 3570, 4251, 3903, 3850, 4637, 4640, 3902], [4384, 3372, 1977, 3337, 3338, 3945, 1857, 1472], [4194, 2510, 1605, 2114, 4212, 4263, 3570, 1717], [3342, 3343, 867, 2108, 3616, 4022, 4251, 3902], [1805, 1936, 198, 4195, 3344, 2483, 137, 1986], [3346, 4263, 2506, 4448, 2194, 1705, 3616, 1653], [736, 4969, 1491, 1605, 3959, 1857, 45, 137], [4460, 4251, 1995, 3945, 3534, 4090, 2123, 4357], [698, 4890, 3352, 3517, 4271, 4385, 3616, 4251], [3567, 4385, 4379, 3902, 595, 4419, 4266, 1623], [3355, 2633, 4195, 743, 1761, 3352, 2638, 2116], [3356, 4646, 2439, 4666, 2839, 4359, 1883, 2278], [3358, 1696, 4292, 3732, 4950, 3512, 4816, 800], [3359, 3360, 4464, 4466, 658, 484, 842, 1660], [3361, 1321, 4589, 3093, 580, 2124, 2658, 4308], [4020, 3362, 2562, 3389, 1717, 1105, 2173, 2507], [3108, 4562, 2906, 5029, 2289, 1903, 363, 4274], [3289, 3087, 1695, 1805, 2166, 1466, 4460, 1804], [4231, 2633, 2515, 3381, 1361, 3134, 2214, 736], [4598, 197, 3181, 3341, 3168, 3368, 4346, 3203], [3369, 2108, 4385, 4271, 1767, 4945, 1225, 3291], [3372, 3279, 3597, 3134, 4214, 1063, 2680, 2656], [1911, 3756, 3337, 4041, 2328, 4739, 3850, 4345], [1653, 4022, 2506, 3750, 4646, 1713, 3619, 2194], [3381, 3378, 3133, 2671, 4499, 1979, 4436, 1804], [3048, 1581, 1585, 3476, 3914, 4739, 564, 2396], [2685, 1605, 3456, 1491, 1492, 3395, 3791, 3536], [4460, 4251, 4357, 905, 4022, 4890, 1695, 4457], [1805, 198, 1761, 1466, 2539, 2738, 3701, 2458], [2194, 3616, 2365, 2232, 3820, 2116, 4251, 1653], [3101, 2998, 2860, 4878, 4282, 3124, 5123, 58], [3391, 1740, 4883, 4837, 1660, 3333, 1612, 3821], [3393, 3391, 870, 4070, 3289, 2347, 4755, 3917], [3394, 4050, 4890, 3975, 422, 2738, 4222, 1614], [3396, 4784, 4239, 614, 1284, 1612, 3249, 3017], [4251, 4263, 4501, 4231, 4457, 3487, 1653, 4257]]}, "plutarch_2_1844": {"tgt_lang": "fr", "transl_top1": 0.14678899082568808, "transl_top5": 0.26605504587155965, "transl_top10": 0.3119266055045872, "num_nulls": 0, "num_tgt_sents": 7523,