{"num_src_sents": 254, "sophistesGrecs_1842": {"tgt_lang": "fr", "transl_top1": 0.07480314960629922, "transl_top5": 0.14566929133858267, "transl_top10": 0.2047244094488189, "num_nulls": 0, "num_tgt_sents": 7988}, "num_translations": 1, "text_top1": 0.07480314960629922, "text_top5": 0.14566929133858267, "text_top10": 0.2047244094488189}