{"num_src_sents": 1131, "plato_3_1826": {"tgt_lang": "fr", "transl_top1": 0.0035366931918656055, "transl_top5": 0.021220159151193633, "transl_top10": 0.03801945181255526, "num_nulls": 0, "num_tgt_sents": 3903}, "plato_6_1854": {"tgt_lang": "en", "transl_top1": 0.009725906277630416, "transl_top5": 0.019451812555260833, "transl_top10": 0.029177718832891247, "num_nulls": 0, "num_tgt_sents": 9064}, "plato_1_1846": {"tgt_lang": "fr", "transl_top1": 0.0008841732979664014, "transl_top5": 0.015915119363395226, "transl_top10": 0.03094606542882405, "num_nulls": 0, "num_tgt_sents": 3203}, "plato_1_1848": {"tgt_lang": "en", "transl_top1": 0.27674624226348365, "transl_top5": 0.46684350132625996, "transl_top10": 0.5101679929266136, "num_nulls": 0, "num_tgt_sents": 12817}, "plato_2_1849": {"tgt_lang": "en", "transl_top1": 0.004420866489832007, "transl_top5": 0.038903625110521665, "transl_top10": 0.04951370468611848, "num_nulls": 0, "num_tgt_sents": 9568}, "plato_5_1852": {"tgt_lang": "en", "transl_top1": 0.011494252873563218, "transl_top5": 0.027409372236958444, "transl_top10": 0.042440318302387266, "num_nulls": 0, "num_tgt_sents": 8721}, "plato_1855-1903_4": {"tgt_lang": "de", "transl_top1": 0.0035366931918656055, "transl_top5": 0.023872679045092837, "transl_top10": 0.03713527851458886, "num_nulls": 0, "num_tgt_sents": 7126}, "plato_1855-1903_3": {"tgt_lang": "de", "transl_top1": 0.00618921308576481, "transl_top5": 0.015030946065428824, "transl_top10": 0.030061892130857647, "num_nulls": 0, "num_tgt_sents": 7777}, "plato_1855-1903_1": {"tgt_lang": "de", "transl_top1": 0.1856763925729443, "transl_top5": 0.268788682581786, "transl_top10": 0.29442970822281167, "num_nulls": 2, "num_tgt_sents": 3965}, "plato_1855-1903_2": {"tgt_lang": "de", "transl_top1": 0.0017683465959328027, "transl_top5": 0.020335985853227233, "transl_top10": 0.034482758620689655, "num_nulls": 0, "num_tgt_sents": 6411}, "plato_3_1850": {"tgt_lang": "en", "transl_top1": 0.004420866489832007, "transl_top5": 0.04774535809018567, "transl_top10": 0.05305039787798409, "num_nulls": 0, "num_tgt_sents": 13689}, "num_translations": 14, "text_top1": 0.03631426045219149, "text_top5": 0.06896551724137931, "text_top10": 0.08210180623973726}