{"num_src_sents": 820, "sophocles_1905_en": {"tgt_lang": "en", "transl_top1": 0.21585365853658536, "transl_top5": 0.35, "transl_top10": 0.4170731707317073, "num_nulls": 0, "num_tgt_sents": 10564}, "sophocles_1873_1": {"tgt_lang": "de", "transl_top1": 0.007317073170731708, "transl_top5": 0.03536585365853658, "transl_top10": 0.06463414634146342, "num_nulls": 0, "num_tgt_sents": 5570}, "num_translations": 2, "text_top1": 0.11158536585365854, "text_top5": 0.19268292682926827, "text_top10": 0.24085365853658536}