{"num_src_sents": 10677, "cicero_1855-1897_2": {"tgt_lang": "de", "transl_top1": 0.0058068745902407045, "transl_top5": 0.011801067715650464, "transl_top10": 0.016577690362461366, "num_nulls": 2303, "num_tgt_sents": 5940}, "cicero_1874": {"tgt_lang": "en", "transl_top1": 0.0012175704785988574, "transl_top5": 0.005432237519902594, "transl_top10": 0.009927882363959913, "num_nulls": 2629, "num_tgt_sents": 5692}, "cicero_1855-1903_1": {"tgt_lang": "de", "transl_top1": 0.00112391121101433, "transl_top5": 0.005525896787487122, "transl_top10": 0.010677156504636133, "num_nulls": 2432, "num_tgt_sents": 5426}, "num_translations": 3, "text_top1": 0.002716118759951297, "text_top5": 0.007586400674346727, "text_top10": 0.012394243077019139}