{"num_src_sents": 122, "philo_2_1854": {"tgt_lang": "en", "transl_top1": 0.01639344262295082, "transl_top5": 0.06557377049180328, "transl_top10": 0.11475409836065574, "num_nulls": 0, "num_tgt_sents": 7912}, "philo_4_1855": {"tgt_lang": "en", "transl_top1": 0.05737704918032787, "transl_top5": 0.14754098360655737, "transl_top10": 0.19672131147540983, "num_nulls": 0, "num_tgt_sents": 7517}, "philo_1_1854": {"tgt_lang": "en", "transl_top1": 0.4016393442622951, "transl_top5": 0.6475409836065574, "transl_top10": 0.7213114754098361, "num_nulls": 0, "num_tgt_sents": 8507}, "num_translations": 3, "text_top1": 0.15846994535519127, "text_top5": 0.28688524590163933, "text_top10": 0.34426229508196726}