{"num_src_sents": 449, "luciusSamosata_1_1869": {"tgt_lang": "fr", "transl_top1": 0.3363028953229399, "transl_top5": 0.534521158129176, "transl_top10": 0.6169265033407573, "num_nulls": 0, "num_tgt_sents": 14187}, "luciusSamosata_1824": {"tgt_lang": "fr", "transl_top1": 0.40089086859688194, "transl_top5": 0.6391982182628062, "transl_top10": 0.7461024498886414, "num_nulls": 0, "num_tgt_sents": 4164}, "num_translations": 2, "text_top1": 0.3685968819599109, "text_top5": 0.5868596881959911, "text_top10": 0.6815144766146993}