{"num_src_sents": 139, "demosthenes_1902": {"tgt_lang": "en", "transl_top1": 0.5251798561151079, "transl_top5": 0.7266187050359713, "transl_top10": 0.8201438848920863, "num_nulls": 0, "num_tgt_sents": 6778}, "demosthenes_aeschynes_1861": {"tgt_lang": "fr", "transl_top1": 0.04316546762589928, "transl_top5": 0.04316546762589928, "transl_top10": 0.06474820143884892, "num_nulls": 0, "num_tgt_sents": 36182}, "num_translations": 2, "text_top1": 0.28417266187050355, "text_top5": 0.38489208633093525, "text_top10": 0.44244604316546765}