{"num_src_sents": 204, "lucian_1829_10": {"tgt_lang": "de", "transl_top1": 0.3480392156862745, "transl_top5": 0.5441176470588235, "transl_top10": 0.696078431372549, "num_nulls": 0, "num_tgt_sents": 4222, "retrieval_preds": [[3801, 2124, 2718, 4217, 2227, 1479, 385, 851], [31, 3287, 34, 313, 2580, 2826, 2990, 358], [3067, 607, 385, 3922, 1473, 3801, 1305, 3215], [1177, 181, 3805, 114, 4212, 1270, 104, 3936], [3809, 334, 3807, 3814, 4212, 3811, 3922, 1846], [3812, 4199, 3902, 376, 3803, 3827, 1760, 4079], [489, 2433, 2308, 2281, 3847, 1080, 2563, 2002], [3814, 541, 3922, 478, 2603, 3817, 1075, 550], [334, 1846, 3144, 968, 1853, 3936, 3986, 4004], [3922, 3821, 1305, 334, 1846, 3936, 1586, 68], [3824, 1622, 2706, 3613, 3070, 3931, 2740, 4212], [3828, 3809, 3922, 3026, 1887, 3814, 744, 2592], [3826, 920, 1222, 379, 3960, 157, 1216, 4044], [3831, 823, 2881, 46, 1528, 3872, 2252, 1852], [2876, 3832, 3187, 3139, 3189, 3056, 2873, 1849], [68, 3946, 2701, 335, 2952, 3817, 288, 3936], [27, 3838, 4145, 395, 141, 351, 874, 3308], [3839, 3826, 1268, 4033, 1281, 1215, 68, 116], [2721, 208, 755, 227, 1029, 2636, 11, 3725], [3842, 3561, 3936, 3611, 2442, 3562, 3574, 3585], [3847, 1011, 2473, 3377, 3018, 1887, 3699, 1795], [3848, 2845, 3962, 4098, 4048, 3718, 3719, 1393], [3849, 663, 1661, 1579, 1551, 1369, 810, 550], [1773, 2592, 1741, 4203, 2220, 2784, 2010, 1075], [3852, 2760, 2916, 2927, 2761, 669, 372, 2919], [3853, 4022, 2183, 1345, 61, 1488, 2877, 2179], [3945, 3854, 4161, 3976, 3826, 208, 4086, 1568], [4118, 3857, 4115, 128, 4065, 3871, 972, 1080], [1887, 3026, 3027, 3860, 1846, 3174, 3986, 471], [1887, 3986, 2775, 532, 2918, 604, 1846, 3861], [334, 3936, 3150, 3865, 2701, 3394, 3215, 3790], [3922, 3067, 3812, 3865, 2996, 2744, 1708, 1865], [933, 1051, 1724, 1855, 3204, 1506, 2834, 3872], [1336, 3873, 3892, 3187, 1278, 2685, 3951, 908], [3874, 3963, 1228, 3952, 3976, 3873, 1435, 3880], [358, 1968, 3094, 812, 3833, 1467, 1662, 116], [3878, 884, 1054, 3807, 3262, 815, 622, 2278], [3879, 1851, 1321, 224, 3019, 1591, 8, 3332], [1823, 2501, 4131, 104, 3132, 3897, 2114, 3481], [116, 3839, 1232, 3855, 188, 3882, 210, 208], [68, 181, 3996, 1888, 346, 3883, 761, 1601], [2017, 3937, 4199, 346, 3971, 534, 114, 1977], [3697, 908, 1051, 1506, 1336, 46, 933, 4099], [1930, 3788, 2956, 1872, 790, 3893, 3773, 3919], [2342, 670, 2909, 210, 2313, 810, 2273, 15], [4130, 2120, 2514, 3915, 3891, 3166, 135, 2602], [3892, 376, 397, 2252, 3190, 1737, 1736, 4100], [1622, 1514, 3616, 1880, 2953, 1570, 576, 1969], [1791, 77, 101, 4164, 346, 3301, 772, 1741], [3975, 3216, 787, 3356, 3922, 2740, 4043, 346], [3902, 2860, 506, 1877, 1952, 519, 1870, 3903], [3904, 3849, 70, 3093, 1584, 1790, 1844, 3940], [3905, 3562, 2497, 2766, 3963, 2495, 3568, 2251], [3144, 1005, 3986, 1988, 2339, 532, 1846, 3186], [3912, 3865, 3853, 3902, 3914, 3847, 1818, 3963], [3914, 3922, 1865, 72, 1464, 1818, 4118, 3056], [3936, 3916, 513, 3931, 334, 3144, 3150, 3394], [3922, 3144, 68, 3067, 4212, 3215, 3264, 3936], [2074, 3136, 3999, 3584, 3084, 3741, 3230, 1709], [1069, 3109, 123, 86, 1831, 830, 2860, 2514], [1756, 102, 794, 108, 1966, 2860, 114, 3932], [208, 156, 3977, 916, 1930, 54, 4118, 972], [3915, 2766, 2598, 1215, 877, 1074, 1232, 1955], [3930, 114, 772, 2952, 3828, 2592, 2714, 4025], [3931, 334, 3920, 3828, 68, 52, 335, 3186], [3963, 3883, 3975, 3836, 3938, 3097, 4095, 3809], [3935, 2314, 4011, 3980, 2423, 3909, 819, 4135], [3936, 68, 1708, 3144, 1773, 4070, 3922, 2701], [3878, 3937, 3971, 3976, 3803, 4096, 4100, 1326], [1473, 101, 1791, 2768, 1741, 26, 3392, 3746], [2952, 3940, 335, 1718, 3828, 1887, 3760, 2339], [3943, 265, 1791, 1332, 3500, 2445, 1329, 4043], [3945, 841, 4212, 3952, 4086, 1671, 3809, 4215], [3946, 3836, 1520, 2078, 3182, 1515, 3225, 4001], [3947, 4100, 4137, 3937, 2627, 4018, 4071, 3977], [4130, 109, 1650, 1644, 3948, 1461, 2980, 3756], [920, 2094, 3446, 3950, 3205, 2885, 935, 2863], [3809, 4212, 3952, 369, 3986, 3922, 4086, 3936], [1829, 667, 264, 762, 1149, 852, 28, 966], [3957, 3637, 3640, 2629, 1176, 491, 1790, 1359], [4044, 3958, 660, 3960, 4058, 3271, 880, 1274], [3826, 4058, 3960, 3952, 1175, 2278, 3878, 2766], [3815, 1826, 1130, 1297, 1281, 3317, 1714, 898], [676, 1714, 249, 1501, 3130, 657, 4219, 2108], [1736, 3951, 3933, 397, 3873, 376, 2317, 3963], [3964, 1353, 268, 577, 1835, 243, 3380, 313], [3965, 3356, 3188, 1870, 3971, 3936, 27, 361], [270, 3316, 1761, 282, 2989, 2648, 3096, 3996], [4118, 4065, 2251, 4115, 3970, 4059, 3812, 1305], [1505, 2372, 1988, 334, 2877, 2843, 3986, 221], [3977, 3067, 1473, 4096, 2877, 1435, 3090, 101], [4037, 2920, 1711, 776, 3946, 2919, 3801, 3805], [385, 3983, 3340, 1501, 632, 507, 4013, 4052], [3144, 3986, 1887, 478, 334, 1305, 68, 1479], [3356, 201, 535, 2532, 223, 3988, 4090, 2118], [387, 4028, 4199, 3990, 386, 1970, 922, 618], [36, 2744, 3307, 268, 8, 3157, 3977, 3755], [27, 874, 881, 484, 480, 395, 54, 4156], [739, 3994, 3793, 3962, 4190, 1100, 4215, 841], [3996, 1644, 3356, 1764, 4019, 270, 1598, 4021], [3997, 534, 3937, 3902, 4210, 3891, 3971, 3220], [2211, 334, 2018, 1887, 2246, 1818, 221, 3045], [579, 4001, 1877, 2548, 2361, 813, 591, 489], [4003, 2019, 1080, 1451, 683, 2457, 3507, 3503], [4004, 3144, 3986, 987, 3936, 478, 1988, 532], [4006, 692, 3411, 3233, 1705, 3231, 465, 2179], [334, 549, 3144, 3397, 3986, 1988, 1586, 430], [4013, 3936, 3303, 4014, 2718, 101, 1818, 3302], [4015, 3054, 3913, 1080, 2925, 545, 3897, 4007], [1215, 2221, 1056, 3612, 3653, 2139, 1194, 3680], [4019, 1888, 1736, 3996, 3264, 1741, 3922, 1846], [1736, 756, 3803, 379, 376, 4199, 4100, 1256], [1791, 4028, 1835, 1742, 1796, 2514, 1736, 2675], [4021, 2796, 3298, 3242, 2843, 2723, 2745, 1521], [4022, 3756, 61, 1849, 2858, 3755, 3215, 3307], [4023, 1814, 1695, 1791, 2019, 4067, 2227, 2841], [3189, 3977, 2264, 4210, 3279, 3147, 2869, 2848], [4025, 1791, 1644, 4022, 2400, 3043, 1080, 1999], [1644, 1791, 82, 2714, 3096, 1787, 3736, 2980], [101, 1791, 61, 4015, 1757, 1333, 4019, 2019], [4030, 3056, 4210, 3971, 3965, 4163, 3937, 4118], [4031, 2990, 1791, 4007, 1332, 1333, 3913, 1650], [3826, 389, 1290, 2893, 1216, 903, 1130, 3393], [1846, 4038, 2059, 4042, 2400, 3144, 1509, 1988], [4042, 4038, 1964, 1509, 1586, 1647, 968, 334], [3216, 4044, 3936, 4164, 3817, 4019, 3339, 1844], [3551, 4047, 3612, 4072, 3533, 4132, 3550, 4117], [4090, 2400, 4003, 3191, 1495, 1479, 3215, 4154], [3056, 4118, 2007, 4163, 1870, 3902, 3812, 409], [4052, 3144, 3518, 1866, 3752, 1818, 1067, 2815], [1464, 334, 2745, 3031, 335, 221, 3298, 1718], [4058, 4118, 3878, 3809, 4065, 3826, 38, 787], [4035, 917, 1845, 2697, 1791, 3268, 2765, 159], [3809, 1501, 3975, 3922, 4062, 4061, 607, 147], [4062, 3963, 4058, 954, 1113, 541, 1035, 2675], [3826, 4063, 4138, 792, 702, 663, 1531, 4058], [4065, 3809, 4014, 4118, 541, 1473, 787, 3532], [4070, 334, 4068, 3144, 3986, 1887, 2592, 478], [334, 1305, 3922, 3144, 478, 68, 4072, 72], [181, 1479, 4078, 3174, 3922, 72, 288, 2744], [4044, 4058, 4118, 3878, 480, 3963, 3952, 3056], [2953, 3328, 3680, 4037, 1040, 1166, 2973, 127], [3144, 3809, 3986, 1887, 3936, 334, 3922, 3814], [4087, 4088, 4212, 4070, 1846, 4090, 288, 2701], [4090, 334, 3174, 52, 3790, 3936, 3150, 3026], [904, 2909, 4092, 4110, 3940, 4033, 958, 105], [2297, 1854, 2153, 4094, 3809, 3936, 3805, 711], [4095, 3809, 3963, 1216, 3951, 3960, 3277, 3933], [4096, 4161, 3976, 1178, 2012, 1736, 1528, 3831], [4097, 1478, 2411, 335, 1464, 2988, 3946, 744], [3826, 920, 1222, 379, 3960, 157, 1216, 4044], [4199, 1736, 1178, 3803, 242, 756, 4161, 4096], [4102, 3828, 478, 674, 2548, 2245, 369, 1887], [4104, 1473, 822, 3922, 3215, 3067, 3530, 4212], [4137, 3937, 2893, 3971, 4199, 4018, 4100, 4210], [117, 3967, 739, 2836, 3299, 3182, 1194, 1848], [3826, 3952, 4044, 4063, 4058, 4138, 208, 3839], [3754, 4219, 1928, 2991, 3035, 102, 273, 398], [334, 1846, 3809, 4212, 1011, 2400, 294, 2473], [713, 671, 103, 3913, 3107, 3762, 3955, 1827], [3456, 2717, 1488, 4146, 3056, 1849, 28, 794], [1930, 3777, 3809, 4044, 792, 3310, 794, 