{"num_src_sents": 19, "luciusSamosata_1_1869": {"tgt_lang": "fr", "transl_top1": 0.05263157894736842, "transl_top5": 0.10526315789473684, "transl_top10": 0.3684210526315789, "num_nulls": 0, "num_tgt_sents": 14187, "retrieval_preds": [[7286, 7829, 775, 9247, 8141, 508, 5529, 13707], [8509, 2272, 13713, 8511, 9257, 7709, 4854, 11222], [3529, 8511, 8741, 9265, 9247, 11808, 775, 2272], [9221, 11348, 9247, 11143, 11015, 11571, 7286, 14054], [11348, 8520, 7829, 4908, 7923, 7367, 5497, 9247], [8523, 13729, 11808, 7367, 7329, 4194, 3742, 7328], [8524, 11791, 11867, 5508, 5840, 11143, 12221, 11141], [8525, 8866, 9347, 11791, 14054, 8580, 3685, 5565], [8526, 8761, 3482, 8343, 8548, 7328, 7196, 14039], [12671, 8527, 12815, 2997, 9257, 8855, 8980, 12176], [11814, 9869, 11808, 11549, 2741, 775, 3995, 12153], [8536, 11960, 8541, 8651, 11814, 11549, 11685, 11808], [8544, 13562, 11762, 12010, 8898, 9172, 13832, 9456], [13545, 7249, 4639, 1438, 6323, 6540, 1148, 993], [9869, 11791, 7367, 1164, 11358, 8448, 11394, 11814], [8548, 7367, 9299, 11074, 11539, 11669, 9612, 7329], [1317, 7286, 5826, 6650, 10886, 506, 513, 8491], [775, 9247, 13843, 7286, 9163, 7829, 13847, 3417], [8563, 5888, 13707, 13843, 1123, 11009, 3924, 6930]]}, "num_translations": 1, "text_top1": 0.05263157894736842, "text_top5": 0.10526315789473684, "text_top10": 0.3684210526315789}