{"num_src_sents": 64, "sophistesGrecs_1842": {"tgt_lang": "fr", "transl_top1": 0.171875, "transl_top5": 0.359375, "transl_top10": 0.484375, "num_nulls": 0, "num_tgt_sents": 7988, "retrieval_preds": [[4678, 5024, 5216, 5013, 5030, 4672, 5690, 4748], [4748, 5800, 91, 5797, 5153, 5164, 5490, 5602], [1212, 7345, 686, 6746, 6758, 7970, 7189, 7003], [4666, 4778, 4836, 3352, 7422, 4942, 5175, 5826], [2935, 2133, 7644, 2817, 3959, 869, 5290, 6113], [5910, 4724, 3934, 4668, 7866, 4747, 4680, 4523], [4670, 5244, 805, 3439, 5262, 6728, 4456, 4104], [4678, 4672, 4675, 4755, 5100, 5037, 5030, 4758], [4682, 4681, 4675, 4670, 4518, 4755, 4678, 4673], [4675, 4747, 4678, 4643, 4775, 4682, 4863, 4438], [4672, 4678, 5030, 5014, 4755, 4682, 3608, 5443], [5947, 4173, 7221, 4727, 919, 326, 7571, 5429], [4755, 4724, 4681, 4680, 4675, 4994, 4747, 4758], [4682, 4681, 4675, 4747, 4755, 5034, 5253, 4678], [7885, 2919, 5143, 4684, 2820, 6156, 2934, 7589], [521, 833, 2167, 520, 841, 1080, 342, 6136], [4686, 2423, 6668, 6984, 2690, 2518, 3231, 5763], [1475, 1507, 4726, 3426, 4643, 4685, 757, 1863], [4338, 7096, 7354, 7080, 3360, 1005, 7361, 5024], [4048, 1251, 483, 7784, 2005, 4281, 4358, 3482], [4693, 4771, 7954, 5096, 5134, 1971, 4748, 3392], [4694, 6026, 6044, 5985, 4700, 5088, 1142, 5335], [4434, 4696, 5173, 4456, 5262, 5013, 4436, 4400], [5037, 4675, 4700, 3750, 5443, 5043, 5030, 4755], [4701, 5018, 6729, 4446, 5132, 5237, 3414, 4832], [5797, 1851, 4920, 4702, 7774, 4786, 5054, 5271], [7822, 6050, 5931, 5959, 2612, 7444, 4523, 1817], [4705, 1832, 3375, 7863, 4423, 4785, 5953, 7770], [4924, 4713, 6581, 515, 7565, 4706, 264, 4707], [7866, 4747, 3934, 7616, 4962, 4708, 4523, 7579], [7866, 6019, 504, 4747, 4104, 3934, 5580, 4480], [4714, 6038, 6468, 3589, 6601, 3380, 2527, 3818], [7885, 5686, 5143, 6495, 3763, 4715, 1468, 1454], [4716, 2948, 3012, 4745, 2876, 6813, 6008, 6729], [4717, 515, 4709, 4471, 6038, 4653, 6598, 7868], [4621, 4962, 4675, 5143, 2287, 4456, 5110, 7866], [4720, 5292, 5053, 4523, 4873, 4863, 4803, 6495], [316, 4423, 4722, 7368, 5170, 1574, 4426, 6753], [4724, 7190, 7866, 4747, 2819, 5910, 6019, 4080], [5445, 7160, 1561, 6529, 6087, 2980, 6091, 1118], [4863, 7866, 6111, 3971, 7910, 7868, 7822, 6046], [6372, 919, 1454, 4732, 5374, 7150, 3381, 5686], [7879, 56, 7355, 1036, 4628, 7571, 1030, 114], [1454, 4708, 852, 2269, 3106, 1468, 398, 854], [4738, 4456, 4423, 6495, 1709, 7538, 4723, 6753], [7396, 4104, 4747, 1879, 6265, 7190, 4197, 4225], [2384, 4744, 4705, 7567, 7177, 4967, 2890, 5627], [5143, 6495, 5283, 6523, 6002, 6526, 4723, 5782], [4747, 5219, 7629, 504, 7866, 4994, 4608, 4592], [4643, 5057, 2422, 4675, 4682, 4962, 4640, 5223], [4748, 4726, 4640, 5475, 5196, 617, 3373, 6071], [4703, 2593, 6420, 4561, 2562, 1541, 5253, 4751], [4103, 6236, 4146, 5351, 6793, 2867, 7773, 6960], [4753, 4726, 4748, 4755, 4759, 4330, 6026, 5150], [4755, 4962, 4682, 4681, 4747, 5100, 4724, 5030], [4990, 7149, 4686, 4708, 5680, 1483, 7638, 529], [4779, 4757, 4563, 6374, 693, 5939, 2107, 5274], [4758, 4747, 4759, 4755, 4724, 4792, 5100, 4678], [5249, 6155, 6298, 7349, 3003, 7207, 6006, 1411], [6543, 5910, 7822, 2769, 6519, 6019, 4104, 7646], [4792, 4769, 6276, 6519, 5868, 3363, 6029, 4391], [4772, 3370, 4643, 3381, 7910, 1620, 4726, 858], [7885, 1454, 6026, 722, 5195, 6008, 5275, 685], [5910, 6050, 4643, 6495, 2287, 7866, 4423, 5678]]}, "num_translations": 1, "text_top1": 0.171875, "text_top5": 0.359375, "text_top10": 0.484375}