{"num_src_sents": 43, "corneliusNepos_1856": {"tgt_lang": "de", "transl_top1": 0.5813953488372093, "transl_top5": 0.6511627906976745, "transl_top10": 0.7209302325581395, "num_nulls": 0, "num_tgt_sents": 2320, "retrieval_preds": [[1014, 208, 55, 359, 882, 715, 1668, 562], [1015, 779, 984, 700, 2082, 390, 1173, 636], [1016, 1748, 1747, 727, 2013, 2094, 1500, 1390], [1017, 2024, 1205, 2020, 1655, 576, 2257, 1909], [1398, 1004, 2135, 503, 1754, 1018, 985, 626], [365, 1592, 1511, 399, 1618, 798, 1663, 1245], [1018, 395, 1151, 1019, 930, 2061, 1829, 1854], [1019, 1151, 2084, 146, 946, 1324, 745, 395], [1020, 1222, 2072, 1695, 856, 839, 649, 1056], [1021, 1432, 1436, 409, 2181, 1221, 1831, 630], [1022, 608, 1029, 2231, 106, 2235, 162, 835], [1030, 774, 376, 492, 402, 1530, 106, 626], [1031, 611, 376, 1030, 378, 318, 286, 520], [1032, 1034, 2059, 731, 592, 984, 1520, 426], [1033, 976, 1047, 1034, 1065, 1724, 779, 1062], [1034, 1758, 623, 843, 461, 1617, 1567, 1087], [1035, 498, 681, 309, 1152, 541, 1034, 1823], [1037, 378, 783, 171, 155, 627, 374, 612], [1038, 1481, 1959, 1651, 1656, 1578, 373, 249], [1052, 632, 272, 2207, 1192, 998, 185, 2053], [1039, 359, 1014, 464, 1065, 1460, 108, 208], [1040, 1035, 2201, 1143, 811, 1673, 1585, 409], [1041, 1940, 1042, 117, 1932, 1925, 634, 1168], [1043, 1360, 811, 541, 312, 1916, 931, 972], [214, 1501, 2172, 1327, 202, 1671, 138, 593], [1044, 1045, 701, 327, 820, 1481, 434, 1844], [1045, 1009, 1044, 983, 639, 645, 1892, 318], [1046, 1139, 1277, 483, 1635, 1132, 1649, 264], [604, 2011, 668, 26, 1632, 1158, 300, 2106], [1047, 363, 1065, 1014, 962, 186, 1019, 269], [1048, 982, 649, 184, 1304, 1688, 212, 740], [1059, 885, 864, 186, 1791, 1661, 911, 812], [1060, 2147, 984, 568, 1671, 1349, 883, 2259], [1061, 885, 305, 1154, 1524, 866, 1035, 1617], [1062, 1216, 915, 2064, 3, 1047, 95, 2268], [1063, 786, 2156, 626, 2137, 725, 531, 142], [1064, 1045, 887, 1429, 1905, 155, 321, 983], [1065, 1867, 962, 261, 1718, 1039, 2133, 281], [1716, 889, 779, 1666, 1883, 1314, 1948, 419], [1066, 1306, 1788, 2215, 1753, 981, 199, 1335], [1067, 1759, 1765, 1802, 1885, 64, 14, 62], [1068, 39, 115, 1541, 1456, 375, 1434, 38], [1069, 2257, 632, 797, 217, 516, 1849, 1117]]}, "justin_cNepos_eutropius_1902": {"tgt_lang": "en", "transl_top1": 0.5348837209302325, "transl_top5": 0.6511627906976745, "transl_top10": 0.6511627906976745, "num_nulls": 0, "num_tgt_sents": 9841, "retrieval_preds": [[5505, 4775, 5068, 5689, 8949, 6519, 5504, 4193], [5473, 5319, 2612, 4998, 5505, 2284, 3122, 837], [5506, 7865, 7998, 7540, 7210, 676, 2878, 6483], [5652, 5507, 8399, 1147, 466, 192, 6122, 4561], [5508, 7740, 3524, 3592, 7772, 7738, 977, 7741], [7385, 8999, 5526, 9193, 2975, 5738, 7503, 8617], [5509, 2187, 7515, 1210, 4728, 7619, 7252, 972], [5511, 1210, 4736, 1998, 5509, 8066, 1130, 2098], [7663, 272, 3063, 5512, 5730, 290, 9377, 7404], [2953, 2665, 5613, 5475, 1745, 5728, 2759, 5512], [5514, 6123, 2765, 9239, 4676, 6401, 5883, 6962], [5517, 5295, 891, 5910, 2189, 3458, 3409, 4899], [5518, 5032, 5111, 4899, 5007, 749, 1003, 4807], [5519, 1192, 5217, 2192, 7137, 697, 319, 584], [5521, 525, 7397, 5416, 5500, 4501, 3751, 5466], [5522, 584, 8034, 5523, 583, 3035, 5321, 234], [5523, 1164, 691, 726, 1894, 1457, 3087, 5008], [5525, 4171, 3382, 936, 4791, 532, 5233, 2192], [3589, 360, 3530, 5528, 7254, 7267, 1321, 3353], [3508, 6234, 3290, 7349, 3125, 8015, 5276, 1630], [5529, 4, 7669, 7318, 725, 3600, 4019, 515], [5530, 3117, 6168, 4440, 559, 5293, 4394, 5978], [5532, 6427, 5852, 3646, 3623, 5880, 3268, 1253], [7852, 2292, 7683, 1769, 7013, 4341, 8286, 8350], [4695, 4763, 5146, 6201, 1757, 7210, 3438, 6835], [5549, 5534, 3560, 7478, 1971, 3283, 6606, 1863], [5534, 5497, 5142, 4753, 3108, 815, 4869, 2380], [5536, 6144, 2854, 5179, 485, 3445, 261, 2200], [835, 5537, 5624, 8374, 7946, 5535, 997, 63], [5538, 3726, 7439, 8872, 9673, 9782, 8851, 7898], [5539, 8171, 3676, 8015, 8032, 3365, 3075, 6190], [5541, 3916, 5958, 4519, 195, 6567, 2718, 9545], [992, 6623, 5542, 8452, 4870, 235, 943, 412], [5543, 1634, 5323, 3115, 485, 2455, 5273, 2492], [5544, 5799, 5505, 5722, 4129, 1592, 5708, 8042], [5545, 1481, 1418, 1909, 172, 635, 5038, 4901], [5546, 5534, 6611, 4245, 5578, 3537, 5818, 2467], [5547, 7647, 7635, 3714, 6966, 800, 7311, 8249], [501, 3156, 575, 168, 832, 525, 1164, 890], [5549, 8989, 3793, 3461, 5550, 5487, 7917, 9349], [5562, 4646, 3585, 6260, 6294, 3502, 3793, 3688], [5563, 6037, 5191, 1810, 2011, 1620, 1229, 6644], [5564, 2289, 3673, 2658, 7871, 4782, 2818, 759]]}, "num_translations": 2, "text_top1": 0.5581395348837209, "text_top5": 0.6511627906976745, "text_top10": 0.686046511627907}