{"num_src_sents": 61, "justin_cNepos_eutropius_1902": {"tgt_lang": "en", "transl_top1": 0.26229508196721313, "transl_top5": 0.4098360655737705, "transl_top10": 0.5081967213114754, "num_nulls": 0, "num_tgt_sents": 9841}, "corneliusNepos_1856": {"tgt_lang": "de", "transl_top1": 0.08196721311475409, "transl_top5": 0.19672131147540983, "transl_top10": 0.36065573770491804, "num_nulls": 0, "num_tgt_sents": 2320}, "num_translations": 2, "text_top1": 0.1721311475409836, "text_top5": 0.30327868852459017, "text_top10": 0.43442622950819676}