{"num_src_sents": 41, "plutarch_4_1844": {"tgt_lang": "fr", "transl_top1": 0.024390243902439025, "transl_top5": 0.12195121951219512, "transl_top10": 0.17073170731707318, "num_nulls": 0, "num_tgt_sents": 6665, "retrieval_preds": [[2648, 241, 2306, 4969, 2620, 5914, 2778, 4720], [5950, 4313, 4637, 4008, 5931, 5948, 2521, 4736], [2725, 455, 3788, 3952, 1047, 3842, 1812, 6145], [2383, 4319, 313, 5692, 799, 6103, 5923, 4307], [4410, 4008, 4528, 2937, 2235, 5233, 6143, 6142], [5102, 4319, 1630, 4289, 3158, 4442, 799, 4975], [2998, 835, 1139, 1184, 5316, 5150, 6019, 1326], [5960, 1346, 4126, 5930, 164, 1140, 4506, 4969], [327, 299, 92, 6323, 743, 6022, 5539, 6588], [2744, 148, 629, 4108, 2836, 2772, 6146, 6433], [4008, 6188, 1351, 1630, 6304, 1326, 6144, 3887], [4008, 6390, 5950, 4313, 3887, 4916, 6144, 5232], [6122, 5217, 731, 445, 5732, 6146, 460, 6193], [825, 2204, 545, 339, 2483, 5914, 2648, 2351], [6153, 4637, 3984, 4809, 4313, 5950, 4008, 3952], [4637, 5234, 6390, 6013, 5294, 3984, 4490, 6391], [1571, 1464, 2627, 2392, 2746, 2727, 1881, 344], [627, 148, 743, 5316, 623, 765, 1139, 5993], [4199, 5161, 3253, 4498, 5163, 4206, 4415, 4484], [2189, 2443, 1399, 6571, 2196, 4672, 5126, 3824], [124, 3010, 6312, 5292, 629, 761, 2977, 5139], [761, 4490, 5292, 6103, 4499, 76, 5001, 1123], [4639, 3001, 6470, 6305, 5288, 5294, 6297, 5253], [2392, 702, 2443, 2627, 2700, 636, 344, 2409], [373, 1152, 4483, 6428, 4911, 4319, 6117, 120], [2552, 1017, 2648, 2544, 189, 5848, 2196, 2583], [6236, 164, 4316, 4109, 5116, 4692, 2924, 16], [6236, 4339, 4680, 4659, 5395, 3702, 4661, 4693], [4402, 6433, 4425, 2994, 6478, 4516, 4552, 4902], [4313, 6188, 4008, 2829, 6391, 3887, 5931, 6144], [5156, 3183, 2967, 6522, 2962, 4755, 6482, 4979], [4692, 6377, 4268, 3798, 4457, 2962, 2835, 4648], [6547, 6543, 5002, 6599, 3152, 4693, 4470, 6432], [5373, 6250, 1468, 332, 3670, 196, 5650, 321], [5505, 4045, 5539, 5180, 8, 705, 321, 5644], [4720, 5213, 5622, 4618, 4548, 4502, 6432, 120], [104, 5217, 4386, 6489, 5126, 1225, 6184, 5152], [5000, 4881, 4963, 5116, 3670, 3985, 3413, 4873], [5332, 2824, 2294, 2974, 5126, 5423, 2861, 1115], [4862, 4470, 4126, 4007, 6492, 6200, 6141, 743], [164, 63, 4143, 5622, 1304, 6432, 339, 210]]}, "plutarch_5_1844": {"tgt_lang": "fr", "transl_top1": 0.24390243902439024, "transl_top5": 0.5365853658536586, "transl_top10": 0.6341463414634146, "num_nulls": 0, "num_tgt_sents": 5916, "retrieval_preds": [[1302, 776, 2768, 2066, 1344, 83, 1269, 1480], [1048, 5386, 1559, 3566, 1570, 5772, 1109, 1427], [3086, 701, 118, 699, 3020, 1846, 4143, 924], [1811, 5071, 2348, 5223, 5595, 5782, 5890, 1426], [5388, 1855, 2710, 131, 787, 1865, 1675, 1570], [3089, 948, 2867, 3129, 2841, 1813, 1811, 5846], [1166, 693, 821, 1485, 1289, 3015, 2398, 3093], [1302, 1205, 2972, 2954, 1292, 1485, 2667, 1344], [1885, 2083, 1292, 1260, 3878, 2911, 3443, 1381], [1537, 701, 3126, 4383, 1295, 2836, 1846, 3111], [1855, 3021, 5388, 5173, 5020, 3089, 1559, 1475], [1855, 5890, 1559, 1634, 5388, 988, 2234, 1048], [3110, 5786, 1702, 975, 1302, 2878, 1498, 2221], [2213, 2231, 276, 3221, 1302, 2336, 2219, 2725], [1559, 5258, 3127, 3005, 4201, 1570, 972, 1561], [3005, 3127, 1559, 972, 5258, 2053, 772, 1242], [3128, 2289, 2409, 927, 2270, 953, 2726, 2178], [1242, 693, 1289, 3130, 3138, 687, 1254, 1158], [3131, 1848, 5455, 2467, 1350, 4485, 3609, 4144], [2146, 3341, 1302, 2451, 3132, 465, 2283, 1353], [1242, 5636, 465, 1362, 3136, 91, 4270, 5072], [3136, 1242, 1430, 5106, 1318, 1233, 5103, 5338], [3138, 1634, 643, 1792, 1457, 2953, 1158, 5602], [3139, 3140, 3141, 2330, 2281, 3830, 2271, 4956], [3143, 5164, 1233, 3166, 1381, 782, 3142, 5637], [4642, 2312, 4785, 4791, 3144, 2066, 3739, 4722], [3150, 2756, 3149, 2054, 3153, 1937, 1925, 12], [687, 3151, 2058, 1787, 1053, 2698, 1807, 1734], [758, 3844, 1780, 1506, 3153, 2052, 4322, 1368], [5388, 1855, 787, 5387, 1561, 1570, 1559, 988], [3153, 4237, 4505, 1885, 5462, 468, 1673, 5410], [101, 100, 1050, 5427, 367, 1770, 98, 3426], [1309, 314, 114, 83, 1381, 5782, 641, 1835], [3161, 3162, 1366, 3013, 3239, 3870, 3981, 3852], [3162, 3161, 3080, 3456, 3692, 5022, 2210, 4396], [3153, 1302, 2451, 2882, 2519, 5804, 314, 781], [3167, 3615, 5896, 3148, 2510, 2171, 693, 5519], [2050, 468, 4232, 3153, 5462, 3869, 4505, 4167], [2448, 5724, 3172, 3403, 2446, 2702, 807, 4124], [3015, 1807, 1485, 2044, 2377, 2139, 2892, 5774], [1897, 1767, 1269, 1353, 5804, 314, 114, 2998]]}, "plutarch_1898_ethical": {"tgt_lang": "en", "transl_top1": 0.2682926829268293, "transl_top5": 0.5121951219512195, "transl_top10": 0.6341463414634146, "num_nulls": 0, "num_tgt_sents": 5242, "retrieval_preds": [[2056, 3902, 3825, 1620, 4929, 2311, 2226, 4890], [4887, 5028, 2954, 3894, 2579, 1333, 4662, 217], [4062, 2219, 4679, 4709, 45, 4983, 49, 4593], [217, 4669, 1513, 3894, 553, 3457, 493, 3081], [1338, 1339, 388, 226, 2238, 3894, 2240, 4895], [4683, 217, 4669, 839, 2676, 3994, 3456, 3894], [1805, 4684, 198, 1605, 2297, 2561, 1785, 1692], [4448, 2304, 3577, 2232, 2194, 4345, 4251, 1805], [1645, 2455, 3400, 4501, 1637, 2633, 1791, 4543], [3168, 3425, 4969, 3388, 2763, 46, 2233, 1874], [388, 2238, 2234, 4895, 4697, 2302, 2240, 4695], [2219, 3011, 194, 1879, 2858, 1338, 4708, 5028], [982, 2186, 766, 3048, 4020, 4530, 1717, 2507], [4706, 2304, 484, 1324, 3517, 3838, 5031, 2056], [4708, 4707, 1893, 5028, 2093, 2858, 4887, 3894], [4708, 4921, 194, 4707, 3012, 5068, 3894, 1893], [4709, 4883, 484, 5047, 1954, 582, 726, 1211], [3245, 198, 2493, 3388, 2281, 736, 1508, 4969], [4710, 3550, 3861, 4685, 1368, 2569, 4434, 75], [4711, 4345, 4980, 4976, 4385, 3743, 658, 902], [4969, 4712, 1311, 673, 4372, 3364, 4977, 856], [46, 4712, 4969, 3654, 4297, 448, 3015, 4965], [740, 2657, 4714, 4936, 492, 729, 3457, 1206], [4788, 484, 4715, 4280, 4856, 4716, 4877, 800], [4717, 2173, 247, 4123, 873, 2526, 5027, 176], [4718, 4028, 4641, 4251, 3517, 4890, 4271, 953], [4722, 1745, 4723, 1360, 4517, 1979, 4661, 1708], [4738, 4723, 4422, 4721, 3832, 4650, 4418, 736], [3127, 4999, 3655, 4723, 2190, 4171, 3007, 4791], [1338, 4895, 4697, 388, 1339, 2234, 4695, 2238], [4724, 882, 902, 1745, 4544, 1496, 4485, 4328], [4727, 4500, 448, 445, 4262, 1395, 4484, 415], [4728, 1508, 156, 1446, 1491, 1532, 3953, 563], [4730, 4729, 865, 698, 4589, 3517, 914, 4466], [4731, 833, 4404, 2526, 1610, 941, 3009, 2911], [4732, 1713, 2232, 1739, 1495, 874, 1393, 879], [4733, 2190, 3048, 4348, 3168, 2542, 4436, 4721], [4735, 4783, 1745, 1637, 3093, 1810, 3925, 1581], [4736, 4739, 3093, 3389, 4497, 2539, 1717, 757], [4738, 1307, 1804, 1805, 4437, 4737, 4601, 4499], [4739, 3922, 4345, 4437, 1466, 2124, 2232, 1358]]}, "num_translations": 3, "text_top1": 0.17886178861788618, "text_top5": 0.3902439024390244, "text_top10": 0.47967479674796754}