{"num_src_sents": 952, "appian_1832_10": {"tgt_lang": "de", "transl_top1": 0.007352941176470588, "transl_top5": 0.026260504201680673, "transl_top10": 0.04201680672268908, "num_nulls": 0, "num_tgt_sents": 12614}, "Appianus_1828": {"tgt_lang": "de", "transl_top1": 0.4317226890756303, "transl_top5": 0.6617647058823529, "transl_top10": 0.7521008403361344, "num_nulls": 0, "num_tgt_sents": 6120}, "appian_1830_5": {"tgt_lang": "de", "transl_top1": 0.009453781512605041, "transl_top5": 0.02415966386554622, "transl_top10": 0.045168067226890755, "num_nulls": 0, "num_tgt_sents": 7584}, "num_translations": 3, "text_top1": 0.14950980392156862, "text_top5": 0.23739495798319327, "text_top10": 0.27976190476190477}