{"num_src_sents": 540, "seneca_1889": {"tgt_lang": "en", "transl_top1": 0.6907407407407408, "transl_top5": 0.8462962962962963, "transl_top10": 0.8870370370370371, "num_nulls": 2, "num_tgt_sents": 6989}, "seneca_1877": {"tgt_lang": "fr", "transl_top1": 0.5814814814814815, "transl_top5": 0.7722222222222223, "transl_top10": 0.8425925925925926, "num_nulls": 3, "num_tgt_sents": 29079}, "num_translations": 2, "text_top1": 0.6361111111111111, "text_top5": 0.8092592592592593, "text_top10": 0.8648148148148148}