{"num_src_sents": 337, "appian_1832_10": {"tgt_lang": "de", "transl_top1": 0.011869436201780416, "transl_top5": 0.04154302670623145, "transl_top10": 0.06231454005934718, "num_nulls": 0, "num_tgt_sents": 12614}, "Appianus_1828": {"tgt_lang": "de", "transl_top1": 0.41839762611275966, "transl_top5": 0.6231454005934718, "transl_top10": 0.7062314540059347, "num_nulls": 0, "num_tgt_sents": 6120}, "appian_1830_5": {"tgt_lang": "de", "transl_top1": 0.002967359050445104, "transl_top5": 0.04154302670623145, "transl_top10": 0.07418397626112759, "num_nulls": 0, "num_tgt_sents": 7584}, "num_translations": 3, "text_top1": 0.1444114737883284, "text_top5": 0.23541048466864486, "text_top10": 0.28090999010880313}