{"num_src_sents": 340, "plutarch_1_1844": {"tgt_lang": "fr", "transl_top1": 0.29411764705882354, "transl_top5": 0.4647058823529412, "transl_top10": 0.55, "num_nulls": 0, "num_tgt_sents": 8121}, "plutarch_2_1844": {"tgt_lang": "fr", "transl_top1": 0.014705882352941176, "transl_top5": 0.061764705882352944, "transl_top10": 0.10882352941176471, "num_nulls": 0, "num_tgt_sents": 7523}, "num_translations": 2, "text_top1": 0.15441176470588236, "text_top5": 0.26323529411764707, "text_top10": 0.3294117647058824}