{"num_src_sents": 3023, "xenophon_2_1856": {"tgt_lang": "de", "transl_top1": 0.0013231888852133643, "transl_top5": 0.010254713860403573, "transl_top10": 0.020840224942110488, "num_nulls": 0, "num_tgt_sents": 8441}, "xenophon_1_1872": {"tgt_lang": "fr", "transl_top1": 0.0026463777704267286, "transl_top5": 0.009262322196493549, "transl_top10": 0.017863049950380416, "num_nulls": 0, "num_tgt_sents": 11058}, "xenophon_1_1854": {"tgt_lang": "de", "transl_top1": 0.40092623221964935, "transl_top5": 0.5898114455838571, "transl_top10": 0.6791266953357592, "num_nulls": 0, "num_tgt_sents": 7813}, "xenophon_3_1858": {"tgt_lang": "de", "transl_top1": 0.0029771749917300696, "transl_top5": 0.007608336089976844, "transl_top10": 0.014224280516043665, "num_nulls": 0, "num_tgt_sents": 5067}, "xenophon_2_1872": {"tgt_lang": "fr", "transl_top1": 0.2834932186569633, "transl_top5": 0.47072444591465434, "transl_top10": 0.5501157790274561, "num_nulls": 2, "num_tgt_sents": 10554}, "num_translations": 5, "text_top1": 0.13827323850479656, "text_top5": 0.21753225272907709, "text_top10": 0.25643400595434995}