{"num_src_sents": 27, "plutarch_1898_ethical": {"tgt_lang": "en", "transl_top1": 0.07407407407407407, "transl_top5": 0.25925925925925924, "transl_top10": 0.3333333333333333, "num_nulls": 0, "num_tgt_sents": 5242, "retrieval_preds": [[1312, 4345, 3902, 1978, 3850, 4457, 1653, 4712], [1314, 1679, 4617, 4929, 1839, 4709, 3133, 4712], [3885, 1280, 2857, 4478, 2858, 597, 1024, 1448], [3101, 1377, 620, 3806, 2703, 462, 1356, 2562], [1319, 1879, 2219, 194, 384, 3770, 2155, 1830], [1320, 2722, 2075, 2076, 24, 3605, 2715, 1431], [1321, 1466, 814, 3361, 2194, 3517, 4437, 4964], [1324, 5031, 1805, 3892, 2455, 2304, 4712, 4339], [1325, 1614, 1685, 2198, 2353, 3354, 1612, 3567], [1326, 5031, 2056, 3838, 2304, 4945, 3577, 4448], [1327, 4425, 3613, 1337, 4633, 110, 5046, 3638], [2460, 4622, 4685, 2703, 2938, 2148, 4609, 2661], [510, 3892, 417, 1618, 1707, 4464, 1999, 1343], [1330, 3764, 3503, 3305, 3335, 3050, 4425, 0], [1331, 1329, 1316, 4260, 2178, 1314, 94, 4590], [1333, 4662, 5028, 4887, 3894, 226, 3034, 3936], [1334, 658, 4976, 1501, 4451, 3743, 1592, 736], [1335, 2056, 1608, 1653, 5031, 3827, 4411, 1498], [1337, 3064, 2833, 2894, 4972, 4918, 4971, 3963], [1338, 1339, 2240, 4895, 4119, 2238, 2234, 4907], [1338, 1339, 2238, 2240, 2234, 4895, 388, 2858], [1338, 1339, 2240, 2238, 4119, 1333, 4662, 4606], [1338, 1339, 2240, 4895, 2238, 2234, 4119, 4606], [1340, 4657, 3457, 5006, 3113, 465, 2906, 3066], [1341, 2190, 3825, 1054, 2483, 4195, 2176, 2173], [1342, 3959, 3160, 1335, 717, 3205, 3395, 1655], [658, 1343, 1824, 3854, 3820, 1650, 4640, 227]]}, "plutarch_2_1844": {"tgt_lang": "fr", "transl_top1": 0.037037037037037035, "transl_top5": 0.2222222222222222, "transl_top10": 0.25925925925925924, "num_nulls": 0, "num_tgt_sents": 7523, "retrieval_preds": [[5300, 561, 4424, 3460, 2489, 1648, 5360, 4332], [6554, 4337, 4336, 6618, 5370, 4342, 7, 7419], [5574, 2892, 5384, 2708, 2206, 6945, 6298, 5773], [4454, 183, 6678, 759, 2900, 4761, 490, 4699], [5490, 7361, 5252, 6877, 6969, 7251, 5253, 6892], [4538, 4559, 5343, 4338, 2223, 2945, 3779, 4561], [2670, 5673, 3693, 2002, 5847, 3406, 6625, 7008], [5445, 1838, 4356, 3460, 4342, 5675, 3406, 7], [4345, 989, 2271, 4968, 3382, 5963, 4934, 6163], [4347, 2021, 7, 3406, 2882, 2002, 3620, 5543], [4348, 904, 5244, 3129, 6138, 6143, 6621, 2933], [6935, 730, 1918, 6576, 774, 1226, 5474, 3009], [2027, 2958, 4351, 7418, 4028, 5553, 4350, 2208], [7123, 74, 5238, 3847, 4351, 1968, 2102, 6918], [4351, 4353, 7092, 6757, 965, 495, 1055, 659], [2708, 6299, 5384, 6298, 6945, 2206, 5321, 6289], [673, 4499, 4356, 4617, 3497, 3964, 4564, 3605], [561, 4124, 7008, 5714, 665, 794, 4506, 3147], [4362, 6636, 2962, 3754, 6421, 6327, 4773, 6476], [6110, 2888, 630, 3685, 2918, 2735, 5384, 6111], [4363, 6110, 2888, 2735, 630, 5384, 6299, 6289], [630, 4363, 6110, 2888, 4263, 5384, 2735, 3685], [4363, 630, 6110, 2888, 2735, 4263, 5384, 3685], [4364, 2310, 2105, 6674, 6941, 3550, 7272, 5184], [5333, 4366, 2331, 4822, 2467, 1959, 5547, 4226], [4357, 4367, 779, 7084, 2930, 7131, 4477, 5696], [5979, 4369, 1767, 3719, 5690, 5714, 2081, 3967]]}, "plutarch_1_1844": {"tgt_lang": "fr", "transl_top1": 0.0, "transl_top5": 0.037037037037037035, "transl_top10": 0.3333333333333333, "num_nulls": 0, "num_tgt_sents": 8121, "retrieval_preds": [[4755, 2370, 2135, 4888, 4926, 2030, 779, 2770], [261, 2780, 851, 3642, 1448, 1056, 2841, 491], [3249, 4311, 4848, 2763, 3237, 4426, 6431, 3450], [203, 3752, 1801, 3868, 3951, 6784, 2839, 941], [3254, 6668, 1824, 6876, 6605, 1562, 2764, 785], [537, 55, 58, 135, 717, 1007, 54, 3355], [2370, 1850, 6910, 3875, 1361, 2841, 4825, 2384], [1656, 2841, 2030, 6910, 4002, 1674, 2833, 2585], [6107, 1677, 851, 6244, 5030, 7167, 5020, 1048], [905, 1640, 4002, 2841, 3689, 3727, 2690, 1235], [2515, 3102, 5411, 5608, 5317, 4287, 6537, 6146], [4399, 5955, 7217, 6211, 4508, 3303, 4997, 4374], [945, 3744, 1364, 7338, 1286, 304, 33, 4494], [6831, 6313, 6938, 6820, 7108, 6146, 6496, 3085], [622, 5989, 6989, 1849, 418, 3186, 3704, 2242], [4848, 4311, 5454, 3249, 2964, 2837, 3237, 4426], [3017, 505, 3519, 1182, 3642, 2770, 640, 7515], [3642, 4825, 3192, 4956, 5332, 4615, 4453, 2841], [6750, 5752, 6130, 4287, 6524, 2766, 3120, 4003], [4296, 4306, 4304, 4294, 4307, 4346, 4300, 4331], [4296, 4294, 4304, 4306, 4346, 4298, 1517, 4300], [4294, 4296, 4306, 4300, 4346, 4302, 4298, 4343], [4296, 4294, 4306, 4300, 4346, 4304, 4298, 4302], [5462, 3562, 5382, 7632, 4997, 3870, 6490, 4396], [3945, 1725, 1837, 920, 5831, 1079, 5409, 1650], [3443, 1048, 4242, 956, 239, 988, 943, 2762], [4755, 4035, 2770, 4537, 1640, 374, 7544, 2833]]}, "num_translations": 3, "text_top1": 0.037037037037037035, "text_top5": 0.1728395061728395, "text_top10": 0.30864197530864196}