{"num_src_sents": 143, "plutarch_4_1844": {"tgt_lang": "fr", "transl_top1": 0.34965034965034963, "transl_top5": 0.5034965034965035, "transl_top10": 0.5804195804195804, "num_nulls": 0, "num_tgt_sents": 6665, "retrieval_preds": [[168, 6140, 6030, 394, 656, 2047, 842, 5353], [509, 420, 467, 264, 191, 210, 2406, 334], [173, 312, 5642, 311, 5930, 194, 378, 5048], [174, 6547, 4419, 206, 4552, 4484, 3003, 299], [176, 2639, 622, 4980, 155, 1763, 2051, 6250], [178, 2196, 2178, 2038, 4980, 2204, 311, 2410], [189, 191, 2306, 311, 312, 6432, 196, 332], [194, 343, 1017, 142, 3670, 3283, 3766, 3481], [1072, 3978, 595, 2217, 1027, 5301, 6073, 6392], [196, 444, 1046, 2196, 2204, 241, 2483, 1017], [2472, 3652, 2051, 1253, 6345, 5290, 1449, 3064], [196, 1046, 444, 454, 321, 419, 665, 2204], [202, 2196, 1016, 490, 2357, 2471, 896, 327], [206, 2636, 2685, 2677, 2812, 5551, 2640, 5948], [205, 207, 206, 208, 149, 2607, 2633, 5843], [206, 208, 205, 207, 2719, 6588, 916, 149], [206, 207, 208, 205, 4639, 497, 4410, 3519], [208, 207, 206, 205, 364, 4735, 6297, 2530], [209, 210, 684, 1151, 226, 339, 825, 6250], [1008, 2732, 606, 5879, 1173, 2544, 825, 1633], [212, 2716, 2557, 2671, 2485, 2612, 2430, 2483], [213, 1755, 215, 546, 138, 6141, 1819, 1929], [214, 212, 1995, 6446, 216, 5916, 1457, 4598], [215, 2330, 446, 65, 6288, 2109, 1979, 4851], [216, 2723, 2636, 1930, 4182, 2128, 1545, 2357], [217, 2724, 2622, 1086, 51, 334, 2732, 404], [693, 1468, 2648, 189, 1746, 332, 312, 2732], [51, 1150, 1070, 955, 221, 189, 1085, 419], [445, 439, 1137, 5264, 5940, 6040, 2437, 3010], [311, 189, 191, 223, 327, 2732, 339, 846], [2648, 6432, 5156, 2585, 6037, 3413, 241, 4076], [237, 388, 4558, 888, 3152, 2951, 578, 1177], [2287, 3887, 6013, 4519, 3890, 4008, 6651, 3480], [846, 237, 189, 483, 2716, 191, 397, 6181], [241, 1152, 6550, 6432, 3149, 3689, 6480, 2778], [242, 2644, 2703, 2454, 2018, 1964, 2038, 771], [243, 723, 4579, 1220, 4739, 5125, 4701, 4502], [246, 1174, 419, 2252, 273, 2262, 1150, 264], [466, 327, 241, 4720, 933, 6543, 223, 15], [4928, 835, 1199, 1630, 2437, 2275, 120, 5732], [3888, 252, 659, 5266, 4959, 6441, 3988, 597], [796, 2435, 2164, 1187, 5702, 1034, 2155, 2828], [257, 6019, 1150, 1140, 902, 339, 1021, 743], [1199, 835, 638, 1152, 630, 316, 1073, 2252], [264, 2262, 138, 2265, 210, 404, 4143, 63], [2195, 1021, 483, 5313, 426, 6019, 693, 857], [268, 5910, 3788, 5413, 5707, 5414, 5485, 1364], [578, 3038, 407, 2382, 1253, 6280, 6337, 5971], [5193, 249, 967, 5192, 1364, 2869, 4697, 1008], [273, 1152, 163, 5150, 5307, 269, 35, 5266], [273, 1021, 356, 264, 386, 1150, 63, 51], [466, 1021, 312, 426, 6181, 210, 339, 6019], [279, 1086, 618, 210, 1000, 1151, 63, 5316], [2590, 6631, 2028, 455, 5873, 281, 326, 2447], [466, 332, 1086, 316, 2406, 426, 648, 2620], [288, 6288, 1633, 1605, 444, 637, 695, 2370], [4928, 4864, 378, 6048, 4682, 5048, 4109, 1162], [466, 4316, 339, 1152, 189, 241, 325, 5125], [297, 2732, 2544, 2585, 2196, 2612, 2423, 2583], [161, 6181, 189, 6432, 339, 5195, 2306, 933], [3903, 4059, 3953, 3881, 2545, 2422, 3889, 2279], [311, 332, 312, 1021, 339, 191, 305, 466], [309, 6146, 2496, 6588, 2252, 2, 1374, 2247], [311, 312, 6432, 2306, 5374, 2483, 4672, 4615], [4313, 666, 1350, 1376, 1392, 5929, 5931, 2450], [313, 2502, 1375, 4501, 6140, 849, 6618, 4805], [332, 327, 339, 316, 189, 933, 6302, 1346], [444, 2912, 321, 3700, 161, 325, 2636, 364], [321, 2527, 1257, 2330, 1633, 702, 2001, 1604], [161, 325, 327, 4720, 6566, 4672, 466, 6543], [339, 6550, 3797, 316, 2196, 419, 2204, 1927], [312, 189, 419, 5048, 888, 4992, 311, 388], [226, 955, 117, 161, 332, 940, 677, 485], [332, 825, 2, 339, 312, 2641, 6522, 2677], [346, 452, 1254, 999, 334, 1150, 405, 191], [444, 2620, 466, 339, 6566, 189, 191, 6432], [339, 3946, 4097, 223, 684, 2308, 4874, 1008], [339, 23, 194, 1017, 1337, 473, 765, 210], [340, 49, 1673, 307, 352, 1441, 50, 493], [397, 5116, 473, 4316, 6543, 466, 4672, 6311], [339, 419, 2392, 1017, 344, 888, 693, 5156], [1927, 241, 4720, 191, 2716, 147, 2410, 2483], [196, 466, 2912, 933, 2196, 444, 6321, 4019], [575, 504, 5048, 312, 846, 397, 420, 189], [358, 6560, 1385, 5985, 481, 5316, 1206, 3189], [363, 402, 466, 5369, 164, 397, 6364, 325], [364, 2055, 1503, 151, 936, 1925, 490, 2074], [2544, 368, 419, 1017, 2195, 1746, 1468, 1399], [447, 3413, 1468, 4344, 5649, 5916, 241, 5650], [374, 4437, 78, 497, 3519, 72, 984, 477], [2648, 2544, 933, 311, 2196, 1468, 693, 2195], [380, 447, 2306, 2648, 490, 1927, 2456, 2585], [161, 1152, 241, 3670, 316, 6181, 384, 210], [387, 2196, 312, 388, 311, 466, 952, 5852], [6037, 312, 23, 6550, 241, 394, 636, 825], [3149, 5373, 394, 14, 65, 2351, 1430, 2984], [483, 648, 419, 940, 397, 316, 339, 1261], [4316, 4862, 4109, 4618, 2924, 164, 6543, 6496], [6434, 4639, 4410, 4254, 5112, 30, 464, 576], [1021, 312, 419, 2204, 825, 210, 404, 933], [325, 466, 345, 402, 397, 1046, 5156, 728], [5489, 2544, 1468, 408, 489, 2195, 2648, 191], [189, 846, 1070, 483, 419, 1017, 933, 3502], [387, 327, 420, 952, 3670, 2392, 4720, 6250], [421, 363, 5851, 1828, 1086, 835, 1008, 1152], [2306, 6181, 6543, 5374, 1932, 57, 4316, 2308], [466, 1151, 339, 6019, 426, 6181, 1017, 404], [1017, 693, 339, 933, 6181, 332, 2544, 191], [2433, 19, 2590, 2705, 2426, 202, 2691, 2693], [432, 339, 2648, 2544, 977, 5879, 77, 5489], [1011, 419, 311, 5048, 312, 940, 483, 5489], [444, 466, 210, 339, 693, 1150, 1070, 648], [996, 483, 334, 273, 1086, 1011, 742, 1184], [15, 5156, 4962, 548, 6069, 578, 5000, 3888], [446, 5350, 2351, 1998, 2392, 1876, 2648, 2426], [447, 2178, 5650, 2001, 2013, 2612, 2648, 2732], [448, 2647, 446, 1864, 1600, 2646, 2661, 1937], [2648, 444, 693, 2778, 2, 191, 196, 6566], [1355, 456, 684, 576, 4104, 1393, 1021, 743], [3037, 6434, 6303, 6369, 6133, 458, 6391, 1158], [466, 2252, 49, 363, 459, 5000, 1152, 2410], [3284, 4241, 1499, 2494, 5675, 462, 4774, 874], [463, 1152, 464, 349, 5369, 2252, 627, 120], [466, 933, 444, 483, 1086, 339, 312, 332], [5048, 473, 339, 2778, 316, 483, 6543, 2219], [474, 760, 2546, 1044, 6297, 2438, 2444, 2487], [475, 6352, 592, 2781, 1515, 2819, 480, 2792], [1515, 1021, 623, 194, 327, 3670, 3824, 311], [481, 483, 1206, 316, 575, 210, 312, 339], [483, 426, 6181, 648, 5313, 1021, 316, 1011], [485, 364, 3238, 4428, 1554, 2160, 2719, 3767], [2742, 488, 899, 718, 2641, 2733, 2732, 2338], [489, 2583, 296, 2713, 2476, 432, 5719, 2693], [490, 2489, 2544, 2583, 489, 2001, 2671, 1927], [492, 1946, 132, 5461, 5808, 2583, 2594, 2471], [494, 2924, 2583, 6491, 5514, 5489, 161, 5503], [496, 1936, 3127, 157, 1332, 6560, 3154, 1157], [498, 706, 1966, 2150, 681, 2098, 24, 2027], [499, 5623, 1949, 2164, 2179, 2347, 2356, 935], [500, 625, 316, 592, 578, 350, 385, 6284], [4163, 6543, 5630, 501, 316, 4992, 4316, 3811], [222, 4437, 197, 78, 374, 91, 377, 501], [3704, 505, 92, 3689, 2343, 6495, 743, 5554]]}, "plutarch_5_1844": {"tgt_lang": "fr", "transl_top1": 0.013986013986013986, "transl_top5": 0.04895104895104895, "transl_top10": 0.08391608391608392, "num_nulls": 0, "num_tgt_sents": 5916,