{"num_src_sents": 2660, "lucretius_virgil_valeriusFlaccus_1857": {"tgt_lang": "fr", "transl_top1": 0.2744360902255639, "transl_top5": 0.4131578947368421, "transl_top10": 0.47443609022556393, "num_nulls": 0, "num_tgt_sents": 19813}, "num_translations": 1, "text_top1": 0.2744360902255639, "text_top5": 0.4131578947368421, "text_top10": 0.47443609022556393}