{"num_src_sents": 178, "cicero_1855-1892_13": {"tgt_lang": "de", "transl_top1": 0.8089887640449438, "transl_top5": 0.9438202247191011, "transl_top10": 0.9887640449438202, "num_nulls": 0, "num_tgt_sents": 5014}, "cicero_1855-1892_14": {"tgt_lang": "de", "transl_top1": 0.02247191011235955, "transl_top5": 0.05056179775280899, "transl_top10": 0.10112359550561797, "num_nulls": 0, "num_tgt_sents": 6557}, "num_translations": 2, "text_top1": 0.4157303370786517, "text_top5": 0.49719101123595505, "text_top10": 0.5449438202247191}