{"num_src_sents": 38, "demosthenes_1856_1": {"tgt_lang": "de", "transl_top1": 0.07894736842105263, "transl_top5": 0.13157894736842105, "transl_top10": 0.18421052631578946, "num_nulls": 0, "num_tgt_sents": 4305}, "demosthenes_aeschynes_1861": {"tgt_lang": "fr", "transl_top1": 0.05263157894736842, "transl_top5": 0.10526315789473684, "transl_top10": 0.13157894736842105, "num_nulls": 0, "num_tgt_sents": 36182}, "demosthenes_2_1861": {"tgt_lang": "fr", "transl_top1": 0.10526315789473684, "transl_top5": 0.23684210526315788, "transl_top10": 0.47368421052631576, "num_nulls": 0, "num_tgt_sents": 2969}, "demosthenes_1_1863": {"tgt_lang": "fr", "transl_top1": 0.02631578947368421, "transl_top5": 0.13157894736842105, "transl_top10": 0.21052631578947367, "num_nulls": 0, "num_tgt_sents": 3406}, "num_translations": 4, "text_top1": 0.06578947368421052, "text_top5": 0.1513157894736842, "text_top10": 0.25}