{"num_src_sents": 89, "isocrates_1835_5": {"tgt_lang": "de", "transl_top1": 0.5280898876404494, "transl_top5": 0.6292134831460674, "transl_top10": 0.6629213483146067, "num_nulls": 0, "num_tgt_sents": 4051}, "isocrates_1832_1": {"tgt_lang": "de", "transl_top1": 0.011235955056179775, "transl_top5": 0.02247191011235955, "transl_top10": 0.07865168539325842, "num_nulls": 0, "num_tgt_sents": 3528}, "num_translations": 2, "text_top1": 0.2696629213483146, "text_top5": 0.3258426966292135, "text_top10": 0.37078651685393255}