{"num_src_sents": 12496, "plotinus_1_1905": {"tgt_lang": "de", "transl_top1": 0.021286811779769526, "transl_top5": 0.03657170294494238, "transl_top10": 0.04257362355953905, "num_nulls": 6314, "num_tgt_sents": 4034}, "plotinus_1895": {"tgt_lang": "en", "transl_top1": 0.030969910371318823, "transl_top5": 0.050736235595390526, "transl_top10": 0.06017925736235595, "num_nulls": 4202, "num_tgt_sents": 6271}, "plotinus_2_1905": {"tgt_lang": "de", "transl_top1": 0.03649167733674776, "transl_top5": 0.06129961587708067, "transl_top10": 0.07290332906530089, "num_nulls": 6870, "num_tgt_sents": 4056}, "num_translations": 3, "text_top1": 0.0295827998292787, "text_top5": 0.04953585147247119, "text_top10": 0.05855206999573197}