{"num_src_sents": 12, "theocritus_1878": {"tgt_lang": "en", "transl_top1": 0.08333333333333333, "transl_top5": 0.16666666666666666, "transl_top10": 0.16666666666666666, "num_nulls": 0, "num_tgt_sents": 6617, "retrieval_preds": [[3273, 388, 1110, 3274, 3276, 5029, 1302, 3216], [3274, 3072, 6256, 2016, 3273, 5467, 6488, 892], [3277, 6492, 1103, 2422, 3226, 2968, 3105, 4499], [3278, 6493, 1975, 3048, 984, 1148, 3924, 3114], [3279, 3280, 772, 719, 4181, 6399, 3124, 4264], [3280, 6399, 1146, 4906, 2876, 1220, 936, 6315], [6499, 4326, 3282, 5228, 541, 4819, 2919, 80], [2879, 3283, 2178, 6039, 1922, 3000, 4376, 3655], [6503, 2394, 3274, 2003, 5508, 611, 3072, 3944], [3286, 4095, 920, 6507, 5945, 4211, 3280, 3857], [6508, 3287, 1086, 1789, 393, 5765, 2153, 4740], [2667, 2864, 2996, 3378, 316, 1518, 5253, 5428]]}, "hesiod_nd": {"tgt_lang": "fr", "transl_top1": 0.08333333333333333, "transl_top5": 0.16666666666666666, "transl_top10": 0.3333333333333333, "num_nulls": 0, "num_tgt_sents": 3571, "retrieval_preds": [[3242, 3469, 900, 3402, 3397, 2958, 3463, 3471], [3242, 325, 265, 531, 324, 3095, 3569, 902], [3244, 3245, 3191, 2961, 619, 623, 3377, 240], [3246, 1205, 1902, 3530, 1669, 1839, 1777, 2784], [3248, 1413, 3165, 1542, 1325, 1338, 2989, 1676], [3248, 90, 3165, 3152, 1542, 2950, 3567, 517], [3251, 3248, 932, 2912, 3014, 754, 935, 1788], [2953, 2430, 2952, 2980, 8, 1525, 1654, 1841], [1890, 1185, 1038, 360, 1661, 1083, 94, 353], [3247, 1632, 2672, 797, 3377, 103, 495, 3090], [356, 192, 354, 3553, 566, 3295, 3353, 350], [3334, 1267, 2941, 3503, 2551, 2948, 1974, 2500]]}, "num_translations": 2, "text_top1": 0.08333333333333333, "text_top5": 0.16666666666666666, "text_top10": 0.25}