{"num_src_sents": 21, "isocrates_1835_5": {"tgt_lang": "de", "transl_top1": 0.23809523809523808, "transl_top5": 0.2857142857142857, "transl_top10": 0.3333333333333333, "num_nulls": 0, "num_tgt_sents": 4051}, "isocrates_1832_1": {"tgt_lang": "de", "transl_top1": 0.0, "transl_top5": 0.047619047619047616, "transl_top10": 0.047619047619047616, "num_nulls": 0, "num_tgt_sents": 3528}, "num_translations": 2, "text_top1": 0.11904761904761904, "text_top5": 0.16666666666666666, "text_top10": 0.19047619047619047}