{"num_src_sents": 332, "plutarch_1_1844": {"tgt_lang": "fr", "transl_top1": 0.21686746987951808, "transl_top5": 0.31626506024096385, "transl_top10": 0.3795180722891566, "num_nulls": 1, "num_tgt_sents": 8121}, "plutarch_2_1844": {"tgt_lang": "fr", "transl_top1": 0.006024096385542169, "transl_top5": 0.030120481927710843, "transl_top10": 0.0783132530120482, "num_nulls": 0, "num_tgt_sents": 7523}, "num_translations": 2, "text_top1": 0.11144578313253012, "text_top5": 0.17319277108433734, "text_top10": 0.22891566265060243}