{"num_src_sents": 345, "plato_3_1826": {"tgt_lang": "fr", "transl_top1": 0.017391304347826087, "transl_top5": 0.057971014492753624, "transl_top10": 0.09855072463768116, "num_nulls": 0, "num_tgt_sents": 3903}, "plato_1_1848": {"tgt_lang": "en", "transl_top1": 0.527536231884058, "transl_top5": 0.7101449275362319, "transl_top10": 0.7884057971014493, "num_nulls": 0, "num_tgt_sents": 12817}, "plato_1855-1903_2": {"tgt_lang": "de", "transl_top1": 0.017391304347826087, "transl_top5": 0.05507246376811594, "transl_top10": 0.0927536231884058, "num_nulls": 0, "num_tgt_sents": 6411}, "plato_1855-1903_4": {"tgt_lang": "de", "transl_top1": 0.011594202898550725, "transl_top5": 0.04927536231884058, "transl_top10": 0.08115942028985507, "num_nulls": 0, "num_tgt_sents": 7126}, "plato_5_1852": {"tgt_lang": "en", "transl_top1": 0.011594202898550725, "transl_top5": 0.04057971014492753, "transl_top10": 0.06376811594202898, "num_nulls": 0, "num_tgt_sents": 8721}, "plato_1855-1903_1": {"tgt_lang": "de", "transl_top1": 0.020289855072463767, "transl_top5": 0.06376811594202898, "transl_top10": 0.09565217391304348, "num_nulls": 0, "num_tgt_sents": 3965}, "plato_1855-1903_3": {"tgt_lang": "de", "transl_top1": 0.6057971014492753, "transl_top5": 0.7971014492753623, "transl_top10": 0.863768115942029, "num_nulls": 0, "num_tgt_sents": 7777}, "plato_2_1849": {"tgt_lang": "en", "transl_top1": 0.005797101449275362, "transl_top5": 0.06376811594202898, "transl_top10": 0.08985507246376812, "num_nulls": 0, "num_tgt_sents": 9568}, "plato_1_1846": {"tgt_lang": "fr", "transl_top1": 0.35942028985507246, "transl_top5": 0.6231884057971014, "transl_top10": 0.7072463768115942, "num_nulls": 0, "num_tgt_sents": 3203}, "plato_6_1854": {"tgt_lang": "en", "transl_top1": 0.008695652173913044, "transl_top5": 0.03768115942028986, "transl_top10": 0.08695652173913043, "num_nulls": 0, "num_tgt_sents": 9064}, "plato_3_1850": {"tgt_lang": "en", "transl_top1": 0.008695652173913044, "transl_top5": 0.034782608695652174, "transl_top10": 0.0782608695652174, "num_nulls": 0, "num_tgt_sents": 13689}, "num_translations": 14, "text_top1": 0.11387163561076605, "text_top5": 0.18095238095238095, "text_top10": 0.2175983436853002}