{"num_src_sents": 203, "demosthenes_1902": {"tgt_lang": "en", "transl_top1": 0.35467980295566504, "transl_top5": 0.5566502463054187, "transl_top10": 0.6305418719211823, "num_nulls": 0, "num_tgt_sents": 6778}, "demosthenes_aeschynes_1861": {"tgt_lang": "fr", "transl_top1": 0.014778325123152709, "transl_top5": 0.04433497536945813, "transl_top10": 0.054187192118226604, "num_nulls": 0, "num_tgt_sents": 36182}, "num_translations": 2, "text_top1": 0.18472906403940886, "text_top5": 0.3004926108374384, "text_top10": 0.34236453201970446}