{"num_src_sents": 61, "aristotle_1855-1906_6": {"tgt_lang": "de", "transl_top1": 0.01639344262295082, "transl_top5": 0.09836065573770492, "transl_top10": 0.16393442622950818, "num_nulls": 0, "num_tgt_sents": 8895, "retrieval_preds": [[359, 5832, 2690, 4783, 2163, 5648, 5289, 4133], [8426, 7282, 8312, 7270, 8424, 8431, 4509, 8618], [8890, 8312, 8431, 8847, 4510, 588, 7282, 8588], [8429, 5653, 7289, 7800, 354, 2600, 7362, 3903], [8431, 5654, 7927, 8483, 2618, 8437, 7929, 2160], [4224, 3316, 8483, 8726, 8434, 2217, 7947, 3178], [1016, 8435, 2519, 354, 2657, 3284, 1672, 2911], [5908, 8437, 7771, 3964, 3391, 3886, 3905, 877], [8441, 8440, 4899, 8521, 8726, 2433, 8355, 8768], [2910, 8441, 8463, 2020, 8521, 8768, 8555, 7492], [4899, 5220, 8443, 4961, 4328, 4327, 1406, 8521], [3142, 2014, 2423, 2267, 2387, 1672, 2430, 4945], [8445, 7579, 8431, 4899, 7600, 7289, 6388, 3625], [3660, 5189, 3667, 7943, 8417, 7959, 3652, 4557], [8355, 2433, 7279, 2910, 8435, 4899, 8451, 3548], [7279, 2829, 5061, 8134, 934, 8409, 874, 946], [3869, 7666, 4189, 6195, 5432, 5678, 3858, 4472], [3156, 1374, 4691, 6326, 6749, 6750, 769, 7362], [8457, 937, 1672, 8726, 1597, 833, 4907, 1273], [4325, 3418, 7594, 5285, 3659, 1069, 1550, 566], [8460, 7301, 7749, 6479, 8806, 3975, 8761, 2622], [8357, 2910, 4918, 1406, 8521, 8555, 3727, 8383], [2014, 178, 3315, 4945, 4563, 897, 8555, 3852], [8555, 2267, 897, 3240, 7453, 8469, 8849, 4309], [2542, 2538, 4393, 834, 6415, 4289, 222, 5419], [3962, 7536, 8471, 6462, 5188, 6127, 8439, 263], [2542, 666, 2358, 4476, 3312, 577, 5652, 613], [8473, 2462, 8795, 3305, 4480, 5188, 8026, 8616], [4005, 5951, 4001, 2249, 8474, 2883, 2129, 5791], [1581, 7341, 3426, 5648, 4069, 5138, 1858, 1665], [8202, 1508, 4354, 1597, 4899, 2160, 2139, 7579], [1019, 7756, 6042, 3804, 6208, 4746, 1451, 6041], [4393, 2565, 4899, 3894, 7219, 3852, 3181, 1597], [8483, 2649, 8330, 2160, 6750, 5354, 4691, 8674], [8484, 7276, 8437, 2138, 4477, 3216, 1374, 1531], [8485, 7935, 8445, 7291, 7614, 7276, 8666, 6749], [6176, 905, 5310, 3485, 6804, 7184, 318, 861], [690, 178, 566, 2139, 937, 3315, 4466, 3796], [2320, 6955, 1881, 5361, 6998, 7563, 3220, 1697], [5188, 8555, 8609, 6158, 1374, 8876, 4563, 4691], [7279, 6158, 4480, 5188, 7998, 7755, 4691, 4393], [2014, 7929, 8492, 7927, 7279, 2618, 8431, 4328], [8625, 3156, 8795, 8369, 4064, 7579, 7492, 1505], [8521, 4899, 7276, 1773, 7579, 8437, 8495, 7763], [107, 8496, 8588, 4510, 7477, 3083, 8623, 7466], [3804, 4736, 6538, 1451, 6007, 7001, 3598, 8433], [5900, 6908, 7755, 2691, 5217, 4393, 8521, 4899], [8369, 107, 378, 8496, 3156, 2570, 2550, 8625], [8625, 8604, 2177, 8518, 8679, 8503, 8369, 8496], [4515, 6064, 2252, 1597, 4899, 7579, 8369, 5082], [6822, 8513, 4042, 690, 8167, 7594, 4064, 8726], [8507, 8496, 5681, 7477, 8080, 8606, 8674, 1012], [8555, 6158, 8565, 7951, 1401, 1279, 3671, 428], [6455, 8635, 4306, 8555, 6120, 8636, 5681, 5693], [3305, 4050, 2229, 4784, 3160, 2129, 8431, 3391], [8726, 8674, 4559, 8457, 8434, 8410, 3279, 2602], [4899, 1374, 4531, 4945, 897, 7659, 6158, 7579], [8519, 7731, 4064, 8555, 4260, 214, 3212, 568], [4912, 8191, 962, 7922, 4918, 5747, 3652, 3667], [8555, 8521, 3305, 366, 1406, 2014, 2267, 245], [4164, 5361, 5832, 8522, 4256, 3063, 8609, 3503]]}, "num_translations": 1, "text_top1": 0.01639344262295082, "text_top5": 0.09836065573770492, "text_top10": 0.16393442622950818}