{"num_src_sents": 254, "sophistesGrecs_1842": {"tgt_lang": "fr", "transl_top1": 0.07480314960629922, "transl_top5": 0.14566929133858267, "transl_top10": 0.2047244094488189, "num_nulls": 0, "num_tgt_sents": 7988, "retrieval_preds": [[4104, 3893, 305, 7558, 7976, 3372, 3652, 2266], [7881, 7904, 7895, 7976, 7912, 5154, 2266, 7873], [3934, 7866, 4480, 3372, 1328, 2311, 3383, 6220], [4394, 4206, 6526, 3652, 3408, 264, 5953, 3988], [5960, 3934, 5910, 2937, 6050, 4781, 5950, 6529], [7910, 7904, 7909, 2368, 7905, 4394, 1468, 7885], [7734, 7916, 744, 7779, 7555, 6210, 527, 7269], [7885, 7910, 2919, 2257, 4360, 6352, 4684, 264], [3345, 7779, 2183, 2705, 7809, 2990, 6164, 215], [6497, 929, 6220, 6270, 215, 4174, 6829, 1890], [3652, 1055, 6538, 772, 6039, 5207, 316, 5205], [316, 4104, 5910, 3986, 772, 5292, 6495, 3477], [1000, 7174, 425, 6311, 911, 2648, 397, 7907], [7907, 6525, 319, 4779, 7895, 7904, 7866, 6526], [5283, 5921, 5143, 5782, 6498, 7357, 5723, 321], [690, 5220, 669, 1017, 5281, 364, 920, 729], [5931, 325, 6495, 7664, 5686, 1984, 7362, 6449], [5915, 6050, 4456, 5950, 5782, 6495, 2337, 5960], [5910, 5950, 6965, 5292, 5931, 6495, 316, 504], [5278, 6628, 5950, 4722, 1454, 6495, 4426, 6100], [6267, 5210, 410, 3798, 3281, 5083, 2269, 4259], [4423, 7866, 4646, 6408, 4643, 5054, 504, 6392], [5188, 5950, 334, 345, 6085, 3788, 3147, 6239], [5143, 4580, 313, 6523, 5358, 2139, 5283, 5198], [4159, 2254, 2884, 1328, 1754, 1885, 648, 1468], [7885, 5170, 4873, 5292, 6346, 4523, 5283, 6495], [7885, 355, 5292, 6965, 5931, 6002, 5283, 1061], [3845, 5262, 5950, 3824, 4087, 3814, 6482, 5274], [6021, 4522, 6110, 1468, 4608, 5084, 316, 5949], [7881, 7910, 6634, 5170, 7866, 6265, 5292, 685], [2174, 6420, 7049, 4416, 6598, 4571, 1454, 6995], [2791, 7224, 6654, 567, 1699, 7900, 3715, 3345], [112, 3763, 4292, 894, 1411, 1334, 7560, 628], [7538, 2133, 2908, 7897, 5257, 2176, 7368, 5352], [7784, 7720, 3395, 6497, 1730, 6311, 2082, 1691], [2935, 7014, 1696, 6278, 6272, 7674, 5941, 7882], [2889, 7770, 7720, 3688, 6245, 7878, 3395, 7863], [5294, 461, 7976, 5292, 7896, 5271, 4415, 2465], [417, 4367, 201, 7095, 846, 3834, 4820, 2365], [3652, 316, 5220, 5660, 5084, 7497, 4352, 4426], [1832, 6270, 6601, 7721, 6498, 3494, 4233, 7770], [365, 2400, 366, 419, 6053, 4836, 4869, 1971], [6793, 7964, 3808, 4797, 2107, 1072, 2935, 396], [666, 1515, 540, 6204, 4964, 1180, 2161, 380], [3103, 5071, 2400, 1761, 5030, 4415, 3422, 3107], [372, 38, 7744, 6813, 6587, 4131, 1577, 5934], [7866, 7976, 6440, 4643, 5054, 7972, 4523, 4729], [6833, 2365, 114, 367, 7174, 3422, 756, 3091], [666, 1515, 540, 4964, 6204, 7404, 5310, 380], [4816, 382, 1533, 846, 4501, 3231, 4477, 3892], [419, 300, 410, 486, 6267, 2542, 489, 1863], [7910, 7720, 7878, 5934, 7899, 5143, 264, 3978], [802, 419, 5647, 6137, 665, 5189, 557, 302], [388, 493, 6660, 7530, 1840, 392, 4729, 5961], [390, 4643, 646, 4863, 3381, 3370, 6312, 4102], [1515, 540, 666, 6204, 1180, 4964, 428, 418], [7404, 4814, 831, 5995, 415, 4998, 418, 1515], [397, 7444, 6311, 372, 5269, 2153, 3791, 4400], [4099, 1511, 3188, 5960, 4453, 4781, 3468, 3923], [402, 410, 474, 365, 1482, 537, 6686, 497], [3453, 4099, 6463, 6363, 508, 6444, 6486, 6070], [6126, 3953, 6124, 4756, 4315, 7596, 5645, 7893], [4523, 493, 7910, 408, 7616, 498, 5910, 6768], [410, 850, 7444, 493, 397, 474, 3673, 4621], [3390, 7217, 7319, 7784, 7221, 527, 416, 1162], [1155, 416, 7287, 7217, 7319, 3717, 31, 7288], [7720, 6292, 176, 2016, 949, 417, 369, 6260], [2096, 2584, 1156, 3482, 5683, 440, 413, 7319], [4954, 4505, 4500, 493, 4467, 4799, 4589, 4582], [417, 4233, 4474, 6267, 493, 7881, 7866, 7444], [1515, 540, 666, 6204, 1180, 4964, 428, 418], [5960, 6050, 7023, 4456, 1761, 5969, 4792, 2400], [4474, 4048, 4428, 508, 4026, 3750, 426, 6498], [1515, 6204, 540, 1180, 666, 428, 4964, 418], [5671, 4799, 7672, 1533, 4414, 5037, 430, 1562], [5227, 5071, 7881, 6019, 6051, 4077, 7547, 7984], [5262, 3035, 5960, 3934, 4621, 3012, 5064, 6529], [5210, 5064, 3934, 3985, 6265, 3644, 4775, 3652], [4432, 7187, 4690, 442, 4436, 5215, 7444, 4423], [6019, 317, 1328, 5294, 504, 859, 3934, 4684], [579, 447, 929, 5983, 3571, 5678, 2734, 727], [4423, 1778, 7881, 5926, 4962, 7866, 4621, 4592], [666, 4964, 2013, 7404, 6268, 540, 908, 318], [5227, 3383, 850, 7547, 7444, 7187, 3652, 3986], [5245, 7428, 7217, 7442, 3333, 6030, 6742, 6503], [457, 1124, 7734, 3354, 2166, 4512, 459, 5457], [5285, 459, 6729, 728, 3410, 3452, 3640, 2860], [3199, 2310, 7664, 4206, 5787, 1547, 2648, 6031], [7174, 7883, 4432, 3326, 443, 7878, 4735, 7882], [7910, 7866, 7928, 7904, 7220, 4000, 3423, 2623], [3377, 805, 3235, 6470, 1298, 4950, 1209, 5405], [5271, 7669, 4080, 4576, 7896, 2465, 504, 4077], [7867, 1411, 6151, 3540, 5086, 4485, 7174, 6034], [850, 6267, 410, 5961, 474, 4653, 402, 6159], [4456, 859, 1807, 5031, 5969, 6936, 4653, 4197], [4709, 4283, 6392, 6495, 7868, 6468, 4162, 6038], [6015, 7744, 6021, 4432, 4690, 678, 398, 6038], [6519, 482, 6047, 6050, 4077, 7190, 7616, 1879], [489, 397, 474, 6116, 486, 4780, 511, 410], [908, 3670, 464, 5328, 387, 1382, 82, 6486], [490, 6017, 504, 3044, 7190, 7547, 1469, 7396], [493, 3700, 498, 1084, 5349, 1840, 4792, 6519], [493, 6104, 6267, 408, 6120, 3700, 6332, 2093], [493, 6120, 4729, 6267, 3378, 6516, 498, 4907], [6111, 6519, 6168, 6409, 6276, 1084, 1825, 2284], [1728, 7420, 6400, 448, 1588, 6507, 4895, 4957], [2269, 5285, 3614, 1344, 3022, 1577, 3729, 4103], [7866, 7984, 6519, 7822, 4391, 2915, 4523, 5931], [6363, 3453, 6463, 4099, 5394, 4695, 6444, 4302], [264, 1559, 6402, 6417, 4729, 1913, 6148, 6059], [2904, 3266, 1840, 1478, 2937, 4729, 7774, 4831], [1719, 506, 6382, 6407, 6046, 2220, 1453, 6059], [5274, 669, 334, 557, 3851, 6470, 5950, 5933], [5977, 6753, 4643, 4609, 5626, 5143, 4962, 5108], [355, 6396, 6495, 7866, 4523, 7910, 6965, 5910], [316, 7209, 630, 6628, 7246, 2940, 6393, 719], [1055, 6193, 351, 6523, 6181, 2091, 5943, 1655], [7868, 512, 432, 425, 578, 7904, 5940, 6829], [4197, 5972, 7822, 6983, 6497, 3423, 6101, 6270], [515, 7677, 1436, 4828, 7442, 4564, 7868, 4573], [6272, 4455, 6585, 4094, 6526, 6793, 5988, 264], [7910, 4446, 7881, 7866, 7878, 7882, 1890, 3375], [7910, 7866, 5143, 7861, 5195, 5233, 6146, 7885], [7672, 7207, 503, 6059, 6468, 7984, 1727, 7375], [3614, 7866, 6519, 7910, 7444, 5960, 728, 1835], [365, 523, 557, 4869, 410, 1022, 888, 6686], [524, 6849, 7007, 1064, 7900, 7871, 7091, 6995], [2902, 7881, 3428, 2876, 3427, 6813, 6029, 5064], [6782, 5938, 2902, 526, 4680, 6819, 6417, 4710], [422, 6914, 4525, 3676, 6682, 4048, 3932, 4201], [5688, 355, 7868, 6155, 6156, 1244, 2369, 430], [7964, 476, 4898, 679, 1585, 433, 6979, 7174], [532, 7442, 7022, 7083, 6213, 7112, 4528, 6153], [534, 537, 3700, 493, 4914, 5263, 498, 5082], [4493, 3896, 5215, 919, 1021, 1531, 2450, 2262], [7866, 4523, 7904, 4609, 7881, 7912, 7972, 425], [398, 4453, 911, 5261, 520, 539, 312, 4925], [4727, 1687, 4964, 2693, 1515, 1314, 418, 6130], [542, 553, 2560, 520, 522, 446, 589, 6214], [543, 2500, 493, 5231, 4302, 550, 575, 5368], [1203, 2133, 472, 1369, 489, 5260, 1232, 2055], [6601, 728, 7091, 2584, 357, 5500, 404, 609], [2930, 4246, 1756, 2705, 3645, 999, 7571, 3795], [543, 550, 7720, 4302, 919, 1988, 2500, 1021], [4631, 4564, 2584, 4931, 596, 7183, 473, 527], [3139, 2834, 5693, 5285, 6601, 6233, 1691, 215], [550, 919, 7879, 575, 2165, 1021, 4493, 4528], [7112, 527, 7217, 7319, 674, 702, 1155, 416], [550, 919, 473, 7784, 2155, 3390, 674, 4302], [6482, 3652, 4423, 264, 6495, 5910, 2287, 6238], [783, 726, 1446, 715, 1072, 2998, 3506, 1344], [4400, 3281, 5269, 6813, 6026, 6372, 5207, 3986], [6729, 6813, 3281, 6516, 5277, 5292, 3427, 6740], [6184, 2879, 3940, 5580, 7233, 6182, 4525, 3759], [6276, 6519, 5956, 5931, 7362, 7822, 7505, 5170], [7822, 6453, 4055, 7616, 4747, 6047, 1879, 2465], [5198, 4863, 3381, 4717, 4962, 4436, 5064, 6495], [583, 1216, 4614, 2008, 2174, 1954, 2843, 551], [4640, 7976, 4141, 7866, 6111, 4273, 6516, 4203], [4272, 5292, 5207, 3646, 4080, 6495, 7444, 316], [7893, 1756, 7903, 4535, 