{"num_src_sents": 219, "luca_siliusItalicus_claudius_1842": {"tgt_lang": "fr", "transl_top1": 0.2694063926940639, "transl_top5": 0.3561643835616438, "transl_top10": 0.3926940639269406, "num_nulls": 0, "num_tgt_sents": 20880}, "num_translations": 1, "text_top1": 0.2694063926940639, "text_top5": 0.3561643835616438, "text_top10": 0.3926940639269406}