{"num_src_sents": 32, "plutarch_1_1906": {"tgt_lang": "en", "transl_top1": 0.0, "transl_top5": 0.09375, "transl_top10": 0.125, "num_nulls": 0, "num_tgt_sents": 6800, "retrieval_preds": [[1239, 6772, 2025, 6706, 557, 1249, 241, 2154], [2909, 29, 5854, 1201, 4675, 1806, 1817, 6258], [4051, 3133, 5307, 4085, 4116, 6416, 4117, 1227], [1637, 6421, 4725, 4101, 3133, 3441, 5078, 6109], [3571, 2210, 1781, 3112, 614, 3131, 4935, 4903], [3574, 4960, 6090, 1234, 3133, 4763, 1879, 3067], [5172, 6361, 5207, 4158, 5115, 5112, 2311, 5085], [5984, 1637, 5273, 5307, 4960, 5129, 5501, 6010], [5841, 2296, 3112, 6021, 1781, 1713, 5440, 3256], [1637, 2121, 1423, 2384, 1359, 2402, 2470, 3992], [1217, 1637, 1423, 6010, 6421, 2165, 2989, 4108], [385, 5890, 6253, 6341, 3481, 2178, 858, 293], [4111, 5892, 5136, 1431, 2732, 5029, 4310, 1637], [6689, 5307, 358, 2308, 4085, 3267, 6008, 3133], [6334, 2365, 1863, 6332, 3175, 3956, 4256, 6613], [1156, 1637, 6766, 1341, 6726, 5859, 6310, 5805], [2371, 1222, 3685, 1346, 1379, 865, 4488, 2727], [29, 1616, 1637, 4759, 4926, 5788, 2061, 5805], [799, 2087, 800, 4368, 3986, 6793, 4832, 1466], [2508, 6509, 3481, 6792, 3540, 789, 6414, 2336], [2500, 5761, 2321, 763, 2478, 3149, 4675, 4321], [2801, 3902, 3899, 3992, 4051, 1879, 5241, 6712], [1637, 1440, 1465, 1806, 1423, 2470, 5856, 4651], [3254, 3574, 4862, 416, 2558, 617, 4149, 1709], [444, 6509, 2165, 6511, 3934, 435, 878, 4261], [6249, 153, 6767, 5132, 3538, 1709, 1186, 4172], [5307, 3267, 4033, 3069, 4116, 3992, 2470, 4085], [2157, 4707, 6792, 4111, 4362, 64, 2451, 6793], [6090, 4251, 5129, 6060, 3913, 4940, 5974, 5304], [3254, 1381, 1227, 416, 425, 612, 444, 5984], [6341, 2245, 986, 988, 2473, 1460, 1227, 701], [1460, 2473, 880, 2436, 1354, 3716, 1462, 6315]]}, "plutarch_2_1908": {"tgt_lang": "en", "transl_top1": 0.09375, "transl_top5": 0.3125, "transl_top10": 0.40625, "num_nulls": 0, "num_tgt_sents": 5773, "retrieval_preds": [[1696, 43, 4714, 30, 354, 5651, 4582, 2690], [1697, 5496, 3261, 3255, 222, 972, 405, 2153], [1229, 5419, 1700, 5412, 484, 5191, 2508, 4214], [1702, 4396, 3874, 3536, 5628, 2191, 1398, 895], [1704, 943, 1705, 5218, 959, 1033, 1085, 3740], [1705, 895, 2315, 2156, 863, 1114, 959, 1183], [1707, 483, 165, 3651, 3714, 1166, 4862, 3904], [1708, 29, 2409, 5218, 1226, 905, 1027, 44], [1710, 3847, 1103, 20, 882, 3789, 2695, 1219], [3761, 2984, 3762, 1700, 3766, 5582, 1544, 1714], [1700, 4872, 1570, 1360, 2155, 1343, 2257, 405], [356, 4832, 4747, 2164, 1743, 15, 44, 1614], [974, 2940, 17, 895, 4658, 4396, 280, 2492], [5218, 368, 5421, 3665, 2508, 2733, 3603, 5191], [3249, 4071, 3313, 1729, 527, 3322, 3545, 473], [965, 3343, 2155, 964, 5618, 3790, 4097, 4576], [4059, 1732, 2716, 4243, 1733, 4318, 5308, 1724], [965, 964, 2689, 1544, 2257, 2984, 885, 5496], [1736, 3542, 2103, 1351, 5703, 13, 406, 1296], [5076, 5628, 1427, 5557, 1573, 2426, 1730, 2932], [861, 5018, 355, 1740, 5182, 434, 2528, 5223], [1743, 3343, 3133, 683, 5720, 44, 5419, 1343], [1343, 356, 831, 3343, 1744, 4576, 1360, 1300], [1746, 1262, 3613, 3627, 1010, 1718, 1258, 1259], [1747, 1725, 1730, 4810, 883, 1752, 2157, 118], [1750, 1852, 1705, 943, 2312, 5076, 1229, 2189], [3343, 3665, 5621, 3540, 5186, 1705, 1288, 4658], [4737, 5496, 5628, 3314, 1345, 2257, 4018, 5647], [3665, 1226, 368, 3587, 3603, 1012, 1033, 1247], [1760, 3627, 1262, 1258, 5333, 2361, 1718, 905], [1764, 1761, 4508, 2334, 4576, 675, 405, 5557], [1764, 4576, 3841, 1573, 2932, 2940, 1343, 405]]}, "num_translations": 2, "text_top1": 0.046875, "text_top5": 0.203125, "text_top10": 0.265625}