{"num_src_sents": 131, "plutarch_1_1844": {"tgt_lang": "fr", "transl_top1": 0.09923664122137404, "transl_top5": 0.2595419847328244, "transl_top10": 0.33587786259541985, "num_nulls": 0, "num_tgt_sents": 8121}, "plutarch_2_1844": {"tgt_lang": "fr", "transl_top1": 0.015267175572519083, "transl_top5": 0.061068702290076333, "transl_top10": 0.10687022900763359, "num_nulls": 0, "num_tgt_sents": 7523}, "num_translations": 2, "text_top1": 0.05725190839694656, "text_top5": 0.16030534351145037, "text_top10": 0.22137404580152673}