{"num_src_sents": 227, "plutarch_1_1844": {"tgt_lang": "fr", "transl_top1": 0.00881057268722467, "transl_top5": 0.05286343612334802, "transl_top10": 0.09691629955947137, "num_nulls": 0, "num_tgt_sents": 8121}, "plutarch_1898_theosophical": {"tgt_lang": "en", "transl_top1": 0.5022026431718062, "transl_top5": 0.6607929515418502, "transl_top10": 0.7400881057268722, "num_nulls": 0, "num_tgt_sents": 3608}, "plutarch_2_1844": {"tgt_lang": "fr", "transl_top1": 0.32158590308370044, "transl_top5": 0.4933920704845815, "transl_top10": 0.5814977973568282, "num_nulls": 0, "num_tgt_sents": 7523}, "num_translations": 3, "text_top1": 0.2775330396475771, "text_top5": 0.4023494860499266, "text_top10": 0.47283406754772395}