{"num_src_sents": 219, "luca_siliusItalicus_claudius_1842": {"tgt_lang": "fr", "transl_top1": 0.2694063926940639, "transl_top5": 0.3561643835616438, "transl_top10": 0.3926940639269406, "num_nulls": 0, "num_tgt_sents": 20880, "retrieval_preds": [[18952, 19460, 11426, 15929, 2592, 14919, 20021, 19310], [17156, 1255, 9609, 1826, 16443, 12437, 19520, 1685], [8373, 12616, 18624, 11287, 12847, 10667, 18419, 18957], [17159, 13772, 3083, 646, 9643, 19424, 9135, 14400], [4488, 17160, 5710, 3294, 16922, 11404, 20045, 6866], [17161, 3337, 13663, 20064, 13902, 10964, 17160, 10644], [17597, 9394, 13610, 2494, 3294, 11979, 18757, 5396], [16262, 17127, 17865, 9998, 3349, 15978, 14889, 10964], [17165, 20183, 20580, 14405, 18001, 18716, 3906, 16663], [17959, 18719, 18107, 10706, 18899, 8422, 14034, 15830], [17063, 17167, 17458, 8571, 12400, 445, 2142, 14862], [2401, 4378, 8373, 5308, 2974, 5390, 2069, 1724], [17172, 17987, 14986, 2157, 20587, 19399, 19810, 15464], [19540, 17369, 17952, 2714, 208, 14794, 17519, 17106], [17177, 1698, 9609, 18056, 16433, 1354, 18402, 14704], [17178, 17597, 16314, 19472, 12398, 18936, 8102, 16832], [16447, 2622, 14429, 5956, 5974, 18000, 6754, 16898], [13642, 12585, 7187, 14480, 886, 10271, 16954, 18885], [2656, 3359, 17180, 10271, 8856, 10005, 14771, 15805], [17181, 18658, 17668, 17323, 310, 12607, 20388, 10956], [14618, 17190, 11822, 17183, 4824, 15984, 6843, 18570], [2395, 19834, 18626, 2550, 5235, 5287, 12473, 20519], [3781, 3497, 17319, 12721, 10994, 19866, 15432, 1233], [18921, 17187, 15939, 7850, 17404, 2482, 5623, 13491], [13123, 9429, 18280, 14396, 19629, 16087, 18168, 20643], [800, 7092, 7192, 17189, 2144, 12125, 19953, 3083], [17190, 9573, 741, 8144, 7164, 16652, 13479, 3718], [8506, 14345, 430, 3696, 9269, 20585, 14533, 5966], [14475, 14533, 5966, 17193, 19648, 14345, 19235, 12411], [3447, 5966, 14393, 8506, 15161, 5367, 5935, 10800], [15160, 13323, 8604, 19230, 13211, 15151, 1045, 2571], [2988, 7180, 585, 11504, 17195, 3616, 12023, 15646], [17196, 1752, 11694, 2048, 19296, 193, 6909, 9502], [17196, 1973, 3264, 17485, 1209, 5445, 3337, 12742], [16930, 1381, 4806, 17197, 16821, 10953, 3474, 19711], [17933, 16572, 6755, 83, 18019, 6741, 7755, 1880], [15784, 17199, 7001, 14603, 16675, 4454, 18292, 18491], [11958, 17997, 2881, 19447, 13496, 5547, 17200, 11132], [17201, 12708, 12969, 20625, 18890, 9383, 5591, 16040], [17202, 1433, 7231, 4182, 19060, 3012, 16499, 17374], [19361, 18634, 18184, 18257, 1573, 15032, 19273, 5821], [15108, 16079, 8848, 20644, 3960, 5266, 5141, 8439], [16537, 2949, 17939, 19957, 19157, 12524, 5020, 9063], [17208, 9809, 9272, 19681, 5296, 19269, 17127, 19984], [17211, 7768, 3474, 299, 20712, 6548, 12291, 8746], [17214, 15310, 2050, 5625, 10614, 19276, 10069, 615], [19296, 18759, 19210, 2052, 13271, 10967, 7390, 6350], [1221, 869, 16130, 17279, 16996, 20705, 17239, 19221], [3714, 13746, 16562, 17157, 19739, 19591, 16516, 13153], [4106, 5875, 3658, 1049, 5052, 11669, 10131, 4002], [2569, 10651, 19700, 18463, 19673, 10472, 2406, 2258], [17546, 17223, 15959, 352, 3282, 14261, 18257, 1202], [4256, 17227, 2732, 9146, 14682, 20114, 4384, 9133], [10797, 2870, 16062, 843, 2287, 13136, 20488, 19100], [1928, 8959, 12380, 2829, 1377, 9999, 8677, 19396], [17231, 17106, 20228, 5591, 6314, 17290, 1163, 20623], [20454, 19891, 15928, 15899, 6548, 19394, 20444, 19533], [20206, 5395, 18257, 19711, 5322, 1716, 10100, 19548], [17238, 3004, 20264, 1779, 17995, 17281, 1808, 80], [20047, 2246, 2574, 16130, 2586, 12522, 2543, 15246], [17240, 10020, 19207, 4261, 8993, 7749, 7593, 1557], [16014, 14439, 18802, 17644, 18910, 16549, 15944, 6958], [17243, 2192, 1035, 872, 1393, 1996, 691, 6175], [2481, 14062, 15768, 884, 5052, 16537, 17939, 2183], [235, 9279, 4532, 14861, 18579, 2878, 12568, 19830], [12489, 5152, 5691, 12365, 18149, 15041, 13035, 15037], [5710, 14534, 12008, 17247, 3706, 15917, 145, 120], [6863, 20360, 2323, 10111, 20769, 2115, 4031, 2642], [17073, 332, 19784, 11520, 710, 8799, 14480, 11398], [20585, 13010, 17689, 3447, 19849, 15795, 2006, 14780], [17251, 17025, 708, 4525, 4893, 4113, 13462, 12382], [19850, 859, 12558, 826, 11540, 726, 20248, 8106], [6602, 20050, 18742, 20044, 18391, 3317, 16361, 5150], [72, 8870, 19256, 10616, 15520, 17794, 15050, 7331], [17254, 11915, 8212, 2951, 15646, 1471, 7811, 582], [11208, 11407, 10284, 10447, 4897, 8055, 4795, 1153], [17600, 16357, 17599, 16203, 6855, 10037, 15312, 15280], [17257, 17075, 7570, 15206, 17187, 14194, 18164, 15231], [2115, 4031, 20107, 8023, 20360, 2662, 16543, 202], [8024, 12715, 17289, 16079, 4012, 14334, 20484, 17798], [16754, 2679, 7039, 10634, 19168, 9628, 3658, 16939], [17260, 2931, 12650, 6506, 603, 3339, 9147, 20458], [590, 5710, 9966, 12588, 10441, 13777, 13380, 4246], [14507, 17261, 1045, 9659, 20279, 19954, 18072, 4099], [19945, 9041, 6884, 2058, 3880, 17262, 4411, 3740], [17263, 17846, 13133, 10670, 6637, 1336, 8287, 5545], [9186, 17265, 1015, 1613, 1340, 6958, 5965, 935], [17266, 7855, 8136, 17028, 15543, 7900, 3030, 4247], [7425, 19396, 8674, 1353, 6432, 921, 7921, 16619], [17269, 5490, 1247, 9034, 16180, 4937, 18883, 7108], [17270, 20221, 7039, 8586, 17738, 18168, 5745, 15616], [17271, 7156, 11298, 7492, 12067, 5492, 20555, 5351], [3671, 17272, 14647, 7039, 5956, 585, 13468, 20082], [2395, 9840, 5235, 12586, 582, 19834, 8713, 10496], [9840, 2395, 3686, 2003, 5276, 19834, 3687, 9425], [3329, 19225, 20494, 7300, 18271, 8404, 8285, 10797], [5276, 5239, 5277, 6741, 6569, 1818, 6268, 7833], [17276, 5063, 4706, 1730, 17564, 919, 1925, 4289], [1691, 17550, 15830, 17839, 1965, 18271, 19904, 20861], [7662, 592, 473, 17288, 9806, 17278, 17733, 20146], [1971, 869, 17279, 1390, 14682, 19494, 9823, 19221], [14440, 1208, 1957, 1441, 16696, 2178, 17671, 2932], [17282, 4436, 4630, 7388, 14747, 5836, 9147, 19299], [17283, 19143, 17284, 18890, 5561, 17059, 18351, 14903], [12131, 12020, 15610, 5039, 15264, 570, 12855, 5110], [19472, 2865, 19474, 5308, 2288, 16035, 19711, 8687], [10633, 19989, 12988, 7892, 5332, 18271, 16127, 17287], [19558, 18455, 12863, 570, 17288, 19000, 18006, 4888], [13282, 19701, 17778, 13364, 12721, 14698, 2025, 16596], [17290, 18243, 17969, 19333, 17642, 11004, 19315, 19575], [17291, 3340, 2793, 2751, 14689, 8577, 7127, 8685], [6303, 6529, 1676, 20120, 11329, 8566, 2751, 3444], [5281, 12174, 16695, 16164, 3173, 19589, 20209, 2832], [9774, 5427, 2563, 712, 8292, 3222, 20828, 14062], [17294, 9265, 20857, 869, 2566, 16461, 19627, 10963], [17295, 17347, 17865, 17270, 4210, 9573, 17778, 17361], [17296, 18624, 4121, 4527, 12382, 4174, 11955, 1045], [17297, 16204, 3478, 8136, 18943, 12121, 14626, 17473], [17298, 18168, 17233, 6690, 11021, 17102, 4826, 18464], [17299, 12650, 1255, 20329, 16714, 6943, 7153, 5715], [20529, 7607, 1462, 13314, 3397, 18238, 12681, 12978], [17431, 20682, 6894, 17301, 16315, 6596, 9996, 18232], [1482, 17750, 6869, 17313, 20390, 4451, 17167, 14723], [17302, 19395, 9265, 12814, 16067, 19269, 13663, 17897], [191, 17885, 15646, 17871, 15783, 3528, 15440, 17858], [17304, 12902, 2660, 15621, 19115, 7108, 3127, 19281], [7322, 17267, 3474, 615, 17969, 5848, 1677, 7021], [4192, 16176, 18218, 15763, 1349, 18573, 2619, 4196], [16378, 17211, 19411, 832, 17233, 18874, 3397, 15035], [14983, 7914, 20107, 3181, 6425, 2093, 20691, 501], [17310, 16488, 10634, 1997, 13679, 17678, 2002, 2416], [653, 1451, 555, 7262, 18490, 505, 16213, 7831], [17313, 1173, 1482, 19750, 1176, 4451, 3211, 15197], [12604, 17315, 2670, 18179, 19273, 11445, 19238, 14280], [17318, 872, 19707, 19673, 796, 7542, 18463, 14768], [17109, 10950, 16357, 17227, 17319, 19506, 14680, 18542], [17320, 17155, 18629, 8431, 17516, 19481, 17233, 16580], [16127, 16701, 19455, 8281, 8955, 19498, 8271, 17321], [19700, 359, 17493, 14768, 20634, 15329, 19990, 16481], [17323, 18378, 18098, 7272, 16083, 1692, 8981, 14673], [17289, 3158, 5318, 2056, 1174, 15687, 2648, 4075], [9938, 6024, 17325, 6192, 2897, 356, 14221, 18131], [17328, 17098, 1973, 18591, 17997, 19481, 20321, 5595], [18156, 