{"num_src_sents": 141, "demosthenes_1902": {"tgt_lang": "en", "transl_top1": 0.3617021276595745, "transl_top5": 0.5106382978723404, "transl_top10": 0.6170212765957447, "num_nulls": 0, "num_tgt_sents": 6778, "retrieval_preds": [[1604, 4925, 2939, 1292, 4739, 4980, 3683, 4494], [1606, 4196, 1674, 1675, 1631, 1792, 1701, 1625], [5441, 4925, 4807, 3425, 1307, 1792, 2939, 1292], [1245, 369, 1611, 3210, 4902, 5441, 3675, 1735], [1613, 5358, 5353, 914, 3691, 936, 3638, 2784], [1051, 1365, 3406, 3615, 1036, 1614, 3698, 3442], [5007, 3632, 6646, 5584, 1018, 3255, 3597, 3613], [1615, 1701, 5228, 1606, 1439, 1713, 1661, 1776], [1744, 1606, 1615, 1725, 1682, 1711, 1671, 1741], [1617, 4798, 2927, 795, 2328, 3223, 383, 4693], [1618, 3359, 2581, 1431, 3627, 5034, 3660, 70], [3642, 2172, 1620, 25, 1510, 415, 3202, 3886], [1606, 1674, 1792, 1741, 1622, 1712, 1621, 1767], [1622, 1792, 1674, 1606, 1631, 1776, 1701, 1675], [1674, 1623, 1606, 1744, 1625, 1938, 1661, 1679], [2760, 1429, 5573, 4925, 1792, 1624, 3591, 2808], [1626, 566, 1439, 971, 319, 873, 86, 814], [1627, 4889, 2594, 1639, 2295, 2646, 1709, 1611], [1628, 2939, 5090, 1237, 797, 1744, 1611, 1517], [1629, 1860, 3757, 575, 5170, 1058, 5252, 402], [3243, 1721, 2819, 2152, 3252, 1574, 3965, 910], [3877, 4195, 4206, 369, 1792, 3896, 1631, 5421], [2203, 2524, 1632, 1343, 2171, 3949, 5399, 1740], [1633, 1666, 1706, 407, 1638, 3675, 3736, 672], [369, 3722, 510, 1237, 4073, 3683, 1292, 3324], [1638, 4999, 4889, 5147, 462, 672, 5469, 1633], [1639, 1661, 496, 515, 1643, 3690, 453, 4371], [1640, 1245, 1126, 645, 369, 3622, 518, 4237], [1641, 327, 253, 1180, 1208, 1233, 217, 2211], [3656, 253, 1180, 6143, 1018, 3255, 3597, 3613], [1642, 1707, 1753, 1639, 1661, 1749, 3442, 1756], [3632, 5584, 6646, 284, 1018, 3255, 3597, 3613], [1643, 4752, 1661, 5463, 3627, 1713, 2581, 5366], [4191, 3284, 1573, 165, 1463, 992, 1645, 1644], [1646, 1565, 1484, 2052, 1372, 2649, 1389, 1506], [1647, 1661, 1606, 1714, 1665, 1767, 1674, 5220], [1649, 653, 1968, 855, 1186, 2412, 2677, 2670], [1650, 1843, 3371, 1608, 3848, 4449, 3836, 3541], [1651, 364, 1846, 710, 933, 2046, 4286, 1634], [1652, 3614, 1650, 1909, 1664, 2413, 1845, 1568], [1653, 1104, 2178, 6685, 14, 364, 256, 2338], [1966, 198, 1968, 3306, 1900, 3782, 2677, 4231], [629, 536, 3237, 2692, 2670, 3992, 1166, 1186], [1656, 1662, 1675, 1625, 1657, 1661, 2939, 145], [2808, 1658, 2126, 2276, 3591, 281, 5198, 1159], [1661, 1674, 1701, 1699, 1714, 1639, 1767, 1713], [532, 1662, 4115, 1830, 396, 672, 1656, 1381], [1664, 1701, 1661, 1713, 1674, 1126, 2808, 3863], [1665, 2126, 3599, 2511, 5504, 2510, 5500, 1245], [1706, 1698, 2140, 1792, 4206, 1429, 1666, 2760], [1668, 1703, 1723, 688, 1786, 3371, 4227, 1622], [1669, 1674, 2200, 1993, 145, 5845, 1622, 3394], [1671, 1675, 1610, 1606, 1674, 3243, 768, 1681], [1672, 2934, 2291, 2516, 2677, 5451, 4691, 3386], [1673, 1694, 1699, 1675, 1622, 1767, 1657, 1606], [1674, 1792, 1606, 1631, 1622, 1679, 1794, 4117], [1675, 3675, 1792, 1674, 1762, 1696, 2377, 1706], [1677, 5553, 1639, 1713, 1622, 3872, 1792, 3780], [493, 4322, 651, 566, 2767, 1678, 3743, 689], [1679, 1701, 1606, 1681, 1682, 1675, 1674, 2378], [1681, 1701, 1606, 1631, 1674, 1679, 1673, 1713], [1682, 1701, 1615, 1705, 2378, 387, 1674, 1679], [1809, 1015, 2843, 739, 2618, 1935, 479, 54], [1685, 129, 2730, 1256, 3627, 1686, 57, 1701], [1687, 1915, 3044, 2638, 3998, 869, 4463, 3915], [1606, 1792, 1690, 1674, 1706, 649, 1677, 1661], [1692, 1741, 4227, 3240, 1253, 1615, 3371, 1622], [1677, 1622, 1694, 1701, 1674, 1712, 1661, 1679], [1694, 1673, 1606, 1622, 1661, 1675, 1621, 1625], [1792, 1696, 1674, 1706, 2445, 3675, 2475, 1429], [1699, 1701, 1673, 1606, 1767, 1674, 1615, 1661], [3500, 5466, 1700, 429, 571, 402, 327, 5468], [3656, 253, 1180, 6143, 1018, 3255, 3597, 3613], [1701, 1682, 1713, 1674, 1606, 1661, 1615, 1640], [1702, 1568, 1778, 1029, 2610, 779, 3876, 57], [1703, 1727, 1714, 1767, 1622, 1631, 1681, 1304], [400, 4277, 3997, 4448, 3231, 1964, 3010, 3404], [1706, 3675, 1307, 1292, 1762, 2760, 369, 3587], [1707, 1058, 1753, 2073, 3782, 5031, 873, 3459], [2489, 2813, 1709, 3407, 1868, 1417, 5359, 294], [1710, 327, 566, 966, 3490, 3606, 3442, 781], [3632, 5584, 6646, 284, 1018, 3255, 3597, 3613], [2011, 1711, 2585, 1902, 1759, 85, 1121, 1716], [5584, 1579, 1018, 3255, 3597, 3613, 368, 2992], [1712, 1714, 1706, 1711, 1665, 1661, 3780, 1674], [3632, 5584, 6646, 284, 1018, 3255, 3597, 3613], [1714, 1713, 1706, 1698, 1606, 1674, 1675, 1792], [4925, 4902, 5389, 5384, 1117, 5507, 4178, 646], [1717, 2359, 4892, 5126, 4925, 4215, 1768, 5564], [3709, 1721, 4215, 1890, 3722, 177, 2248, 180], [2808, 932, 4206, 1313, 3878, 4073, 1245, 1527], [795, 794, 2677, 2927, 1683, 4777, 3223, 3454], [3622, 1126, 1245, 1724, 1793, 5558, 2265, 2432], [5126, 1301, 4216, 4079, 2489, 1954, 1726, 2570], [4739, 4925, 5327, 5126, 3683, 3425, 4900, 1836], [1730, 1735, 5573, 1744, 1117, 5126, 5160, 1792], [2485, 1488, 5353, 2152, 2563, 808, 1732, 89], [4906, 3211, 5288, 4902, 5126, 4921, 4779, 4583], [4191, 1218, 4909, 3455, 639, 1734, 4197, 402], [1735, 1744, 3675, 3706, 1307, 3877, 1330, 1767], [1736, 1429, 2126, 877, 1665, 2543, 5504, 1506], [1737, 2894, 2784, 940, 3300, 3492, 3442, 2677], [4742, 5341, 5296, 4925, 1739, 2485, 2874, 5124], [2340, 1086, 5483, 5456, 5190, 4060, 2297, 5414], [1769, 2700, 804, 1742, 2485, 4959, 4778, 5126], [1744, 1735, 1776, 1736, 1606, 5500, 1237, 2476], [1746, 949, 1024, 3226, 4172, 932, 825, 3225], [1429, 2760, 3675, 564, 4036, 5573, 5441, 4925], [1753, 1749, 1671, 1675, 1639, 1751, 2288, 1661], [1753, 1707, 1751, 1923, 1912, 4667, 5463, 566], [1051, 1365, 1036, 3406, 4084, 3615, 2401, 6459], [3632, 5584, 6646, 284, 1018, 3255, 3597, 3613], [1755, 3077, 224, 2461, 3622, 2079, 309, 5034], [1756, 4739, 5126, 1762, 2813, 4900, 5573, 3675], [2340, 5077, 2324, 5340, 5084, 4533, 4636, 698], [3357, 566, 974, 3442, 794, 940, 3492, 1572], [1051, 1365, 1036, 3406, 4084, 3615, 2401, 6459], [3632, 5584, 6646, 284, 1018, 3255, 3597, 3613], [1761, 2019, 932, 1177, 3625, 1746, 2805, 2266], [1762, 4237, 1245, 2489, 1364, 2808, 369, 3675], [1642, 1707, 3845, 1753, 5627, 4802, 1763, 1661], [1764, 1493, 1511, 1415, 4987, 1431, 2209, 1979], [1765, 2985, 3466, 4949, 2630, 4728, 2819, 2919], [4196, 1767, 1741, 1606, 1615, 1792, 5220, 1622], [4925, 1768, 4902, 4892, 3709, 4959, 4178, 4928], [2700, 3352, 1769, 5152, 5241, 2540, 2811, 3054], [1770, 2485, 939, 2784, 5564, 5507, 2936, 2299], [269, 2965, 2882, 1771, 1049, 2815, 1439, 2971], [1611, 3210, 4900, 4723, 1237, 4901, 1245, 2632], [2485, 5140, 5370, 4403, 2784, 4778, 1117, 2311], [1776, 1606, 1744, 1622, 996, 1792, 1631, 1701], [1779, 4215, 4206, 5207, 1313, 142, 4195, 5555], [1545, 3110, 2784, 2880, 1780, 562, 4849, 2815], [4493, 5207, 5027, 5555, 2874, 2939, 4494, 3722], [3682, 3679, 2815, 3226, 4771, 1061, 1769, 2260], [1785, 1716, 3466, 5127, 3699, 1126, 2985, 842], [3632, 5584, 6646, 284, 1018, 3255, 3597, 3613], [3873, 1776, 1606, 1631, 1181, 996, 1792, 2499], [1789, 2576, 907, 1045, 31, 4078, 344, 3991], [1792, 1611, 1706, 1767, 3683, 1698, 1674, 1794], [553, 1674, 1794, 5334, 1713, 1712, 1615, 1681]]}, "demosthenes_aeschynes_1861": {"tgt_lang": "fr", "transl_top1": 0.014184397163120567, "transl_top5": 0.0425531914893617, "transl_top10": 0.07092198581560284, "num_nulls": 0, "num_tgt_sents": 36182,