{"num_src_sents": 558, "plato_3_1826": {"tgt_lang": "fr", "transl_top1": 0.008960573476702509, "transl_top5": 0.044802867383512544, "transl_top10": 0.07526881720430108, "num_nulls": 0, "num_tgt_sents": 3903}, "plato_6_1854": {"tgt_lang": "en", "transl_top1": 0.005376344086021506, "transl_top5": 0.03225806451612903, "transl_top10": 0.06093189964157706, "num_nulls": 0, "num_tgt_sents": 9064}, "plato_1_1846": {"tgt_lang": "fr", "transl_top1": 0.005376344086021506, "transl_top5": 0.05017921146953405, "transl_top10": 0.07885304659498207, "num_nulls": 0, "num_tgt_sents": 3203}, "plato_1_1848": {"tgt_lang": "en", "transl_top1": 0.2132616487455197, "transl_top5": 0.34050179211469533, "transl_top10": 0.4050179211469534, "num_nulls": 0, "num_tgt_sents": 12817}, "plato_2_1849": {"tgt_lang": "en", "transl_top1": 0.012544802867383513, "transl_top5": 0.03942652329749104, "transl_top10": 0.06810035842293907, "num_nulls": 0, "num_tgt_sents": 9568}, "plato_5_1852": {"tgt_lang": "en", "transl_top1": 0.012544802867383513, "transl_top5": 0.043010752688172046, "transl_top10": 0.07168458781362007, "num_nulls": 0, "num_tgt_sents": 8721}, "plato_3_1850": {"tgt_lang": "en", "transl_top1": 0.010752688172043012, "transl_top5": 0.034050179211469536, "transl_top10": 0.08064516129032258, "num_nulls": 0, "num_tgt_sents": 13689}, "num_translations": 7, "text_top1": 0.038402457757296476, "text_top5": 0.08346134152585764, "text_top10": 0.12007168458781363}