{"num_src_sents": 43, "aristotle_1855-1906_6": {"tgt_lang": "de", "transl_top1": 0.0, "transl_top5": 0.09302325581395349, "transl_top10": 0.16279069767441862, "num_nulls": 0, "num_tgt_sents": 8895, "retrieval_preds": [[7945, 359, 5832, 6062, 6998, 5648, 7255, 7233], [8126, 6041, 6740, 3405, 8555, 3378, 5964, 8664], [7699, 3418, 5226, 2519, 2348, 3089, 4854, 4680], [4899, 6158, 1597, 2121, 4494, 1077, 4024, 1754], [5282, 1597, 4064, 6877, 2252, 743, 4742, 4173], [4064, 8246, 5446, 2907, 1532, 1536, 1688, 5426], [4064, 214, 2267, 403, 8253, 4404, 5218, 3439], [3609, 6125, 7697, 6098, 596, 2828, 5523, 7944], [8255, 494, 6488, 5281, 7523, 3065, 787, 749], [231, 4124, 8296, 3161, 8555, 6941, 7593, 8256], [4330, 7944, 1239, 7629, 4691, 4121, 354, 4123], [7435, 5021, 4286, 8069, 7923, 5188, 7893, 6249], [897, 7579, 8188, 5307, 8681, 7672, 8355, 4404], [7963, 5394, 1531, 7988, 8456, 2240, 8760, 5188], [5091, 7279, 8263, 3678, 5278, 5189, 3595, 7388], [7530, 8264, 4748, 1330, 4130, 8653, 7958, 8456], [566, 8285, 2407, 4305, 854, 2154, 8272, 7882], [3440, 8267, 4375, 2916, 2237, 2616, 4071, 5298], [566, 937, 3089, 8795, 403, 4024, 6158, 4819], [7775, 8271, 7423, 8772, 7146, 2698, 3826, 232], [8272, 6455, 566, 4563, 691, 2122, 2761, 2811], [3659, 4612, 476, 3654, 2845, 3609, 6022, 4325], [3582, 4494, 3161, 3889, 4691, 1672, 6487, 8555], [403, 3671, 566, 973, 1839, 1077, 8355, 877], [3089, 4563, 5189, 3582, 8555, 3671, 476, 7731], [3640, 5091, 1089, 3894, 4612, 2800, 6056, 1487], [3582, 566, 1093, 3418, 993, 7659, 5256, 3105], [3582, 3391, 8555, 8285, 4563, 4305, 7453, 214], [8286, 7731, 4607, 403, 7941, 7771, 7453, 854], [5418, 5797, 2425, 5188, 2342, 1531, 6086, 5952], [6396, 2586, 6702, 354, 6178, 8288, 2480, 588], [4064, 4404, 214, 3964, 4534, 8274, 4755, 5354], [8291, 98, 4306, 8608, 4382, 1351, 5331, 1398], [254, 6158, 3595, 3880, 3727, 1374, 7763, 1077], [6411, 8294, 8557, 8067, 5188, 8456, 8524, 8619], [6158, 566, 3595, 4534, 7856, 560, 2830, 4413], [5986, 8557, 4932, 8570, 2699, 3804, 5678, 921], [5188, 7988, 6276, 2572, 1244, 1344, 6053, 6156], [8681, 8555, 8731, 8521, 8890, 8795, 8713, 8759], [3399, 8302, 1293, 6868, 1290, 5354, 7973, 5997], [520, 987, 2617, 1421, 7854, 3935, 7927, 7478], [6086, 1649, 2430, 1145, 592, 5952, 8036, 6767], [8306, 8312, 7935, 8024, 8137, 4480, 1374, 8134]]}, "num_translations": 1, "text_top1": 0.0, "text_top5": 0.09302325581395349, "text_top10": 0.16279069767441862}