{"num_src_sents": 205, "pindar_1915": {"tgt_lang": "en", "transl_top1": 0.35121951219512193, "transl_top5": 0.5463414634146342, "transl_top10": 0.6487804878048781, "num_nulls": 0, "num_tgt_sents": 5265}, "pindar_1860": {"tgt_lang": "de", "transl_top1": 0.18536585365853658, "transl_top5": 0.35609756097560974, "transl_top10": 0.4878048780487805, "num_nulls": 0, "num_tgt_sents": 2662}, "pindar_1841": {"tgt_lang": "fr", "transl_top1": 0.17073170731707318, "transl_top5": 0.28292682926829266, "transl_top10": 0.375609756097561, "num_nulls": 0, "num_tgt_sents": 4635}, "num_translations": 3, "text_top1": 0.23577235772357724, "text_top5": 0.3951219512195122, "text_top10": 0.5040650406504066}