{"num_src_sents": 148, "demosthenes_aeschynes_1861": {"tgt_lang": "fr", "transl_top1": 0.02702702702702703, "transl_top5": 0.04054054054054054, "transl_top10": 0.08783783783783784, "num_nulls": 0, "num_tgt_sents": 36182, "retrieval_preds": [[6315, 29046, 18427, 18107, 9008, 15944, 29165, 14381], [32277, 18985, 17411, 5801, 28425, 10692, 23250, 25019], [30005, 9917, 28867, 21079, 21067, 15370, 21246, 32016], [10712, 9238, 15295, 23116, 16154, 8816, 10939, 14702], [21862, 28592, 23118, 28254, 24877, 30184, 27851, 31707], [9798, 14258, 8197, 34470, 4241, 29745, 27046, 20594], [28812, 30225, 30019, 27641, 3927, 20816, 6977, 26249], [28801, 18085, 35720, 28868, 30022, 28692, 32310, 28286], [25763, 12734, 17002, 16460, 34897, 14101, 8867, 9914], [20283, 30211, 1070, 4791, 3276, 3535, 4848, 20380], [26714, 31576, 9216, 24892, 31839, 28437, 9015, 9914], [16913, 26428, 24340, 30032, 26123, 26220, 454, 8819], [11483, 16240, 21373, 30783, 15094, 33645, 14290, 5035], [5123, 8518, 30982, 27315, 8646, 13973, 8454, 7450], [20005, 12409, 16715, 16163, 13132, 32323, 6704, 11167], [11736, 27522, 21027, 7504, 25426, 1622, 33378, 32554], [21861, 35606, 25705, 27324, 35601, 21839, 21754, 32120], [12238, 31389, 23603, 17456, 12679, 26242, 26401, 20990], [27297, 25614, 30076, 21790, 11937, 29108, 31199, 15659], [30041, 28470, 23471, 18217, 20818, 30024, 8949, 33008], [8138, 2746, 29866, 34277, 2451, 30042, 2783, 5524], [14499, 33514, 34941, 12817, 10900, 15637, 9960, 12239], [11483, 11187, 24176, 22923, 14290, 23393, 18340, 14025], [869, 29997, 17203, 27608, 13641, 9872, 15085, 27802], [11198, 18165, 28368, 27469, 18217, 9712, 31435, 15076], [33600, 7068, 13575, 407, 3336, 15527, 6433, 14726], [30054, 30204, 30270, 12409, 30103, 12239, 9593, 19052], [3739, 20572, 3388, 8940, 24838, 34061, 20964, 34574], [11736, 7504, 21027, 27522, 25780, 32526, 11950, 25426], [15146, 8981, 5588, 3062, 11483, 7318, 22923, 4219], [9602, 1448, 2610, 15056, 17238, 34965, 7417, 29948], [9941, 29017, 13238, 35066, 8953, 30242, 31145, 20958], [32895, 28242, 27400, 32966, 28697, 16951, 15950, 28373], [12062, 13364, 7611, 13473, 12280, 18425, 21409, 30069], [15216, 35180, 3728, 32422, 18829, 4937, 15146, 30931], [35430, 2229, 3922, 27377, 4929, 9493, 5882, 2215], [17361, 20572, 14290, 7192, 24176, 28488, 11483, 29869], [32185, 11932, 11920, 18217, 11182, 11382, 33008, 27934], [23082, 20029, 25408, 24327, 25031, 13843, 21099, 28482], [29818, 20853, 20501, 15875, 13700, 20837, 4214, 16903], [7364, 7366, 8498, 15164, 17796, 8135, 1362, 3484], [20964, 5770, 34922, 7294, 14499, 24745, 21888, 18812], [11759, 5890, 13081, 32427, 30500, 18612, 9786, 7506], [7869, 7603, 32856, 2608, 19442, 30930, 9741, 13734], [6893, 21014, 24952, 25233, 26294, 7192, 9417, 2490], [30823, 21430, 7068, 33744, 34071, 32404, 30982, 16140], [23219, 7583, 5909, 30093, 4393, 4287, 11753, 15263], [30144, 34941, 30098, 10888, 1622, 5141, 5989, 27403], [22923, 10851, 8933, 28733, 30166, 5524, 26701, 15011], [2112, 34462, 10946, 23214, 15726, 27179, 8036, 8054], [9735, 11950, 23214, 19106, 12360, 32422, 2563, 24827], [30192, 30103, 30199, 29013, 19052, 30270, 14274, 23250], [25558, 4007, 5524, 4861, 5536, 15216, 15637, 1448], [30113, 18355, 6277, 364, 16506, 227, 205, 16622], [24562, 29852, 24918, 32869, 30829, 9049, 32429, 27690], [8247, 26145, 31389, 23913, 29997, 24861, 26053, 28429], [7364, 7366, 8498, 15164, 17796, 8135, 1362, 3484], [3154, 21452, 5432, 25236, 11777, 28327, 23508, 16732], [23311, 12056, 24172, 14324, 5433, 8737, 9798, 29290], [6969, 4560, 26671, 20188, 19217, 30091, 26123, 15388], [11483, 16493, 14290, 25212, 33006, 22923, 31865, 11471], [1508, 20895, 18887, 15422, 9417, 15511, 21409, 9124], [21042, 34182, 2977, 35964, 21797, 8804, 15841, 19239], [9914, 18932, 8816, 15871, 21409, 21246, 3052, 4189], [20283, 30211, 1070, 4791, 3276, 3535, 4848, 20380], [10416, 15893, 11480, 1576, 21686, 5260, 35115, 1508], [29781, 24284, 24315, 9238, 29894, 25074, 24602, 8816], [24053, 31207, 15704, 22059, 31712, 15807, 9949, 28922], [5629, 7359, 4560, 30272, 8421, 7060, 20966, 24580], [20283, 1070, 1242, 3520, 23653, 23137, 18064, 20384], [30132, 20652, 32606, 21221, 9924, 12315, 9787, 20520], [15131, 1874, 6335, 22923, 19390, 1448, 9739, 16349], [3154, 26545, 10131, 16131, 5085, 2745, 2487, 25436], [27225, 28168, 27473, 9154, 25424, 2435, 7934, 15233], [18281, 5629, 12238, 22560, 32630, 10453, 24364, 18366], [36020, 28847, 13331, 1579, 21112, 5100, 15051, 14005], [24294, 24187, 28425, 8752, 8483, 23116, 31576, 6783], [28560, 28193, 25074, 32310, 29781, 25920, 5583, 6046], [34074, 25074, 2194, 7456, 7202, 8816, 6753, 7062], [29708, 27803, 27797, 27801, 27834, 31839, 5629, 19435], [30166, 9383, 25019, 24321, 29795, 23173, 25025, 30215], [20958, 15704, 20837, 22059, 10790, 1547, 24053, 23576], [12452, 17202, 7351, 27926, 19969, 11898, 22389, 18482], [30586, 20643, 32552, 26005, 30025, 32460, 17329, 29566], [20283, 30211, 1070, 4791, 3276, 3535, 4848, 20380], [27839, 10184, 4560, 31704, 15056, 7202, 364, 26372], [23001, 12728, 29751, 28638, 7024, 19161, 11423, 8179], [19150, 10788, 21082, 9574, 15873, 23915, 21913, 34744], [10653, 8614, 3919, 21551, 11344, 15222, 11732, 22845], [28968, 32279, 32237, 26747, 27885, 30166, 18985, 30792], [22280, 6948, 23901, 28437, 7287, 11165, 25134, 8816], [8559, 11006, 34126, 26863, 28832, 35116, 19197, 11691], [27803, 27797, 27839, 27796, 9179, 30032, 6028, 4928], [29017, 17648, 17203, 29078, 30219, 30249, 25436, 30103], [30194, 22923, 9948, 28956, 32238, 18985, 26160, 31401], [9914, 35007, 13634, 3393, 8903, 20907, 9772, 18704], [8053, 8670, 3100, 9214, 11426, 27268, 23003, 10635], [14005, 9798, 28425, 12209, 91, 16527, 19576, 132], [30202, 28809, 35720, 9698, 343, 19066, 30022, 30253], [29905, 13234, 11167, 9432, 19209, 19248, 21571, 25871], [7364, 7366, 8498, 15164, 17796, 8135, 1362, 3484], [30204, 28161, 27747, 26810, 30861, 30199, 26837, 27737], [28953, 9447, 4241, 20926, 29014, 30029, 13843, 3970], [15726, 14244, 10946, 32014, 26735, 9884, 18779, 1755], [21757, 10710, 21753, 30806, 28931, 29573, 10423, 33191], [15111, 30191, 31869, 15726, 18941, 14240, 30209, 14244], [14696, 35458, 7116, 17401, 9040, 8457, 13222, 20984], [30215, 8369, 7386, 16325, 7186, 26823, 28574, 30290], [16267, 6966, 33351, 30215, 10627, 29794, 21772, 6996], [34997, 15233, 17812, 27225, 8569, 5267, 15611, 4347], [14005, 25001, 25019, 19834, 30414, 5629, 29965, 23250], [28079, 24877, 30276, 28054, 11597, 27983, 25098, 27981], [28812, 27797, 27801, 27851, 27803, 14201, 28954, 27736], [18704, 30227, 19273, 7287, 24918, 20652, 14506, 30290], [8191, 12413, 28325, 1874, 9008, 4560, 9238, 11276], [30290, 28513, 28368, 28316, 32276, 24381, 32277, 32310], [35281, 17461, 21785, 9872, 5233, 20519, 3936, 5275], [15289, 9590, 15501, 6591, 21845, 5721, 18925, 25920], [27944, 26701, 20519, 27068, 15393, 30246, 15634, 12883], [32070, 17002, 6143, 32705, 3119, 21551, 26902, 21538], [24877, 27797, 7415, 28976, 28592, 28248, 28460, 29537], [25593, 34414, 6899, 20711, 34844, 15481, 15860, 22880], [18753, 28505, 32005, 4434, 15061, 15733, 24745, 30850], [15155, 32120, 28338, 30297, 27600, 27910, 24618, 29794], [4689, 32005, 15061, 15733, 25534, 12613, 18753, 28505], [21513, 9870, 12883, 32511, 14381, 25074, 8058, 20519], [20077, 14390, 11868, 5146, 5994, 21942, 29912, 32443], [35615, 9782, 22915, 17753, 35425, 35416, 8191, 33579], [28953, 20926, 29139, 29017, 34932, 20703, 20723, 29071], [10290, 14232, 23330, 18834, 19385, 20029, 15726, 9244], [20077, 23049, 28942, 30603, 35016, 30258, 2482, 31431], [30291, 29991, 30272, 28854, 26966, 30143, 30227, 30225], [20283, 1070, 23653, 3520, 1242, 18064, 20384, 27860], [30272, 7120, 19029, 18704, 34803, 9301, 12883, 34459], [26123, 30091, 16207, 9334, 29165, 17516, 29995, 7202], [29165, 26545, 29166, 26570, 9216, 7632, 14448, 30284], [20542, 22923, 30284, 5524, 6752, 13682, 20895, 13867], [20525, 30922, 14737, 11387, 29961, 13555, 34838, 15060], [3278, 3276, 3535, 4848, 20380, 10742, 650, 33659], 