{"num_src_sents": 27, "justin_cNepos_eutropius_1902": {"tgt_lang": "en", "transl_top1": 0.18518518518518517, "transl_top5": 0.3333333333333333, "transl_top10": 0.4074074074074074, "num_nulls": 0, "num_tgt_sents": 9841}, "corneliusNepos_1856": {"tgt_lang": "de", "transl_top1": 0.037037037037037035, "transl_top5": 0.25925925925925924, "transl_top10": 0.48148148148148145, "num_nulls": 0, "num_tgt_sents": 2320}, "num_translations": 2, "text_top1": 0.1111111111111111, "text_top5": 0.2962962962962963, "text_top10": 0.4444444444444444}