{"num_src_sents": 180, "plutarch_1898_ethical": {"tgt_lang": "en", "transl_top1": 0.40555555555555556, "transl_top5": 0.6055555555555555, "transl_top10": 0.6833333333333333, "num_nulls": 0, "num_tgt_sents": 5242}, "plutarch_2_1844": {"tgt_lang": "fr", "transl_top1": 0.15555555555555556, "transl_top5": 0.26666666666666666, "transl_top10": 0.32222222222222224, "num_nulls": 0, "num_tgt_sents": 7523}, "plutarch_1_1844": {"tgt_lang": "fr", "transl_top1": 0.011111111111111112, "transl_top5": 0.016666666666666666, "transl_top10": 0.06666666666666667, "num_nulls": 0, "num_tgt_sents": 8121}, "num_translations": 3, "text_top1": 0.19074074074074074, "text_top5": 0.2962962962962963, "text_top10": 0.3574074074074074}