{"num_src_sents": 31, "corneliusNepos_1856": {"tgt_lang": "de", "transl_top1": 0.7741935483870968, "transl_top5": 0.9354838709677419, "transl_top10": 1.0, "num_nulls": 0, "num_tgt_sents": 2320, "retrieval_preds": [[1613, 930, 1622, 1005, 2070, 724, 368, 777], [1614, 2230, 779, 720, 678, 1955, 1224, 2254], [1615, 1068, 2047, 792, 115, 2220, 573, 2166], [1617, 1616, 409, 1204, 471, 505, 2112, 346], [1620, 1069, 1232, 1748, 997, 760, 1702, 1594], [1627, 1626, 49, 481, 1339, 95, 1257, 2112], [1628, 1175, 2227, 593, 1177, 1595, 1942, 415], [1629, 183, 1105, 1107, 1305, 1627, 2119, 1642], [1630, 962, 1499, 1279, 373, 1631, 668, 183], [1870, 753, 1631, 593, 224, 2156, 1787, 1500], [1633, 1653, 376, 1649, 1350, 1030, 864, 875], [1634, 837, 2274, 1643, 1735, 0, 578, 139], [1635, 1171, 2157, 1631, 1125, 2022, 414, 1269], [1636, 217, 1600, 379, 91, 1677, 789, 155], [1644, 155, 48, 2061, 731, 199, 1335, 159], [1645, 1649, 837, 255, 242, 490, 849, 175], [1646, 1741, 1640, 1484, 286, 1283, 1043, 1523], [1647, 1648, 1203, 1309, 794, 96, 2192, 1645], [1648, 1647, 376, 455, 1118, 1530, 1646, 1074], [1649, 1645, 1651, 145, 1030, 1633, 1945, 1352], [1650, 1625, 1656, 1638, 1643, 1427, 1640, 953], [1651, 1397, 1616, 1758, 1299, 1763, 1656, 781], [1652, 796, 312, 1160, 792, 1095, 648, 779], [1653, 2188, 612, 1597, 1657, 376, 851, 1661], [1659, 24, 1598, 1658, 49, 39, 1068, 2234], [2097, 2096, 185, 1631, 2317, 2162, 1946, 1660], [1661, 1499, 1657, 1653, 1630, 354, 2061, 87], [1662, 1367, 327, 1444, 1499, 2046, 461, 1471], [1664, 2067, 1590, 443, 1299, 1336, 2226, 1631], [1665, 999, 900, 1262, 81, 592, 1664, 163], [1666, 928, 779, 328, 459, 607, 2300, 603]]}, "justin_cNepos_eutropius_1902": {"tgt_lang": "en", "transl_top1": 0.06451612903225806, "transl_top5": 0.12903225806451613, "transl_top10": 0.1935483870967742, "num_nulls": 0, "num_tgt_sents": 9841, "retrieval_preds": [[6119, 1444, 7897, 8412, 3195, 7865, 4593, 5904], [6123, 837, 5329, 494, 2678, 6696, 8105, 25], [6124, 1694, 6125, 2935, 1506, 5277, 5721, 6197], [6126, 5794, 1424, 2753, 1482, 3859, 3568, 7194], [6128, 5484, 6835, 2815, 6201, 2309, 1445, 4311], [3906, 5762, 4197, 4683, 6130, 2490, 6152, 6216], [6133, 6634, 5666, 1318, 3519, 3497, 598, 3754], [2464, 3441, 6134, 7789, 7429, 1554, 5601, 3752], [7906, 2967, 7325, 1220, 4934, 1519, 6217, 1617], [6369, 5771, 5242, 3191, 1376, 3442, 5096, 6634], [6135, 7951, 6150, 6028, 1853, 2039, 1865, 4916], [6136, 9661, 5334, 9390, 4339, 3714, 8943, 7425], [1081, 6137, 3195, 4093, 6422, 4639, 1022, 999], [2288, 4782, 6137, 2289, 983, 6057, 6643, 5473], [6139, 6626, 1169, 1192, 3738, 6084, 752, 4728], [6140, 6146, 2433, 3525, 2379, 6449, 1902, 1863], [6141, 3499, 1333, 9527, 8892, 7767, 7440, 7395], [6142, 7855, 6147, 2434, 9548, 5121, 6143, 3314], [6143, 2367, 7572, 2609, 3309, 689, 7395, 2562], [6147, 4388, 5576, 3629, 7951, 6140, 5903, 2380], [6148, 6448, 6137, 224, 5334, 9143, 118, 7404], [6148, 1489, 6316, 6117, 7302, 3589, 6147, 8], [6149, 471, 6156, 5277, 6406, 1702, 8309, 7341], [6150, 3310, 3137, 3342, 725, 2275, 532, 7325], [6152, 3974, 6097, 4287, 5563, 4361, 6701, 1481], [7871, 5780, 2446, 4695, 5719, 1146, 6196, 5425], [532, 6153, 4962, 6150, 5774, 5412, 6542, 2776], [1498, 1437, 3826, 7793, 5303, 6848, 4949, 8150], [6154, 6555, 5388, 3493, 5795, 3703, 637, 3655], [6155, 5217, 1873, 1614, 1129, 2828, 5091, 6088], [6999, 6156, 1842, 7844, 7713, 4935, 6962, 5264]]}, "num_translations": 2, "text_top1": 0.4193548387096774, "text_top5": 0.532258064516129, "text_top10": 0.5967741935483871}