{"num_src_sents": 84, "xenophon_3_1737": {"tgt_lang": "it", "transl_top1": 0.2261904761904762, "transl_top5": 0.2976190476190476, "transl_top10": 0.4166666666666667, "num_nulls": 0, "num_tgt_sents": 12015, "retrieval_preds": [[1344, 1696, 2487, 1687, 1901, 1516, 3885, 3968], [4774, 6220, 4201, 3927, 297, 2712, 11327, 1738], [601, 381, 5848, 5077, 8868, 6247, 612, 1979], [11491, 11764, 1348, 11325, 1395, 11345, 6699, 4735], [4954, 1919, 1912, 5735, 5960, 2551, 5829, 3609], [2696, 2335, 2677, 4061, 2361, 5945, 5961, 2578], [4740, 2585, 3167, 4506, 4885, 5709, 6823, 2666], [4052, 3940, 3934, 2782, 1811, 5756, 1484, 4056], [1359, 4746, 4370, 1338, 4307, 4425, 1166, 2484], [11306, 5949, 5904, 11399, 6391, 8215, 9717, 881], [4910, 1365, 719, 156, 5521, 6068, 4752, 2161], [4753, 6160, 3610, 2591, 2064, 1326, 7305, 6036], [6561, 8341, 3515, 1696, 7440, 7062, 8804, 6994], [6098, 1371, 4093, 4270, 3799, 2994, 1862, 3232], [1352, 4104, 6720, 2125, 1437, 2594, 1436, 6672], [2041, 1934, 2053, 2473, 2521, 4721, 4942, 6933], [6717, 719, 1379, 2552, 4874, 1864, 2456, 1472], [2056, 1975, 4871, 2530, 2135, 2335, 5144, 4998], [5705, 4776, 11405, 1376, 7511, 2322, 9285, 5314], [1388, 7339, 2396, 5099, 2633, 6379, 8039, 1934], [2552, 3138, 6933, 8226, 1921, 6561, 11334, 9686], [11334, 4304, 11695, 1333, 3138, 1864, 7067, 192], [1365, 1399, 5230, 4752, 7222, 1433, 4332, 1421], [9453, 3554, 7221, 6413, 7833, 5148, 1216, 8371], [1401, 5721, 3390, 2663, 9242, 6119, 5420, 4473], [1402, 2532, 2072, 3124, 2070, 1754, 6921, 535], [8300, 6950, 5497, 5453, 5876, 8341, 6306, 1699], [1407, 7224, 5041, 8423, 1672, 6962, 9436, 9652], [1409, 2179, 3934, 1424, 230, 4776, 2427, 5606], [1841, 6357, 5672, 4304, 2293, 7224, 2079, 571], [1416, 2551, 921, 2287, 3207, 9655, 608, 8327], [4379, 1419, 4325, 1689, 6930, 2935, 7224, 2039], [1421, 2917, 3278, 2967, 5664, 1420, 2552, 6235], [2428, 2094, 193, 2415, 9150, 1423, 493, 2848], [1424, 881, 1563, 3223, 230, 6691, 6245, 6210], [2138, 5626, 5225, 2057, 5769, 2572, 1426, 3088], [1428, 4916, 1106, 2387, 1436, 2742, 5366, 4753], [1429, 3991, 4547, 2003, 4400, 4663, 2331, 1907], [719, 2030, 1970, 1907, 4517, 4766, 1430, 4998], [2268, 7106, 2193, 2056, 1282, 1431, 8012, 3361], [1432, 2677, 6676, 1433, 5848, 1431, 6664, 719], [4404, 1433, 6518, 7426, 1360, 4400, 2635, 7420], [1434, 4241, 8281, 891, 2026, 2591, 2150, 4954], [7048, 5701, 3852, 2324, 9624, 4965, 2261, 4173], [1437, 4104, 6561, 1475, 2948, 2520, 2824, 4659], [1439, 4158, 3405, 6343, 7637, 2687, 2781, 6294], [6101, 1475, 5827, 11522, 3560, 6955, 9551, 11429], [5827, 6183, 1887, 6410, 3704, 5572, 569, 8318], [1450, 4972, 3964, 2829, 5964, 3863, 3078, 6454], [1452, 1453, 1333, 7419, 1912, 1859, 1167, 3939], [1454, 3054, 1874, 3273, 6845, 3239, 4426, 3009], [6370, 6255, 3324, 6930, 6410, 5982, 3475, 1455], [1456, 3078, 3248, 2935, 3146, 2854, 2551, 3029], [1854, 265, 599, 1461, 1370, 7366, 1104, 7319], [2583, 1628, 3297, 4746, 5669, 1744, 2597, 3440], [1466, 6852, 1344, 1471, 1522, 585, 5248, 4306], [1467, 3544, 11280, 2655, 1858, 1874, 4208, 2716], [11522, 569, 1393, 1166, 11721, 11239, 7653, 11743], [4425, 3138, 1472, 8226, 6379, 5669, 11522, 4325], [1475, 1590, 4916, 1232, 6129, 1424, 3592, 6934], [1476, 2423, 764, 9653, 1657, 5622, 6172, 9354], [8367, 1890, 7345, 2325, 4848, 7816, 5424, 5286], [1482, 8868, 95, 6013, 200, 102, 4725, 8452], [8012, 11280, 9647, 4449, 6852, 9328, 6856, 3542], [11334, 11241, 11522, 1889, 3922, 11476, 1477, 7224], [690, 5218, 3630, 118, 1490, 3023, 9004, 6022], [5732, 3675, 4650, 7048, 4560, 6517, 4057, 4647], [1492, 5732, 5345, 2419, 4034, 2320, 2587, 287], [1493, 4738, 4752, 1483, 1460, 1517, 539, 7399], [5848, 6561, 1496, 4874, 6570, 1670, 2824, 2730], [2817, 5589, 2902, 5103, 5685, 4325, 7084, 2552], [5664, 3578, 719, 6755, 1500, 3823, 3278, 1951], [6956, 1263, 3829, 6812, 2414, 5237, 5418, 8925], [7224, 5643, 1504, 8333, 3149, 11658, 3145, 1348], [1505, 1416, 2716, 5354, 4270, 389, 5301, 3515], [1506, 1722, 6950, 5944, 5583, 6685, 7224, 6007], [2560, 3138, 3765, 11402, 11522, 2924, 11113, 2520], [1514, 1845, 2728, 427, 1846, 2664, 2473, 6706], [1515, 6997, 3906, 4125, 1099, 1894, 3911, 10543], [1516, 11063, 6932, 3413, 6502, 3968, 1616, 2244], [1392, 1269, 9538, 4119, 8150, 1379, 7316, 9061], [11358, 716, 11839, 7040, 7438, 11489, 4721, 1520], [6344, 5902, 1523, 2590, 6442, 9700, 4871, 8101], [1616, 3863, 2244, 4873, 2183, 2039, 5614, 3968]]}, "xenophon_1_1872": {"tgt_lang": "fr", "transl_top1": 0.011904761904761904, "transl_top5": 0.07142857142857142, "transl_top10": 0.15476190476190477, "num_nulls": 0, "num_tgt_sents": 11058,