{"num_src_sents": 127, "philo_2_1854": {"tgt_lang": "en", "transl_top1": 0.007874015748031496, "transl_top5": 0.08661417322834646, "transl_top10": 0.12598425196850394, "num_nulls": 0, "num_tgt_sents": 7912}, "philo_4_1855": {"tgt_lang": "en", "transl_top1": 0.031496062992125984, "transl_top5": 0.08661417322834646, "transl_top10": 0.11811023622047244, "num_nulls": 0, "num_tgt_sents": 7517}, "philo_1_1854": {"tgt_lang": "en", "transl_top1": 0.49606299212598426, "transl_top5": 0.6771653543307087, "transl_top10": 0.7401574803149606, "num_nulls": 0, "num_tgt_sents": 8507}, "num_translations": 3, "text_top1": 0.1784776902887139, "text_top5": 0.28346456692913385, "text_top10": 0.32808398950131235}