{"num_src_sents": 126, "lucian_1866_1": {"tgt_lang": "de", "transl_top1": 0.023809523809523808, "transl_top5": 0.0873015873015873, "transl_top10": 0.14285714285714285, "num_nulls": 0, "num_tgt_sents": 4624}, "lucian_1829_10": {"tgt_lang": "de", "transl_top1": 0.07142857142857142, "transl_top5": 0.1349206349206349, "transl_top10": 0.1984126984126984, "num_nulls": 0, "num_tgt_sents": 4222}, "lucian_1867_3": {"tgt_lang": "de", "transl_top1": 0.40476190476190477, "transl_top5": 0.5396825396825397, "transl_top10": 0.6190476190476191, "num_nulls": 0, "num_tgt_sents": 3614}, "num_translations": 3, "text_top1": 0.16666666666666666, "text_top5": 0.25396825396825395, "text_top10": 0.3201058201058201}