{"num_src_sents": 156, "justin_cNepos_eutropius_1902": {"tgt_lang": "en", "transl_top1": 0.3269230769230769, "transl_top5": 0.41025641025641024, "transl_top10": 0.46794871794871795, "num_nulls": 0, "num_tgt_sents": 9841}, "corneliusNepos_1856": {"tgt_lang": "de", "transl_top1": 0.6730769230769231, "transl_top5": 0.8269230769230769, "transl_top10": 0.8653846153846154, "num_nulls": 0, "num_tgt_sents": 2320}, "num_translations": 2, "text_top1": 0.5, "text_top5": 0.6185897435897436, "text_top10": 0.6666666666666667}