{"num_src_sents": 179, "plutarch_4_1844": {"tgt_lang": "fr", "transl_top1": 0.3854748603351955, "transl_top5": 0.5810055865921788, "transl_top10": 0.6871508379888268, "num_nulls": 0, "num_tgt_sents": 6665}, "plutarch_5_1844": {"tgt_lang": "fr", "transl_top1": 0.01675977653631285, "transl_top5": 0.0670391061452514, "transl_top10": 0.0893854748603352, "num_nulls": 0, "num_tgt_sents": 5916}, "num_translations": 2, "text_top1": 0.20111731843575417, "text_top5": 0.32402234636871513, "text_top10": 0.388268156424581}