{"num_src_sents": 133, "justin_cNepos_eutropius_1902": {"tgt_lang": "en", "transl_top1": 0.5413533834586466, "transl_top5": 0.6390977443609023, "transl_top10": 0.6992481203007519, "num_nulls": 0, "num_tgt_sents": 9841}, "corneliusNepos_1856": {"tgt_lang": "de", "transl_top1": 0.8195488721804511, "transl_top5": 0.924812030075188, "transl_top10": 0.9699248120300752, "num_nulls": 0, "num_tgt_sents": 2320}, "num_translations": 2, "text_top1": 0.6804511278195489, "text_top5": 0.7819548872180451, "text_top10": 0.8345864661654135}