{"num_src_sents": 109, "corneliusNepos_1856": {"tgt_lang": "de", "transl_top1": 0.8532110091743119, "transl_top5": 0.926605504587156, "transl_top10": 0.981651376146789, "num_nulls": 0, "num_tgt_sents": 2320, "retrieval_preds": [[208, 715, 1014, 359, 562, 271, 55, 963], [209, 2081, 678, 1198, 1658, 511, 1817, 1015], [210, 1160, 1402, 15, 1201, 2039, 867, 118], [211, 195, 2039, 2080, 1574, 882, 572, 817], [212, 2271, 208, 963, 986, 1014, 1070, 1752], [213, 1677, 115, 1362, 866, 2203, 1364, 1807], [214, 1500, 1870, 989, 1493, 1631, 1574, 1501], [215, 1218, 610, 995, 1177, 1464, 2178, 757], [216, 2096, 591, 510, 592, 1172, 1630, 1113], [217, 742, 743, 2212, 1574, 1323, 1702, 2215], [219, 218, 1242, 2277, 2317, 2257, 2284, 883], [2020, 2257, 220, 131, 218, 648, 1993, 2179], [221, 2017, 1744, 2019, 1991, 721, 1358, 795], [221, 477, 1635, 1500, 778, 1493, 1353, 1942], [222, 173, 639, 1059, 1925, 1616, 1627, 1889], [223, 1693, 426, 1007, 1933, 1421, 808, 252], [224, 627, 374, 930, 503, 775, 1287, 970], [225, 1195, 2063, 975, 171, 276, 378, 257], [226, 1733, 1782, 633, 1917, 2270, 1326, 808], [227, 1148, 870, 238, 397, 165, 156, 1151], [228, 286, 97, 145, 318, 315, 129, 137], [229, 99, 1011, 758, 1207, 896, 1101, 291], [230, 887, 274, 987, 261, 323, 1352, 1519], [231, 796, 608, 291, 1357, 508, 229, 179], [232, 634, 862, 278, 1925, 1030, 1809, 808], [233, 1504, 2108, 692, 511, 458, 252, 1343], [243, 205, 681, 855, 890, 817, 482, 1010], [244, 519, 1079, 548, 1398, 541, 608, 552], [245, 1293, 1372, 1132, 1493, 1500, 1840, 1870], [246, 378, 478, 986, 140, 992, 1917, 626], [247, 323, 281, 1718, 243, 271, 739, 368], [248, 1316, 1008, 1485, 1146, 1903, 119, 163], [249, 304, 286, 611, 96, 159, 2043, 467], [259, 538, 791, 1494, 270, 2161, 247, 244], [1339, 270, 1303, 1283, 725, 1282, 1292, 1695], [263, 1526, 1124, 556, 303, 1486, 894, 1115], [265, 1961, 663, 1249, 39, 1353, 1770, 1153], [266, 1138, 1006, 2118, 1430, 1134, 1567, 2257], [267, 1372, 2033, 1304, 890, 1473, 1134, 1207], [268, 1008, 1146, 480, 1940, 1391, 1550, 1125], [269, 1481, 930, 1065, 1462, 281, 136, 1390], [272, 1903, 1293, 1493, 1076, 1421, 1807, 539], [273, 1160, 1731, 1427, 838, 1630, 49, 420], [274, 275, 1404, 1283, 228, 674, 1519, 639], [275, 994, 645, 1375, 491, 1404, 871, 367], [276, 130, 629, 171, 731, 2063, 124, 225], [277, 255, 1126, 945, 1483, 286, 813, 1846], [278, 151, 768, 128, 1923, 1783, 187, 306], [281, 243, 1377, 269, 290, 323, 247, 271], [282, 182, 284, 181, 293, 814, 768, 286], [283, 484, 114, 942, 496, 305, 976, 503], [284, 282, 1282, 1303, 1283, 520, 315, 1641], [1585, 1697, 1176, 1163, 1947, 915, 759, 1589], [286, 519, 318, 631, 813, 1283, 1483, 304], [287, 1947, 1541, 1697, 1576, 1097, 1486, 1883], [288, 289, 291, 449, 318, 1398, 1102, 129], [303, 1161, 821, 135, 2054, 1987, 262, 1277], [290, 261, 271, 323, 426, 281, 622, 634], [291, 179, 296, 1938, 511, 1043, 1585, 1950], [292, 1464, 2103, 1706, 522, 570, 1589, 190], [293, 518, 96, 976, 1036, 170, 484, 1666], [297, 298, 161, 548, 303, 602, 661, 1080], [298, 299, 499, 540, 1374, 520, 1435, 307], [299, 304, 1264, 262, 134, 418, 548, 519], [300, 408, 2254, 700, 1486, 733, 445, 444], [1185, 1316, 372, 1160, 603, 1176, 1123, 1136], [302, 775, 114, 627, 1036, 171, 976, 942], [303, 1107, 102, 548, 689, 252, 315, 298], [304, 102, 1315, 318, 749, 299, 315, 418], [305, 1641, 127, 1577, 497, 292, 900, 130], [306, 480, 176, 1326, 147, 360, 1927, 98], [307, 134, 1109, 78, 677, 286, 610, 690], [308, 309, 1495, 1053, 993, 1657, 531, 1316], [313, 1574, 660, 1145, 1806, 1870, 214, 742], [314, 1785, 972, 127, 129, 182, 1905, 2061], [315, 376, 378, 611, 677, 286, 318, 1653], [2097, 340, 1699, 1238, 797, 508, 412, 217], [317, 1590, 1767, 1893, 1560, 872, 1920, 291], [318, 1398, 315, 790, 376, 1530, 1079, 689], [319, 1092, 1142, 785, 454, 441, 1407, 885], [320, 1087, 792, 115, 422, 1631, 1927, 1314], [1398, 304, 171, 102, 321, 318, 518, 286], [1948, 2164, 131, 2257, 2184, 1427, 321, 568], [322, 469, 835, 804, 836, 560, 1471, 2139], [323, 258, 1008, 271, 879, 1940, 587, 248], [324, 1009, 526, 318, 887, 1377, 627, 269], [325, 1927, 445, 812, 291, 187, 1009, 1525], [326, 2158, 1098, 983, 1854, 180, 508, 871], [327, 323, 1225, 247, 1453, 1481, 745, 279], [328, 779, 984, 2169, 757, 559, 2090, 2092], [334, 789, 327, 1382, 1370, 665, 791, 336], [335, 631, 648, 1817, 1543, 2318, 1150, 637], [336, 1143, 1370, 1155, 1223, 1519, 1122, 1335], [337, 670, 305, 531, 2068, 1319, 1812, 866], [338, 1956, 782, 1163, 2160, 792, 593, 1349], [339, 1519, 228, 274, 308, 620, 102, 1045], [340, 2154, 1084, 434, 442, 797, 2155, 2309], [341, 1246, 1134, 1818, 342, 1662, 645, 662], [342, 1594, 338, 2187, 1390, 678, 1603, 164], [343, 2068, 1815, 341, 2312, 759, 801, 2288], [344, 836, 403, 444, 802, 1015, 1665, 1228], [434, 804, 1173, 345, 1993, 1652, 60, 1715], [345, 1115, 1371, 1462, 225, 136, 2063, 2270], [347, 346, 481, 1369, 137, 531, 947, 127], [348, 814, 1788, 1018, 349, 1448, 176, 144], [350, 59, 979, 2057, 1033, 1040, 1646, 1245], [351, 928, 458, 347, 461, 457, 355, 438], [353, 822, 57, 1364, 24, 1419, 2316, 20], [354, 314, 465, 49, 1642, 2119, 1653, 1772]]}, "justin_cNepos_eutropius_1902": {"tgt_lang": "en", "transl_top1": 0.5779816513761468, "transl_top5": 0.6880733944954128, "transl_top10": 0.7431192660550459, "num_nulls": 0, "num_tgt_sents": 9841,