{"num_src_sents": 259, "hesiod-callim-theogn_1897": {"tgt_lang": "en", "transl_top1": 0.25096525096525096, "transl_top5": 0.42084942084942084, "transl_top10": 0.5019305019305019, "num_nulls": 0, "num_tgt_sents": 8276}, "hesiod_nd": {"tgt_lang": "fr", "transl_top1": 0.17374517374517376, "transl_top5": 0.30115830115830117, "transl_top10": 0.3938223938223938, "num_nulls": 0, "num_tgt_sents": 3571}, "aesopHesiodQuintus_1865-1866": {"tgt_lang": "de", "transl_top1": 0.14671814671814673, "transl_top5": 0.2702702702702703, "transl_top10": 0.37065637065637064, "num_nulls": 0, "num_tgt_sents": 7368}, "num_translations": 3, "text_top1": 0.1904761904761905, "text_top5": 0.3307593307593308, "text_top10": 0.4221364221364221}