{"num_src_sents": 63, "appian_1830_5": {"tgt_lang": "de", "transl_top1": 0.031746031746031744, "transl_top5": 0.1111111111111111, "transl_top10": 0.15873015873015872, "num_nulls": 0, "num_tgt_sents": 7584, "retrieval_preds": [[350, 2112, 476, 6543, 6662, 3136, 1619, 6232], [311, 7089, 310, 1841, 562, 1096, 306, 2850], [3718, 1520, 2046, 279, 2314, 6551, 6829, 737], [2177, 6373, 5271, 4060, 7079, 1186, 7429, 2197], [7079, 3477, 5271, 36, 7368, 7429, 1162, 6373], [1388, 4191, 6296, 3325, 3853, 3249, 7276, 1978], [1072, 476, 3108, 1767, 6297, 350, 4429, 431], [788, 747, 3681, 1837, 6743, 5864, 3990, 6279], [797, 1593, 5200, 1598, 2006, 431, 2019, 1704], [6543, 6692, 5073, 4685, 873, 2839, 2049, 2976], [353, 821, 3100, 2907, 565, 1274, 1784, 1198], [2053, 1698, 734, 2850, 2765, 2437, 2294, 4736], [1688, 1686, 1691, 6503, 2700, 2446, 2565, 2810], [859, 1611, 5780, 3938, 4765, 4865, 2787, 1732], [254, 2172, 3095, 4789, 1138, 5209, 6366, 866], [4865, 2426, 2053, 4248, 1611, 587, 1783, 4464], [873, 350, 3136, 6974, 6543, 6103, 476, 5073], [4765, 476, 1607, 6232, 1593, 2460, 1665, 6692], [6233, 532, 311, 6882, 1739, 2034, 6615, 3070], [5172, 1670, 4710, 5007, 5989, 6754, 4956, 4731], [6757, 6853, 7511, 2275, 3970, 367, 4664, 4361], [310, 4259, 2850, 296, 447, 904, 808, 2460], [36, 2177, 5271, 2197, 7079, 3477, 1499, 7429], [54, 5271, 7429, 2177, 6274, 1624, 1186, 7079], [350, 2438, 4751, 3202, 6692, 1619, 6234, 5005], [5646, 4207, 5120, 5599, 2682, 5632, 7273, 6407], [3202, 1598, 3134, 7266, 2476, 2528, 6000, 6792], [644, 5575, 3630, 743, 5643, 7224, 5316, 6510], [7079, 3477, 5271, 36, 7368, 7429, 1162, 6373], [3263, 6296, 3319, 5401, 1309, 6057, 5345, 3257], [644, 5575, 3630, 743, 5643, 7224, 5316, 6510], [164, 5631, 26, 1234, 3259, 155, 196, 39], [1999, 379, 447, 4751, 6937, 1048, 2026, 4388], [2954, 2987, 3101, 6809, 2648, 1397, 2814, 6742], [644, 5575, 3630, 743, 5643, 7224, 5316, 6510], [54, 5271, 7429, 2177, 6274, 1624, 1186, 7079], [4112, 4522, 6056, 4251, 4725, 6438, 6431, 7155], [734, 349, 2476, 4204, 5172, 2879, 672, 4249], [36, 2177, 5271, 2197, 7079, 3477, 1499, 7429], [54, 5271, 7429, 2177, 6274, 1624, 1186, 7079], [2850, 2748, 1629, 2912, 1637, 1657, 3159, 1628], [2912, 4624, 2920, 1783, 2478, 1991, 1654, 1391], [455, 5608, 7311, 1417, 7410, 6338, 1127, 7147], [1672, 311, 367, 2972, 849, 435, 744, 701], [814, 353, 819, 810, 1103, 4993, 6202, 1091], [7511, 4144, 2879, 4049, 833, 4411, 489, 1845], [1691, 692, 2843, 3166, 567, 554, 721, 2836], [2850, 3059, 2461, 1856, 5110, 831, 5226, 836], [4624, 1715, 400, 6375, 5680, 7088, 846, 5688], [7051, 6083, 2393, 3673, 707, 6762, 899, 4597], [229, 2379, 503, 3167, 1754, 900, 5108, 1626], [6400, 2003, 2854, 715, 4663, 916, 5728, 600], [3193, 2200, 6813, 775, 379, 788, 2129, 7517], [814, 810, 6338, 2200, 805, 353, 1542, 6026], [2177, 6373, 5271, 4060, 7079, 1186, 7429, 2197], [7079, 3477, 5271, 36, 7368, 7429, 1162, 6373], [3325, 7276, 7387, 1267, 177, 3636, 1381, 1470], [6716, 5798, 6533, 6004, 6441, 5948, 974, 5196], [3886, 6430, 4896, 740, 3867, 2100, 5672, 6199], [7078, 4007, 2304, 5459, 6195, 6323, 6836, 4214], [644, 5575, 3630, 743, 5643, 7224, 5316, 6510], [7079, 3477, 5271, 36, 7368, 7429, 1162, 6373], [3263, 6057, 3319, 6296, 1309, 3257, 5401, 5345]]}, "Appianus_1828": {"tgt_lang": "de", "transl_top1": 0.07936507936507936, "transl_top5": 0.14285714285714285, "transl_top10": 0.19047619047619047, "num_nulls": 0, "num_tgt_sents": 6120, "retrieval_preds": [[3489, 3462, 5445, 5428, 1025, 5901, 1058, 5424], [1027, 3303, 4208, 4618, 4398, 4349, 256, 5122], [4408, 1029, 602, 3560, 2862, 1588, 2259, 5451], [2192, 5416, 2633, 2277, 2120, 4725, 3964, 3080], [2192, 2633, 2277, 4725, 5110, 3964, 5416, 184], [4439, 349, 353, 3254, 359, 1390, 3245, 3312], [1030, 5170, 4133, 5424, 3605, 3982, 1262, 4341], [845, 2932, 2724, 5055, 3753, 5097, 5170, 1033], [1034, 1275, 5105, 4188, 4223, 5044, 4336, 5196], [5938, 408, 4078, 4011, 1012, 1262, 5424, 491], [1041, 374, 4179, 5450, 522, 2602, 2145, 2435], [1042, 1112, 3951, 4313, 3550, 1108, 4187, 1111], [1043, 1256, 4763, 1363, 2642, 3566, 4311, 3062], [1045, 1025, 1044, 3489, 807, 1047, 4483, 491], [1046, 1007, 3945, 5534, 3670, 4349, 3911, 732], [1046, 901, 3489, 3025, 5654, 2803, 2334, 1238], [3489, 1047, 1054, 3465, 3486, 2833, 4287, 5901], [4306, 1049, 5901, 3686, 1227, 3585, 469, 4011], [1051, 558, 1452, 1777, 3692, 4589, 372, 2533], [1052, 1241, 5938, 914, 4289, 4293, 1039, 1962], [1053, 3496, 1209, 1187, 2754, 4832, 558, 4589], [3383, 3435, 1054, 3375, 4206, 3153, 5219, 4313], [2120, 2633, 2192, 5416, 2277, 3964, 4744, 4725], [2192, 5416, 2120, 2277, 2633, 3964, 2389, 4000], [1054, 408, 1058, 4078, 5445, 3607, 4133, 1136], [4305, 1308, 208, 5048, 3248, 2192, 1377, 3964], [1058, 4162, 2320, 1054, 4172, 383, 1249, 5788], [5741, 1658, 1455, 307, 2721, 4622, 4866, 1650], [2192, 2633, 2277, 4725, 5110, 3964, 5416, 184], [2480, 1532, 3249, 2467, 1528, 2406, 2471, 2524], [5741, 1658, 1455, 307, 2721, 4622, 4866, 1650], [204, 3306, 219, 3140, 1508, 4698, 1490, 226], [1418, 865, 1949, 949, 5257, 2008, 2784, 4892], [2705, 5486, 2076, 4792, 4311, 1077, 2801, 5059], [5741, 1658, 1455, 307, 2721, 4622, 4866, 1650], [2192, 5416, 2120, 2277, 2633, 3964, 2389, 4000], [1062, 5637, 5026, 2251, 2326, 5815, 2990, 4896], [5887, 1039, 1294, 2856, 2003, 5158, 2699, 2784], [2120, 2633, 2192, 5416, 2277, 3964, 4744, 4725], [2192, 5416, 2120, 2277, 2633, 3964, 2389, 4000], [1065, 1077, 4913, 5819, 1914, 1082, 1973, 1073], [1067, 1533, 766, 5349, 5539, 5037, 373, 865], [1068, 5952, 2836, 5730, 342, 2117, 5620, 501], [3708, 980, 1069, 1784, 1975, 5444, 700, 5838], [1070, 500, 5598, 511, 865, 266, 1067, 517], [1071, 4377, 558, 4206, 4189, 3796, 1073, 4578], [1072, 880, 4078, 4311, 4586, 491, 4011, 3020], [1073, 1777, 268, 5346, 558, 946, 2699, 5884], [1075, 3025, 2169, 1076, 4308, 2078, 1081, 6111], [1076, 1994, 3069, 1075, 727, 1396, 3170, 941], [5423, 1077, 3497, 1054, 1467, 3504, 5471, 3123], [2971, 1964, 1081, 6106, 1079, 1849, 5909, 2989], [1081, 4838, 4854, 2716, 1333, 2685, 1890, 1964], [1082, 266, 1069, 5864, 5620, 5225, 517, 617], [2192, 5416, 2633, 2277, 2120, 4725, 3964, 3080], [2192, 2633, 2277, 4725, 5110, 3964, 5416, 184], [1390, 353, 4439, 22, 2633, 5221, 56, 3372], [1083, 5925, 255, 192, 6108, 554, 3447, 4843], [1084, 5097, 5246, 3115, 4456, 2620, 585, 4557], [1085, 1764, 640, 2764, 4556, 1900, 646, 3975], [5741, 1658, 1455, 307, 2721, 4622, 4866, 1650], [2192, 2633, 2277, 4725, 5110, 3964, 5416, 184], [1532, 2480, 1528, 3249, 2467, 5310, 5326, 1535]]}, "appian_1832_10": {"tgt_lang": "de", "transl_top1": 0.015873015873015872, "transl_top5": 0.06349206349206349, "transl_top10": 0.14285714285714285, "num_nulls": 0, "num_tgt_sents": 12614,