{"num_src_sents": 270, "plutarch_1898_ethical": {"tgt_lang": "en", "transl_top1": 0.4777777777777778, "transl_top5": 0.6666666666666666, "transl_top10": 0.725925925925926, "num_nulls": 0, "num_tgt_sents": 5242}, "plutarch_1_1844": {"tgt_lang": "fr", "transl_top1": 0.15925925925925927, "transl_top5": 0.28888888888888886, "transl_top10": 0.362962962962963, "num_nulls": 0, "num_tgt_sents": 8121}, "plutarch_2_1844": {"tgt_lang": "fr", "transl_top1": 0.011111111111111112, "transl_top5": 0.05185185185185185, "transl_top10": 0.10740740740740741, "num_nulls": 0, "num_tgt_sents": 7523}, "num_translations": 3, "text_top1": 0.2160493827160494, "text_top5": 0.3358024691358024, "text_top10": 0.39876543209876547}