{"num_src_sents": 507, "euripides_1852_3": {"tgt_lang": "de", "transl_top1": 0.015779092702169626, "transl_top5": 0.03944773175542406, "transl_top10": 0.07100591715976332, "num_nulls": 0, "num_tgt_sents": 4706}, "euripides_2_1884": {"tgt_lang": "fr", "transl_top1": 0.011834319526627219, "transl_top5": 0.04339250493096647, "transl_top10": 0.08284023668639054, "num_nulls": 0, "num_tgt_sents": 6695}, "euripides_1_1884": {"tgt_lang": "fr", "transl_top1": 0.252465483234714, "transl_top5": 0.39644970414201186, "transl_top10": 0.46745562130177515, "num_nulls": 0, "num_tgt_sents": 6832}, "num_translations": 3, "text_top1": 0.09335963182117028, "text_top5": 0.15976331360946747, "text_top10": 0.20710059171597633}