{"num_src_sents": 36, "theocritus_1878": {"tgt_lang": "en", "transl_top1": 0.05555555555555555, "transl_top5": 0.1111111111111111, "transl_top10": 0.1388888888888889, "num_nulls": 0, "num_tgt_sents": 6617, "retrieval_preds": [[3203, 1179, 3612, 6456, 1994, 6144, 3192, 3858], [6409, 5691, 3204, 775, 3495, 4301, 3828, 4414], [3205, 6410, 3192, 2239, 4430, 3159, 717, 774], [3206, 6411, 3207, 3204, 1751, 6186, 4788, 4964], [5669, 4414, 6409, 4623, 5691, 3077, 1530, 3631], [3208, 2820, 3250, 6600, 2190, 1167, 6244, 3638], [3210, 2948, 1722, 1402, 2861, 2165, 6563, 5368], [3211, 1292, 3833, 2884, 2720, 400, 3234, 2342], [942, 3589, 6113, 1450, 1299, 475, 5653, 4346], [3067, 3216, 6542, 2434, 5810, 1319, 2031, 1857], [3219, 534, 806, 5363, 3232, 870, 393, 3639], [5187, 5495, 388, 3125, 3221, 1846, 4377, 2358], [3223, 2820, 5957, 5509, 6432, 1749, 4132, 5810], [3274, 263, 913, 476, 5029, 3227, 2435, 2891], [3232, 6440, 3250, 2310, 2768, 3197, 1667, 3067], [3236, 6445, 5297, 5344, 902, 4734, 2795, 2093], [1722, 4912, 3650, 507, 3219, 4052, 2943, 5279], [3240, 1530, 1894, 3204, 3503, 5691, 4301, 5739], [3241, 1219, 3942, 3673, 598, 5322, 2023, 1347], [3242, 2900, 509, 737, 4964, 3614, 222, 5014], [3893, 1994, 2908, 1971, 1852, 1215, 475, 5991], [5619, 1552, 3245, 5094, 2526, 6454, 3241, 2475], [2967, 2198, 2622, 821, 1211, 818, 1008, 919], [2820, 3208, 2177, 3655, 1913, 466, 531, 2814], [3250, 2321, 2190, 987, 3314, 135, 2746, 507], [5322, 771, 3763, 107, 6525, 4547, 5607, 6419], [6465, 2177, 2193, 3252, 4544, 3655, 2650, 3881], [3254, 2468, 485, 2820, 4739, 855, 430, 2176], [370, 2321, 1280, 6465, 5509, 3256, 2177, 1450], [6473, 902, 3258, 3269, 1154, 6187, 1960, 1270], [3259, 978, 423, 1746, 2413, 1489, 1160, 5417], [3260, 2015, 2434, 267, 1777, 2314, 3226, 187], [4740, 4726, 260, 2321, 286, 614, 6025, 2639], [1667, 6480, 2370, 3266, 5387, 3259, 3265, 2434], [3269, 3265, 2230, 5329, 3177, 6479, 476, 1429], [3270, 2923, 1410, 2962, 6473, 902, 6173, 2130]]}, "theocritus_1855": {"tgt_lang": "de", "transl_top1": 0.027777777777777776, "transl_top5": 0.08333333333333333, "transl_top10": 0.1388888888888889, "num_nulls": 0, "num_tgt_sents": 4249, "retrieval_preds": [[856, 1389, 857, 1652, 2161, 1664, 1721, 2160], [1734, 983, 352, 2133, 1789, 1775, 1920, 1131], [2134, 2156, 1965, 647, 1655, 986, 1373, 1249], [2135, 2136, 462, 2000, 1339, 1070, 482, 494], [2136, 1734, 983, 1789, 1447, 1131, 1001, 352], [1708, 1741, 2168, 710, 1728, 1950, 1604, 1962], [2140, 2615, 2842, 1808, 2868, 1910, 3235, 609], [807, 2141, 846, 1692, 804, 2138, 1459, 1011], [476, 1613, 4217, 720, 1711, 909, 510, 3497], [1420, 2114, 2088, 836, 976, 551, 2005, 2168], [2148, 1721, 1741, 837, 1690, 1147, 578, 1760], [507, 171, 1396, 1552, 1287, 1315, 2149, 1644], [2151, 860, 766, 1721, 1589, 1810, 1950, 595], [2152, 1397, 820, 2186, 1810, 2834, 2342, 1376], [2154, 1741, 710, 1589, 1814, 551, 2152, 3530], [1541, 2174, 2181, 1431, 161, 2158, 1538, 1562], [1346, 551, 1908, 1741, 1203, 558, 1720, 957], [1001, 1734, 1328, 3222, 2133, 2161, 1069, 2123], [2853, 2330, 456, 1235, 956, 3322, 1392, 909], [1918, 2162, 3887, 367, 1339, 1923, 558, 475], [805, 213, 621, 533, 1929, 409, 579, 2192], [1466, 1027, 781, 1927, 1459, 1413, 717, 1181], [1759, 768, 1783, 515, 409, 3233, 1603, 1497], [2166, 2168, 1943, 4211, 17, 845, 906, 1728], [1834, 645, 1790, 1588, 650, 878, 1963, 623], [2853, 2330, 1417, 2595, 984, 2040, 909, 1190], [2170, 543, 1517, 607, 1500, 2165, 532, 1715], [2172, 1681, 1708, 410, 471, 517, 1835, 1728], [746, 1708, 2612, 3333, 1655, 645, 2173, 1413], [2174, 1378, 62, 1369, 1664, 1362, 471, 1998], [847, 2175, 1217, 1810, 976, 874, 1340, 665], [2178, 2660, 1808, 2357, 324, 3424, 881, 1352], [1834, 1606, 2168, 860, 1833, 746, 551, 1205], [2180, 551, 1834, 1439, 2346, 1808, 225, 2114], [2181, 982, 1539, 1555, 1562, 1214, 2199, 463], [2182, 1969, 857, 1664, 2152, 1350, 1971, 1652]]}, "hesiod_nd": {"tgt_lang": "fr", "transl_top1": 0.027777777777777776, "transl_top5": 0.1111111111111111, "transl_top10": 0.1388888888888889, "num_nulls": 0, "num_tgt_sents": 3571, "retrieval_preds": [[1798, 1237, 1415, 1799, 1448, 1659, 1492, 1496], [2658, 3184, 2704, 1251, 1713, 2545, 2899, 1865], [3185, 3149, 3299, 1492, 3148, 3206, 1525, 2254], [3187, 2256, 3188, 1670, 2959, 3093, 1427, 594], [3456, 3093, 2068, 2658, 3188, 1865, 3322, 3187], [3205, 2748, 1329, 3259, 3497, 1308, 3233, 3471], [431, 3193, 2748, 572, 3269, 2419, 1492, 3479], [3194, 66, 3207, 50, 1854, 1629, 1936, 895], [986, 752, 750, 664, 932, 938, 951, 711], [3471, 3463, 1890, 3277, 534, 3312, 1110, 549], [354, 2680, 2254, 1314, 3549, 1286, 3550, 362], [266, 3119, 75, 3471, 1172, 3199, 1784, 271], [2154, 1853, 313, 3306, 261, 1151, 1457, 3501], [3131, 306, 3242, 3202, 280, 887, 1107, 3463], [3205, 131, 1457, 2748, 1890, 3277, 2167, 44], [3285, 319, 3130, 436, 3134, 3143, 3208, 170], [2222, 2464, 356, 2678, 1492, 2154, 3349, 2504], [3187, 2068, 2658, 2245, 3213, 1338, 3415, 1994], [3214, 1220, 2765, 957, 2481, 3430, 3256, 158], [655, 2964, 1670, 2533, 1887, 780, 1936, 2217], [1706, 1540, 1392, 1967, 1195, 2312, 2048, 1812], [2217, 86, 46, 2976, 3218, 1200, 524, 2829], [2627, 2797, 236, 2684, 2729, 3149, 234, 935], [3219, 1882, 2744, 3306, 1396, 2299, 3468, 2958], [2748, 1108, 1090, 2213, 3445, 2756, 1212, 1882], [46, 282, 1220, 589, 869, 3256, 1527, 2120], [3224, 1707, 1522, 3219, 1236, 2738, 2445, 1509], [3226, 1362, 2132, 2464, 1801, 1630, 2665, 1308], [3367, 2340, 1329, 1308, 2429, 1525, 938, 3359], [3227, 3194, 2284, 2303, 1839, 3219, 3320, 2314], [3228, 2516, 420, 2222, 363, 3353, 2619, 2349], [2460, 306, 2787, 3233, 331, 1636, 1205, 1890], [2516, 306, 2094, 1805, 2748, 2132, 1205, 420], [3233, 1027, 1890, 3277, 241, 572, 1142, 359], [3233, 3349, 2473, 1721, 1785, 1630, 1784, 3407], [2271, 3497, 2989, 2213, 1441, 2977, 3293, 2222]]}, "num_translations": 3, "text_top1": 0.037037037037037035, "text_top5": 0.10185185185185185, "text_top10": 0.1388888888888889}