{"num_src_sents": 33, "lysias_1856": {"tgt_lang": "de", "transl_top1": 0.09090909090909091, "transl_top5": 0.2727272727272727, "transl_top10": 0.36363636363636365, "num_nulls": 0, "num_tgt_sents": 5319}, "num_translations": 1, "text_top1": 0.09090909090909091, "text_top5": 0.2727272727272727, "text_top10": 0.36363636363636365}