{"num_src_sents": 117, "demosthenes_aeschynes_1861": {"tgt_lang": "fr", "transl_top1": 0.08547008547008547, "transl_top5": 0.18803418803418803, "transl_top10": 0.23076923076923078, "num_nulls": 0, "num_tgt_sents": 36182}, "demosthenes_2_1861": {"tgt_lang": "fr", "transl_top1": 0.23076923076923078, "transl_top5": 0.4444444444444444, "transl_top10": 0.5470085470085471, "num_nulls": 0, "num_tgt_sents": 2969}, "demosthenes_1902": {"tgt_lang": "en", "transl_top1": 0.042735042735042736, "transl_top5": 0.10256410256410256, "transl_top10": 0.1282051282051282, "num_nulls": 0, "num_tgt_sents": 6778}, "demosthenes_1856_1": {"tgt_lang": "de", "transl_top1": 0.3418803418803419, "transl_top5": 0.4700854700854701, "transl_top10": 0.5128205128205128, "num_nulls": 0, "num_tgt_sents": 4305}, "demosthenes_1_1863": {"tgt_lang": "fr", "transl_top1": 0.03418803418803419, "transl_top5": 0.1111111111111111, "transl_top10": 0.1623931623931624, "num_nulls": 0, "num_tgt_sents": 3406}, "num_translations": 5, "text_top1": 0.147008547008547, "text_top5": 0.26324786324786326, "text_top10": 0.3162393162393162}