{"num_src_sents": 24, "corneliusNepos_1856": {"tgt_lang": "de", "transl_top1": 0.6666666666666666, "transl_top5": 0.7083333333333334, "transl_top10": 0.75, "num_nulls": 0, "num_tgt_sents": 2320, "retrieval_preds": [[930, 1613, 1399, 224, 114, 269, 379, 503], [931, 2116, 209, 827, 678, 2032, 1201, 2053], [932, 1766, 1153, 1613, 520, 1770, 556, 414], [933, 1173, 1160, 934, 936, 2033, 608, 935], [934, 2149, 1292, 1072, 1186, 1627, 389, 221], [936, 349, 232, 2150, 2284, 1173, 623, 240], [933, 1076, 896, 1783, 1269, 141, 227, 1129], [1441, 937, 1920, 706, 2284, 1596, 1423, 1212], [942, 611, 249, 775, 159, 302, 627, 1657], [943, 944, 1469, 831, 1005, 1633, 2270, 868], [945, 552, 772, 1255, 975, 519, 542, 269], [946, 1585, 1548, 1406, 164, 1418, 1353, 1925], [947, 992, 1223, 124, 478, 140, 1094, 1093], [948, 1484, 1093, 831, 1785, 943, 1356, 783], [949, 1190, 1325, 542, 1273, 1351, 1340, 552], [950, 745, 1344, 1288, 1283, 1675, 834, 1293], [958, 757, 1062, 3, 826, 1243, 1659, 1596], [959, 1624, 1499, 1475, 1523, 731, 70, 1305], [960, 2265, 1260, 824, 579, 691, 2163, 1085], [961, 313, 1048, 1626, 637, 2297, 2046, 95], [962, 1065, 255, 1047, 1039, 1721, 1499, 261], [963, 1039, 1364, 1752, 1084, 1142, 208, 108], [966, 1950, 1590, 1195, 2170, 1722, 218, 2299], [968, 467, 2063, 473, 337, 2271, 981, 114]]}, "justin_cNepos_eutropius_1902": {"tgt_lang": "en", "transl_top1": 0.4166666666666667, "transl_top5": 0.5833333333333334, "transl_top10": 0.6666666666666666, "num_nulls": 0, "num_tgt_sents": 9841, "retrieval_preds": [[5420, 1021, 1966, 568, 1638, 3003, 1153, 1023], [5422, 4104, 6200, 3302, 776, 8390, 587, 4776], [5426, 7865, 8412, 5424, 2273, 3796, 6247, 4992], [5427, 5431, 7027, 3023, 6156, 7360, 7823, 6996], [5428, 4031, 3974, 5988, 534, 5152, 2539, 2677], [5432, 8065, 1397, 4074, 6733, 6477, 4629, 8180], [5431, 1609, 7165, 1162, 6844, 7014, 4935, 2854], [5432, 1437, 5938, 6009, 961, 3037, 1328, 257], [5434, 3907, 7898, 7026, 7512, 7655, 5601, 7529], [5435, 2856, 5436, 5327, 5996, 6247, 6224, 3100], [5760, 5437, 1167, 1110, 5030, 4920, 5438, 5822], [5439, 7470, 8056, 942, 7770, 434, 2293, 5128], [5440, 2187, 1418, 4719, 5731, 635, 1196, 2560], [5441, 4766, 3522, 5418, 3589, 7231, 6309, 4743], [1333, 5442, 5030, 5839, 5849, 5822, 1296, 839], [5444, 5782, 3459, 7699, 1435, 1177, 5788, 561], [5446, 7644, 5447, 1805, 8001, 3899, 1341, 5904], [4343, 6021, 2009, 2435, 1593, 3521, 3809, 6221], [5449, 5763, 1288, 2247, 9011, 9012, 9246, 1927], [4577, 5450, 6753, 5459, 5481, 6468, 7864, 1457], [5451, 5538, 6256, 3, 7898, 3358, 4, 5547], [5452, 513, 4182, 2231, 4479, 320, 3435, 9671], [6649, 5454, 5611, 987, 5143, 3103, 1871, 6073], [5455, 6551, 7512, 4986, 7125, 8028, 8901, 3956]]}, "num_translations": 2, "text_top1": 0.5416666666666666, "text_top5": 0.6458333333333334, "text_top10": 0.7083333333333333}