{"num_src_sents": 21, "plutarch_5_1844": {"tgt_lang": "fr", "transl_top1": 0.14285714285714285, "transl_top5": 0.38095238095238093, "transl_top10": 0.5238095238095238, "num_nulls": 0, "num_tgt_sents": 5916}, "plutarch_4_1844": {"tgt_lang": "fr", "transl_top1": 0.047619047619047616, "transl_top5": 0.09523809523809523, "transl_top10": 0.14285714285714285, "num_nulls": 0, "num_tgt_sents": 6665}, "num_translations": 2, "text_top1": 0.09523809523809523, "text_top5": 0.23809523809523808, "text_top10": 0.33333333333333337}