{"num_src_sents": 34, "plutarch_1898_ethical": {"tgt_lang": "en", "transl_top1": 0.47058823529411764, "transl_top5": 0.6470588235294118, "transl_top10": 0.7941176470588235, "num_nulls": 0, "num_tgt_sents": 5242}, "plutarch_1_1844": {"tgt_lang": "fr", "transl_top1": 0.029411764705882353, "transl_top5": 0.14705882352941177, "transl_top10": 0.20588235294117646, "num_nulls": 0, "num_tgt_sents": 8121}, "plutarch_2_1844": {"tgt_lang": "fr", "transl_top1": 0.058823529411764705, "transl_top5": 0.20588235294117646, "transl_top10": 0.2647058823529412, "num_nulls": 0, "num_tgt_sents": 7523}, "num_translations": 3, "text_top1": 0.18627450980392157, "text_top5": 0.3333333333333333, "text_top10": 0.4215686274509804}