{"num_src_sents": 108, "suetonius_1855-1897": {"tgt_lang": "de", "transl_top1": 0.5555555555555556, "transl_top5": 0.7314814814814815, "transl_top10": 0.7870370370370371, "num_nulls": 0, "num_tgt_sents": 5120, "retrieval_preds": [[4285, 5039, 699, 3113, 1345, 4967, 159, 1170], [4286, 3992, 4497, 4469, 4070, 103, 1187, 2872], [4287, 4288, 110, 706, 1389, 4299, 4549, 1141], [4289, 1123, 2457, 3728, 881, 1876, 1940, 3787], [4292, 4291, 3986, 4613, 4288, 3503, 1111, 1090], [4293, 2010, 1171, 4518, 1985, 466, 368, 2872], [4296, 664, 50, 113, 3174, 4299, 1908, 110], [990, 4407, 3175, 711, 2377, 3637, 1604, 1586], [4299, 936, 155, 1022, 333, 1899, 200, 1010], [4300, 1342, 4571, 4065, 4712, 869, 4370, 4216], [4302, 2167, 3042, 307, 1282, 4863, 3610, 2088], [2466, 4304, 4303, 2728, 4186, 3999, 2211, 4438], [2550, 4305, 1379, 1909, 3162, 3226, 3493, 1042], [4306, 4461, 491, 2558, 5086, 1888, 3455, 4308], [4308, 748, 3574, 61, 1093, 2860, 3147, 2522], [4309, 4383, 2668, 3741, 2528, 1690, 2209, 1519], [4310, 4241, 4726, 2966, 1998, 4389, 2694, 373], [4311, 5050, 3284, 365, 3483, 2238, 3759, 2680], [4162, 2442, 5011, 1783, 3013, 1836, 1865, 3848], [4312, 4671, 3680, 1403, 1212, 4250, 624, 2277], [4522, 261, 1623, 289, 4736, 2531, 2852, 826], [4314, 3191, 759, 4321, 1300, 1138, 3018, 3679], [4315, 3107, 3556, 4778, 1867, 4440, 1175, 2668], [4316, 3001, 3158, 4454, 1852, 1458, 2913, 4876], [1235, 2086, 1773, 3284, 548, 958, 387, 4491], [4317, 4181, 4907, 4299, 5118, 5071, 4172, 1758], [2494, 5119, 5114, 4317, 2495, 2277, 5077, 4295], [4318, 2697, 2384, 1920, 1958, 4702, 2241, 4706], [4319, 1901, 1869, 2797, 1915, 4682, 3365, 1018], [1899, 4322, 409, 1010, 4186, 1362, 12, 3596], [4323, 2136, 4048, 2384, 4465, 4174, 4714, 2009], [2219, 3550, 4325, 3107, 4600, 1870, 3782, 1110], [4326, 1157, 4960, 3708, 787, 3687, 690, 1403], [4327, 4329, 2674, 1490, 3260, 3280, 3469, 358], [4328, 4318, 402, 3254, 1529, 1200, 3698, 5012], [4166, 4794, 1876, 2183, 1932, 4329, 3250, 2587], [4330, 4348, 4459, 1122, 4259, 4061, 4170, 4332], [4331, 4100, 4236, 2738, 3825, 869, 3242, 493], [1309, 4333, 868, 386, 3996, 3321, 2752, 2044], [4335, 1961, 333, 2809, 98, 4761, 1914, 2249], [4336, 2369, 4086, 4106, 486, 3080, 3275, 3669], [4122, 4337, 3493, 3764, 2371, 1908, 2668, 3267], [4236, 2832, 4338, 2848, 4255, 3314, 2369, 3596], [1434, 4469, 4919, 4362, 4722, 2183, 4585, 4765], [4341, 1016, 3166, 3192, 2931, 4153, 3797, 2369], [4241, 4560, 874, 3321, 4344, 4191, 1845, 1426], [4038, 4345, 1824, 808, 786, 563, 4019, 3361], [4347, 2463, 447, 1379, 2087, 1925, 3438, 3999], [4348, 1379, 1403, 2258, 4347, 754, 2895, 3582], [4350, 1651, 3582, 757, 4130, 521, 4845, 5035], [4351, 4350, 2771, 1757, 3914, 3989, 3545, 4796], [4352, 2353, 2129, 5015, 4316, 1348, 4433, 3891], [2065, 2297, 4635, 1809, 1684, 4017, 4923, 955], [2368, 284, 3787, 1522, 4353, 1955, 1366, 323], [4236, 4238, 4255, 1046, 3147, 2834, 4258, 4151], [4357, 200, 102, 130, 25, 50, 1523, 4004], [4359, 3650, 2369, 2479, 1965, 1899, 3669, 1365], [183, 1729, 796, 465, 3622, 1072, 4244, 771], [325, 3575, 3718, 4191, 3598, 850, 4693, 4852], [4364, 4264, 2291, 3089, 2510, 4363, 3493, 1481], [4365, 2808, 1627, 2903, 2508, 629, 3974, 4061], [4366, 2833, 787, 4326, 3686, 2771, 3568, 690], [3068, 4369, 1237, 4368, 4766, 3414, 1175, 3107], [4370, 4227, 4784, 409, 4186, 4133, 4371, 3088], [4372, 3244, 3787, 152, 3854, 2069, 2136, 105], [4373, 3261, 2211, 4153, 3929, 4579, 823, 4534], [3080, 4218, 4186, 4222, 3200, 4995, 2276, 2074], [4378, 4383, 4377, 2428, 1260, 1408, 4359, 1610], [4379, 4398, 4213, 1177, 2250, 2583, 1316, 2328], [4380, 4379, 3947, 2201, 3052, 1931, 2545, 1874], [4381, 1564, 850, 766, 2017, 1138, 4606, 263], [4382, 1032, 1040, 1109, 3494, 3260, 1120, 116], [4383, 3650, 1125, 2528, 3321, 4241, 773, 1572], [2476, 2276, 4186, 1899, 3854, 3279, 1236, 486], [4388, 2816, 2127, 3147, 950, 2899, 1228, 2166], [4389, 2430, 3612, 2752, 2196, 3788, 3129, 2690], [4391, 1870, 3248, 4758, 1252, 71, 1145, 2460], [4392, 3227, 4888, 4873, 3359, 879, 3637, 395], [4393, 3283, 917, 84, 2062, 91, 260, 1494], [4394, 3146, 3774, 417, 2249, 1079, 3630, 3149], [2935, 3857, 1899, 4341, 511, 4396, 4105, 3738], [4399, 2638, 4328, 2252, 3666, 5052, 4027, 2360], [4401, 4773, 2227, 4219, 35, 1860, 719, 2451], [4402, 1119, 4516, 4539, 3147, 4255, 4293, 1882], [4959, 4722, 2798, 4870, 1299, 3145, 3364, 1425], [4404, 2461, 1042, 1277, 3458, 3209, 3224, 1357], [4405, 2848, 1317, 3896, 4236, 2832, 4088, 2770], [4406, 4787, 4440, 881, 4223, 2640, 229, 4801], [3080, 4138, 3596, 1063, 2774, 3134, 2483, 4408], [4409, 2483, 949, 2369, 2179, 376, 3166, 2443], [1969, 4411, 3149, 3670, 4867, 3366, 1237, 1313], [4413, 3068, 445, 3862, 2814, 404, 4117, 4239], [3774, 4417, 4785, 4534, 2677, 2019, 4579, 1130], [4418, 3226, 3537, 466, 614, 1262, 3981, 4865], [4419, 1809, 4647, 908, 3751, 4062, 3868, 2011], [4420, 2654, 1113, 4445, 3478, 1920, 4263, 1913], [4421, 4127, 3840, 3073, 4141, 4344, 2682, 3331], [4422, 3905, 3920, 4995, 2465, 2791, 2356, 473], [4723, 147, 2938, 4339, 1258, 323, 4562, 5009], [4775, 3625, 2999, 1846, 3469, 4846, 1921, 1108], [4426, 4577, 2027, 4993, 2383, 324, 555, 196], [4429, 4519, 2369, 4153, 3650, 3669, 3648, 4075], [4916, 219, 3774, 949, 4785, 5039, 223, 3113], [4432, 2902, 2900, 4276, 3952, 2742, 2596, 3954], [4433, 2489, 1790, 1836, 2569, 4289, 2544, 4220], [1024, 330, 4168, 5018, 1499, 4434, 1849, 1926], [4435, 4434, 2043, 4507, 3452, 2072, 3666, 1072], [2082, 4775, 4346, 3625, 4590, 3190, 1846, 378]]}, "num_translations": 1, "text_top1": 0.5555555555555556, "text_top5": 0.7314814814814815, "text_top10": 0.7870370370370371}