{"num_src_sents": 46, "luciusSamosata_1_1869": {"tgt_lang": "fr", "transl_top1": 0.043478260869565216, "transl_top5": 0.06521739130434782, "transl_top10": 0.13043478260869565, "num_nulls": 0, "num_tgt_sents": 14187, "retrieval_preds": [[11141, 7286, 775, 8399, 508, 2543, 11009, 5516], [13843, 2919, 1370, 5826, 2097, 13951, 1317, 5821], [7286, 5821, 8399, 11256, 5516, 9163, 1294, 12099], [7167, 12338, 13284, 11446, 1141, 13239, 13170, 12804], [7514, 7355, 3255, 6000, 8720, 11053, 9162, 11012], [7314, 8003, 7981, 9290, 11381, 6887, 521, 7354], [7360, 7337, 13574, 11960, 11018, 11276, 5835, 12564], [139, 11259, 11983, 3526, 6330, 3250, 12003, 3604], [8109, 7829, 3494, 7800, 13598, 8881, 8342, 9933], [7322, 2041, 7319, 9150, 7384, 9266, 12328, 12427], [7325, 3882, 7328, 14038, 8521, 7367, 8651, 9493], [7329, 7328, 8741, 7362, 11814, 8730, 11808, 11549], [11348, 13707, 11015, 14054, 11955, 7829, 11141, 7837], [7337, 7829, 5529, 7286, 8141, 13847, 11141, 13707], [7343, 7340, 12339, 5939, 7344, 2331, 3099, 11643], [7344, 8394, 7513, 7593, 7806, 3037, 3740, 8418], [9070, 5910, 11384, 13615, 9069, 571, 2043, 2792], [14054, 506, 3069, 775, 11775, 8741, 8002, 13707], [7350, 3321, 6075, 5301, 777, 3797, 4373, 7627], [3070, 8367, 7286, 7923, 8002, 9163, 7730, 8992], [11072, 5826, 9163, 9108, 7286, 5821, 9339, 11745], [7357, 3427, 11222, 8962, 7325, 3995, 7837, 3470], [7357, 12221, 7325, 3427, 9869, 7360, 3470, 11226], [7362, 8651, 3427, 7328, 8631, 11808, 11178, 11222], [7367, 7362, 7328, 7329, 7196, 11814, 11229, 11348], [7367, 9869, 4350, 3050, 9986, 3990, 4646, 9925], [7514, 3410, 7368, 5262, 11305, 7730, 11054, 250], [5323, 373, 7432, 13541, 7887, 7506, 8352, 10454], [6211, 6637, 2225, 5243, 4742, 13822, 8043, 5929], [1894, 5004, 13545, 8246, 3560, 4133, 7408, 5282], [11717, 5694, 11906, 13562, 8698, 7656, 10734, 10818], [13843, 14127, 1370, 7837, 9245, 7655, 7286, 11683], [10389, 3775, 13592, 8577, 10749, 3352, 3601, 6214], [7385, 511, 10752, 12028, 7196, 4373, 10624, 5326], [5974, 6916, 13536, 3195, 7521, 1387, 7387, 9312], [7270, 13590, 8323, 5888, 13498, 8239, 1980, 8953], [11491, 2034, 12341, 1313, 775, 7857, 7248, 7338], [7396, 10940, 1294, 2455, 7286, 1317, 393, 13598], [7669, 6752, 8132, 8124, 6854, 9245, 8358, 7010], [3417, 457, 6008, 13834, 7267, 8698, 13789, 9065], [7398, 393, 13815, 7531, 9245, 5826, 8367, 1353], [8016, 1104, 5792, 4328, 11259, 6330, 8468, 11904], [506, 11015, 7095, 10428, 12312, 7683, 10560, 11105], [11904, 7408, 7575, 11603, 10818, 7801, 12433, 11248], [1894, 12913, 123, 12418, 8223, 5818, 7408, 7889], [7410, 11603, 8945, 7373, 13574, 8378, 5337, 5694]]}, "num_translations": 1, "text_top1": 0.043478260869565216, "text_top5": 0.06521739130434782, "text_top10": 0.13043478260869565}