{"num_src_sents": 841, "demosthenes_aeschynes_1861": {"tgt_lang": "fr", "transl_top1": 0.12247324613555291, "transl_top5": 0.19143876337693222, "transl_top10": 0.2318668252080856, "num_nulls": 0, "num_tgt_sents": 36182}, "demosthenes_1855": {"tgt_lang": "en", "transl_top1": 0.45659928656361476, "transl_top5": 0.6349583828775267, "transl_top10": 0.6860879904875149, "num_nulls": 0, "num_tgt_sents": 7070}, "demosthenes_2_1861": {"tgt_lang": "fr", "transl_top1": 0.005945303210463734, "transl_top5": 0.029726516052318668, "transl_top10": 0.05112960760998811, "num_nulls": 0, "num_tgt_sents": 2969}, "demosthenes_1_1863": {"tgt_lang": "fr", "transl_top1": 0.27110582639714625, "transl_top5": 0.49108204518430437, "transl_top10": 0.582639714625446, "num_nulls": 0, "num_tgt_sents": 3406}, "num_translations": 4, "text_top1": 0.2140309155766944, "text_top5": 0.3368014268727705, "text_top10": 0.3879310344827587}