{"num_src_sents": 74, "isocrates_1832_1": {"tgt_lang": "de", "transl_top1": 0.013513513513513514, "transl_top5": 0.10810810810810811, "transl_top10": 0.1891891891891892, "num_nulls": 0, "num_tgt_sents": 3528, "retrieval_preds": [[823, 1254, 1669, 643, 658, 1914, 817, 618], [696, 1519, 1654, 2592, 3447, 494, 698, 2767], [3447, 3492, 1889, 1939, 1433, 3351, 1801, 2478], [817, 815, 494, 622, 2584, 2905, 800, 2555], [2989, 3391, 971, 2486, 2953, 839, 1241, 823], [622, 3378, 2767, 1334, 1519, 3406, 2473, 1644], [2504, 1263, 1877, 1459, 1254, 643, 1390, 933], [1482, 1152, 2581, 2276, 1169, 2617, 2103, 1690], [2331, 1771, 1666, 956, 712, 3233, 2162, 3234], [2949, 2198, 1418, 885, 1839, 2925, 3359, 631], [1902, 1367, 1314, 2906, 1254, 1310, 1924, 2833], [2958, 1482, 2191, 2006, 243, 1511, 1249, 2533], [1341, 1254, 3412, 3255, 1298, 1247, 1311, 948], [3515, 494, 3354, 3412, 1156, 1482, 3397, 3490], [2540, 663, 3169, 678, 664, 1937, 1188, 2770], [2770, 216, 293, 1936, 210, 291, 2987, 3420], [2826, 3355, 1691, 298, 970, 1874, 2543, 1923], [157, 2317, 844, 1250, 1296, 1763, 2277, 1318], [418, 2976, 485, 1716, 1343, 1236, 2963, 1430], [2963, 1342, 3234, 1402, 1430, 1465, 3233, 1666], [2947, 3398, 3400, 1403, 1318, 1446, 898, 3283], [1169, 722, 151, 287, 1716, 461, 1180, 407], [2451, 3198, 2584, 1902, 1314, 823, 1644, 1208], [3169, 1196, 1705, 1691, 281, 189, 1183, 1834], [1644, 2906, 1739, 1367, 1314, 2451, 2833, 1311], [1314, 1739, 1944, 1208, 2451, 1310, 2833, 1852], [924, 898, 1310, 2584, 2143, 2200, 938, 1314], [2163, 2451, 823, 825, 1739, 1840, 1250, 1208], [669, 2607, 2885, 960, 2765, 1148, 901, 475], [1519, 954, 1433, 473, 1425, 1063, 3198, 455], [1924, 455, 1948, 1798, 589, 3447, 1251, 2622], [823, 817, 1254, 3370, 948, 3173, 1924, 3268], [823, 2584, 1497, 1184, 2989, 2943, 898, 1254], [3268, 1254, 948, 823, 1208, 1310, 2578, 817], [954, 2017, 3197, 1222, 948, 12, 3393, 1914], [2814, 565, 2445, 3054, 687, 653, 2925, 659], [954, 162, 935, 876, 839, 455, 2363, 879], [1310, 2412, 2127, 1456, 1966, 2650, 1314, 1852], [2331, 1771, 956, 1342, 3017, 3114, 1343, 712], [1931, 2966, 1279, 1242, 1325, 1254, 1331, 1321], [865, 859, 2132, 889, 3114, 827, 821, 1854], [3367, 1843, 302, 1274, 1209, 1849, 632, 617], [1539, 2017, 823, 1254, 1924, 948, 2896, 990], [1924, 1254, 3268, 823, 1898, 817, 1208, 1914], [594, 1236, 823, 1324, 2237, 2459, 2911, 942], [2550, 1153, 1162, 3464, 660, 811, 3521, 866], [189, 978, 450, 659, 1180, 935, 443, 1946], [1251, 1234, 1519, 494, 1790, 1654, 828, 2592], [240, 2949, 2992, 2883, 440, 935, 2978, 2124], [893, 1944, 3202, 2917, 2989, 2372, 823, 2992], [475, 2103, 407, 2528, 1852, 247, 3354, 2988], [823, 1341, 1367, 2163, 1739, 2949, 817, 2833], [2992, 281, 1665, 839, 2759, 2455, 879, 3215], [2372, 2500, 2374, 2917, 2567, 1867, 2778, 3203], [1190, 815, 1784, 2900, 1874, 2607, 1277, 976], [1326, 2310, 634, 659, 963, 953, 3407, 2459], [1375, 2544, 422, 898, 1236, 1318, 2981, 490], [1324, 3229, 1404, 1669, 2947, 945, 2964, 3183], [1716, 1371, 2870, 1788, 1772, 1944, 2833, 622], [1779, 230, 1892, 288, 1698, 1749, 208, 1899], [3198, 1773, 1644, 1924, 437, 2769, 2277, 2833], [943, 195, 485, 2918, 221, 1318, 699, 1716], [3447, 440, 589, 2989, 3355, 2107, 954, 412], [3169, 1369, 880, 3343, 1892, 591, 1400, 865], [247, 977, 1675, 440, 1798, 589, 2795, 476], [1506, 2451, 2808, 2949, 1825, 1798, 1858, 2296], [1254, 1241, 1311, 658, 1250, 954, 3232, 2971], [1242, 642, 2275, 1324, 3187, 1482, 1454, 1669], [1923, 2182, 936, 1826, 669, 1802, 2757, 2269], [1234, 2272, 1256, 2856, 2619, 2879, 2464, 842], [1948, 279, 1889, 456, 2928, 1467, 386, 2496], [298, 968, 647, 669, 1886, 1506, 569, 2765], [698, 456, 3447, 445, 247, 1924, 2592, 1948], [2769, 2107, 3447, 589, 1519, 3350, 971, 440]]}, "isocrates_1835_5": {"tgt_lang": "de", "transl_top1": 0.33783783783783783, "transl_top5": 0.47297297297297297, "transl_top10": 0.581081081081081, "num_nulls": 0, "num_tgt_sents": 4051, "retrieval_preds": [[1126, 250, 1915, 1178, 275, 1109, 826, 354], [1918, 1419, 1513, 619, 1027, 1201, 170, 391], [2982, 1631, 987, 2413, 1513, 1523, 1400, 153], [1897, 1419, 2281, 1999, 1924, 336, 276, 347], [1925, 391, 2281, 2297, 3400, 811, 2658, 1850], [1926, 417, 2281, 276, 361, 477, 479, 1850], [1927, 1968, 1135, 1998, 665, 1997, 1467, 1160], [1928, 749, 587, 768, 2294, 2616, 2103, 2122], [1448, 767, 2556, 1548, 1929, 3324, 2654, 540], [1930, 3407, 2022, 1928, 777, 766, 370, 1963], [1931, 275, 302, 1185, 350, 3048, 443, 442], [1933, 148, 333, 766, 335, 1008, 768, 1120], [1934, 1819, 2122, 772, 348, 1126, 391, 1950], [1935, 1727, 1645, 521, 751, 1383, 597, 210], [1936, 2645, 412, 2028, 1398, 1553, 2420, 1003], [2363, 2078, 1937, 2014, 2087, 1955, 2021, 1046], [2498, 1947, 2363, 1238, 547, 2360, 3029, 1396], [1940, 3205, 3264, 2087, 3161, 2008, 2377, 3223], [1941, 2010, 771, 1531, 1530, 1313, 3163, 1217], [1942, 646, 194, 2151, 3437, 1457, 1807, 2377], [1943, 1190, 723, 2172, 752, 778, 814, 3000], [2379, 812, 1662, 1539, 1819, 1995, 2559, 1739], [3400, 1430, 305, 453, 2658, 620, 275, 420], [1947, 2498, 1044, 2420, 2577, 3149, 2635, 552], [620, 751, 1950, 772, 1185, 391, 245, 1245], [1951, 275, 1430, 305, 350, 369, 250, 1185], [1953, 1703, 1430, 1951, 766, 1115, 2385, 1180], [1430, 2390, 1474, 626, 1427, 3161, 264, 391], [1957, 722, 1752, 1102, 296, 1664, 1855, 546], [1958, 1804, 619, 417, 2982, 634, 361, 1794], [1961, 3029, 438, 3048, 3161, 1577, 3385, 619], [3400, 391, 1126, 275, 620, 250, 463, 305], [1964, 3400, 391, 751, 1474, 811, 2385, 245], [1966, 3373, 391, 275, 442, 244, 2960, 1126], [620, 1969, 391, 2960, 305, 275, 1981, 3388], [1799, 1719, 3263, 3130, 184, 1806, 1335, 172], [1972, 1167, 3074, 1804, 630, 1794, 1831, 733], [1974, 1180, 1126, 655, 512, 654, 250, 1703], [2556, 1283, 1448, 3437, 1682, 1457, 1548, 1805], [1975, 1469, 1149, 2375, 300, 738, 1126, 2005], [1976, 1398, 819, 1294, 2569, 1939, 1415, 2220], [2021, 3112, 1978, 2472, 2423, 3283, 2512, 2508], [1981, 620, 3400, 391, 2473, 305, 1126, 650], [275, 3400, 1982, 620, 1833, 1126, 391, 305], [1985, 1103, 264, 1189, 1197, 504, 379, 503], [1986, 2905, 527, 985, 1776, 3103, 1417, 1809], [1987, 3046, 942, 3103, 1225, 291, 1335, 2661], [488, 1749, 1400, 1419, 3396, 1580, 601, 634], [1990, 1111, 1830, 2390, 2413, 3048, 2651, 2386], [2016, 1991, 2390, 417, 1963, 1990, 2386, 309], [1995, 632, 3074, 1565, 386, 1419, 1269, 2016], [3400, 1997, 620, 2281, 1184, 391, 2658, 1245], [1998, 1373, 374, 1680, 231, 230, 1508, 3226], [1999, 2669, 1496, 2353, 2577, 2407, 1425, 2390], [2582, 506, 1095, 1559, 296, 1360, 406, 1920], [2001, 1670, 1809, 1677, 3130, 3311, 3150, 566], [2547, 2004, 293, 2003, 2317, 777, 3388, 1572], [2005, 1197, 1903, 738, 778, 697, 1234, 502], [2006, 353, 766, 776, 751, 1430, 768, 1819], [2007, 2319, 1576, 1947, 1992, 2498, 1224, 318], [2008, 2390, 3391, 275, 2413, 2009, 2960, 404], [2010, 2542, 1531, 540, 2667, 1406, 3047, 1807], [2658, 1513, 2360, 1579, 2650, 2390, 2281, 592], [2014, 1947, 1421, 2336, 1738, 2498, 2645, 2572], [2016, 1820, 1519, 3074, 2733, 548, 1244, 433], [2582, 279, 2020, 350, 1095, 379, 3048, 824], [1126, 391, 2650, 2651, 3233, 1181, 2514, 2658], [2023, 335, 332, 1986, 2746, 1436, 1968, 927], [1243, 2409, 1772, 1044, 2529, 2078, 1500, 3200], [2096, 2179, 2078, 2086, 2023, 2074, 1302, 1129], [2024, 2352, 554, 3233, 1400, 1751, 2649, 1523], [2026, 2020, 2014, 2016, 1820, 188, 3333, 3074], [2413, 1831, 634, 1027, 2650, 3048, 526, 1400], [2029, 2281, 3029, 2413, 2578, 1400, 634, 1201]]}, "num_translations": 2, "text_top1": 0.17567567567567566, "text_top5": 0.29054054054054057, "text_top10": 0.3851351351351351}