{"num_src_sents": 460, "isocrates_1835_5": {"tgt_lang": "de", "transl_top1": 0.5608695652173913, "transl_top5": 0.7130434782608696, "transl_top10": 0.7565217391304347, "num_nulls": 0, "num_tgt_sents": 4051}, "isocrates_1832_1": {"tgt_lang": "de", "transl_top1": 0.006521739130434782, "transl_top5": 0.043478260869565216, "transl_top10": 0.08043478260869565, "num_nulls": 0, "num_tgt_sents": 3528}, "num_translations": 2, "text_top1": 0.283695652173913, "text_top5": 0.3782608695652174, "text_top10": 0.4184782608695652}