{"num_src_sents": 94, "theocritus_1855": {"tgt_lang": "de", "transl_top1": 0.10638297872340426, "transl_top5": 0.24468085106382978, "transl_top10": 0.2978723404255319, "num_nulls": 0, "num_tgt_sents": 4249}, "theocritus_1878": {"tgt_lang": "en", "transl_top1": 0.26595744680851063, "transl_top5": 0.35106382978723405, "transl_top10": 0.44680851063829785, "num_nulls": 0, "num_tgt_sents": 6617}, "theocritus_1899": {"tgt_lang": "fr", "transl_top1": 0.11702127659574468, "transl_top5": 0.14893617021276595, "transl_top10": 0.18085106382978725, "num_nulls": 0, "num_tgt_sents": 5830}, "hesiod_nd": {"tgt_lang": "fr", "transl_top1": 0.10638297872340426, "transl_top5": 0.1595744680851064, "transl_top10": 0.23404255319148937, "num_nulls": 0, "num_tgt_sents": 3571}, "theocritus_1913": {"tgt_lang": "fr", "transl_top1": 0.02127659574468085, "transl_top5": 0.09574468085106383, "transl_top10": 0.14893617021276595, "num_nulls": 0, "num_tgt_sents": 3655}, "num_translations": 5, "text_top1": 0.12340425531914895, "text_top5": 0.19999999999999998, "text_top10": 0.26170212765957446}