{"num_src_sents": 218, "plutarch_2_1908": {"tgt_lang": "en", "transl_top1": 0.5321100917431193, "transl_top5": 0.7201834862385321, "transl_top10": 0.7981651376146789, "num_nulls": 0, "num_tgt_sents": 5773}, "plutarch_1_1906": {"tgt_lang": "en", "transl_top1": 0.03211009174311927, "transl_top5": 0.0871559633027523, "transl_top10": 0.11009174311926606, "num_nulls": 0, "num_tgt_sents": 6800}, "plutarch_nd": {"tgt_lang": "de", "transl_top1": 0.38990825688073394, "transl_top5": 0.6238532110091743, "transl_top10": 0.7064220183486238, "num_nulls": 0, "num_tgt_sents": 10643}, "num_translations": 3, "text_top1": 0.3180428134556575, "text_top5": 0.47706422018348627, "text_top10": 0.5382262996941896}