{"num_src_sents": 519, "plato_1855-1903_2": {"tgt_lang": "de", "transl_top1": 0.015414258188824663, "transl_top5": 0.046242774566473986, "transl_top10": 0.07321772639691715, "num_nulls": 0, "num_tgt_sents": 6411}, "plato_1855-1903_4": {"tgt_lang": "de", "transl_top1": 0.009633911368015413, "transl_top5": 0.057803468208092484, "transl_top10": 0.08092485549132948, "num_nulls": 0, "num_tgt_sents": 7126}, "plato_1855-1903_1": {"tgt_lang": "de", "transl_top1": 0.005780346820809248, "transl_top5": 0.03468208092485549, "transl_top10": 0.06165703275529865, "num_nulls": 0, "num_tgt_sents": 3965}, "plato_3_1826": {"tgt_lang": "fr", "transl_top1": 0.007707129094412331, "transl_top5": 0.038535645472061654, "transl_top10": 0.0789980732177264, "num_nulls": 0, "num_tgt_sents": 3903}, "plato_1_1846": {"tgt_lang": "fr", "transl_top1": 0.009633911368015413, "transl_top5": 0.036608863198458574, "transl_top10": 0.0674373795761079, "num_nulls": 0, "num_tgt_sents": 3203}, "plato_1855-1903_3": {"tgt_lang": "de", "transl_top1": 0.16570327552986513, "transl_top5": 0.2524084778420039, "transl_top10": 0.3159922928709056, "num_nulls": 0, "num_tgt_sents": 7777}, "num_translations": 9, "text_top1": 0.023763648041104687, "text_top5": 0.05180903446799401, "text_top10": 0.07535859558980947}