{"num_src_sents": 74, "isocrates_1835_5": {"tgt_lang": "de", "transl_top1": 0.33783783783783783, "transl_top5": 0.47297297297297297, "transl_top10": 0.581081081081081, "num_nulls": 0, "num_tgt_sents": 4051}, "isocrates_1832_1": {"tgt_lang": "de", "transl_top1": 0.013513513513513514, "transl_top5": 0.10810810810810811, "transl_top10": 0.1891891891891892, "num_nulls": 0, "num_tgt_sents": 3528}, "num_translations": 2, "text_top1": 0.17567567567567566, "text_top5": 0.29054054054054057, "text_top10": 0.3851351351351351}