{"num_src_sents": 65, "demosthenes_1902": {"tgt_lang": "en", "transl_top1": 0.27692307692307694, "transl_top5": 0.4, "transl_top10": 0.5230769230769231, "num_nulls": 0, "num_tgt_sents": 6778}, "demosthenes_aeschynes_1861": {"tgt_lang": "fr", "transl_top1": 0.0, "transl_top5": 0.06153846153846154, "transl_top10": 0.07692307692307693, "num_nulls": 0, "num_tgt_sents": 36182}, "num_translations": 2, "text_top1": 0.13846153846153847, "text_top5": 0.23076923076923078, "text_top10": 0.30000000000000004}