{"num_src_sents": 89, "justin_cNepos_eutropius_1902": {"tgt_lang": "en", "transl_top1": 0.5730337078651685, "transl_top5": 0.6741573033707865, "transl_top10": 0.6966292134831461, "num_nulls": 0, "num_tgt_sents": 9841}, "corneliusNepos_1856": {"tgt_lang": "de", "transl_top1": 0.6404494382022472, "transl_top5": 0.7752808988764045, "transl_top10": 0.8539325842696629, "num_nulls": 0, "num_tgt_sents": 2320}, "num_translations": 2, "text_top1": 0.6067415730337078, "text_top5": 0.7247191011235955, "text_top10": 0.7752808988764045}