{"num_src_sents": 288, "lucian_1827_7": {"tgt_lang": "de", "transl_top1": 0.020833333333333332, "transl_top5": 0.0625, "transl_top10": 0.10069444444444445, "num_nulls": 0, "num_tgt_sents": 4692}, "Lucian_1827_ht8": {"tgt_lang": "de", "transl_top1": 0.3888888888888889, "transl_top5": 0.5798611111111112, "transl_top10": 0.6875, "num_nulls": 0, "num_tgt_sents": 1131}, "lucian_1831_13": {"tgt_lang": "de", "transl_top1": 0.017361111111111112, "transl_top5": 0.07291666666666667, "transl_top10": 0.09722222222222222, "num_nulls": 0, "num_tgt_sents": 4049}, "luciusSamosata_1_1869": {"tgt_lang": "fr", "transl_top1": 0.18055555555555555, "transl_top5": 0.2777777777777778, "transl_top10": 0.3402777777777778, "num_nulls": 0, "num_tgt_sents": 14187}, "num_translations": 4, "text_top1": 0.1519097222222222, "text_top5": 0.2482638888888889, "text_top10": 0.3064236111111111}