{"num_src_sents": 116, "plutarch_1898_ethical": {"tgt_lang": "en", "transl_top1": 0.46551724137931033, "transl_top5": 0.6637931034482759, "transl_top10": 0.6810344827586207, "num_nulls": 0, "num_tgt_sents": 5242}, "plutarch_1_1844": {"tgt_lang": "fr", "transl_top1": 0.20689655172413793, "transl_top5": 0.3103448275862069, "transl_top10": 0.4224137931034483, "num_nulls": 0, "num_tgt_sents": 8121}, "plutarch_2_1844": {"tgt_lang": "fr", "transl_top1": 0.017241379310344827, "transl_top5": 0.06896551724137931, "transl_top10": 0.14655172413793102, "num_nulls": 0, "num_tgt_sents": 7523}, "num_translations": 3, "text_top1": 0.22988505747126436, "text_top5": 0.3477011494252874, "text_top10": 0.41666666666666663}