{"num_src_sents": 94, "demosthenes_aeschynes_1861": {"tgt_lang": "fr", "transl_top1": 0.1276595744680851, "transl_top5": 0.20212765957446807, "transl_top10": 0.24468085106382978, "num_nulls": 0, "num_tgt_sents": 36182}, "demosthenes_2_1861": {"tgt_lang": "fr", "transl_top1": 0.010638297872340425, "transl_top5": 0.05319148936170213, "transl_top10": 0.11702127659574468, "num_nulls": 0, "num_tgt_sents": 2969}, "demosthenes_1_1863": {"tgt_lang": "fr", "transl_top1": 0.2553191489361702, "transl_top5": 0.3829787234042553, "transl_top10": 0.5106382978723404, "num_nulls": 0, "num_tgt_sents": 3406}, "num_translations": 3, "text_top1": 0.13120567375886524, "text_top5": 0.21276595744680848, "text_top10": 0.2907801418439716}