{"num_src_sents": 118, "justin_cNepos_eutropius_1902": {"tgt_lang": "en", "transl_top1": 0.7033898305084746, "transl_top5": 0.8135593220338984, "transl_top10": 0.8559322033898306, "num_nulls": 0, "num_tgt_sents": 9841}, "corneliusNepos_1856": {"tgt_lang": "de", "transl_top1": 0.7457627118644068, "transl_top5": 0.8389830508474576, "transl_top10": 0.8559322033898306, "num_nulls": 0, "num_tgt_sents": 2320}, "num_translations": 2, "text_top1": 0.7245762711864407, "text_top5": 0.826271186440678, "text_top10": 0.8559322033898306}