{"num_src_sents": 3703, "Tacitus_1_1855-1905": {"tgt_lang": "de", "transl_top1": 0.001890359168241966, "transl_top5": 0.009181744531460978, "transl_top10": 0.01917364299216851, "num_nulls": 0, "num_tgt_sents": 9718}, "tacitus_1855_2": {"tgt_lang": "de", "transl_top1": 0.7418309478800972, "transl_top5": 0.873886038347286, "transl_top10": 0.9127734269511207, "num_nulls": 0, "num_tgt_sents": 9753}, "tacitus_1858": {"tgt_lang": "fr", "transl_top1": 0.6586551444774507, "transl_top5": 0.8347285984337024, "transl_top10": 0.8973805022954361, "num_nulls": 0, "num_tgt_sents": 14712}, "num_translations": 3, "text_top1": 0.4674588171752633, "text_top5": 0.5725987937708163, "text_top10": 0.6097758574129084}