{"num_src_sents": 27, "plutarch_1898_ethical": {"tgt_lang": "en", "transl_top1": 0.07407407407407407, "transl_top5": 0.18518518518518517, "transl_top10": 0.2962962962962963, "num_nulls": 0, "num_tgt_sents": 5242, "retrieval_preds": [[1840, 1292, 3149, 2635, 2194, 718, 2735, 1699], [1842, 3337, 3616, 4251, 4461, 4263, 4437, 3403], [1843, 1871, 1850, 3819, 1470, 1851, 506, 4747], [1844, 2493, 1491, 2301, 1206, 3425, 3817, 3008], [1883, 3467, 4040, 2206, 879, 1009, 1846, 1842], [4251, 1849, 4422, 1842, 3902, 3911, 4419, 3233], [3206, 389, 4907, 3895, 985, 286, 3885, 391], [1850, 3476, 2539, 3024, 4501, 3492, 1455, 3756], [1851, 3619, 1850, 4263, 3492, 4229, 1532, 1871], [1853, 1617, 2272, 4463, 4445, 99, 1851, 1861], [1854, 2539, 3743, 1850, 3168, 1585, 1745, 4739], [1856, 1857, 1392, 3987, 858, 1851, 1853, 1862], [4949, 1491, 4319, 1805, 1857, 3457, 1605, 2507], [1761, 1805, 1599, 744, 198, 3953, 1466, 1986], [4346, 3945, 2454, 1862, 1861, 948, 3990, 4598], [1863, 2803, 1456, 2110, 355, 945, 61, 4775], [1865, 3914, 1864, 1713, 1637, 4412, 4629, 4251], [1866, 3658, 4646, 1304, 1823, 1720, 1788, 4500], [1867, 1871, 3168, 3702, 3990, 3476, 1843, 1425], [1745, 1868, 4321, 1401, 3476, 814, 1020, 4263], [1870, 4263, 4448, 4345, 4251, 3904, 1978, 1466], [1871, 1856, 1269, 1605, 4413, 3892, 1843, 1851], [40, 4708, 4707, 4669, 2219, 4062, 3011, 3135], [1815, 1874, 117, 46, 636, 620, 1824, 4649], [1653, 4251, 2037, 4385, 2131, 3854, 3517, 1837], [1880, 1879, 3722, 5068, 3536, 2219, 3949, 4618], [1881, 1377, 765, 1425, 1522, 3550, 4530, 586]]}, "plutarch_2_1844": {"tgt_lang": "fr", "transl_top1": 0.0, "transl_top5": 0.1111111111111111, "transl_top10": 0.18518518518518517, "num_nulls": 0, "num_tgt_sents": 7523, "retrieval_preds": [[6058, 2059, 6731, 449, 794, 3661, 4628, 6734], [6059, 7127, 4136, 5159, 3809, 3693, 5360, 4972], [4664, 6677, 6073, 7281, 5242, 7096, 6099, 6060], [4951, 7403, 2078, 2244, 4917, 5445, 2261, 5677], [2510, 7008, 4628, 561, 5562, 3147, 3263, 4035], [1889, 3660, 7008, 3621, 3803, 3719, 6067, 6068], [2590, 3894, 5065, 2145, 2813, 3833, 3720, 5749], [5207, 4291, 7218, 6073, 6076, 6615, 6069, 4670], [4660, 6058, 4431, 7386, 3884, 4599, 4575, 6615], [6074, 4750, 4918, 6075, 6062, 779, 293, 6680], [6076, 3805, 5112, 310, 4270, 5499, 5482, 5725], [6075, 4551, 6085, 4510, 4402, 5986, 3945, 6070], [4921, 4699, 7294, 4548, 3929, 7142, 5159, 4951], [7272, 5596, 4698, 5445, 2078, 4548, 6081, 6593], [7386, 7385, 6677, 5709, 4651, 4750, 5705, 4844], [6283, 6300, 2041, 6994, 2376, 6084, 422, 1168], [4983, 4226, 3583, 3170, 7015, 83, 6076, 2616], [4777, 6035, 4096, 3791, 5107, 3945, 4238, 2616], [4843, 5107, 4238, 3178, 5242, 3665, 7469, 5690], [4153, 4424, 6734, 3801, 7235, 5503, 4670, 7008], [4424, 665, 3693, 4506, 3497, 3805, 2616, 5454], [3805, 6099, 6067, 3904, 6085, 753, 4844, 5], [5490, 3858, 6565, 3563, 2886, 3412, 926, 3547], [3647, 6826, 7438, 4760, 5092, 3563, 205, 338], [3719, 3660, 3460, 5714, 2021, 5979, 2400, 2018], [6111, 2258, 4363, 4589, 2329, 1952, 2918, 6110], [6114, 6068, 5402, 4619, 4331, 4431, 6609, 5468]]}, "plutarch_1_1844": {"tgt_lang": "fr", "transl_top1": 0.037037037037037035, "transl_top5": 0.07407407407407407, "transl_top10": 0.1111111111111111, "num_nulls": 0, "num_tgt_sents": 8121, "retrieval_preds": [[2009, 5332, 5911, 2841, 562, 3874, 1364, 6956], [640, 3245, 2135, 2384, 3781, 1364, 2112, 2953], [4709, 1881, 3757, 4708, 3792, 2581, 4689, 179], [919, 1420, 2221, 956, 2076, 5929, 1837, 1819], [7510, 4864, 1907, 1871, 2135, 1643, 4657, 2630], [2135, 1871, 640, 3232, 2334, 1570, 4700, 4864], [7448, 1904, 4822, 341, 1712, 4168, 3346, 8043], [3592, 2362, 2187, 2882, 4700, 3556, 3792, 3548], [2135, 4794, 2112, 3592, 2384, 3008, 4657, 3038], [1298, 1554, 2117, 3328, 141, 2903, 3317, 1206], [1730, 261, 3626, 3592, 1029, 4700, 3726, 2954], [4849, 4708, 3038, 7061, 3441, 3801, 2701, 677], [966, 2298, 956, 82, 3752, 1230, 1556, 1119], [1377, 919, 1411, 6910, 1729, 2889, 923, 2362], [1286, 495, 3784, 2242, 2299, 1263, 1615, 2536], [3510, 3307, 1650, 643, 1428, 3691, 5873, 6235], [1292, 1305, 7749, 2912, 6472, 4765, 4826, 1727], [2135, 2124, 2384, 2150, 4657, 3657, 1299, 3761], [2156, 2332, 1007, 2343, 2353, 5922, 4657, 2129], [1292, 2370, 2494, 3222, 2384, 3726, 1302, 1749], [1439, 3592, 2384, 4825, 4902, 3192, 3767, 3594], [919, 235, 2129, 3548, 2332, 3747, 3108, 640], [6503, 5317, 2534, 4869, 6876, 2978, 3414, 5605], [1451, 3157, 2832, 1744, 701, 2892, 2747, 2615], [4825, 3192, 3232, 3726, 4755, 2384, 1850, 4888], [2764, 2709, 3680, 148, 3780, 4506, 5461, 1672], [4685, 1899, 919, 1725, 4885, 4028, 3095, 3609]]}, "num_translations": 3, "text_top1": 0.037037037037037035, "text_top5": 0.12345679012345678, "text_top10": 0.19753086419753085}