{"num_src_sents": 220, "plutarch_1864-1867_14-20": {"tgt_lang": "de", "transl_top1": 0.45454545454545453, "transl_top5": 0.6318181818181818, "transl_top10": 0.7045454545454546, "num_nulls": 0, "num_tgt_sents": 6866}, "plutarch_2_1908": {"tgt_lang": "en", "transl_top1": 0.6863636363636364, "transl_top5": 0.8272727272727273, "transl_top10": 0.8909090909090909, "num_nulls": 0, "num_tgt_sents": 5773}, "plutarch_1855-1903_4": {"tgt_lang": "de", "transl_top1": 0.4909090909090909, "transl_top5": 0.6545454545454545, "transl_top10": 0.7454545454545455, "num_nulls": 0, "num_tgt_sents": 5144}, "plutarch_1855-1897_1": {"tgt_lang": "de", "transl_top1": 0.00909090909090909, "transl_top5": 0.045454545454545456, "transl_top10": 0.09090909090909091, "num_nulls": 0, "num_tgt_sents": 7147}, "plutarch_1_1906": {"tgt_lang": "en", "transl_top1": 0.013636363636363636, "transl_top5": 0.045454545454545456, "transl_top10": 0.045454545454545456, "num_nulls": 0, "num_tgt_sents": 6800}, "num_translations": 5, "text_top1": 0.33090909090909093, "text_top5": 0.440909090909091, "text_top10": 0.4954545454545455}