{"num_src_sents": 92, "isocrates_1835_5": {"tgt_lang": "de", "transl_top1": 0.043478260869565216, "transl_top5": 0.09782608695652174, "transl_top10": 0.14130434782608695, "num_nulls": 0, "num_tgt_sents": 4051}, "isocrates_1832_1": {"tgt_lang": "de", "transl_top1": 0.42391304347826086, "transl_top5": 0.5434782608695652, "transl_top10": 0.6086956521739131, "num_nulls": 0, "num_tgt_sents": 3528}, "sophistesGrecs_1842": {"tgt_lang": "fr", "transl_top1": 0.06521739130434782, "transl_top5": 0.14130434782608695, "transl_top10": 0.17391304347826086, "num_nulls": 0, "num_tgt_sents": 7988}, "num_translations": 3, "text_top1": 0.17753623188405798, "text_top5": 0.2608695652173913, "text_top10": 0.3079710144927536}