{"num_src_sents": 19, "corneliusNepos_1856": {"tgt_lang": "de", "transl_top1": 0.2631578947368421, "transl_top5": 0.5263157894736842, "transl_top10": 0.631578947368421, "num_nulls": 0, "num_tgt_sents": 2320, "retrieval_preds": [[359, 986, 1358, 1612, 208, 715, 1753, 626], [1185, 603, 1110, 1136, 1357, 1840, 360, 2122], [361, 637, 1334, 435, 1238, 2064, 1100, 2204], [362, 363, 10, 495, 2236, 1606, 279, 367], [364, 2276, 1262, 638, 2277, 366, 432, 1432], [366, 2055, 1946, 2100, 2144, 364, 362, 2152], [2097, 367, 465, 752, 2096, 2162, 363, 495], [367, 498, 1404, 404, 929, 1890, 385, 275], [373, 278, 1305, 380, 2076, 962, 255, 249], [374, 1530, 781, 376, 380, 1341, 535, 392], [376, 1469, 1271, 286, 813, 631, 476, 1339], [377, 518, 1398, 1475, 1652, 542, 633, 318], [378, 992, 818, 286, 1370, 182, 85, 1653], [381, 1693, 947, 1770, 1181, 161, 182, 1147], [996, 356, 1697, 1357, 1947, 796, 131, 96], [382, 385, 170, 2077, 1036, 1652, 2043, 686], [383, 512, 570, 1598, 511, 2276, 1953, 618], [384, 1703, 592, 406, 135, 946, 2054, 976], [385, 929, 21, 359, 2009, 363, 1444, 698]]}, "justin_cNepos_eutropius_1902": {"tgt_lang": "en", "transl_top1": 0.21052631578947367, "transl_top5": 0.3684210526315789, "transl_top10": 0.3684210526315789, "num_nulls": 0, "num_tgt_sents": 9841, "retrieval_preds": [[4887, 2459, 4884, 5869, 6254, 8669, 1502, 4479], [5626, 9735, 2554, 8350, 2500, 6341, 257, 6042], [4888, 6584, 285, 5745, 835, 837, 4898, 525], [4890, 4893, 8288, 25, 6703, 2073, 4865, 4889], [4891, 5390, 5137, 5603, 2753, 989, 4892, 4384], [4892, 4891, 6629, 4360, 3047, 6600, 1156, 3898], [5780, 4893, 3673, 6942, 1591, 167, 4132, 8732], [4893, 5008, 4820, 2894, 4924, 7725, 7797, 7697], [4895, 6985, 7044, 8476, 5509, 4054, 7678, 1601], [4896, 5262, 3513, 4375, 7512, 5840, 725, 1172], [4899, 4916, 3495, 5904, 3755, 2377, 6028, 4743], [4900, 1333, 1372, 7767, 1003, 1470, 2365, 979], [4901, 936, 749, 1066, 6405, 5477, 3136, 2482], [4903, 6956, 4891, 4178, 1308, 4735, 1424, 1059], [2108, 968, 7268, 3037, 855, 2957, 36, 4364], [4905, 6788, 7328, 185, 5548, 6499, 7861, 647], [4906, 571, 6097, 6098, 4627, 1684, 304, 4636], [4907, 7230, 6855, 1352, 216, 1872, 4524, 6111], [4908, 5417, 2840, 7031, 8293, 3323, 7606, 120]]}, "num_translations": 2, "text_top1": 0.23684210526315788, "text_top5": 0.4473684210526315, "text_top10": 0.5}