{"num_src_sents": 49, "plutarch_5_1844": {"tgt_lang": "fr", "transl_top1": 0.08163265306122448, "transl_top5": 0.16326530612244897, "transl_top10": 0.20408163265306123, "num_nulls": 0, "num_tgt_sents": 5916}, "plutarch_4_1844": {"tgt_lang": "fr", "transl_top1": 0.2653061224489796, "transl_top5": 0.42857142857142855, "transl_top10": 0.46938775510204084, "num_nulls": 0, "num_tgt_sents": 6665}, "num_translations": 2, "text_top1": 0.17346938775510204, "text_top5": 0.29591836734693877, "text_top10": 0.33673469387755106}