{"num_src_sents": 37, "lysias_1856": {"tgt_lang": "de", "transl_top1": 0.05405405405405406, "transl_top5": 0.16216216216216217, "transl_top10": 0.21621621621621623, "num_nulls": 0, "num_tgt_sents": 5319, "retrieval_preds": [[1584, 1493, 1965, 1533, 4121, 1475, 1013, 1569], [1585, 1586, 1518, 1072, 3568, 4076, 1490, 2527], [1586, 2536, 3792, 2380, 3794, 1068, 778, 453], [2324, 1614, 1986, 4116, 4104, 878, 2828, 2183], [4045, 1679, 1682, 4116, 3499, 1612, 449, 569], [1592, 3050, 525, 629, 1347, 550, 3554, 3543], [1593, 2767, 2918, 2808, 5122, 730, 2260, 3325], [3288, 663, 3709, 4043, 4532, 1183, 4471, 4550], [1595, 3376, 1612, 1445, 3631, 3373, 511, 528], [895, 3288, 3244, 500, 881, 4620, 1263, 1596], [1598, 1537, 3641, 3919, 3918, 1631, 1393, 3638], [2726, 1620, 3574, 802, 1713, 2609, 1662, 617], [1605, 2725, 2547, 1603, 647, 4015, 649, 4061], [2518, 2278, 4364, 3705, 1531, 1540, 2306, 1536], [1605, 1982, 2250, 2304, 1313, 2547, 2626, 644], [3858, 3937, 2118, 2175, 4104, 4589, 4018, 681], [2611, 1709, 560, 2624, 4049, 550, 2572, 1791], [1612, 1614, 1015, 1620, 3903, 3914, 1857, 4582], [1614, 1620, 2815, 1612, 2617, 3583, 2609, 4133], [1612, 1617, 4108, 1640, 802, 1634, 1125, 1639], [1620, 4108, 1365, 4113, 3973, 1180, 1996, 3597], [4108, 1620, 1994, 2513, 2515, 1621, 2028, 2130], [4113, 4141, 4391, 2558, 2568, 1763, 1816, 4100], [3099, 1624, 3391, 1630, 3072, 1116, 1525, 600], [1808, 3511, 970, 3909, 3903, 4064, 1384, 1015], [3358, 4061, 2300, 3975, 1911, 4239, 663, 2383], [681, 706, 3937, 1634, 2691, 644, 796, 4589], [1634, 2185, 644, 2168, 1998, 2275, 2142, 3964], [4141, 1468, 3194, 4540, 4102, 4045, 2130, 4113], [1168, 1612, 3508, 1669, 4481, 1639, 4116, 3597], [1640, 1612, 679, 1710, 3574, 1614, 2130, 4113], [4419, 4582, 4133, 3736, 1488, 1642, 836, 3611], [3285, 1644, 2698, 1983, 3331, 2918, 2644, 4525], [3490, 1645, 4039, 345, 268, 2850, 1766, 1937], [1646, 1620, 3861, 4042, 1647, 1621, 1994, 3920], [1569, 1584, 1647, 2380, 1793, 3355, 4108, 393], [1649, 4410, 2643, 4133, 3858, 644, 1679, 3893]]}, "num_translations": 1, "text_top1": 0.05405405405405406, "text_top5": 0.16216216216216217, "text_top10": 0.21621621621621623}