{"num_src_sents": 303, "lucian_1831_13": {"tgt_lang": "de", "transl_top1": 0.33993399339933994, "transl_top5": 0.5181518151815182, "transl_top10": 0.6237623762376238, "num_nulls": 3, "num_tgt_sents": 4049}, "lucian_1827_7": {"tgt_lang": "de", "transl_top1": 0.0033003300330033004, "transl_top5": 0.036303630363036306, "transl_top10": 0.0891089108910891, "num_nulls": 0, "num_tgt_sents": 4692}, "lucian_1867_3": {"tgt_lang": "de", "transl_top1": 0.45874587458745875, "transl_top5": 0.6171617161716172, "transl_top10": 0.693069306930693, "num_nulls": 0, "num_tgt_sents": 3614}, "lucian_1866_1": {"tgt_lang": "de", "transl_top1": 0.006600660066006601, "transl_top5": 0.039603960396039604, "transl_top10": 0.07260726072607261, "num_nulls": 0, "num_tgt_sents": 4624}, "Lucian_1827_ht8": {"tgt_lang": "de", "transl_top1": 0.026402640264026403, "transl_top5": 0.07260726072607261, "transl_top10": 0.10891089108910891, "num_nulls": 0, "num_tgt_sents": 1131}, "num_translations": 5, "text_top1": 0.166996699669967, "text_top5": 0.25676567656765675, "text_top10": 0.31749174917491746}