{"num_src_sents": 190, "plato_1_1846": {"tgt_lang": "fr", "transl_top1": 0.02631578947368421, "transl_top5": 0.07368421052631578, "transl_top10": 0.14210526315789473, "num_nulls": 0, "num_tgt_sents": 3203, "retrieval_preds": [[197, 845, 847, 198, 1481, 207, 2941, 50], [1768, 1843, 667, 2424, 1760, 3177, 2269, 2154], [1545, 2777, 845, 2826, 212, 688, 2590, 178], [2362, 2286, 2291, 137, 940, 1812, 749, 133], [2124, 1489, 2696, 533, 2190, 2677, 2009, 1034], [581, 1728, 2101, 95, 481, 586, 670, 588], [539, 339, 498, 1956, 2612, 283, 2227, 889], [684, 638, 678, 2769, 2008, 217, 1142, 2418], [3190, 1291, 1841, 2912, 749, 1591, 1853, 2977], [1628, 2967, 924, 1134, 682, 1276, 1169, 2261], [279, 304, 2175, 1690, 1939, 1829, 1060, 280], [1956, 1144, 1145, 868, 2612, 670, 3037, 1703], [2210, 2284, 2071, 2029, 792, 355, 1724, 1853], [1758, 214, 7, 2210, 99, 2013, 1201, 2029], [702, 2673, 542, 433, 527, 1319, 1717, 727], [50, 841, 3190, 728, 2382, 2272, 574, 1795], [2427, 2507, 272, 728, 454, 457, 237, 762], [1704, 1321, 137, 2224, 125, 1646, 2095, 1841], [538, 217, 1690, 1728, 1633, 682, 460, 335], [3117, 2663, 2784, 866, 675, 2702, 852, 2120], [2325, 2284, 750, 1915, 1190, 2182, 225, 2405], [2702, 2621, 8, 165, 2108, 3044, 2998, 1065], [1690, 3002, 2771, 1728, 1974, 1514, 2958, 2118], [3117, 1520, 8, 661, 490, 1357, 2784, 2249], [622, 1193, 494, 1303, 905, 530, 1326, 59], [490, 493, 3115, 990, 3117, 3053, 3023, 328], [2473, 110, 109, 1575, 2958, 501, 1489, 530], [3066, 496, 2664, 539, 1704, 133, 843, 78], [2284, 765, 975, 137, 764, 2895, 3190, 1724], [1956, 258, 1380, 727, 1713, 2165, 623, 461], [3117, 2663, 148, 2702, 1489, 3021, 2393, 72], [2175, 279, 1467, 2190, 1728, 1690, 222, 1879], [490, 2784, 2918, 3115, 493, 793, 2458, 1518], [2655, 2677, 1358, 2542, 373, 2104, 321, 1703], [1185, 1831, 2473, 2204, 304, 628, 62, 1829], [2194, 660, 1662, 380, 9, 2190, 7, 239], [165, 2108, 2254, 182, 325, 716, 2214, 1588], [2327, 1917, 1850, 679, 341, 1321, 2224, 133], [302, 2210, 329, 524, 133, 1643, 727, 475], [1699, 1728, 1956, 1564, 1380, 1684, 397, 1974], [682, 2210, 2204, 1922, 2190, 2441, 2339, 1978], [148, 2779, 664, 640, 1147, 490, 3117, 2120], [2204, 331, 2079, 2448, 1194, 2441, 2438, 1350], [2207, 2204, 2313, 2188, 1946, 1150, 2237, 331], [1544, 749, 1546, 99, 475, 966, 907, 574], [2079, 3040, 2237, 2188, 1703, 2175, 2038, 191], [2633, 2167, 1965, 125, 665, 1943, 2271, 1964], [2653, 2704, 2170, 2169, 2220, 2644, 3177, 2276], [899, 285, 2678, 1757, 1489, 1072, 2270, 1840], [2188, 2204, 1141, 3040, 1194, 2127, 2438, 1745], [217, 110, 1202, 1504, 2254, 2347, 1185, 188], [764, 2369, 720, 792, 137, 2395, 1450, 1321], [530, 1193, 1063, 2958, 1142, 2678, 2008, 622], [1927, 1274, 234, 225, 2127, 1489, 110, 447], [490, 493, 3115, 990, 3117, 3053, 3023, 328], [1677, 2860, 1358, 1881, 609, 2241, 2680, 2548], [2078, 2340, 2343, 2373, 303, 1850, 1137, 2608], [1926, 1735, 331, 622, 1489, 255, 2270, 2958], [3110, 2211, 1927, 3002, 217, 654, 235, 1869], [3117, 627, 703, 2997, 701, 1101, 793, 2677], [331, 1921, 2254, 648, 224, 1232, 133, 325], [245, 3115, 221, 2793, 624, 2726, 2866, 490], [325, 447, 2127, 2573, 1155, 628, 188, 280], [3115, 221, 2458, 664, 2726, 3053, 183, 493], [1236, 1159, 2192, 1154, 1247, 1211, 291, 2190], [2253, 718, 1660, 191, 2406, 485, 3165, 2850], [331, 2958, 533, 1142, 109, 468, 1926, 2678], [1677, 2549, 2241, 2779, 2542, 2514, 259, 950], [2192, 1247, 1158, 2190, 1235, 2967, 1377, 1643], [1845, 1872, 1134, 2967, 1544, 2016, 2136, 1867], [2405, 2224, 2466, 2473, 2216, 2468, 2071, 721], [133, 2210, 1148, 1690, 2138, 1643, 1812, 2419], [1646, 568, 1853, 1348, 3, 2830, 248, 355], [2055, 2418, 1521, 533, 2157, 283, 108, 288], [1973, 1475, 573, 303, 2409, 473, 3025, 61], [1142, 2008, 638, 678, 2418, 684, 625, 2958], [762, 834, 1840, 1791, 2091, 1179, 2560, 2140], [137, 568, 1853, 2029, 2369, 1836, 784, 1646], [379, 1218, 227, 2210, 355, 327, 2362, 2066], [1726, 1717, 468, 2066, 191, 485, 2124, 1671], [1716, 2600, 3190, 628, 1978, 461, 868, 2410], [2089, 3135, 2419, 1425, 2354, 2431, 1853, 3158], [1472, 2224, 2941, 2920, 260, 695, 1635, 955], [2431, 2451, 2309, 1784, 2413, 1908, 2405, 212], [2913, 1832, 1137, 1837, 3199, 818, 264, 2966], [332, 1547, 1069, 1855, 1119, 2749, 1109, 1311], [138, 371, 1185, 368, 656, 339, 331, 2466], [245, 3115, 221, 2793, 624, 2726, 2866, 490], [1193, 1303, 59, 2186, 1757, 2922, 685, 921], [1194, 2122, 1306, 2473, 1859, 1208, 647, 832], [138, 588, 2542, 514, 670, 1959, 321, 371], [366, 1099, 527, 339, 2157, 1236, 475, 502], [1974, 1596, 1633, 575, 1692, 1986, 1709, 100], [245, 3115, 221, 2793, 624, 2726, 2866, 490], [1312, 475, 1093, 741, 752, 2650, 1144, 665], [3117, 3007, 2663, 3200, 1173, 3104, 2936, 3194], [2328, 1801, 2155, 1433, 2437, 963, 50, 2318], [1186, 2814, 3190, 2388, 2339, 2430, 2424, 2431], [1193, 1303, 2186, 59, 1757, 2922, 685, 921], [2623, 1237, 324, 713, 1235, 86, 1278, 2619], [2793, 624, 2864, 2866, 2784, 3115, 490, 3053], [1803, 1636, 2468, 628, 1973, 2763, 2309, 344], [245, 1101, 697, 3117, 2491, 1736, 123, 1066], [19, 2121, 2489, 1974, 335, 1690, 1187, 325], [138, 1099, 837, 1795, 280, 2190, 95, 367], [3115, 2793, 3117, 148, 2843, 2458, 3053, 490], [1326, 1303, 2270, 1149, 1000, 1193, 492, 2678], [1238, 2414, 237, 3163, 231, 2379, 1136, 229], [682, 833, 1496, 104, 667, 771, 831, 130], [245, 640, 697, 494, 905, 148, 2779, 852], [1143, 1728, 1646, 1633, 1636, 1423, 212, 1692], [325, 638, 678, 1588, 165, 2108, 2771, 2214], [661, 3117, 3007, 2784, 520, 1518, 866, 2779], [2357, 1595, 1704, 1646, 2095, 1841, 768, 2132], [2295, 2021, 2072, 2130, 65, 724, 1812, 500], [2971, 1218, 1014, 1220, 749, 2362, 863, 2210], [1185, 2473, 1034, 1194, 1870, 660, 654, 628], [2996, 2997, 624, 2660, 988, 632, 614, 148], [1193, 1303, 59, 2186, 1757, 2922, 685, 921], [2466, 1939, 654, 279, 187, 1185, 656, 380], [2420, 8, 2918, 2922, 664, 2754, 624, 165], [2313, 1185, 511, 626, 2190, 2366, 109, 335], [245, 1130, 1997, 1518, 1519, 3023, 958, 373], [1193, 1303, 59, 2186, 1757, 2922, 685, 921], [2190, 166, 1185, 2446, 656, 212, 7, 1143], [148, 640, 2009, 490, 3117, 2901, 1657, 2393], [166, 1143, 1152, 1289, 1195, 2446, 2190, 656], [3117, 490, 2702, 8, 2784, 2918, 493, 2120], [2204, 225, 226, 224, 1820, 628, 2382, 1639], [2420, 8, 2918, 2922, 664, 2754, 624, 165], [325, 239, 110, 2406, 1969, 648, 2267, 1511], [221, 3111, 2922, 3115, 372, 2754, 624, 2918], [1671, 1811, 350, 1216, 1705, 511, 2316, 747], [165, 2108, 182, 1588, 2214, 1948, 325, 638], [2420, 8, 2918, 2922, 664, 2754, 624, 165], [1301, 1185, 1829, 2396, 2190, 1660, 2473, 175], [915, 866, 2072, 1076, 947, 8, 2254, 294], [656, 166, 1289, 159, 187, 1967, 1605, 2593], [664, 2918, 221, 640, 3115, 2922, 624, 2754], [225, 226, 1199, 2204, 2235, 2382, 2275, 2285], [2420, 8, 2918, 2922, 664, 2754, 624, 165], [225, 325, 239, 520, 226, 2406, 110, 1492], [221, 3111, 2922, 3115, 372, 2754, 624, 2918], [280, 2971, 2190, 721, 656, 2204, 710, 2466], [221, 3111, 2922, 3115, 372, 2754, 624, 2918], [2085, 2466, 1978, 1859, 2190, 2971, 303, 1185], [2420, 8, 3117, 1520, 490, 440, 1895, 2394], [325, 2214, 3002, 2782, 2963, 72, 1928, 1905], [245, 3115, 221, 2793, 624, 2726, 2866, 490], [1193, 1303, 2186, 59, 1757, 2922, 685, 921], [2190, 212, 832, 1152, 721, 280, 1859, 303], [2120, 3115, 2726, 2265, 2792, 2754, 3000, 221], [1927, 1194, 1859, 1924, 1274, 1741, 238, 719], [1457, 1966, 2399, 3047, 155, 165, 2108, 2621], [2963, 2121, 1290, 226, 2958, 2922, 217, 3045], [3117, 1520, 1336, 1869, 221, 703, 493, 2922], [469, 1343, 1197, 1723, 1500, 1721, 1994, 659], [3115, 3053, 221, 490, 2754, 624, 2009, 3117], [2191, 1212, 920, 2769, 1822, 325, 109, 502], [2420, 8, 2918, 2922, 664, 2754, 624, 165], [2613, 166, 1190, 216, 1660, 2446, 2190, 1154], [3117, 490, 2009, 2120, 1357, 2393, 3115, 493], [1301, 109, 2193, 1274, 1834, 511, 2191, 1829], [245, 2197, 1066, 229, 123, 697, 893, 1588], [1218, 2130, 186, 1216, 180, 2601, 1314, 877], [2050, 1735, 625, 2784, 2702, 2106, 2445, 559], [2241, 2302, 1677, 947, 