{"num_src_sents": 828, "heliodorus_longus_achillesTatius_1901": {"tgt_lang": "en", "transl_top1": 0.38164251207729466, "transl_top5": 0.5603864734299517, "transl_top10": 0.6533816425120773, "num_nulls": 0, "num_tgt_sents": 9950}, "longus_1884": {"tgt_lang": "fr", "transl_top1": 0.40458937198067635, "transl_top5": 0.6243961352657005, "transl_top10": 0.7246376811594203, "num_nulls": 3, "num_tgt_sents": 8048}, "num_translations": 2, "text_top1": 0.3931159420289855, "text_top5": 0.5923913043478262, "text_top10": 0.6890096618357489}