{"num_src_sents": 6, "lysias_1856": {"tgt_lang": "de", "transl_top1": 0.0, "transl_top5": 0.3333333333333333, "transl_top10": 0.3333333333333333, "num_nulls": 0, "num_tgt_sents": 5319, "retrieval_preds": [[3493, 1808, 1114, 4589, 2578, 2687, 1479, 970], [4481, 1460, 1116, 3858, 2957, 2945, 4137, 4582], [1808, 3893, 4350, 1119, 4548, 1435, 4536, 1003], [4236, 4104, 576, 3772, 1355, 3920, 979, 1123], [1125, 1460, 3893, 3964, 4350, 2380, 2138, 2055], [1129, 3964, 4044, 3858, 4741, 796, 4045, 2701]]}, "num_translations": 1, "text_top1": 0.0, "text_top5": 0.3333333333333333, "text_top10": 0.3333333333333333}