{"num_src_sents": 348, "plutarch_4_1908": {"tgt_lang": "en", "transl_top1": 0.6379310344827587, "transl_top5": 0.7787356321839081, "transl_top10": 0.8620689655172413, "num_nulls": 0, "num_tgt_sents": 13066}, "plutarch_nd": {"tgt_lang": "de", "transl_top1": 0.5114942528735632, "transl_top5": 0.7413793103448276, "transl_top10": 0.8362068965517241, "num_nulls": 0, "num_tgt_sents": 10643}, "plutarch_3_1908": {"tgt_lang": "en", "transl_top1": 0.008620689655172414, "transl_top5": 0.04310344827586207, "transl_top10": 0.07758620689655173, "num_nulls": 0, "num_tgt_sents": 6633}, "num_translations": 3, "text_top1": 0.3860153256704981, "text_top5": 0.521072796934866, "text_top10": 0.5919540229885057}