{"num_src_sents": 352, "pindar_1860": {"tgt_lang": "de", "transl_top1": 0.24147727272727273, "transl_top5": 0.3409090909090909, "transl_top10": 0.4431818181818182, "num_nulls": 0, "num_tgt_sents": 2662}, "pindar_1841": {"tgt_lang": "fr", "transl_top1": 0.21306818181818182, "transl_top5": 0.4147727272727273, "transl_top10": 0.4971590909090909, "num_nulls": 0, "num_tgt_sents": 4635}, "pindar_1915": {"tgt_lang": "en", "transl_top1": 0.38920454545454547, "transl_top5": 0.6193181818181818, "transl_top10": 0.7159090909090909, "num_nulls": 0, "num_tgt_sents": 5265}, "num_translations": 3, "text_top1": 0.28125, "text_top5": 0.4583333333333333, "text_top10": 0.5520833333333334}