{"num_src_sents": 1363, "plato_1_1848": {"tgt_lang": "en", "transl_top1": 0.007336757153338224, "transl_top5": 0.03301540719002201, "transl_top10": 0.04695524578136464, "num_nulls": 0, "num_tgt_sents": 12817}, "plato_1855-1903_2": {"tgt_lang": "de", "transl_top1": 0.007336757153338224, "transl_top5": 0.02714600146735143, "transl_top10": 0.0425531914893617, "num_nulls": 0, "num_tgt_sents": 6411}, "plato_1855-1903_4": {"tgt_lang": "de", "transl_top1": 0.004402054292002935, "transl_top5": 0.018341892883345562, "transl_top10": 0.03521643433602348, "num_nulls": 0, "num_tgt_sents": 7126}, "plato_5_1852": {"tgt_lang": "en", "transl_top1": 0.006603081438004402, "transl_top5": 0.02421129860601614, "transl_top10": 0.04842259721203228, "num_nulls": 0, "num_tgt_sents": 8721}, "plato_1855-1903_1": {"tgt_lang": "de", "transl_top1": 0.00586940572267058, "transl_top5": 0.016874541452677916, "transl_top10": 0.032281731474688186, "num_nulls": 0, "num_tgt_sents": 3965}, "plato_1855-1903_3": {"tgt_lang": "de", "transl_top1": 0.001467351430667645, "transl_top5": 0.020542920029347028, "transl_top10": 0.03521643433602348, "num_nulls": 0, "num_tgt_sents": 7777}, "plato_2_1849": {"tgt_lang": "en", "transl_top1": 0.004402054292002935, "transl_top5": 0.025678650036683785, "transl_top10": 0.03815113719735877, "num_nulls": 0, "num_tgt_sents": 9568}, "plato_6_1854": {"tgt_lang": "en", "transl_top1": 0.00586940572267058, "transl_top5": 0.024944974321349962, "transl_top10": 0.04475421863536317, "num_nulls": 0, "num_tgt_sents": 9064}, "plato_3_1850": {"tgt_lang": "en", "transl_top1": 0.24724871606749815, "transl_top5": 0.39691856199559794, "transl_top10": 0.48936170212765956, "num_nulls": 0, "num_tgt_sents": 13689}, "num_translations": 12, "text_top1": 0.02421129860601614, "text_top5": 0.04897285399853264, "text_top10": 0.0677427243824896}