{"num_src_sents": 108, "suetonius_1855-1897": {"tgt_lang": "de", "transl_top1": 0.5555555555555556, "transl_top5": 0.7314814814814815, "transl_top10": 0.7870370370370371, "num_nulls": 0, "num_tgt_sents": 5120}, "num_translations": 1, "text_top1": 0.5555555555555556, "text_top5": 0.7314814814814815, "text_top10": 0.7870370370370371}