{"num_src_sents": 46, "lysias_1856": {"tgt_lang": "de", "transl_top1": 0.08695652173913043, "transl_top5": 0.15217391304347827, "transl_top10": 0.2608695652173913, "num_nulls": 0, "num_tgt_sents": 5319, "retrieval_preds": [[3542, 3858, 878, 2563, 3499, 1662, 4582, 3800], [3543, 1489, 1485, 4120, 1101, 2791, 1766, 4117], [3544, 565, 646, 3592, 2571, 644, 3187, 761], [3858, 1761, 4388, 1614, 1682, 2130, 1710, 4582], [3550, 1475, 1090, 2571, 2383, 2689, 1120, 3187], [1614, 3551, 565, 2324, 2831, 4045, 3573, 552], [3553, 1255, 2324, 878, 1378, 1986, 3187, 4119], [3554, 2572, 2570, 1540, 525, 1517, 500, 4364], [3555, 1900, 1510, 3792, 474, 1901, 599, 4685], [3558, 4074, 4080, 1506, 1924, 2043, 1615, 4849], [3556, 1706, 2606, 1994, 1669, 1704, 1793, 3421], [5253, 1487, 1924, 2518, 2622, 1941, 500, 4456], [3557, 1705, 1861, 843, 1632, 3404, 2380, 2550], [3559, 1611, 445, 3603, 454, 4527, 556, 89], [689, 3523, 3647, 399, 2613, 2353, 3723, 1264], [3561, 2059, 2558, 4388, 2612, 2731, 2609, 561], [3563, 1239, 1611, 3559, 3971, 3691, 552, 3409], [681, 2735, 554, 2145, 4325, 2186, 4189, 2165], [3567, 2771, 2383, 3332, 692, 2369, 1239, 2726], [4102, 2803, 2643, 649, 3571, 3059, 1808, 2185], [2026, 2324, 3338, 2831, 3914, 715, 2530, 3573], [2324, 2415, 2844, 2206, 3638, 1034, 974, 1525], [1614, 4104, 3858, 2130, 3499, 4582, 4116, 1620], [4741, 2185, 2168, 549, 2165, 1982, 2828, 3747], [4256, 2643, 1460, 2168, 1849, 2185, 3542, 3954], [3878, 2852, 3581, 2032, 3230, 3390, 931, 984], [3583, 4104, 2630, 4133, 2142, 3964, 2168, 2513], [2058, 3584, 2348, 806, 948, 2703, 3024, 445], [3585, 3968, 704, 2948, 1994, 687, 613, 3873], [2687, 3586, 774, 2175, 4718, 4772, 2063, 765], [3589, 4133, 4126, 3611, 2168, 4137, 3398, 3583], [3590, 3349, 1926, 519, 3607, 1271, 1391, 4425], [2175, 4102, 2280, 2120, 576, 4104, 1564, 4347], [3404, 4417, 2136, 3709, 1505, 1706, 1569, 3338], [3594, 1098, 1418, 4379, 4547, 1012, 3663, 4417], [3595, 4204, 3561, 3613, 3567, 3611, 2636, 1124], [3596, 3355, 1793, 3893, 3920, 576, 4133, 2380], [3599, 2563, 4377, 3024, 599, 4685, 3542, 4327], [3600, 4365, 1704, 1705, 4121, 2380, 4320, 2137], [3858, 1994, 2630, 2165, 4045, 3964, 956, 4102], [2558, 4388, 569, 2803, 2563, 3499, 3573, 3823], [883, 2142, 3939, 3514, 681, 843, 3609, 2380], [3611, 2736, 4104, 3858, 3920, 3964, 4133, 4741], [3613, 1986, 2732, 2433, 2380, 1605, 4364, 2404], [2324, 3973, 4104, 3779, 1682, 3638, 4236, 1816], [4113, 3617, 1180, 4386, 2934, 4133, 2935, 3973]]}, "num_translations": 1, "text_top1": 0.08695652173913043, "text_top5": 0.15217391304347827, "text_top10": 0.2608695652173913}