{"num_src_sents": 15, "isocrates_1832_1": {"tgt_lang": "de", "transl_top1": 0.13333333333333333, "transl_top5": 0.2, "transl_top10": 0.3333333333333333, "num_nulls": 0, "num_tgt_sents": 3528, "retrieval_preds": [[1948, 754, 1873, 3447, 3350, 325, 2451, 726], [3511, 3492, 3512, 3351, 1654, 1685, 1156, 494], [1951, 440, 443, 2472, 2826, 685, 1807, 230], [243, 1169, 1482, 2537, 258, 3353, 1797, 1270], [3447, 3492, 3511, 3512, 589, 1679, 3351, 1801], [1836, 3401, 273, 666, 979, 2543, 276, 1540], [1277, 3145, 1409, 2755, 976, 956, 1917, 3221], [3447, 298, 1638, 587, 1807, 1409, 1675, 970], [622, 3141, 1064, 582, 3502, 879, 2180, 1201], [1511, 2291, 1180, 1244, 2778, 1234, 2105, 1541], [1129, 2894, 1887, 1719, 1678, 1150, 251, 986], [1311, 2906, 2451, 2833, 1902, 1644, 1490, 1314], [1800, 3447, 2771, 1798, 1656, 2267, 2766, 1675], [815, 2104, 2572, 698, 2765, 475, 3447, 3139], [2245, 3240, 2756, 2594, 2928, 2622, 2990, 1467]]}, "isocrates_1835_5": {"tgt_lang": "de", "transl_top1": 0.13333333333333333, "transl_top5": 0.13333333333333333, "transl_top10": 0.2, "num_nulls": 0, "num_tgt_sents": 4051, "retrieval_preds": [[2982, 579, 3107, 3175, 1201, 1631, 988, 3048], [2982, 634, 1625, 619, 647, 361, 1043, 592], [2362, 1034, 1203, 2319, 1398, 1048, 2986, 1238], [1415, 2988, 1819, 3097, 1151, 749, 1374, 2366], [1419, 647, 992, 1625, 1383, 1400, 2990, 1495], [594, 532, 3421, 2656, 3132, 823, 1848, 2493], [2991, 2812, 3423, 3103, 1575, 2338, 3200, 558], [2993, 3074, 1043, 3028, 3000, 592, 1613, 3137], [617, 1747, 2994, 1373, 1790, 677, 361, 1794], [2996, 1975, 1362, 826, 1113, 275, 3280, 300], [2997, 3056, 334, 2993, 2229, 355, 1957, 2206], [826, 1181, 772, 275, 1430, 791, 795, 245], [3000, 592, 2927, 2317, 160, 3074, 3333, 3048], [3074, 193, 2464, 173, 2577, 3305, 1654, 296], [462, 293, 3003, 157, 1829, 1734, 488, 720]]}, "num_translations": 2, "text_top1": 0.13333333333333333, "text_top5": 0.16666666666666669, "text_top10": 0.26666666666666666}