{"num_src_sents": 240, "plutarch_1898_ethical": {"tgt_lang": "en", "transl_top1": 0.6125, "transl_top5": 0.7541666666666667, "transl_top10": 0.8041666666666667, "num_nulls": 0, "num_tgt_sents": 5242, "retrieval_preds": [[4081, 4201, 4251, 631, 3769, 2427, 4255, 439], [2935, 4425, 367, 2579, 5028, 4426, 4923, 194], [2219, 1826, 477, 1340, 1298, 4418, 2416, 2145], [4345, 4890, 3911, 4271, 4437, 1720, 3876, 2304], [4998, 2568, 717, 1505, 3496, 308, 3959, 3960], [4209, 4802, 4356, 4360, 3548, 4329, 3505, 4497], [4212, 4357, 4464, 4185, 4460, 905, 511, 3945], [4253, 4213, 2475, 355, 3328, 4308, 2444, 2892], [4214, 3248, 4251, 4357, 2116, 2506, 4437, 1466], [4216, 2728, 2632, 3445, 3248, 3534, 2569, 164], [4217, 4218, 4366, 4271, 4466, 2345, 645, 3558], [4220, 4351, 4385, 2534, 2385, 4271, 888, 4543], [1306, 428, 1222, 1206, 4222, 1831, 406, 4409], [3607, 4497, 4212, 3909, 4232, 4857, 4229, 4460], [1717, 1566, 3541, 3389, 4346, 4357, 3743, 4212], [4229, 4251, 2056, 2378, 1767, 3548, 4890, 2352], [4251, 4437, 4231, 4229, 4230, 2232, 4448, 508], [4233, 4352, 3743, 2493, 1308, 4214, 2874, 4376], [4234, 2219, 870, 4679, 4031, 477, 1340, 1821], [4235, 3283, 2590, 3365, 4679, 2416, 868, 3655], [4236, 4007, 4356, 870, 709, 2278, 3160, 3010], [4237, 3621, 4589, 758, 2611, 1117, 2211, 2173], [4238, 4320, 4357, 3862, 4419, 4460, 4251, 879], [4239, 4238, 1601, 3428, 3487, 2231, 448, 914], [4240, 188, 1614, 82, 3821, 1608, 2420, 1612], [4241, 4457, 4598, 3555, 4357, 1979, 422, 4601], [4243, 572, 4716, 4828, 2400, 2448, 4523, 3843], [3206, 3894, 3885, 3113, 985, 864, 128, 1482], [4244, 4984, 3791, 3425, 859, 1491, 4319, 55], [4245, 4376, 417, 3714, 673, 737, 4983, 759], [4246, 3560, 3556, 3555, 2255, 2493, 2471, 2331], [4247, 2614, 1975, 3928, 1576, 4778, 580, 926], [1584, 1590, 1377, 4515, 4784, 4248, 1395, 552], [882, 4500, 2539, 4249, 3860, 1285, 4980, 1745], [4152, 729, 4250, 736, 737, 3245, 3625, 2900], [4251, 4437, 4231, 4229, 4460, 4448, 4357, 4257], [4252, 4437, 1466, 508, 4964, 3892, 4467, 4231], [4253, 859, 3013, 2081, 2345, 2665, 3328, 166], [4254, 2569, 1377, 4589, 3642, 552, 3973, 3420], [4251, 2116, 2521, 3487, 4385, 3902, 4255, 3775], [4257, 4251, 4461, 4229, 2116, 1788, 1620, 3428], [4357, 4229, 4259, 4251, 4231, 4461, 4212, 4457], [4251, 4460, 4263, 4501, 4448, 1637, 4229, 4437], [3549, 4264, 4582, 4053, 4579, 2801, 4686, 3997], [4265, 1584, 2119, 1301, 4248, 3076, 3693, 1632], [4266, 3643, 360, 4382, 867, 4755, 3820, 3616], [4267, 4385, 1225, 4382, 4271, 3517, 3487, 790], [4270, 3343, 2598, 2412, 1814, 786, 2037, 3361], [4271, 4385, 4890, 3517, 817, 484, 4709, 4856], [175, 1206, 3579, 2657, 1892, 1294, 1491, 4319], [2507, 3552, 49, 4319, 3101, 1553, 2876, 1303], [4272, 1978, 1637, 3774, 1707, 3405, 4345, 1418], [4275, 4280, 4952, 4679, 4974, 4217, 4369, 4951], [4251, 4276, 4448, 4345, 2123, 1334, 4437, 1788], [507, 1984, 3969, 3206, 565, 2876, 3108, 3885], [1540, 4425, 2815, 3843, 3206, 604, 2425, 4705], [3885, 4907, 2815, 387, 389, 3288, 3206, 1210], [4280, 4279, 4856, 4788, 4271, 4781, 2352, 4890], [4281, 608, 941, 1377, 4130, 2188, 4785, 1229], [4283, 4288, 804, 4287, 800, 4035, 4827, 4279], [4284, 4436, 4589, 1816, 3126, 4755, 4283, 1878], [4285, 2232, 4448, 2099, 4251, 508, 3487, 1637], [4286, 950, 2894, 3507, 784, 282, 4816, 2317], [4287, 302, 2441, 4279, 4332, 4589, 2851, 861], [4288, 4827, 639, 4289, 422, 4283, 1562, 4035], [4292, 4382, 1883, 4267, 4295, 867, 484, 3517], [4293, 4878, 818, 284, 528, 4868, 206, 4361], [4294, 3232, 974, 905, 4448, 4460, 3233, 4437], [4295, 3517, 3827, 4437, 4292, 905, 4837, 4466], [4297, 4214, 4969, 3545, 3792, 548, 1750, 4232], [4298, 3262, 2060, 3909, 2769, 2367, 818, 2352], [4300, 2826, 5048, 2407, 3632, 3613, 4385, 4409], [994, 4303, 3038, 4471, 3663, 4957, 2277, 3527], [2219, 4305, 3034, 3052, 2426, 3035, 1573, 4983], [4306, 637, 3347, 3792, 367, 390, 113, 4950], [4307, 2884, 1002, 496, 2278, 3510, 598, 4855], [2124, 4251, 4385, 3902, 3385, 3517, 4345, 4308], [3619, 3743, 4345, 4229, 4251, 4314, 4437, 1466], [4315, 1261, 2116, 2895, 564, 327, 1978, 1797], [4317, 1804, 4499, 1907, 3381, 2214, 1443, 1403], [4318, 4251, 4263, 4229, 3517, 422, 4271, 1304], [4320, 4251, 4321, 4437, 4345, 4419, 3911, 360], [4251, 4323, 4345, 4460, 4437, 3577, 4229, 1802], [3907, 4326, 4325, 1878, 3140, 1566, 3990, 1470], [3487, 4326, 4345, 4251, 3902, 1637, 3517, 1978], [4328, 3168, 3743, 1585, 3048, 3933, 3458, 1745], [4332, 2769, 803, 2206, 2407, 4333, 4329, 2277], [4333, 844, 3632, 4467, 4940, 4028, 2036, 4546], [4334, 4212, 4437, 4251, 4345, 1461, 4499, 1605], [4335, 4437, 4501, 4229, 1618, 4285, 3024, 4334], [2598, 4404, 4336, 4327, 4287, 4546, 3629, 2127], [4339, 4457, 4251, 3577, 4460, 4345, 4437, 1466], [4340, 2640, 4345, 1762, 2036, 3146, 4271, 2060], [3885, 220, 3754, 2731, 4713, 1017, 1359, 1996], [5086, 5148, 5149, 5134, 5078, 477, 3885, 4119], [4713, 65, 500, 1426, 1644, 1918, 2013, 3070], [549, 4245, 673, 1573, 1295, 1319, 1251, 2583], [4344, 3314, 1781, 3925, 3398, 4723, 3775, 1823], [4345, 4251, 4437, 4229, 3577, 1466, 2194, 2116], [4347, 1492, 308, 2507, 566, 3425, 1055, 333], [4348, 3765, 3, 3935, 49, 1782, 3168, 949], [4351, 2194, 2056, 3577, 3838, 1653, 1363, 901], [4352, 4437, 3856, 3892, 1842, 4263, 4334, 508], [4320, 1303, 4461, 3086, 4263, 1632, 854, 612], [4356, 4952, 4232, 2545, 3503, 3537, 3048, 3933], [4357, 4598, 4229, 4212, 2595, 4466, 4384, 4460], [4358, 4359, 718, 646, 4295, 1883, 4964, 867], [3998, 2758, 4282, 3101, 4593, 3539, 4515, 3989], [4952, 4360, 4950, 2465, 4789, 4780, 4369, 2441], [802, 4541, 1002, 538, 3513, 2894, 4360, 369], [4361, 4293, 1796, 4890, 4359, 4951, 5032, 528], [4362, 4397, 2894, 4281, 4541, 843, 4498, 4217], [4364, 645, 4074, 4351, 3394, 2438, 1557, 4371], [4366, 3040, 4300, 3369, 528, 4288, 2274, 12], [4028, 4369, 4382, 3797, 4795, 3523, 3517, 3212], [4371, 4280, 4271, 4385, 4591, 4788, 975, 4671], [4372, 194, 4921, 2508, 4977, 4969, 2155, 3894], [4373, 472, 824, 4374, 1767, 795, 931, 1010], [4375, 4295, 3551, 4334, 1220, 3548, 3966, 4539], [4376, 1566, 4212, 4357, 4419, 4245, 4464, 729], [3550, 4377, 4511, 3776, 3407, 2532, 1605, 3655], [3015, 2219, 162, 1573, 2937, 3119, 2426, 4062], [4379, 2521, 1009, 4251, 1653, 1767, 4385, 2131], [4381, 528, 980, 3524, 646, 4136, 4754, 4358], [4382, 867, 4295, 3517, 953, 4271, 4385, 4890], [123, 1366, 591, 2443, 740, 3858, 584, 2804], [198, 1977, 4383, 4212, 1452, 3985, 4089, 2123], [4345, 4229, 4212, 1851, 3546, 1360, 4040, 4437], [4385, 4271, 4437, 3517, 4251, 4466, 508, 4890], [405, 3101, 242, 4387, 3389, 3539, 123, 232], [4251, 4457, 4323, 4461, 4257, 4422, 4388, 4419], [4390, 2685, 3980, 3108, 349, 511, 1856, 3066], [4391, 4405, 3425, 3014, 3424, 1361, 2684, 423], [477, 2857, 774, 724, 2093, 40, 2236, 155], [4392, 3101, 1139, 2092, 2835, 179, 774, 119], [4393, 1283, 3737, 4088, 247, 2661, 564, 3669], [4394, 4295, 4883, 4856, 484, 4385, 4280, 3517], [4396, 3900, 2899, 2634, 3552, 1425, 4511, 4722], [4397, 353, 4088, 4046, 3361, 187, 4969, 3126], [4398, 1705, 1788, 4437, 4263, 2056, 1720, 2455], [4399, 3489, 4862, 4320, 4404, 1377, 624, 1896], [4400, 4357, 4245, 4646, 4212, 1552, 4263, 4229], [2237, 3885, 1280, 4478, 393, 391, 395, 597], [4271, 4385, 4092, 1418, 4457, 914, 3820, 3902], [4404, 4263, 4964, 1632, 3862, 3629, 4398, 3925], [4407, 4398, 1395, 4262, 1302, 4152, 736, 448], [4408, 4385, 4437, 4409, 1876, 4466, 4856, 2364], [4409, 3517, 4857, 3909, 3821, 1326, 1954, 742], [4411, 1653, 2304, 4285, 4412, 508, 4238, 4460], [4413, 1395, 1461, 1400, 1393, 1962, 1501, 1532], [4415, 753, 4473, 4523, 4292, 1092, 4228, 1820], [4418, 4320, 4419, 4251, 3862, 1400, 4461, 4323], [4419, 4251, 3577, 698, 1978, 3616, 730, 4769], [4423, 4280, 4848, 4279, 4301, 764, 1361, 2615], [4424, 2550, 3634, 3444, 1821, 4795, 4323, 3801], [2715, 3969, 2577, 1513, 4653, 507, 1911, 1903], [4427, 4657, 4054, 4319, 1515, 519, 2698, 4489], [4428, 4074, 950, 3277, 1337, 4817, 3513, 720], [4623, 576, 2930, 3507, 4429, 3516, 764, 819], [4429, 1413, 4423, 753, 