{"num_src_sents": 87, "sophistesGrecs_1842": {"tgt_lang": "fr", "transl_top1": 0.11494252873563218, "transl_top5": 0.1724137931034483, "transl_top10": 0.21839080459770116, "num_nulls": 0, "num_tgt_sents": 7988}, "num_translations": 1, "text_top1": 0.11494252873563218, "text_top5": 0.1724137931034483, "text_top10": 0.21839080459770116}