{"num_src_sents": 471, "plato_3_1826": {"tgt_lang": "fr", "transl_top1": 0.012738853503184714, "transl_top5": 0.044585987261146494, "transl_top10": 0.08492569002123142, "num_nulls": 0, "num_tgt_sents": 3903}, "plato_1_1846": {"tgt_lang": "fr", "transl_top1": 0.008492569002123142, "transl_top5": 0.050955414012738856, "transl_top10": 0.07218683651804671, "num_nulls": 0, "num_tgt_sents": 3203}, "num_translations": 2, "text_top1": 0.010615711252653929, "text_top5": 0.04777070063694268, "text_top10": 0.07855626326963906}