{"num_src_sents": 609, "demosthenes_1877": {"tgt_lang": "en", "transl_top1": 0.44499178981937604, "transl_top5": 0.6026272577996716, "transl_top10": 0.6830870279146142, "num_nulls": 0, "num_tgt_sents": 7775}, "demosthenes_aeschynes_1861": {"tgt_lang": "fr", "transl_top1": 0.08702791461412152, "transl_top5": 0.16584564860426929, "transl_top10": 0.21182266009852216, "num_nulls": 0, "num_tgt_sents": 36182}, "num_translations": 2, "text_top1": 0.2660098522167488, "text_top5": 0.3842364532019705, "text_top10": 0.44745484400656815}