{"num_src_sents": 334, "plutarch_2_1908": {"tgt_lang": "en", "transl_top1": 0.5868263473053892, "transl_top5": 0.7724550898203593, "transl_top10": 0.8323353293413174, "num_nulls": 0, "num_tgt_sents": 5773}, "plutarch_1_1906": {"tgt_lang": "en", "transl_top1": 0.014970059880239521, "transl_top5": 0.04491017964071856, "transl_top10": 0.0748502994011976, "num_nulls": 0, "num_tgt_sents": 6800}, "num_translations": 2, "text_top1": 0.30089820359281433, "text_top5": 0.4086826347305389, "text_top10": 0.4535928143712575}