{"num_src_sents": 284, "xenophon_1_1872": {"tgt_lang": "fr", "transl_top1": 0.13028169014084506, "transl_top5": 0.2640845070422535, "transl_top10": 0.323943661971831, "num_nulls": 0, "num_tgt_sents": 11058}, "xenophon_2_1872": {"tgt_lang": "fr", "transl_top1": 0.0035211267605633804, "transl_top5": 0.03169014084507042, "transl_top10": 0.04929577464788732, "num_nulls": 0, "num_tgt_sents": 10554}, "xenophon_1898": {"tgt_lang": "en", "transl_top1": 0.3485915492957746, "transl_top5": 0.5845070422535211, "transl_top10": 0.6619718309859155, "num_nulls": 0, "num_tgt_sents": 5439}, "xenophon_3_1737": {"tgt_lang": "it", "transl_top1": 0.1619718309859155, "transl_top5": 0.2746478873239437, "transl_top10": 0.35563380281690143, "num_nulls": 0, "num_tgt_sents": 12015}, "num_translations": 4, "text_top1": 0.16109154929577463, "text_top5": 0.2887323943661972, "text_top10": 0.3477112676056338}