{"num_src_sents": 68, "plutarch_1898_ethical": {"tgt_lang": "en", "transl_top1": 0.14705882352941177, "transl_top5": 0.2647058823529412, "transl_top10": 0.3382352941176471, "num_nulls": 0, "num_tgt_sents": 5242}, "plutarch_2_1844": {"tgt_lang": "fr", "transl_top1": 0.014705882352941176, "transl_top5": 0.10294117647058823, "transl_top10": 0.14705882352941177, "num_nulls": 0, "num_tgt_sents": 7523}, "plutarch_1_1844": {"tgt_lang": "fr", "transl_top1": 0.04411764705882353, "transl_top5": 0.1323529411764706, "transl_top10": 0.19117647058823528, "num_nulls": 0, "num_tgt_sents": 8121}, "num_translations": 3, "text_top1": 0.06862745098039216, "text_top5": 0.16666666666666669, "text_top10": 0.22549019607843138}