{"num_src_sents": 147, "demosthenes_1856_1": {"tgt_lang": "de", "transl_top1": 0.38095238095238093, "transl_top5": 0.5306122448979592, "transl_top10": 0.6394557823129252, "num_nulls": 0, "num_tgt_sents": 4305}, "demosthenes_2_1861": {"tgt_lang": "fr", "transl_top1": 0.19047619047619047, "transl_top5": 0.3197278911564626, "transl_top10": 0.46938775510204084, "num_nulls": 0, "num_tgt_sents": 2969}, "demosthenes_1_1863": {"tgt_lang": "fr", "transl_top1": 0.04081632653061224, "transl_top5": 0.12244897959183673, "transl_top10": 0.19727891156462585, "num_nulls": 0, "num_tgt_sents": 3406}, "demosthenes_aeschynes_1861": {"tgt_lang": "fr", "transl_top1": 0.02040816326530612, "transl_top5": 0.05442176870748299, "transl_top10": 0.10884353741496598, "num_nulls": 0, "num_tgt_sents": 36182}, "num_translations": 4, "text_top1": 0.15816326530612246, "text_top5": 0.2568027210884354, "text_top10": 0.35374149659863946}