{"num_src_sents": 549, "theocritus_1913": {"tgt_lang": "fr", "transl_top1": 0.12021857923497267, "transl_top5": 0.26958105646630237, "transl_top10": 0.3770491803278688, "num_nulls": 0, "num_tgt_sents": 3655}, "theocritus_1899": {"tgt_lang": "fr", "transl_top1": 0.31876138433515483, "transl_top5": 0.48633879781420764, "transl_top10": 0.575591985428051, "num_nulls": 0, "num_tgt_sents": 5830}, "theocritus_1855": {"tgt_lang": "de", "transl_top1": 0.24225865209471767, "transl_top5": 0.39344262295081966, "transl_top10": 0.4681238615664845, "num_nulls": 1, "num_tgt_sents": 4249}, "theocritus_1878": {"tgt_lang": "en", "transl_top1": 0.28051001821493626, "transl_top5": 0.4990892531876138, "transl_top10": 0.604735883424408, "num_nulls": 0, "num_tgt_sents": 6617}, "hesiod_nd": {"tgt_lang": "fr", "transl_top1": 0.20947176684881602, "transl_top5": 0.3970856102003643, "transl_top10": 0.46994535519125685, "num_nulls": 0, "num_tgt_sents": 3571}, "num_translations": 5, "text_top1": 0.2342440801457195, "text_top5": 0.40910746812386156, "text_top10": 0.4990892531876138}