{"num_src_sents": 324, "philo_2_1854": {"tgt_lang": "en", "transl_top1": 0.015432098765432098, "transl_top5": 0.05246913580246913, "transl_top10": 0.08024691358024691, "num_nulls": 0, "num_tgt_sents": 7912}, "philo_4_1855": {"tgt_lang": "en", "transl_top1": 0.021604938271604937, "transl_top5": 0.05864197530864197, "transl_top10": 0.1111111111111111, "num_nulls": 0, "num_tgt_sents": 7517}, "philo_1_1854": {"tgt_lang": "en", "transl_top1": 0.4783950617283951, "transl_top5": 0.6604938271604939, "transl_top10": 0.7623456790123457, "num_nulls": 0, "num_tgt_sents": 8507}, "num_translations": 3, "text_top1": 0.17181069958847736, "text_top5": 0.257201646090535, "text_top10": 0.31790123456790126}