{"num_src_sents": 57, "demosthenes_1_1863": {"tgt_lang": "fr", "transl_top1": 0.03508771929824561, "transl_top5": 0.07017543859649122, "transl_top10": 0.10526315789473684, "num_nulls": 0, "num_tgt_sents": 3406, "retrieval_preds": [[1794, 1346, 1250, 2160, 2410, 2290, 1768, 1742], [2353, 2410, 3352, 1997, 1207, 2983, 2868, 1794], [2189, 2065, 1445, 2559, 1296, 1379, 1684, 387], [1553, 2478, 310, 1395, 3025, 3383, 3209, 2864], [3319, 856, 1144, 2714, 2053, 3150, 2829, 2409], [2246, 2053, 1274, 1903, 2521, 1397, 686, 699], [2946, 2332, 3074, 2857, 553, 1583, 1268, 1644], [1524, 687, 1695, 524, 226, 502, 1107, 1520], [2353, 836, 1026, 261, 2725, 729, 2410, 1296], [277, 1239, 2154, 251, 2251, 2160, 2730, 50], [277, 1250, 2065, 2138, 2129, 1413, 1794, 2021], [2246, 2553, 1424, 1914, 2730, 1978, 1129, 2340], [1903, 1267, 1526, 2730, 2415, 1485, 12, 1358], [2189, 2410, 2559, 3252, 2353, 2382, 469, 2548], [197, 836, 207, 1107, 1637, 1054, 2559, 2860], [3289, 2343, 1526, 1413, 414, 680, 277, 400], [1524, 2410, 2353, 261, 655, 836, 729, 3140], [3, 1972, 3066, 2863, 2493, 3384, 2995, 2529], [674, 1426, 1775, 580, 1502, 2133, 2511, 1389], [3153, 3152, 3197, 2353, 1250, 2261, 2129, 1239], [2382, 2353, 748, 981, 1794, 2725, 1080, 2890], [1366, 450, 2402, 203, 1188, 2253, 1284, 1565], [469, 414, 1524, 2410, 981, 2559, 1379, 655], [1794, 264, 2889, 1250, 3356, 3315, 1568, 2353], [1424, 2089, 3126, 1260, 2246, 1809, 469, 2863], [2410, 3112, 2997, 1524, 2289, 1080, 2382, 2353], [1622, 2160, 2382, 2559, 1907, 3126, 1250, 680], [3112, 2730, 400, 853, 2246, 785, 1255, 1794], [143, 1519, 1556, 2773, 556, 1558, 2022, 1107], [262, 2708, 1939, 1080, 1976, 1240, 1568, 1630], [2509, 1285, 1307, 2341, 3152, 3252, 1666, 3356], [2340, 1204, 3213, 1127, 3075, 1252, 3126, 2246], [1225, 1107, 687, 2961, 1253, 1562, 1296, 2341], [1794, 3112, 2997, 1622, 1080, 3142, 3289, 3040], [2719, 2559, 2889, 2160, 2353, 1794, 1346, 469], [1524, 1380, 2361, 2319, 2711, 3126, 1064, 2522], [1424, 1107, 995, 989, 1509, 2997, 207, 1809], [1509, 2987, 2954, 2997, 2797, 2798, 2309, 2962], [2410, 2353, 3364, 748, 3315, 3152, 2021, 1794], [1634, 2189, 267, 1346, 2353, 2382, 2410, 2559], [2324, 1620, 2495, 2708, 2252, 3245, 2334, 1188], [854, 687, 1649, 1107, 2006, 2353, 1814, 1736], [2039, 1383, 3148, 1380, 2340, 1103, 1557, 1809], [3175, 3303, 1396, 3028, 1807, 2956, 1397, 3098], [3249, 553, 1383, 1010, 1803, 2309, 2531, 2445], [1118, 3269, 836, 207, 12, 1054, 1080, 82], [1562, 3252, 2382, 3040, 0, 687, 30, 1131], [3126, 2349, 2261, 2410, 3228, 3040, 2719, 1323], [3082, 2165, 2586, 1283, 2170, 2713, 3263, 2534], [1230, 776, 1054, 933, 224, 12, 1971, 69], [431, 203, 2817, 3284, 3364, 1501, 1499, 3181], [1787, 2489, 1772, 2225, 0, 1558, 3356, 1283], [3070, 448, 3056, 3040, 2550, 3071, 57, 3105], [2509, 1684, 1540, 2916, 2444, 2365, 1565, 1142], [3315, 3040, 207, 15, 2725, 2997, 2353, 1370], [2860, 3158, 1884, 3384, 836, 2246, 1976, 1002], [431, 981, 1436, 2723, 1791, 1259, 1253, 3133]]}, "demosthenes_1856_1": {"tgt_lang": "de", "transl_top1": 0.14035087719298245, "transl_top5": 0.22807017543859648, "transl_top10": 0.2807017543859649, "num_nulls": 0, "num_tgt_sents": 4305, "retrieval_preds": [[2879, 785, 606, 2558, 2237, 2160, 418, 412], [204, 3931, 2408, 3145, 3889, 536, 230, 2879], [500, 607, 2123, 2168, 233, 764, 1349, 520], [1674, 3628, 205, 2035, 3297, 3408, 4280, 2674], [818, 3880, 2480, 2361, 3305, 3016, 2682, 3074], [3158, 986, 1983, 207, 3114, 4124, 3012, 2737], [209, 2165, 485, 3828, 2731, 2687, 3273, 4125], [3395, 405, 352, 3843, 3897, 3584, 3388, 423], [405, 212, 3105, 3874, 2450, 4091, 3931, 3186], [213, 606, 942, 3418, 599, 3737, 803, 1800], [606, 2408, 1026, 643, 785, 562, 1315, 2881], [4124, 3107, 3327, 217, 2361, 3753, 1702, 2522], [2105, 218, 752, 3138, 3137, 3902, 344, 2701], [562, 412, 2881, 606, 1517, 2879, 2051, 2994], [1394, 221, 1812, 4160, 1275, 3714, 3113, 4124], [222, 256, 418, 2237, 499, 386, 2094, 2742], [3931, 3269, 224, 2896, 412, 152, 230, 3501], [226, 2647, 2885, 987, 1059, 499, 3837, 2930], [227, 2058, 219, 89, 2010, 582, 2192, 2586], [577, 361, 2460, 643, 215, 3894, 228, 3253], [710, 412, 3931, 4258, 230, 1971, 599, 858], [603, 232, 231, 2296, 2793, 280, 417, 1692], [233, 4258, 204, 412, 3032, 3843, 230, 3931], [2742, 1313, 413, 457, 803, 643, 884, 2876], [2051, 488, 2416, 963, 721, 1579, 1472, 1001], [3755, 4253, 3403, 412, 688, 3931, 2881, 785], [964, 599, 696, 2841, 606, 569, 3724, 2712], [256, 2820, 3766, 688, 3498, 569, 507, 3737], [248, 3618, 4132, 3621, 2120, 3242, 2657, 4198], [4181, 2148, 1313, 3574, 2354, 386, 3920, 1279], [251, 3388, 3763, 233, 3416, 2450, 3715, 2655], [817, 544, 484, 3439, 3637, 3879, 2591, 870], [255, 423, 3395, 233, 3476, 4220, 3457, 352], [256, 569, 1532, 1015, 884, 2820, 518, 1791], [412, 606, 3174, 803, 785, 457, 515, 2879], [259, 4131, 817, 2874, 3989, 4245, 2827, 3901], [260, 1207, 3954, 963, 4155, 1283, 447, 3696], [262, 1833, 3309, 264, 390, 2078, 3310, 1011], [263, 3403, 2628, 2450, 1971, 3574, 3174, 1313], [264, 523, 2926, 2450, 607, 515, 142, 2803], [3309, 265, 3902, 3125, 220, 3137, 3157, 1057], [3395, 3186, 423, 3031, 3105, 3469, 2414, 821], [2581, 1268, 2293, 777, 2917, 3868, 1394, 4124], [268, 262, 567, 339, 494, 133, 1011, 2009], [269, 4036, 775, 400, 479, 718, 1558, 3137], [3418, 863, 270, 1962, 1168, 4261, 3403, 733], [423, 272, 1717, 122, 4214, 1802, 821, 780], [273, 569, 785, 412, 2051, 795, 256, 696], [3698, 2485, 2630, 1434, 1010, 744, 1073, 1060], [275, 3689, 986, 603, 3652, 1304, 335, 2737], [603, 3966, 4198, 855, 296, 3165, 3822, 1890], [277, 423, 4142, 2229, 3785, 3982, 607, 4214], [278, 459, 1433, 3214, 451, 3223, 2706, 2519], [603, 3110, 3155, 4109, 1170, 280, 1631, 1935], [281, 680, 2742, 3737, 1581, 418, 3174, 884], [282, 2704, 3309, 688, 3253, 1295, 986, 3269], [283, 3338, 3022, 3376, 3106, 2113, 1394, 3654]]}, "demosthenes_aeschynes_1861": {"tgt_lang": "fr", "transl_top1": 0.0, "transl_top5": 0.05263157894736842, "transl_top10": 0.07017543859649122, "num_nulls": 0, "num_tgt_sents": 36182,