{"num_src_sents": 541, "euripides_2_1884": {"tgt_lang": "fr", "transl_top1": 0.011090573012939002, "transl_top5": 0.059149722735674676, "transl_top10": 0.08317929759704251, "num_nulls": 0, "num_tgt_sents": 6695}, "euripides_1_1884": {"tgt_lang": "fr", "transl_top1": 0.23105360443622922, "transl_top5": 0.3567467652495379, "transl_top10": 0.43253234750462105, "num_nulls": 0, "num_tgt_sents": 6832}, "num_translations": 2, "text_top1": 0.12107208872458411, "text_top5": 0.2079482439926063, "text_top10": 0.2578558225508318}