{"num_src_sents": 73, "demosthenes_1_1863": {"tgt_lang": "fr", "transl_top1": 0.0136986301369863, "transl_top5": 0.0547945205479452, "transl_top10": 0.0821917808219178, "num_nulls": 0, "num_tgt_sents": 3406, "retrieval_preds": [[1494, 469, 1379, 2260, 1634, 2382, 2026, 267], [2189, 1558, 1684, 255, 2160, 585, 354, 2429], [380, 2006, 3369, 593, 1031, 3123, 1359, 1352], [737, 1883, 1596, 2022, 1032, 385, 2821, 687], [957, 986, 3135, 71, 3385, 208, 2908, 1263], [1535, 1337, 584, 1608, 1737, 1962, 2286, 1649], [12, 1107, 1230, 2269, 989, 2246, 3126, 1436], [1250, 2889, 2353, 1107, 1736, 1649, 2384, 2410], [2521, 1054, 3315, 2382, 585, 2246, 251, 934], [1127, 3197, 261, 1791, 1054, 773, 2681, 226], [1892, 1107, 106, 867, 954, 1885, 361, 1259], [172, 687, 702, 3191, 2410, 981, 1107, 1524], [655, 729, 1524, 1997, 2825, 1875, 240, 1283], [836, 687, 3152, 2410, 981, 1054, 3153, 3315], [3315, 1118, 2410, 1634, 3040, 1250, 2261, 2548], [1118, 69, 954, 12, 2018, 1277, 1285, 1299], [2015, 3315, 2465, 2071, 822, 69, 1116, 251], [1379, 2129, 1346, 1907, 299, 3257, 585, 2349], [1794, 2410, 3371, 2382, 2489, 1374, 277, 2189], [2384, 2962, 3229, 3220, 2725, 1118, 3371, 1568], [3197, 2410, 1374, 1524, 1380, 2890, 580, 226], [703, 908, 701, 3230, 3247, 1595, 2279, 3272], [3315, 207, 1907, 80, 299, 3229, 1011, 1794], [218, 1865, 1376, 3348, 2810, 1223, 1843, 1810], [210, 2541, 12, 207, 2343, 1907, 3070, 706], [1634, 1107, 687, 2410, 2382, 1562, 2559, 2172], [2414, 2246, 585, 2711, 1877, 556, 2006, 82], [3197, 836, 2725, 1884, 2962, 3315, 1077, 1118], [197, 556, 822, 15, 80, 314, 209, 2906], [1299, 2190, 836, 954, 2860, 1118, 197, 1054], [1077, 35, 585, 2190, 2353, 1250, 1107, 2725], [2065, 1283, 3152, 1077, 1253, 2509, 2458, 1437], [1239, 2018, 585, 368, 1494, 2382, 369, 277], [1118, 2725, 197, 1352, 2559, 224, 2860, 69], [2559, 2133, 1352, 377, 2242, 910, 3319, 1667], [2509, 2617, 1637, 36, 2237, 110, 1945, 1352], [585, 1420, 2943, 2492, 2386, 44, 1877, 836], [35, 2410, 2280, 2482, 1253, 15, 585, 267], [1420, 2019, 206, 2476, 203, 35, 343, 3212], [585, 1742, 299, 2559, 469, 1370, 1684, 1077], [2165, 650, 2253, 1791, 2714, 3376, 1272, 2888], [1613, 1277, 2246, 1892, 3344, 3345, 1491, 1129], [15, 2246, 954, 1837, 255, 1413, 188, 585], [2018, 354, 255, 1239, 277, 197, 469, 35], [1669, 629, 585, 2021, 2489, 2129, 1907, 1413], [3315, 605, 1107, 2384, 1794, 3040, 2835, 1939], [299, 2382, 2410, 2353, 3364, 3112, 3197, 3229], [753, 3162, 1520, 1619, 3152, 70, 1649, 2394], [2827, 1144, 2378, 3152, 1877, 1595, 1085, 836], [836, 2725, 2465, 2261, 69, 1118, 2384, 2557], [2575, 3364, 1253, 172, 1334, 2855, 1296, 1352], [1436, 1144, 1565, 2196, 36, 1481, 1280, 3397], [207, 3112, 1374, 1107, 615, 981, 3269, 33], [1118, 15, 80, 2835, 207, 3384, 12, 3315], [2132, 2231, 1425, 2888, 2948, 2125, 2182, 2150], [2489, 375, 1620, 2132, 1640, 2182, 488, 2341], [1424, 1054, 143, 66, 1107, 1165, 2361, 836], [1222, 1910, 2382, 399, 2353, 1907, 469, 2129], [110, 2705, 1892, 1031, 3006, 836, 780, 3123], [754, 2022, 2890, 483, 484, 3269, 2459, 2461], [981, 3220, 3288, 1628, 605, 2123, 3379, 2879], [899, 2278, 858, 368, 624, 366, 429, 2126], [207, 1526, 1116, 704, 1539, 2361, 2860, 664], [3197, 3269, 981, 3321, 3152, 1118, 2890, 3315], [1816, 535, 1807, 3271, 1385, 2794, 1082, 3216], [3384, 203, 33, 1558, 35, 449, 1768, 15], [35, 2280, 341, 1253, 203, 665, 1660, 69], [687, 3364, 215, 3315, 3384, 1118, 667, 2363], [3315, 1118, 3269, 3197, 1230, 1277, 1299, 1785], [89, 3037, 1182, 1562, 1168, 2366, 2948, 2856], [1586, 197, 1352, 2455, 2605, 1898, 1420, 1642], [2382, 2835, 1026, 2410, 748, 1107, 981, 2353], [1565, 2617, 1398, 181, 2704, 1637, 324, 2643]]}, "demosthenes_1856_1": {"tgt_lang": "de", "transl_top1": 0.0, "transl_top5": 0.0684931506849315, "transl_top10": 0.2054794520547945, "num_nulls": 0, "num_tgt_sents": 4305, "retrieval_preds": [[820, 556, 183, 3031, 2460, 412, 599, 3931], [607, 2168, 1454, 3147, 423, 1315, 2123, 2033], [1393, 821, 518, 833, 1322, 2123, 210, 3687], [4231, 1748, 3271, 3137, 2681, 1387, 3928, 4001], [1730, 3845, 3020, 1934, 1651, 3327, 1999, 2743], [344, 346, 1680, 516, 549, 3655, 2361, 2657], [3070, 2445, 3279, 963, 3016, 2082, 3741, 3347], [3174, 4083, 2803, 1458, 1531, 3116, 2712, 2172], [833, 769, 221, 3279, 3439, 535, 622, 348], [1394, 769, 2211, 2543, 348, 1588, 3107, 3502], [1812, 3705, 3327, 3179, 1394, 1660, 3180, 2302], [3186, 3395, 4091, 1480, 643, 2628, 1936, 3403], [4214, 3476, 3785, 3897, 3584, 491, 4175, 1717], [694, 2707, 696, 821, 2754, 2051, 740, 2672], [948, 823, 696, 821, 1313, 1553, 3174, 3403], [1879, 3583, 3253, 1168, 3792, 1935, 3329, 3649], [2242, 550, 4255, 2287, 3186, 3376, 3269, 3790], [850, 1026, 2684, 1551, 1349, 2456, 2411, 1339], [1517, 2881, 3992, 643, 685, 2553, 412, 2722], [2876, 2742, 505, 1399, 2881, 3755, 3906, 948], [964, 1048, 1517, 951, 3329, 130, 2396, 3090], [673, 2010, 3397, 3113, 747, 1528, 3655, 1736], [3174, 1581, 1339, 621, 823, 3737, 601, 1313], [1651, 2957, 2037, 4058, 1434, 3307, 1703, 4196], [1486, 4052, 745, 1962, 2554, 1581, 2913, 2097], [4209, 523, 3395, 607, 821, 233, 3105, 142], [2295, 580, 309, 2737, 2887, 964, 3158, 2061], [1313, 562, 412, 3418, 3174, 2242, 3403, 4110], [1669, 1337, 3376, 2207, 4109, 3106, 1200, 1501], [1935, 3502, 3575, 2679, 294, 1313, 740, 1162], [3931, 1476, 3306, 3839, 361, 2742, 3329, 2209], [2408, 154, 4126, 2450, 4099, 2273, 2229, 1748], [606, 601, 577, 562, 1553, 1569, 1026, 643], [1778, 1339, 823, 2679, 1935, 1001, 562, 2244], [582, 695, 2058, 1736, 847, 1001, 670, 1207], [3155, 1351, 4160, 3110, 3455, 1777, 335, 2655], [1040, 3856, 1569, 1591, 3134, 622, 3994, 2367], [1517, 2879, 3329, 3255, 562, 2168, 1258, 2628], [2812, 1089, 1736, 4001, 1491, 3247, 1337, 2287], [562, 672, 2168, 1315, 696, 1386, 2383, 2742], [1044, 344, 2474, 1434, 1556, 3692, 2828, 549], [1669, 3305, 334, 3338, 3689, 3327, 1935, 1556], [2545, 3255, 2014, 3423, 1556, 273, 2183, 2287], [2168, 1386, 2123, 1748, 1736, 1470, 437, 412], [1026, 850, 2183, 569, 2558, 3174, 2879, 3994], [3403, 1971, 2553, 2242, 696, 2161, 3849, 601], [569, 2628, 2558, 2742, 1313, 2051, 2876, 2898], [2964, 2123, 3091, 3262, 3364, 3193, 1273, 3584], [2659, 4091, 3689, 2754, 1966, 3836, 2480, 1480], [437, 2659, 1313, 3156, 2679, 3400, 2771, 1941], [130, 231, 523, 969, 127, 412, 3018, 520], [2082, 666, 1966, 1987, 3961, 2207, 2209, 4024], [1517, 964, 3090, 3906, 742, 1277, 2898, 4261], [1313, 3755, 2244, 858, 960, 2683, 3251, 3574], [684, 19, 1703, 2664, 2070, 288, 2177, 1756], [843, 3111, 2110, 2694, 3060, 2705, 4083, 1501], [3327, 3649, 4261, 3404, 3279, 2287, 3397, 484], [2242, 2038, 1422, 1402, 1399, 1968, 3920, 1391], [603, 455, 638, 720, 3689, 4300, 1577, 1784], [3754, 3481, 1454, 3360, 1424, 470, 2069, 3196], [921, 2714, 959, 2204, 719, 1610, 2073, 843], [2548, 2849, 2123, 4064, 1509, 1413, 1579, 1732], [4261, 2260, 3655, 2522, 3106, 3219, 3800, 3107], [850, 1935, 3224, 617, 1258, 1879, 3955, 2659], [818, 167, 2249, 1930, 4223, 199, 4216, 457], [2879, 1517, 3174, 2069, 3295, 1277, 1649, 1258], [1736, 2188, 2074, 3687, 2641, 3272, 3250, 3255], [3740, 3726, 3395, 49, 1584, 689, 845, 3836], [833, 823, 1778, 639, 405, 855, 3188, 1168], [1206, 2832, 2118, 3855, 4183, 3852, 433, 1514], [2074, 330, 2030, 2168, 2010, 2176, 2662, 2123], [401, 853, 2208, 515, 1313, 4253, 4258, 2242], [560, 2641, 2296, 550, 3621, 2760, 2143, 3641]]}, "demosthenes_aeschynes_1861": {"tgt_lang": "fr", "transl_top1": 0.1095890410958904, "transl_top5": 0.2054794520547945, "transl_top10": 0.2328767123287671, "num_nulls": 0, "num_tgt_sents": 36182,