{"num_src_sents": 227, "plutarch_nd": {"tgt_lang": "de", "transl_top1": 0.42731277533039647, "transl_top5": 0.5859030837004405, "transl_top10": 0.6519823788546255, "num_nulls": 0, "num_tgt_sents": 10643, "retrieval_preds": [[4854, 4834, 5228, 4832, 9978, 1, 5052, 1023], [5294, 4837, 3275, 7869, 4898, 5228, 4835, 7915], [4837, 7751, 2223, 9957, 89, 7886, 7681, 7219], [4898, 7895, 4861, 5697, 5239, 5265, 2199, 5248], [10047, 5266, 8631, 7996, 10053, 5239, 5248, 10374], [2305, 4841, 6333, 4010, 5248, 8318, 6081, 7656], [4849, 5294, 4837, 4835, 5239, 4850, 5261, 5268], [4854, 4166, 565, 3495, 4837, 4855, 2657, 5239], [10089, 6065, 3530, 5338, 5268, 1655, 5463, 5911], [4859, 9489, 6559, 5066, 6511, 9340, 10035, 7479], [119, 1010, 6394, 6330, 2918, 786, 2786, 3772], [4861, 7555, 5248, 7157, 9489, 7751, 7656, 9695], [4863, 3956, 2470, 8924, 9559, 1082, 7745, 5266], [4227, 202, 871, 5730, 5604, 1606, 4159, 2400], [5558, 7545, 10554, 4871, 855, 9750, 6305, 8790], [5324, 5682, 3794, 431, 3706, 7789, 1200, 6557], [5266, 4875, 7684, 5239, 7510, 5248, 1546, 7685], [9289, 6003, 2296, 527, 9262, 2249, 9457, 7039], [5370, 5196, 5340, 349, 9757, 9759, 3900, 7155], [2216, 6305, 8040, 5752, 7332, 6781, 5378, 5898], [5675, 9761, 5697, 10378, 5196, 4861, 5239, 9382], [833, 3119, 972, 723, 3498, 8847, 4015, 3644], [7188, 459, 66, 5528, 4890, 6339, 7309, 1331], [8983, 8154, 10176, 5244, 474, 5365, 290, 8547], [4894, 4227, 5239, 5248, 10069, 9601, 310, 5249], [4898, 4227, 4861, 721, 5697, 5239, 1228, 9949], [4901, 7995, 3773, 6009, 5172, 3458, 3792, 9340], [4903, 10558, 1018, 5821, 6630, 841, 4340, 4166], [10053, 10315, 8994, 6460, 5370, 553, 10518, 8787], [2647, 8677, 1001, 725, 5883, 758, 9957, 2590], [4910, 5169, 4902, 4928, 1658, 6592, 10109, 2511], [4875, 5239, 5323, 5231, 6064, 4555, 5248, 1060], [4915, 8551, 5087, 5178, 1737, 4993, 1280, 8632], [4917, 2320, 8164, 4567, 9217, 10080, 525, 2425], [4915, 4919, 5130, 1737, 5120, 975, 5159, 872], [7295, 7728, 7085, 3919, 6850, 6884, 1520, 7719], [4925, 4252, 10047, 2144, 6568, 2252, 5221, 5301], [4926, 2066, 2496, 4951, 8612, 9273, 5549, 4936], [6854, 6567, 3176, 30, 1694, 5239, 8545, 6126], [5604, 407, 631, 1694, 2430, 30, 10295, 9773], [4933, 7949, 1730, 3533, 1622, 406, 1150, 9318], [1787, 6429, 10199, 9274, 1606, 1843, 6558, 7864], [4936, 116, 6694, 4276, 5387, 123, 3439, 4123], [4937, 5042, 1287, 5852, 5809, 4044, 7678, 9574], [4939, 3485, 4963, 4960, 6023, 8596, 944, 4610], [4941, 1193, 5821, 2718, 5169, 5508, 5266, 4440], [5654, 4207, 1171, 5522, 6991, 8178, 4895, 10392], [4227, 10556, 4943, 5821, 24, 2252, 10558, 5239], [4946, 5821, 2400, 4941, 1018, 2582, 352, 9483], [7693, 8753, 348, 1996, 2511, 5304, 10502, 7705], [4946, 5821, 6740, 4941, 4943, 3513, 1253, 9027], [4160, 5854, 4517, 7365, 7682, 4152, 7684, 5134], [582, 5821, 4959, 4837, 631, 721, 310, 5697], [6262, 3552, 4963, 289, 6123, 5733, 7173, 5059], [4041, 8404, 3856, 6545, 9994, 4680, 10268, 1807], [4967, 2310, 5331, 4995, 5299, 7493, 5146, 10480], [4968, 4983, 4976, 4972, 5692, 4986, 5910, 5750], [7085, 7309, 2488, 5508, 7870, 2470, 3524, 7685], [6559, 5239, 1228, 4861, 9829, 960, 5248, 5266], [4977, 2460, 580, 631, 5266, 67, 7913, 3866], [10041, 730, 8154, 803, 7913, 993, 390, 10282], [4980, 899, 8924, 4157, 4641, 4340, 5604, 2283], [4982, 5191, 5056, 1611, 4281, 5135, 3994, 7508], [5248, 4985, 5239, 1082, 9206, 4984, 9027, 4986], [4986, 9683, 5050, 10254, 2098, 5896, 5004, 9816], [7909, 1787, 7719, 2693, 7519, 4802, 9712, 4156], [4042, 5807, 7944, 6670, 9199, 7456, 1173, 5420], [7640, 10414, 2556, 4836, 5463, 7363, 8708, 6423], [4993, 5065, 9383, 8025, 5750, 7224, 1698, 9012], [4997, 5604, 2199, 152, 2410, 2763, 10269, 6429], [471, 6723, 5103, 9271, 5786, 4227, 5604, 4863], [5001, 2033, 6818, 5745, 5844, 8895, 8693, 3777], [263, 2144, 5001, 8919, 8963, 3071, 3764, 6568], [5004, 5050, 4160, 4863, 7705, 7377, 2443, 4948], [5005, 2308, 5643, 5478, 5323, 8253, 2247, 264], [5006, 3685, 9783, 5067, 1383, 3355, 7188, 756], [5008, 5878, 2251, 5052, 5913, 9879, 4881, 9797], [5010, 2199, 5956, 9009, 7864, 5239, 2602, 5219], [468, 5239, 631, 254, 5604, 5657, 675, 1228], [10295, 10518, 2035, 4227, 9260, 5239, 2217, 6559], [5022, 2346, 9823, 8046, 9096, 4588, 773, 1251], [5025, 8003, 10445, 2911, 10069, 9891, 1477, 8153], [5026, 10211, 6248, 6398, 2569, 5709, 1506, 6936], [212, 5027, 2527, 7816, 9811, 935, 9556, 2557], [5028, 2735, 6308, 5956, 5004, 9655, 5121, 5615], [5030, 5702, 9318, 4653, 5731, 2464, 7944, 10304], [5032, 5031, 9223, 5145, 10355, 1200, 7008, 7468], [9757, 7085, 5697, 7372, 5033, 9761, 7155, 5131], [5036, 5034, 6064, 6845, 5033, 2597, 5189, 1717], [5037, 10556, 2741, 589, 514, 4841, 3771, 972], [5040, 4983, 9009, 9001, 1822, 5677, 5906, 5899], [5041, 2664, 8166, 10207, 569, 6221, 2033, 8754], [4340, 2217, 5613, 7689, 4315, 5730, 10301, 2400], [4340, 5239, 2115, 9489, 7668, 6072, 1520, 4157], [5072, 3421, 5088, 5056, 5065, 4915, 1383, 761], [4159, 10047, 5924, 875, 4227, 7545, 310, 10556], [6072, 9260, 5604, 5266, 5032, 2205, 6559, 5329], [5065, 9393, 5072, 5055, 8441, 4207, 5088, 4866], [5066, 10154, 753, 6193, 4841, 6532, 5208, 9495], [5067, 5214, 9192, 6988, 5959, 8473, 4819, 5072], [8072, 2735, 9213, 7771, 1528, 8607, 8692, 4367], [5072, 3654, 4993, 5081, 8024, 5055, 5073, 8332], [1836, 5074, 1853, 5889, 2422, 2561, 9216, 7341], [4993, 2400, 3654, 5078, 2582, 10543, 6882, 5077], [5079, 10393, 3437, 6111, 9044, 6425, 6154, 10523], [5697, 1520, 73, 721, 10445, 1859, 5705, 5744], [67, 530, 721, 9027, 5959, 1228, 3176, 1520], [5103, 2814, 9821, 8526, 10340, 8214, 4227, 1520], [5103, 5104, 5596, 10465, 7864, 10276, 8926, 5613], [5104, 9671, 9648, 5121, 5639, 5319, 2763, 3007], [5065, 5072, 9618, 6017, 2631, 5055, 5167, 8549], [5105, 7592, 5239, 5106, 9579, 8897, 2100, 6031], [5678, 1606, 24, 8113, 6655, 4227, 7996, 5239], [5604, 5239, 4861, 5657, 2199, 4887, 7295, 2115], [9224, 3866, 474, 4664, 3599, 5605, 6707, 8561], [3817, 5087, 9859, 6749, 10460, 9485, 6170, 10541], [5121, 5104, 73, 7057, 407, 1868, 5028, 1995], [73, 67, 9027, 9891, 5517, 8514, 7991, 1253], [5239, 5147, 5130, 5248, 5266, 4983, 4985, 8538], [5131, 3581, 67, 7717, 7699, 8433, 5854, 4985], [5133, 8414, 10556, 1363, 582, 10318, 8157, 553], [553, 5136, 582, 5239, 2430, 8631, 9503, 4157], [5266, 5821, 7656, 4340, 553, 10053, 2217, 4156], [721, 4157, 5147, 9750, 7809, 749, 2199, 2035], [5821, 5147, 582, 5819, 721, 2180, 8513, 5239], [5147, 4915, 5130, 9466, 4875, 5225, 7899, 5292], [5149, 9983, 5924, 1540, 6122, 9373, 6494, 6190], [5150, 116, 1255, 10309, 8651, 9952, 8302, 6399], [5152, 1843, 9403, 9076, 10427, 9404, 10325, 3421], [5153, 8772, 6854, 982, 6013, 4300, 8319, 6445], [5159, 5156, 10076, 3492, 5196, 5004, 5147, 2602], [9045, 283, 4159, 8417, 9438, 4082, 7059, 7662], [10538, 4227, 5147, 8994, 5239, 5697, 10629, 4291], [6559, 5239, 7295, 5168, 310, 3187, 5956, 5467], [5821, 9027, 310, 4227, 5697, 553, 582, 1228], [9206, 8843, 9706, 1084, 526, 9761, 1060, 9850], [9757, 8620, 1228, 8476, 5959, 8319, 908, 721], [9244, 1228, 5194, 1351, 5657, 8731, 1366, 8927], [5186, 3436, 5784, 7753, 5192, 566, 1291, 921], [5186, 2816, 10106, 5899, 5463, 4925, 7813, 1193], [5187, 5710, 2511, 851, 187, 5331, 3240, 10030], [5188, 5036, 9579, 7159, 5513, 7261, 1018, 7911], [5189, 10100, 494, 1613, 10531, 5190, 5760, 6335], [5191, 3240, 4386, 4912, 3679, 6200, 10086, 2543], [5192, 5942, 5821, 5186, 908, 8834, 6882, 9757], [721, 9757, 5823, 5193, 582, 5821, 7067, 6882], [5196, 1280, 8319, 1655, 5219, 3275, 5197, 3145], [9411, 5196, 3307, 891, 8590, 2850, 9415, 8506], [7133, 566, 7753, 8166, 828, 5037, 872, 2643], [9594, 10010, 4730, 6881, 5033, 7203, 9591, 4941], [6837, 780, 2429, 5202, 2085, 5959, 549, 582], [5911, 582, 616, 8660, 8440, 5202, 5196, 9712], [5206, 6644, 8693, 4757, 2212, 9344, 6650, 290], [5208, 1781, 3060, 1480, 5946, 5758, 3397, 5941], [868, 7543, 6419, 2731, 10629, 1479, 9230, 458], [721, 1228, 5211, 7159, 7155, 7145, 8071, 5650], [1398, 5294, 9619, 4898, 5214, 10176, 8378, 