{"num_src_sents": 11, "plutarch_5_1844": {"tgt_lang": "fr", "transl_top1": 0.36363636363636365, "transl_top5": 0.7272727272727273, "transl_top10": 0.9090909090909091, "num_nulls": 0, "num_tgt_sents": 5916}, "plutarch_4_1844": {"tgt_lang": "fr", "transl_top1": 0.0, "transl_top5": 0.18181818181818182, "transl_top10": 0.18181818181818182, "num_nulls": 0, "num_tgt_sents": 6665}, "num_translations": 2, "text_top1": 0.18181818181818182, "text_top5": 0.4545454545454546, "text_top10": 0.5454545454545454}