{"num_src_sents": 628, "cicero_1871_15": {"tgt_lang": "de", "transl_top1": 0.012738853503184714, "transl_top5": 0.03980891719745223, "transl_top10": 0.0875796178343949, "num_nulls": 0, "num_tgt_sents": 3588}, "cicero_1855-1895_16": {"tgt_lang": "de", "transl_top1": 0.7292993630573248, "transl_top5": 0.8710191082802548, "transl_top10": 0.9363057324840764, "num_nulls": 0, "num_tgt_sents": 5529}, "num_translations": 2, "text_top1": 0.37101910828025475, "text_top5": 0.4554140127388535, "text_top10": 0.5119426751592356}