{"num_src_sents": 94, "demosthenes_1_1863": {"tgt_lang": "fr", "transl_top1": 0.2553191489361702, "transl_top5": 0.3829787234042553, "transl_top10": 0.5106382978723404, "num_nulls": 0, "num_tgt_sents": 3406, "retrieval_preds": [[3001, 3152, 836, 1080, 2410, 2353, 1250, 1118], [565, 2604, 1883, 2252, 1271, 1299, 1803, 2716], [2725, 3126, 2261, 2374, 1250, 3197, 2997, 1976], [3007, 3291, 3314, 3287, 2724, 17, 1031, 1299], [3009, 3315, 2382, 1622, 3011, 667, 3143, 3112], [3010, 2995, 1397, 3289, 3075, 1637, 1276, 1260], [2261, 3011, 2382, 2410, 2353, 3364, 1634, 2384], [2261, 3143, 2294, 680, 3013, 3112, 3011, 414], [261, 13, 2821, 793, 715, 3247, 2866, 3319], [1877, 3315, 1118, 2410, 2353, 1630, 1939, 172], [3019, 3197, 2243, 3126, 2382, 2890, 323, 2349], [2581, 2099, 850, 2406, 512, 809, 1435, 2092], [2888, 1946, 1653, 3377, 3134, 2463, 2459, 3339], [3022, 3315, 3289, 3197, 836, 3126, 69, 3012], [3024, 1437, 687, 854, 3287, 851, 2065, 3011], [1553, 2478, 310, 1395, 3025, 3383, 3209, 2864], [3126, 1323, 836, 3026, 3221, 3027, 3, 3315], [3098, 3028, 3024, 1396, 3389, 646, 3331, 2436], [3126, 3112, 3364, 3197, 3250, 2261, 2349, 2382], [3033, 3028, 3364, 2008, 3035, 3171, 3077, 3263], [687, 3198, 1107, 524, 2559, 3269, 267, 1437], [2222, 1498, 3149, 3016, 275, 2257, 3186, 378], [655, 2145, 1524, 729, 2688, 2779, 2578, 1427], [2895, 1753, 2590, 2593, 1915, 2345, 3074, 1670], [3038, 468, 637, 1445, 2256, 2039, 1958, 2969], [2414, 1524, 885, 1943, 3358, 2757, 1865, 3246], [3040, 2382, 2730, 2559, 2725, 1622, 2384, 2261], [1424, 836, 2246, 565, 2553, 457, 1054, 3269], [3042, 3343, 836, 1437, 1026, 1373, 1637, 2353], [1724, 821, 973, 36, 967, 150, 3165, 1881], [1637, 3046, 2225, 2489, 2408, 1787, 2475, 1774], [2225, 1077, 748, 1413, 267, 3040, 1437, 2475], [3040, 3050, 3051, 15, 80, 3071, 2475, 748], [3050, 2550, 1846, 3056, 3071, 3062, 3069, 3052], [3065, 3061, 3057, 259, 3052, 1427, 1846, 694], [2585, 110, 2253, 1257, 2211, 3046, 973, 324], [2581, 2699, 433, 2916, 2864, 2406, 1016, 1917], [3056, 3070, 3052, 3071, 3063, 3057, 3065, 3061], [3063, 3071, 3070, 3040, 3050, 3056, 3062, 2552], [2353, 3065, 1773, 3070, 387, 3052, 1884, 2559], [3066, 2343, 2341, 2928, 3070, 2863, 2474, 836], [3071, 3070, 3056, 3063, 3040, 3057, 3068, 3065], [1424, 2988, 3384, 3072, 3051, 3126, 1002, 3052], [3073, 836, 3075, 2643, 2649, 1881, 250, 1286], [3076, 836, 251, 1118, 3088, 2730, 2725, 1883], [2350, 2145, 1447, 2762, 2223, 2556, 2916, 2319], [2098, 2016, 273, 1916, 2716, 1594, 2545, 2872], [2946, 2590, 2593, 2857, 2666, 2895, 948, 991], [2065, 2489, 2408, 1781, 2158, 1772, 702, 2225], [3081, 2179, 1342, 1337, 1505, 2209, 2152, 3099], [3315, 2246, 1080, 15, 1526, 3200, 704, 3040], [1424, 2382, 251, 2730, 957, 1884, 2889, 2246], [3088, 163, 1832, 3393, 849, 108, 580, 3108], [3090, 3181, 1054, 3319, 651, 1047, 1230, 1274], [3092, 3097, 2368, 3094, 826, 2688, 2959, 2969], [1215, 2972, 1933, 3118, 1964, 2247, 413, 1575], [2894, 2110, 1921, 2969, 1383, 2136, 2418, 1447], [2972, 1964, 3118, 2148, 2051, 2942, 1933, 1452], [606, 3096, 1188, 1409, 3337, 2406, 1495, 2581], [3097, 3040, 3094, 3092, 2969, 2418, 2894, 1921], [3098, 2436, 3028, 3303, 3331, 1064, 2039, 1738], [3099, 836, 1436, 2246, 442, 704, 2261, 33], [2006, 1107, 3356, 2353, 1026, 1814, 1634, 2410], [1250, 2353, 2552, 354, 3001, 1156, 3105, 2575], [261, 2829, 1204, 468, 1103, 3098, 183, 1030], [1840, 1605, 1300, 115, 2259, 1161, 2784, 1264], [3108, 1274, 2055, 1090, 3242, 3107, 381, 3319], [3109, 2552, 2261, 1152, 1884, 3110, 2855, 3001], [82, 1054, 1892, 1259, 1557, 2414, 197, 115], [3112, 2382, 1379, 3287, 3315, 2410, 3364, 3009], [3113, 850, 1019, 2003, 2099, 1447, 2916, 192], [3114, 1384, 1382, 1651, 3094, 1536, 1650, 2249], [3116, 3294, 3333, 1819, 2721, 2152, 2584, 494], [3117, 2464, 1167, 2889, 3139, 1767, 2399, 2286], [1915, 2587, 2979, 3307, 1670, 1748, 2867, 3163], [2382, 1524, 578, 667, 172, 981, 3269, 3364], [967, 836, 2742, 3140, 1881, 654, 3141, 776], [3125, 3112, 1634, 1246, 981, 2243, 2559, 2382], [3126, 687, 1346, 683, 2378, 3250, 2289, 2261], [2863, 262, 2727, 1591, 2617, 324, 3, 2509], [3127, 3137, 646, 491, 3028, 2053, 1866, 210], [1683, 3128, 753, 650, 3137, 702, 1595, 578], [3126, 3131, 1713, 3140, 3235, 2465, 251, 2767], [3132, 3126, 2383, 1274, 2349, 1617, 3224, 3364], [2730, 3364, 2382, 2835, 3126, 172, 3133, 2410], [3315, 3364, 2382, 3133, 3019, 1808, 299, 2410], [3040, 2410, 748, 1524, 1875, 2725, 3315, 3112], [670, 3141, 408, 3107, 2527, 718, 2829, 671], [3142, 1622, 615, 1246, 3352, 1505, 1379, 2288], [3137, 753, 702, 1107, 1459, 2891, 3011, 2261], [459, 2740, 2617, 13, 935, 1791, 1123, 70], [3042, 2065, 2158, 1283, 1437, 3328, 1296, 1046], [3289, 3291, 2382, 3126, 2987, 2997, 1080, 3315], [3181, 1107, 2678, 3126, 197, 2723, 2006, 1054]]}, "demosthenes_aeschynes_1861": {"tgt_lang": "fr", "transl_top1": 0.1276595744680851, "transl_top5": 0.20212765957446807, "transl_top10": 0.24468085106382978, "num_nulls": 0, "num_tgt_sents": 36182,