{"num_src_sents": 27, "plutarch_1898_ethical": {"tgt_lang": "en", "transl_top1": 0.07407407407407407, "transl_top5": 0.18518518518518517, "transl_top10": 0.2962962962962963, "num_nulls": 0, "num_tgt_sents": 5242}, "plutarch_1_1844": {"tgt_lang": "fr", "transl_top1": 0.037037037037037035, "transl_top5": 0.07407407407407407, "transl_top10": 0.1111111111111111, "num_nulls": 0, "num_tgt_sents": 8121}, "plutarch_2_1844": {"tgt_lang": "fr", "transl_top1": 0.0, "transl_top5": 0.1111111111111111, "transl_top10": 0.18518518518518517, "num_nulls": 0, "num_tgt_sents": 7523}, "num_translations": 3, "text_top1": 0.037037037037037035, "text_top5": 0.12345679012345678, "text_top10": 0.19753086419753085}