{"num_src_sents": 69, "plutarch_1898_ethical": {"tgt_lang": "en", "transl_top1": 0.5652173913043478, "transl_top5": 0.7246376811594203, "transl_top10": 0.8260869565217391, "num_nulls": 0, "num_tgt_sents": 5242}, "plutarch_5_1844": {"tgt_lang": "fr", "transl_top1": 0.014492753623188406, "transl_top5": 0.08695652173913043, "transl_top10": 0.18840579710144928, "num_nulls": 0, "num_tgt_sents": 5916}, "plutarch_4_1844": {"tgt_lang": "fr", "transl_top1": 0.36231884057971014, "transl_top5": 0.5507246376811594, "transl_top10": 0.6521739130434783, "num_nulls": 0, "num_tgt_sents": 6665}, "num_translations": 3, "text_top1": 0.31400966183574874, "text_top5": 0.45410628019323673, "text_top10": 0.5555555555555556}