{"num_src_sents": 990, "demosthenes_1855": {"tgt_lang": "en", "transl_top1": 0.4818181818181818, "transl_top5": 0.6373737373737374, "transl_top10": 0.706060606060606, "num_nulls": 0, "num_tgt_sents": 7070}, "demosthenes_aeschynes_1861": {"tgt_lang": "fr", "transl_top1": 0.18282828282828284, "transl_top5": 0.3, "transl_top10": 0.3565656565656566, "num_nulls": 3, "num_tgt_sents": 36182}, "num_translations": 2, "text_top1": 0.33232323232323235, "text_top5": 0.4686868686868687, "text_top10": 0.5313131313131313}