{"num_src_sents": 859, "euripides_2_1884": {"tgt_lang": "fr", "transl_top1": 0.051222351571594875, "transl_top5": 0.10244470314318975, "transl_top10": 0.1350407450523865, "num_nulls": 0, "num_tgt_sents": 6695}, "euripides_1852_3": {"tgt_lang": "de", "transl_top1": 0.04307334109429569, "transl_top5": 0.08963911525029103, "transl_top10": 0.12922002328288706, "num_nulls": 0, "num_tgt_sents": 4706}, "euripides_1_1884": {"tgt_lang": "fr", "transl_top1": 0.009313154831199068, "transl_top5": 0.02910360884749709, "transl_top10": 0.050058207217694994, "num_nulls": 0, "num_tgt_sents": 6832}, "euripides_1914": {"tgt_lang": "it", "transl_top1": 0.0570430733410943, "transl_top5": 0.1408614668218859, "transl_top10": 0.1781140861466822, "num_nulls": 0, "num_tgt_sents": 1759}, "num_translations": 4, "text_top1": 0.040162980209545986, "text_top5": 0.09051222351571594, "text_top10": 0.12310826542491268}