{"num_src_sents": 441, "Tacitus_1_1855-1905": {"tgt_lang": "de", "transl_top1": 0.7006802721088435, "transl_top5": 0.8662131519274376, "transl_top10": 0.9229024943310657, "num_nulls": 0, "num_tgt_sents": 9718}, "tacitus_1855_2": {"tgt_lang": "de", "transl_top1": 0.009070294784580499, "transl_top5": 0.03854875283446712, "transl_top10": 0.07029478458049887, "num_nulls": 0, "num_tgt_sents": 9753}, "tacitus_1_1853": {"tgt_lang": "fr", "transl_top1": 0.009070294784580499, "transl_top5": 0.047619047619047616, "transl_top10": 0.08390022675736962, "num_nulls": 0, "num_tgt_sents": 9974}, "tacitus_1858": {"tgt_lang": "fr", "transl_top1": 0.7097505668934241, "transl_top5": 0.8775510204081632, "transl_top10": 0.9229024943310657, "num_nulls": 0, "num_tgt_sents": 14712}, "num_translations": 4, "text_top1": 0.3571428571428572, "text_top5": 0.4574829931972789, "text_top10": 0.5}