{"num_src_sents": 1495, "ovid_1882_2": {"tgt_lang": "de", "transl_top1": 0.6341137123745819, "transl_top5": 0.8321070234113712, "transl_top10": 0.9117056856187291, "num_nulls": 0, "num_tgt_sents": 10840}, "ovid_1881": {"tgt_lang": "en", "transl_top1": 0.6655518394648829, "transl_top5": 0.9217391304347826, "transl_top10": 1.0160535117056857, "num_nulls": 0, "num_tgt_sents": 9995}, "ovid_1850": {"tgt_lang": "fr", "transl_top1": 0.4160535117056856, "transl_top5": 0.6040133779264214, "transl_top10": 0.6749163879598662, "num_nulls": 0, "num_tgt_sents": 27705}, "ovid_1855-1890_1": {"tgt_lang": "de", "transl_top1": 0.005351170568561873, "transl_top5": 0.018060200668896322, "transl_top10": 0.032107023411371234, "num_nulls": 0, "num_tgt_sents": 7974}, "ovid_1866-1897_3": {"tgt_lang": "de", "transl_top1": 0.006688963210702341, "transl_top5": 0.022073578595317726, "transl_top10": 0.03678929765886288, "num_nulls": 0, "num_tgt_sents": 7793}, "num_translations": 7, "text_top1": 0.2468227424749164, "text_top5": 0.34257047300525567, "text_top10": 0.3816531294792165}