{"num_src_sents": 349, "demosthenes_1902": {"tgt_lang": "en", "transl_top1": 0.3495702005730659, "transl_top5": 0.5415472779369628, "transl_top10": 0.6446991404011462, "num_nulls": 0, "num_tgt_sents": 6778}, "demosthenes_aeschynes_1861": {"tgt_lang": "fr", "transl_top1": 0.0057306590257879654, "transl_top5": 0.017191977077363897, "transl_top10": 0.03724928366762178, "num_nulls": 0, "num_tgt_sents": 36182}, "num_translations": 2, "text_top1": 0.17765042979942694, "text_top5": 0.2793696275071633, "text_top10": 0.340974212034384}