{"num_src_sents": 272, "isocrates_1835_5": {"tgt_lang": "de", "transl_top1": 0.15808823529411764, "transl_top5": 0.25, "transl_top10": 0.2867647058823529, "num_nulls": 0, "num_tgt_sents": 4051}, "isocrates_1832_1": {"tgt_lang": "de", "transl_top1": 0.6213235294117647, "transl_top5": 0.8272058823529411, "transl_top10": 0.8860294117647058, "num_nulls": 0, "num_tgt_sents": 3528}, "sophistesGrecs_1842": {"tgt_lang": "fr", "transl_top1": 0.19852941176470587, "transl_top5": 0.3786764705882353, "transl_top10": 0.4375, "num_nulls": 0, "num_tgt_sents": 7988}, "num_translations": 3, "text_top1": 0.32598039215686275, "text_top5": 0.48529411764705876, "text_top10": 0.5367647058823529}