{"num_src_sents": 19, "plutarch_1_1906": {"tgt_lang": "en", "transl_top1": 0.0, "transl_top5": 0.05263157894736842, "transl_top10": 0.15789473684210525, "num_nulls": 0, "num_tgt_sents": 6800, "retrieval_preds": [[1181, 4629, 6771, 1142, 25, 147, 2910, 3155], [6524, 1234, 4960, 2914, 4116, 4085, 3202, 6342], [6187, 6776, 6005, 3441, 3133, 3391, 1968, 3351], [6187, 1228, 4763, 6661, 4051, 6005, 4119, 4502], [1227, 5241, 358, 4960, 645, 5129, 6253, 4750], [6776, 6524, 3133, 6414, 6680, 5418, 6433, 1637], [4252, 4771, 4636, 4000, 6508, 2861, 2206, 4119], [5110, 1622, 641, 1658, 4962, 1892, 2965, 2094], [6661, 5836, 4146, 3213, 6187, 3579, 902, 4116], [6154, 902, 1186, 1258, 6090, 5038, 4530, 5482], [1156, 1806, 6661, 1968, 3213, 4960, 3899, 4510], [6511, 3089, 6415, 6508, 4777, 3902, 4827, 2911], [6702, 2113, 1184, 3635, 6066, 5714, 6701, 683], [4119, 4789, 5172, 3144, 6574, 2900, 4778, 2911], [3441, 6187, 3133, 6680, 6005, 29, 4763, 4613], [1830, 6189, 1137, 738, 4138, 6520, 5813, 6661], [6766, 740, 1889, 293, 4369, 2914, 4429, 2249], [2861, 2910, 6201, 4052, 4169, 4234, 2849, 1789], [1196, 445, 6746, 2099, 6797, 3986, 938, 1203]]}, "plutarch_2_1908": {"tgt_lang": "en", "transl_top1": 0.15789473684210525, "transl_top5": 0.3157894736842105, "transl_top10": 0.3157894736842105, "num_nulls": 0, "num_tgt_sents": 5773, "retrieval_preds": [[844, 28, 1198, 2890, 852, 1398, 4730, 836], [845, 5582, 29, 3146, 44, 2156, 2890, 4207], [4344, 687, 2315, 3235, 5019, 3133, 235, 895], [849, 852, 863, 4396, 2156, 235, 3304, 1114], [852, 2204, 853, 2334, 2755, 2610, 4662, 3133], [3133, 3020, 2409, 2957, 5421, 5459, 1876, 4231], [860, 758, 440, 309, 5067, 263, 852, 871], [862, 5243, 597, 5396, 5415, 1174, 3539, 1132], [863, 852, 4658, 687, 1705, 4344, 2755, 2610], [864, 720, 5434, 3507, 1831, 5423, 1706, 5529], [586, 683, 4658, 3145, 3343, 831, 271, 959], [869, 2224, 871, 2180, 413, 337, 278, 5046], [870, 924, 2426, 4941, 10, 4884, 5520, 2148], [871, 263, 869, 359, 4959, 848, 410, 860], [873, 5421, 4214, 3133, 5628, 487, 5459, 3174], [874, 1203, 3593, 964, 1146, 4281, 819, 1847], [875, 213, 4128, 1665, 1498, 208, 3708, 2495], [876, 413, 312, 4207, 313, 2412, 1989, 2785], [5723, 879, 1730, 1345, 4884, 4995, 3261, 2620]]}, "num_translations": 2, "text_top1": 0.07894736842105263, "text_top5": 0.18421052631578946, "text_top10": 0.23684210526315788}