{"num_src_sents": 161, "sophistesGrecs_1842": {"tgt_lang": "fr", "transl_top1": 0.2919254658385093, "transl_top5": 0.453416149068323, "transl_top10": 0.5403726708074534, "num_nulls": 0, "num_tgt_sents": 7988}, "num_translations": 1, "text_top1": 0.2919254658385093, "text_top5": 0.453416149068323, "text_top10": 0.5403726708074534}