{"num_src_sents": 33, "corneliusNepos_1856": {"tgt_lang": "de", "transl_top1": 0.6060606060606061, "transl_top5": 0.7575757575757576, "transl_top10": 0.7878787878787878, "num_nulls": 0, "num_tgt_sents": 2320, "retrieval_preds": [[1726, 2017, 11, 1753, 1760, 1469, 1066, 1992], [1232, 2257, 1849, 1110, 1278, 722, 1406, 267], [1727, 1574, 1160, 1870, 603, 1406, 1270, 510], [1728, 1435, 431, 1359, 791, 986, 1606, 813], [1729, 1359, 2265, 825, 824, 823, 1070, 134], [1730, 194, 878, 845, 1288, 846, 744, 2300], [1731, 1185, 1375, 750, 1727, 232, 1543, 755], [1732, 1529, 956, 1359, 1070, 685, 1483, 55], [1733, 225, 1370, 948, 930, 269, 226, 334], [1734, 566, 1682, 1440, 958, 1596, 204, 706], [1735, 1794, 1594, 508, 1145, 1574, 1357, 436], [1736, 984, 752, 1740, 1638, 1456, 779, 1650], [1737, 885, 2167, 511, 466, 1682, 1576, 1807], [1738, 1655, 1335, 750, 273, 791, 652, 1126], [1741, 1523, 1475, 1752, 1483, 1646, 1458, 1624], [1742, 1460, 1528, 562, 1612, 1190, 715, 1753], [1743, 1386, 535, 834, 787, 392, 851, 2265], [1744, 1917, 985, 257, 2265, 1078, 1271, 1481], [1745, 1481, 242, 306, 488, 1837, 774, 374], [1746, 882, 825, 877, 857, 839, 837, 875], [1748, 1747, 2111, 958, 570, 1016, 757, 2092], [1749, 678, 1492, 511, 1934, 1603, 832, 444], [1750, 403, 1991, 1682, 177, 1827, 984, 157], [2009, 2107, 312, 1751, 1983, 1705, 929, 776], [1751, 1752, 719, 1677, 591, 824, 1375, 2282], [1753, 1612, 1608, 1578, 986, 108, 359, 1757], [1754, 1578, 1481, 1608, 1498, 503, 1755, 1762], [1755, 489, 1578, 1757, 608, 1608, 357, 622], [1840, 985, 1248, 528, 1544, 2123, 1138, 1563], [1756, 2272, 2167, 1737, 1220, 856, 1796, 1177], [1757, 108, 1758, 1753, 665, 1356, 1653, 835], [1758, 1763, 431, 2035, 1364, 1481, 456, 1078], [1759, 1067, 1803, 1802, 1884, 564, 77, 1885]]}, "justin_cNepos_eutropius_1902": {"tgt_lang": "en", "transl_top1": 0.6060606060606061, "transl_top5": 0.6666666666666666, "transl_top10": 0.6666666666666666, "num_nulls": 0, "num_tgt_sents": 9841, "retrieval_preds": [[6224, 6253, 282, 6221, 4499, 6244, 3302, 3930], [5378, 5606, 6491, 5628, 5143, 6643, 3941, 6525], [6225, 5652, 4364, 5361, 6643, 6122, 5480, 327], [6226, 2120, 1411, 5876, 5931, 1173, 4920, 6220], [6227, 1004, 166, 263, 7732, 1098, 5870, 3405], [6229, 3441, 581, 1554, 1630, 742, 577, 1544], [6230, 8761, 4364, 6933, 9767, 4638, 8746, 8601], [6231, 1289, 9786, 9440, 9033, 2721, 8903, 5089], [6232, 4766, 4792, 3943, 3313, 739, 5567, 4823], [6233, 3123, 5701, 8393, 6094, 427, 5937, 2284], [6234, 2092, 4432, 958, 6282, 6137, 3552, 5443], [6235, 7924, 6123, 8014, 2670, 8019, 3588, 7245], [6236, 3085, 4229, 3160, 6826, 5310, 1752, 1306], [6238, 6237, 4111, 747, 4390, 6850, 6838, 8214], [6240, 3588, 2102, 3499, 3185, 8379, 7767, 282], [6241, 1577, 9186, 2161, 9065, 1288, 2453, 1516], [6243, 8150, 1480, 8155, 5262, 2574, 1689, 360], [6244, 7008, 2570, 8166, 1268, 6991, 3247, 2559], [6245, 3300, 5262, 3314, 7514, 689, 7031, 5987], [6246, 5308, 2770, 5369, 6178, 8957, 9713, 2857], [6247, 5935, 1620, 7801, 6714, 958, 5718, 8369], [6249, 6696, 8446, 5481, 6170, 5382, 6634, 3181], [4998, 3445, 937, 6181, 2612, 8393, 5386, 4918], [1501, 7843, 7875, 4132, 6804, 2062, 6795, 8074], [6251, 1503, 4224, 1558, 2231, 2511, 3975, 8834], [6254, 6253, 2581, 3458, 2020, 4339, 7417, 2605], [6255, 3353, 4340, 3386, 2405, 6254, 6256, 2433], [2531, 2532, 6256, 2546, 2530, 3365, 2433, 5923], [6042, 1220, 3659, 6888, 5628, 4917, 6256, 4178], [6257, 3876, 3406, 6284, 4203, 4207, 4245, 4225], [6258, 2532, 4203, 1478, 4348, 2574, 3368, 3310], [6259, 2564, 4005, 3405, 1498, 3427, 3471, 2384], [6260, 3559, 3581, 3585, 3502, 6309, 3793, 3485]]}, "num_translations": 2, "text_top1": 0.6060606060606061, "text_top5": 0.7121212121212122, "text_top10": 0.7272727272727273}