{"num_src_sents": 1194, "horace_juvenal_persius_1841": {"tgt_lang": "fr", "transl_top1": 0.4631490787269682, "transl_top5": 0.6432160804020101, "transl_top10": 0.7160804020100503, "num_nulls": 0, "num_tgt_sents": 8044}, "horace_1859": {"tgt_lang": "en", "transl_top1": 0.6641541038525963, "transl_top5": 0.8886097152428811, "transl_top10": 0.9614740368509213, "num_nulls": 0, "num_tgt_sents": 4844}, "horace_1902": {"tgt_lang": "en", "transl_top1": 0.5644891122278057, "transl_top5": 0.7135678391959799, "transl_top10": 0.7604690117252931, "num_nulls": 18, "num_tgt_sents": 4146}, "horace_1847": {"tgt_lang": "fr", "transl_top1": 0.13484087102177555, "transl_top5": 0.19597989949748743, "transl_top10": 0.2185929648241206, "num_nulls": 0, "num_tgt_sents": 2963}, "num_translations": 4, "text_top1": 0.4566582914572864, "text_top5": 0.6103433835845897, "text_top10": 0.6641541038525963}