{"num_src_sents": 164, "plutarch_4_1844": {"tgt_lang": "fr", "transl_top1": 0.23170731707317074, "transl_top5": 0.3902439024390244, "transl_top10": 0.4878048780487805, "num_nulls": 0, "num_tgt_sents": 6665, "retrieval_preds": [[3870, 3878, 3885, 3876, 6497, 6155, 3871, 714], [5849, 5233, 3907, 6195, 6143, 3984, 3792, 4008], [4054, 6432, 3872, 4963, 6480, 5000, 4675, 4966], [2923, 5140, 4617, 4611, 3607, 3605, 4595, 5750], [3878, 4105, 4104, 6180, 3876, 3841, 3931, 6478], [4444, 4558, 4156, 5864, 4841, 1043, 4354, 3652], [3881, 3889, 6527, 3975, 3157, 2727, 3931, 5288], [5116, 3882, 3958, 3460, 6506, 4039, 3964, 3930], [3883, 3873, 4992, 4023, 3793, 4324, 5036, 5744], [3885, 4675, 4432, 3903, 6497, 3870, 3841, 3873], [3889, 5000, 3886, 3943, 3888, 3891, 3481, 4615], [3890, 3887, 4299, 3001, 3986, 6391, 6470, 5073], [3891, 3883, 4324, 5800, 5036, 3889, 3961, 4256], [6491, 4316, 5116, 4618, 6493, 6432, 6480, 4720], [5116, 6480, 4268, 4692, 3192, 6441, 4316, 3413], [3793, 4039, 3905, 4076, 325, 3961, 5828, 4293], [3907, 6172, 1301, 4008, 5950, 76, 6587, 5935], [3908, 5935, 4552, 5713, 6643, 2695, 4583, 4406], [3910, 6432, 6480, 6584, 6219, 5369, 3716, 189], [5794, 4108, 1137, 4813, 4606, 3519, 4732, 3001], [3987, 5116, 6495, 5514, 3943, 2923, 4007, 6579], [3826, 5716, 4324, 5188, 6105, 3651, 4982, 3854], [5036, 3946, 3917, 3987, 3901, 4039, 4242, 295], [3918, 3885, 3903, 3992, 3952, 3889, 3954, 3966], [5000, 3920, 3946, 4109, 4268, 3413, 5116, 4963], [4293, 3946, 3985, 3943, 5000, 3920, 325, 223], [5266, 3923, 2950, 5845, 6434, 3903, 5295, 5211], [4039, 4361, 3663, 4076, 6485, 6464, 3483, 6291], [3923, 6345, 3837, 1356, 4341, 1384, 2950, 6116], [3413, 3983, 3670, 3160, 241, 4361, 3943, 5116], [4324, 4881, 5116, 5036, 6493, 4293, 5016, 4701], [3936, 4007, 164, 3152, 4692, 4725, 3741, 4862], [5288, 3930, 3931, 5794, 3923, 4307, 3881, 4084], [3940, 3889, 325, 4039, 4361, 6550, 3982, 652], [3942, 3878, 5935, 3885, 4049, 6476, 4278, 3919], [3943, 5116, 3670, 6480, 6584, 3886, 189, 4039], [5235, 5794, 4005, 2994, 5987, 4090, 6476, 6113], [4697, 3519, 400, 2279, 5193, 623, 5794, 2437], [3945, 3966, 3952, 3954, 3956, 5839, 3974, 4006], [3946, 3956, 3961, 3985, 4104, 3945, 3889, 3952], [3948, 4268, 3983, 3946, 4226, 3891, 3670, 4293], [3946, 4485, 4361, 3949, 3958, 3891, 3956, 3985], [4164, 2923, 3952, 5845, 4462, 3064, 3182, 3918], [3182, 109, 4164, 3954, 4457, 3953, 3981, 3983], [3955, 4034, 4188, 4254, 4249, 4691, 4252, 6423], [3382, 5935, 3984, 4008, 4636, 4082, 6299, 4637], [2664, 5609, 4827, 2980, 5532, 2436, 4192, 6631], [3956, 4881, 3958, 4485, 5000, 4316, 5016, 3946], [4268, 4287, 3920, 4039, 5116, 4988, 3985, 3958], [5907, 2732, 3952, 2182, 3961, 3983, 5003, 2392], [4316, 3946, 4361, 5116, 4268, 4395, 6432, 5000], [3945, 3966, 3918, 3885, 3952, 6111, 3889, 3886], [3967, 4108, 3634, 3533, 3986, 2975, 5264, 5150], [5156, 32, 3670, 339, 6543, 516, 5839, 3946], [3974, 3952, 4384, 4353, 5116, 3981, 4731, 3903], [3975, 3824, 673, 4206, 6144, 164, 4242, 4076], [4350, 4554, 4990, 4979, 5856, 4928, 6579, 5824], [3981, 5116, 3953, 3952, 3930, 3853, 4849, 4323], [3918, 4164, 4718, 3859, 3851, 3952, 3878, 4462], [3983, 3413, 3946, 3985, 3920, 4293, 4268, 4093], [3987, 5839, 5741, 5719, 5824, 5750, 5003, 4881], [3990, 3907, 6155, 3870, 5794, 2746, 5987, 4008], [4003, 6143, 4085, 5469, 3878, 3990, 3876, 6144], [3991, 4963, 3413, 5000, 4109, 325, 4992, 4979], [3992, 4319, 6497, 3993, 3918, 4387, 5001, 6170], [3993, 4361, 6571, 4007, 3702, 4109, 1199, 5266], [6493, 6491, 5111, 3200, 6521, 4039, 6502, 5719], [4008, 3998, 4636, 4085, 5295, 3992, 4319, 3984], [4963, 3943, 4395, 5016, 4862, 4308, 5000, 4268], [6019, 4003, 3946, 540, 4308, 4155, 5252, 4007], [5794, 4004, 6013, 5340, 4005, 4008, 2725, 5288], [4005, 5288, 5794, 3839, 66, 3792, 4091, 1008], [4006, 6390, 2829, 4085, 4008, 5935, 5948, 4493], [4007, 4005, 4862, 1152, 3733, 835, 4659, 4316], [4316, 5125, 5116, 4845, 3303, 3670, 4733, 6521], [3997, 4013, 4008, 6144, 5950, 3382, 2746, 5935], [4014, 2, 164, 3824, 3670, 2991, 223, 6302], [3209, 4672, 607, 6531, 952, 727, 4533, 2182], [5732, 5217, 460, 711, 1225, 5773, 4558, 4019], [5288, 2994, 5794, 4085, 971, 4105, 5232, 4639], [66, 4107, 4844, 5224, 6578, 4512, 5451, 6448], [4316, 4881, 4607, 4395, 5744, 6543, 4558, 5000], [4532, 4618, 5036, 4873, 4648, 6377, 164, 4755], [6491, 6236, 6493, 5719, 4618, 2924, 6141, 5125], [4032, 4766, 4854, 4533, 4097, 3793, 4530, 4934], [6174, 3952, 3918, 3923, 3992, 5843, 3878, 3993], [4109, 3413, 4308, 4361, 3987, 3368, 3983, 4471], [4038, 1364, 4103, 6263, 3750, 4102, 5816, 3745], [4039, 6270, 3812, 5188, 6263, 5370, 2734, 4699], [3918, 3321, 5935, 6530, 120, 4164, 109, 4763], [5746, 4128, 3842, 3788, 4386, 4977, 5044, 1008], [5647, 5763, 2727, 2555, 2514, 5523, 218, 2731], [3793, 4042, 3152, 3851, 5264, 6093, 2957, 3128], [3550, 4108, 2975, 3194, 475, 6369, 4644, 3887], [5156, 6181, 426, 1070, 5208, 3824, 4470, 4618], [2329, 4170, 4049, 6114, 3881, 2020, 3986, 1447], [5873, 595, 998, 5137, 472, 2869, 6556, 2435], [5987, 6174, 3992, 3952, 3993, 6103, 4082, 6172], [4040, 4050, 3710, 4049, 6087, 2846, 6214, 6527], [5116, 6493, 6485, 6489, 6506, 6491, 5828, 6505], [2829, 1681, 6144, 4095, 2746, 5935, 4008, 3382], [3413, 5156, 4076, 3943, 1468, 5116, 2583, 4054], [4056, 5830, 2392, 3922, 1399, 6038, 5848, 2055], [5828, 4980, 2638, 5069, 2495, 2382, 2414, 2668], [6587, 2694, 6172, 6013, 5843, 2742, 2937, 5794], [4008, 3887, 3881, 4059, 6144, 2829, 5295, 3984], [3472, 3308, 3303, 4979, 3413, 4777, 4845, 4962], [4008, 4085, 4384, 3881, 4082, 5935, 3952, 3004], [4109, 4316, 5000, 4395, 4963, 5125, 4881, 4222], [3952, 4071, 6170, 6103, 5217, 6146, 5852, 4204], [15, 164, 466, 5672, 5503, 4076, 6357, 4007], [4076, 5000, 15, 4007, 6141, 3943, 4155, 4077], [5116, 3689, 6069, 5894, 3670, 5879, 164, 189], [4969, 5310, 51, 92, 2678, 1139, 2437, 6479], [4082, 3952, 4552, 4101, 4001, 4066, 5935, 4402], [4109, 4361, 4093, 3946, 4268, 4395, 4150, 6543], [4109, 4156, 4361, 4278, 4167, 4467, 4471, 4034], [5944, 6497, 3918, 5794, 4004, 3738, 3734, 6143], [4089, 6141, 15, 4005, 540, 6200, 4091, 4007], [623, 5707, 2308, 327, 592, 507, 4125, 485], [4093, 3954, 3930, 3952, 4361, 4373, 4251, 3946], [4109, 4093, 4362, 4361, 4108, 4150, 4188, 4842], [3382, 799, 4319, 6103, 4636, 4528, 6497, 1630], [4480, 4439, 5607, 2907, 3008, 5707, 4433, 5658], [4324, 4874, 6276, 5080, 2829, 4332, 4058, 2742], [4097, 1275, 5044, 6160, 3926, 5348, 2332, 6410], [4008, 3918, 6170, 5944, 5295, 6103, 1355, 5235], [5014, 2725, 6185, 3986, 4552, 3927, 576, 6434], [4100, 3054, 4361, 4862, 4007, 4864, 3446, 6439], [4101, 4105, 3923, 4432, 6155, 6153, 6390, 2937], [4268, 6491, 3413, 4206, 4350, 4485, 4266, 4470], [6480, 6521, 4316, 6491, 3920, 5000, 4054, 4618], [3946, 3920, 6510, 4395, 4963, 4246, 3985, 3958], [5162, 3621, 4353, 5075, 4798, 3976, 2512, 4064], [4644, 2935, 4187, 2547, 755, 4774, 756, 2937], [3734, 5307, 5985, 6236, 6496, 3769, 4131, 823], [4466, 3935, 6508, 3894, 4246, 4307, 3946, 4474], [3918, 3997, 320, 3363, 3983, 3990, 3411, 3945], [4841, 4963, 6512, 3903, 3918, 4332, 5400, 2283], [3983, 4395, 4718, 3413, 4083, 4093, 3946, 4109], [3738, 6497, 4004, 3907, 4040, 4065, 4098, 4082], [5787, 5735, 4055, 4386, 5414, 4440, 3788, 1395], [2230, 3366, 6600, 4349, 4869, 4185, 4556, 31], [3916, 5261, 3915, 1125, 6176, 6036, 3904, 5794], [4189, 4252, 3313, 4337, 1059, 4556, 4209, 1026], [3738, 4308, 3990, 5598, 6497, 4056, 6024, 5338], [5794, 5287, 5288, 5693, 4065, 4004, 3918, 3836], [1136, 6238, 6307, 4556, 468, 5332, 3967, 4098], [4036, 971, 469, 5540, 972, 691, 4055, 973], [5911, 567, 2306, 1849, 2028, 122, 5542, 1749], [1173, 2117, 5975, 3350, 3192, 2659, 3258, 5887], [4017, 1569, 6634, 600, 804, 2234, 6611, 360], [1826, 335, 6216, 157, 960, 2078, 1341, 4179], [5266, 6479, 6547, 5222, 4763, 5213, 5087, 6137], [3241, 4513, 3153, 4190, 5730, 4036, 3878, 159], [5313, 15, 6491, 5503, 1106, 6302, 4076, 4054], [6437, 5148, 3659, 4691, 5769, 4461, 6492, 4693], [920, 6105, 5800,