{"num_src_sents": 660, "cicero_1855-1892_13": {"tgt_lang": "de", "transl_top1": 0.8090909090909091, "transl_top5": 0.9621212121212122, "transl_top10": 0.990909090909091, "num_nulls": 0, "num_tgt_sents": 5014}, "cicero_11_1826": {"tgt_lang": "fr", "transl_top1": 0.5621212121212121, "transl_top5": 0.753030303030303, "transl_top10": 0.8348484848484848, "num_nulls": 0, "num_tgt_sents": 2759}, "cicero_1855-1892_14": {"tgt_lang": "de", "transl_top1": 0.010606060606060607, "transl_top5": 0.048484848484848485, "transl_top10": 0.0803030303030303, "num_nulls": 0, "num_tgt_sents": 6557}, "num_translations": 3, "text_top1": 0.46060606060606063, "text_top5": 0.5878787878787879, "text_top10": 0.6353535353535353}