{"num_src_sents": 266, "plutarch_4_1844": {"tgt_lang": "fr", "transl_top1": 0.0037593984962406013, "transl_top5": 0.03383458646616541, "transl_top10": 0.06015037593984962, "num_nulls": 0, "num_tgt_sents": 6665}, "plutarch_5_1844": {"tgt_lang": "fr", "transl_top1": 0.38721804511278196, "transl_top5": 0.5714285714285714, "transl_top10": 0.6729323308270677, "num_nulls": 0, "num_tgt_sents": 5916}, "num_translations": 2, "text_top1": 0.19548872180451127, "text_top5": 0.3026315789473684, "text_top10": 0.36654135338345867}