{"num_src_sents": 94, "demosthenes_1902": {"tgt_lang": "en", "transl_top1": 0.3617021276595745, "transl_top5": 0.5638297872340425, "transl_top10": 0.6595744680851063, "num_nulls": 0, "num_tgt_sents": 6778}, "demosthenes_aeschynes_1861": {"tgt_lang": "fr", "transl_top1": 0.02127659574468085, "transl_top5": 0.05319148936170213, "transl_top10": 0.1276595744680851, "num_nulls": 0, "num_tgt_sents": 36182}, "num_translations": 2, "text_top1": 0.19148936170212766, "text_top5": 0.30851063829787234, "text_top10": 0.3936170212765957}