{"num_src_sents": 26, "plutarch_3_1908": {"tgt_lang": "en", "transl_top1": 0.0, "transl_top5": 0.11538461538461539, "transl_top10": 0.23076923076923078, "num_nulls": 0, "num_tgt_sents": 6633}, "plutarch_4_1908": {"tgt_lang": "en", "transl_top1": 0.038461538461538464, "transl_top5": 0.15384615384615385, "transl_top10": 0.15384615384615385, "num_nulls": 0, "num_tgt_sents": 13066}, "num_translations": 2, "text_top1": 0.019230769230769232, "text_top5": 0.13461538461538464, "text_top10": 0.19230769230769232}