{"num_src_sents": 831, "aristophanes_1_1858": {"tgt_lang": "en", "transl_top1": 0.29362214199759323, "transl_top5": 0.4368231046931408, "transl_top10": 0.5090252707581228, "num_nulls": 1, "num_tgt_sents": 10625}, "aristophanes_1907_1": {"tgt_lang": "en", "transl_top1": 0.010830324909747292, "transl_top5": 0.030084235860409144, "transl_top10": 0.05535499398315283, "num_nulls": 0, "num_tgt_sents": 8398}, "aristophanes_2_1915": {"tgt_lang": "it", "transl_top1": 0.0036101083032490976, "transl_top5": 0.024067388688327317, "transl_top10": 0.048134777376654635, "num_nulls": 0, "num_tgt_sents": 3069}, "aristophanes_1873": {"tgt_lang": "fr", "transl_top1": 0.13357400722021662, "transl_top5": 0.2490974729241877, "transl_top10": 0.309265944645006, "num_nulls": 0, "num_tgt_sents": 14269}, "Aristophanes_2_1855-1885": {"tgt_lang": "de", "transl_top1": 0.12033694344163658, "transl_top5": 0.20216606498194944, "transl_top10": 0.2430806257521059, "num_nulls": 2, "num_tgt_sents": 5321}, "aristophanes_3_1830": {"tgt_lang": "fr", "transl_top1": 0.010830324909747292, "transl_top5": 0.044524669073405534, "transl_top10": 0.05896510228640193, "num_nulls": 0, "num_tgt_sents": 4330}, "aristophanes_1_1830": {"tgt_lang": "fr", "transl_top1": 0.0048134777376654635, "transl_top5": 0.018050541516245487, "transl_top10": 0.0421179302045728, "num_nulls": 0, "num_tgt_sents": 2544}, "aristophanes_1881_1": {"tgt_lang": "de", "transl_top1": 0.0048134777376654635, "transl_top5": 0.024067388688327317, "transl_top10": 0.05054151624548736, "num_nulls": 0, "num_tgt_sents": 10289}, "Aristophanes_1865": {"tgt_lang": "de", "transl_top1": 0.098676293622142, "transl_top5": 0.17208182912154033, "transl_top10": 0.21419975932611313, "num_nulls": 0, "num_tgt_sents": 7905}, "aristophanes_1_1915": {"tgt_lang": "it", "transl_top1": 0.1263537906137184, "transl_top5": 0.22984356197352587, "transl_top10": 0.28399518652226236, "num_nulls": 1, "num_tgt_sents": 2665}, "Aristophanes_1_1855-1885": {"tgt_lang": "de", "transl_top1": 0.007220216606498195, "transl_top5": 0.030084235860409144, "transl_top10": 0.05174488567990373, "num_nulls": 0, "num_tgt_sents": 5841}, "num_translations": 11, "text_top1": 0.07406191882726178, "text_top5": 0.13280822667104256, "text_top10": 0.16967509025270758}