{"num_src_sents": 29, "justin_cNepos_eutropius_1902": {"tgt_lang": "en", "transl_top1": 0.27586206896551724, "transl_top5": 0.3448275862068966, "transl_top10": 0.41379310344827586, "num_nulls": 0, "num_tgt_sents": 9841}, "corneliusNepos_1856": {"tgt_lang": "de", "transl_top1": 0.5517241379310345, "transl_top5": 0.7931034482758621, "transl_top10": 0.9310344827586207, "num_nulls": 0, "num_tgt_sents": 2320}, "num_translations": 2, "text_top1": 0.41379310344827586, "text_top5": 0.5689655172413793, "text_top10": 0.6724137931034483}