{"num_src_sents": 124, "isocrates_1832_1": {"tgt_lang": "de", "transl_top1": 0.5080645161290323, "transl_top5": 0.6290322580645161, "transl_top10": 0.6935483870967742, "num_nulls": 0, "num_tgt_sents": 3528, "retrieval_preds": [[2442, 1902, 2782, 2107, 2622, 2833, 2451, 1644], [2444, 2935, 1263, 3007, 1717, 1656, 1857, 1916], [1237, 2445, 1324, 2781, 2249, 2234, 2776, 1468], [2446, 1232, 456, 2809, 3240, 2474, 1889, 2990], [566, 3199, 2202, 2447, 3169, 2826, 2984, 1053], [2449, 2448, 475, 968, 2144, 3404, 1874, 1276], [2451, 1367, 2833, 1254, 2808, 2578, 1902, 1339], [2451, 1902, 1649, 2990, 1924, 1254, 1490, 2833], [669, 2900, 298, 970, 3205, 1234, 3365, 268], [1898, 2833, 1644, 1184, 2453, 2906, 2782, 1222], [2455, 2167, 2107, 879, 2531, 3012, 2765, 2834], [2457, 2808, 2833, 2451, 1311, 1787, 1765, 2688], [2458, 1643, 3504, 2852, 2516, 2252, 3010, 2612], [2459, 2917, 2544, 437, 2989, 1889, 1665, 455], [2460, 2918, 1643, 1177, 2189, 2384, 409, 392], [2461, 882, 1421, 961, 2522, 669, 857, 2529], [2462, 3138, 2269, 678, 2485, 2922, 2510, 308], [2463, 2846, 2124, 589, 2848, 2107, 2206, 3417], [2149, 961, 3522, 1874, 1957, 1574, 1128, 1984], [2465, 2451, 2782, 3020, 1334, 1732, 1739, 2608], [2774, 2772, 2612, 1028, 1734, 1643, 3014, 2344], [1254, 2981, 817, 2990, 1790, 2989, 1924, 698], [2470, 2959, 2852, 3015, 2608, 1213, 1330, 2876], [2471, 1347, 1325, 3402, 433, 3017, 1698, 3356], [3351, 2472, 448, 440, 3447, 589, 1654, 968], [2473, 1334, 2590, 2541, 2474, 2989, 2578, 2017], [2474, 2989, 2995, 2494, 1924, 494, 2883, 456], [1228, 3494, 2750, 452, 806, 2475, 3521, 3392], [2477, 2989, 455, 2473, 2546, 1367, 2990, 2555], [2478, 2989, 2474, 971, 2767, 2995, 1334, 2534], [2480, 2534, 879, 2992, 823, 3393, 1739, 1368], [2494, 2995, 494, 2531, 2474, 2482, 2815, 1889], [2483, 2870, 2959, 1371, 2852, 1213, 1330, 3203], [2484, 2462, 1286, 389, 2500, 1166, 2374, 623], [2485, 2208, 426, 1984, 2445, 1155, 3147, 2305], [2486, 456, 2989, 622, 3393, 2494, 2992, 1433], [2488, 609, 1236, 2944, 1494, 2949, 1227, 2565], [572, 1169, 244, 3006, 2498, 2518, 878, 3265], [2490, 3180, 2305, 1161, 1202, 1286, 167, 308], [2833, 2995, 3021, 2494, 455, 2492, 613, 1383], [2493, 3162, 476, 1282, 811, 888, 3168, 308], [2494, 1334, 412, 1519, 455, 473, 1289, 1244], [2496, 485, 3343, 1282, 2978, 641, 728, 1409], [3199, 2185, 1950, 1435, 475, 572, 1444, 2532], [2500, 436, 883, 2170, 437, 2985, 2508, 2185], [2815, 589, 659, 277, 1251, 2814, 1829, 804], [901, 2502, 1807, 2607, 3194, 1806, 1683, 2771], [2503, 392, 3490, 443, 308, 2920, 3155, 971], [2504, 1254, 1241, 2160, 817, 1902, 3393, 658], [2107, 3447, 2831, 3417, 1732, 88, 2451, 395], [2507, 2543, 1690, 1821, 1812, 311, 1421, 2542], [1924, 1232, 622, 1156, 494, 1914, 800, 1334], [2511, 1943, 609, 3143, 3414, 392, 3343, 2503], [2513, 2170, 426, 2514, 2484, 2517, 1286, 2581], [2494, 456, 3492, 2515, 1334, 2473, 494, 1289], [1368, 3490, 879, 2480, 443, 257, 3489, 243], [2522, 417, 2554, 3182, 859, 3361, 1698, 883], [2523, 2531, 398, 2995, 2815, 2482, 162, 445], [281, 3369, 240, 2920, 935, 392, 1202, 480], [2526, 3376, 243, 2921, 2492, 2984, 473, 2474], [2527, 3466, 3385, 3481, 1231, 2523, 698, 3384], [2528, 3230, 1324, 389, 1730, 2293, 2480, 2953], [243, 2529, 1228, 578, 1749, 3494, 205, 1421], [2531, 1889, 2494, 440, 2530, 2474, 412, 3351], [243, 2531, 2482, 3169, 279, 2953, 698, 880], [2534, 2531, 247, 476, 2503, 1739, 3155, 392], [2543, 1892, 2895, 1712, 3493, 852, 2907, 3228], [2535, 188, 1172, 485, 1024, 151, 392, 180], [2536, 1712, 247, 488, 3414, 686, 392, 287], [243, 450, 2185, 1379, 2445, 2998, 1169, 3169], [2538, 2251, 1345, 1936, 1827, 1683, 807, 1813], [2540, 1368, 3021, 2989, 2622, 2451, 1241, 455], [1281, 2498, 2038, 648, 1813, 2476, 2554, 1211], [1236, 2541, 240, 1498, 2978, 1336, 2668, 2881], [2191, 2542, 698, 1482, 1379, 2844, 243, 1331], [2544, 1944, 971, 2992, 3370, 1889, 2989, 3173], [2759, 1444, 1784, 889, 1395, 3215, 443, 2998], [2546, 2511, 430, 722, 167, 3413, 476, 2966], [2769, 455, 2990, 2989, 2833, 2107, 1790, 1244], [1739, 2531, 1341, 2474, 2494, 2473, 2492, 2541], [2852, 3015, 3016, 2959, 2470, 2838, 597, 2423], [2555, 1196, 716, 3404, 2935, 865, 1155, 2202], [589, 3447, 2953, 455, 2451, 971, 1948, 658], [1284, 2686, 1212, 2249, 1897, 1418, 1690, 2949], [1656, 1334, 1840, 2769, 971, 3447, 1924, 2989], [2125, 2562, 2550, 3011, 2779, 2770, 2609, 1701], [2564, 589, 2590, 322, 1873, 3398, 2769, 3403], [2567, 619, 1482, 1907, 475, 2956, 1371, 2935], [2568, 593, 3382, 2815, 1334, 247, 395, 2474], [1334, 2107, 2473, 2839, 1244, 1739, 2833, 1656], [589, 2572, 3447, 2107, 2267, 1644, 2775, 3355], [190, 200, 2573, 275, 728, 2261, 1911, 184], [2578, 1334, 2451, 2990, 1254, 1314, 1644, 2833], [2578, 1325, 1324, 642, 1468, 2163, 632, 2185], [2578, 924, 1367, 1311, 2837, 1731, 2870, 2964], [2989, 2580, 2579, 1944, 1765, 2990, 1314, 898], [1395, 1278, 609, 2515, 1400, 678, 2455, 2612], [2580, 1656, 2584, 2324, 2473, 1739, 1314, 3393], [2584, 1944, 1822, 2474, 2580, 1208, 2990, 1339], [2585, 2808, 1335, 1367, 1644, 1310, 2121, 2833], [2588, 3175, 2814, 475, 2921, 1236, 422, 2500], [2590, 2474, 1334, 2473, 1288, 2917, 2989, 2957], [2591, 1931, 2883, 2957, 713, 2501, 2959, 696], [2592, 1654, 658, 3351, 2622, 1519, 651, 2815], [1889, 2769, 2107, 412, 3447, 1924, 2622, 2990], [2596, 2237, 1957, 1197, 475, 2849, 3228, 489], [2597, 796, 575, 1656, 1889, 3370, 653, 658], [2598, 3232, 2833, 2192, 1314, 2451, 1739, 1311], [3215, 1698, 2600, 3017, 489, 2849, 1943, 2540], [2601, 3169, 1270, 450, 2921, 660, 565, 1251], [2603, 1460, 2618, 2602, 2344, 3138, 1699, 3390], [2604, 165, 2895, 1212, 304, 2300, 2808, 3012], [2605, 2770, 1395, 2776, 1807, 3444, 2868, 2900], [2606, 669, 2559, 2771, 1174, 1675, 3417, 2607], [2608, 2107, 2451, 2831, 2833, 2839, 1334, 1241], [833, 852, 2926, 1947, 1395, 865, 1643, 2543], [2611, 2823, 2243, 1454, 1259, 1735, 2870, 2450], [2612, 1936, 3010, 393, 2179, 1934, 2816, 2857], [2614, 1208, 2906, 2451, 922, 2613, 1310, 1354], [2145, 2615, 1787, 1902, 1259, 2450, 2163, 1368], [2617, 2949, 2543, 2907, 1237, 3230, 2929, 1456], [2619, 1902, 2184, 2843, 2766, 1475, 2765, 1497], [2622, 879, 2989, 1739, 2992, 2917, 2765, 2769], [2833, 2451, 1184, 1840, 823, 2622, 2990, 1889]]}, "isocrates_1835_5": {"tgt_lang": "de", "transl_top1": 0.008064516129032258, "transl_top5": 0.06451612903225806, "transl_top10": 0.11290322580645161, "num_nulls": 0, "num_tgt_sents": 4051,