{"num_src_sents": 2788, "diodorusSiculus_1_1820": {"tgt_lang": "it", "transl_top1": 0.002510760401721664, "transl_top5": 0.011119081779053085, "transl_top10": 0.01649928263988522, "num_nulls": 1, "num_tgt_sents": 4442}, "diodorusSiculus_2_1834": {"tgt_lang": "fr", "transl_top1": 0.0010760401721664275, "transl_top5": 0.011477761836441894, "transl_top10": 0.02080344332855093, "num_nulls": 0, "num_tgt_sents": 6630}, "diodorusSiculus_3_1851": {"tgt_lang": "fr", "transl_top1": 0.40853658536585363, "transl_top5": 0.582855093256815, "transl_top10": 0.6646341463414634, "num_nulls": 0, "num_tgt_sents": 14455}, "diodorusSiculus_1_1851": {"tgt_lang": "fr", "transl_top1": 0.002152080344332855, "transl_top5": 0.00824964131994261, "transl_top10": 0.017934002869440458, "num_nulls": 0, "num_tgt_sents": 13443}, "diodorusSiculus_1547": {"tgt_lang": "it", "transl_top1": 0.0028694404591104736, "transl_top5": 0.010760401721664276, "transl_top10": 0.020444763271162122, "num_nulls": 187, "num_tgt_sents": 2068}, "diodorusSiculus_2_1820": {"tgt_lang": "it", "transl_top1": 0.002510760401721664, "transl_top5": 0.011477761836441894, "transl_top10": 0.015064562410329985, "num_nulls": 0, "num_tgt_sents": 4887}, "num_translations": 7, "text_top1": 0.059950809592129534, "text_top5": 0.09084853453576554, "text_top10": 0.10791145726583318}