{"num_src_sents": 144, "plutarch_3_1908": {"tgt_lang": "en", "transl_top1": 0.3611111111111111, "transl_top5": 0.5, "transl_top10": 0.5972222222222222, "num_nulls": 0, "num_tgt_sents": 6633}, "plutarch_4_1908": {"tgt_lang": "en", "transl_top1": 0.013888888888888888, "transl_top5": 0.05555555555555555, "transl_top10": 0.125, "num_nulls": 0, "num_tgt_sents": 13066}, "plutarch_nd": {"tgt_lang": "de", "transl_top1": 0.2847222222222222, "transl_top5": 0.4930555555555556, "transl_top10": 0.6388888888888888, "num_nulls": 0, "num_tgt_sents": 10643}, "num_translations": 3, "text_top1": 0.21990740740740738, "text_top5": 0.34953703703703703, "text_top10": 0.45370370370370366}