{"num_src_sents": 106, "demosthenes_aeschynes_1861": {"tgt_lang": "fr", "transl_top1": 0.03773584905660377, "transl_top5": 0.10377358490566038, "transl_top10": 0.11320754716981132, "num_nulls": 0, "num_tgt_sents": 36182, "retrieval_preds": [[7234, 11024, 27190, 10536, 18349, 31089, 8847, 23413], [18367, 8199, 18349, 13287, 24602, 26714, 7532, 17398], [25669, 7211, 12203, 33638, 18193, 18161, 4587, 7226], [25671, 31089, 6947, 7234, 7456, 7216, 8431, 4661], [18089, 11512, 3278, 8155, 28039, 20285, 26948, 33000], [29509, 25671, 20516, 23530, 4638, 26672, 24004, 7351], [8815, 28307, 7226, 28792, 9015, 25673, 5236, 33194], [25677, 25674, 31196, 9163, 14538, 33147, 35576, 25900], [25678, 24166, 17535, 30684, 18901, 9575, 26107, 1121], [25685, 22646, 16773, 2285, 29805, 13008, 24262, 29814], [15553, 19585, 25587, 25544, 4589, 4077, 25683, 24273], [25683, 25688, 26230, 25923, 23829, 24187, 28636, 29686], [25684, 31604, 32655, 35596, 29690, 26647, 25696, 25771], [25688, 13979, 24215, 18654, 24269, 27926, 24102, 26651], [29946, 25687, 25803, 31604, 20575, 27941, 15515, 8266], [25688, 24269, 25002, 26230, 32729, 29477, 24109, 25707], [19067, 11302, 3635, 7019, 7109, 13634, 6353, 27718], [20283, 1070, 23653, 3520, 1242, 18064, 20384, 27860], [25690, 33762, 25658, 5298, 811, 25813, 9592, 35443], [20639, 14631, 6595, 18814, 15510, 7143, 323, 5943], [32249, 25694, 16140, 15639, 32118, 24755, 20845, 32404], [25695, 15580, 18148, 9244, 23787, 32052, 23859, 24842], [21802, 3581, 20966, 25697, 17250, 6182, 4182, 8819], [25697, 25688, 25707, 28636, 29477, 26230, 22723, 24187], [9301, 33241, 6367, 6806, 10228, 24004, 15699, 14960], [15798, 6032, 35589, 30091, 12732, 9238, 6028, 9163], [30931, 11211, 16243, 23923, 9244, 15874, 9987, 25019], [17307, 16039, 31005, 7825, 8864, 20711, 30680, 35380], [25688, 24269, 25002, 25707, 23829, 26849, 26428, 23830], [19067, 11302, 3635, 7019, 7109, 13634, 6353, 27718], [20283, 1070, 23653, 3520, 1242, 18064, 20384, 27860], [9238, 28715, 10166, 26241, 4575, 16448, 12670, 15108], [12023, 8213, 25747, 23769, 9216, 15044, 28717, 27249], [31956, 30927, 32723, 13208, 26688, 23023, 25034, 24979], [20283, 1070, 1242, 3520, 23653, 23137, 18064, 20384], [5433, 8748, 5849, 24333, 1994, 4472, 4666, 9868], [26249, 25726, 17615, 25740, 21079, 371, 17264, 21067], [9773, 32856, 7417, 26324, 17164, 7004, 14822, 10159], [28236, 33657, 28161, 28160, 25722, 25726, 23811, 27641], [20836, 26198, 186, 28182, 28794, 12302, 15056, 33920], [19067, 11302, 3635, 7019, 7109, 13634, 6353, 27718], [20283, 1070, 23653, 3520, 1242, 18064, 20384, 27860], [25726, 33900, 12315, 21914, 14949, 15465, 85, 25134], [30132, 15656, 23760, 9914, 9398, 25134, 6313, 32606], [25754, 2125, 21409, 20966, 15085, 35557, 17298, 9198], [25726, 22856, 20581, 20873, 24918, 25134, 15918, 25859], [279, 5857, 26198, 14575, 33923, 17445, 12980, 12670], [17264, 17189, 26249, 12670, 4286, 9378, 6297, 13801], [25740, 6222, 33900, 20581, 25726, 12943, 13579, 26198], [19352, 18482, 7109, 7019, 13634, 33172, 10196, 22827], [20283, 1070, 23653, 3520, 1242, 18064, 20384, 27860], [25726, 16973, 12670, 27374, 16150, 25740, 17445, 26249], [17445, 1727, 25061, 22092, 25327, 14548, 9638, 28543], [5857, 25747, 25814, 29405, 30321, 18512, 25039, 14655], [25541, 8247, 28711, 28983, 6896, 31389, 25373, 12275], [20283, 1070, 1242, 3520, 23653, 23137, 18064, 20384], [25749, 6593, 27764, 27028, 13322, 16995, 28291, 28645], [25751, 36128, 4243, 18783, 17912, 364, 1259, 284], [9244, 25753, 12203, 25740, 12083, 9238, 18914, 30329], [25754, 32631, 9244, 26123, 7216, 21534, 2177, 4560], [11684, 25910, 13341, 8803, 22622, 35762, 5896, 20926], [12670, 30091, 10712, 16973, 25671, 21067, 15370, 26249], [26002, 34507, 35507, 8902, 3649, 20141, 27083, 26003], [27374, 1232, 26231, 28161, 27589, 16973, 23371, 25764], [25767, 32132, 14879, 10900, 6362, 24835, 26146, 30284], [9941, 17232, 14197, 13688, 14182, 8953, 6099, 14784], [25945, 25771, 4511, 18646, 29785, 14765, 18814, 29327], [25772, 25781, 28706, 25767, 8118, 10900, 1578, 27561], [15866, 22730, 15867, 22731, 22531, 25424, 35955, 25570], [27225, 5267, 28168, 35134, 3336, 27668, 7567, 8569], [34941, 9245, 10851, 26701, 9169, 7356, 17002, 2381], [9244, 10785, 12883, 18914, 9238, 9216, 10154, 15798], [28062, 23808, 18219, 10651, 22968, 30785, 10715, 9353], [20711, 5039, 14816, 11471, 35425, 25074, 8933, 22841], [25785, 31895, 20948, 30025, 4592, 25986, 32224, 30330], [20283, 1070, 1242, 3520, 23653, 23137, 18064, 20384], [7228, 20145, 12148, 19145, 9248, 13210, 23198, 27919], [31839, 9015, 35871, 29287, 24646, 19142, 8933, 15044], [18089, 11512, 3278, 20285, 8155, 28039, 11771, 3276], [11698, 4560, 25767, 4169, 17576, 11685, 8816, 25134], [22923, 25058, 14392, 9561, 27093, 15096, 29008, 14791], [31869, 20694, 25551, 21200, 20570, 16905, 25549, 16454], [31839, 6827, 8816, 6868, 6373, 28272, 28437, 28405], [14061, 25803, 25327, 1448, 21551, 19359, 24338, 35497], [26991, 35393, 25436, 24646, 34595, 29152, 9874, 14545], [25767, 8191, 16384, 7506, 6582, 35386, 9398, 9914], [5629, 7359, 24030, 7495, 22092, 3942, 25805, 33914], [28985, 24176, 26813, 28733, 34061, 30156, 31704, 26701], [14891, 1116, 16142, 26804, 20618, 13118, 14673, 17445], [25803, 33620, 36110, 6122, 25767, 24602, 13920, 36103], [6814, 29915, 9614, 12434, 11784, 1578, 13137, 4687], [6969, 9245, 21513, 7062, 13907, 6857, 9088, 30091], [12670, 3052, 21067, 26428, 35497, 9059, 9914, 19442], [12947, 12883, 20519, 9238, 4841, 22470, 3052, 10159], [25767, 9245, 6969, 11483, 25792, 15637, 25413, 22923], [25671, 9914, 28437, 20966, 25813, 29509, 10536, 4642], [30837, 18223, 7456, 30091, 26078, 9822, 5509, 9379], [34954, 15882, 34483, 25435, 31865, 23215, 32168, 30532], [7733, 22845, 2558, 27225, 1172, 162, 34751, 3336], [25854, 11173, 14499, 6429, 29113, 33526, 32412, 30853], [25234, 1068, 23611, 25236, 31137, 23252, 8685, 15000], [26071, 21570, 14784, 35897, 16427, 17002, 18281, 2731], [20542, 25854, 33526, 11173, 24987, 35603, 6130, 14821], [12883, 10712, 30091, 9238, 35497, 12670, 12891, 25860], [25863, 29969, 8172, 35887, 2019, 7625, 10579, 28307], [26125, 9899, 8950, 11006, 10951, 9977, 7231, 13634]]}, "demosthenes_1877": {"tgt_lang": "en", "transl_top1": 0.44339622641509435, "transl_top5": 0.6226415094339622, "transl_top10": 0.6698113207547169, "num_nulls": 0, "num_tgt_sents": 7775,