{"num_src_sents": 612, "aeschylus_1888": {"tgt_lang": "en", "transl_top1": 0.31862745098039214, "transl_top5": 0.5228758169934641, "transl_top10": 0.6209150326797386, "num_nulls": 0, "num_tgt_sents": 5644}, "aeschylus_1886": {"tgt_lang": "en", "transl_top1": 0.1650326797385621, "transl_top5": 0.2908496732026144, "transl_top10": 0.3366013071895425, "num_nulls": 0, "num_tgt_sents": 6446}, "aeschylus_1872": {"tgt_lang": "fr", "transl_top1": 0.1388888888888889, "transl_top5": 0.26633986928104575, "transl_top10": 0.3366013071895425, "num_nulls": 0, "num_tgt_sents": 3725}, "aeschylus_1868": {"tgt_lang": "de", "transl_top1": 0.13071895424836602, "transl_top5": 0.25, "transl_top10": 0.30392156862745096, "num_nulls": 0, "num_tgt_sents": 5499}, "greekDramas_1912": {"tgt_lang": "en", "transl_top1": 0.05718954248366013, "transl_top5": 0.12091503267973856, "transl_top10": 0.15359477124183007, "num_nulls": 0, "num_tgt_sents": 8924}, "Aeschylus_1901": {"tgt_lang": "de", "transl_top1": 0.05228758169934641, "transl_top5": 0.10457516339869281, "transl_top10": 0.16176470588235295, "num_nulls": 0, "num_tgt_sents": 3392}, "aeschylus_1863": {"tgt_lang": "fr", "transl_top1": 0.04411764705882353, "transl_top5": 0.08333333333333333, "transl_top10": 0.12254901960784313, "num_nulls": 0, "num_tgt_sents": 3471}, "aeschylus_1909": {"tgt_lang": "en", "transl_top1": 0.23529411764705882, "transl_top5": 0.40032679738562094, "transl_top10": 0.47058823529411764, "num_nulls": 0, "num_tgt_sents": 5369}, "num_translations": 8, "text_top1": 0.14276960784313725, "text_top5": 0.2549019607843137, "text_top10": 0.3133169934640523}