{"num_src_sents": 79, "lucian_1829_10": {"tgt_lang": "de", "transl_top1": 0.12658227848101267, "transl_top5": 0.20253164556962025, "transl_top10": 0.3291139240506329, "num_nulls": 0, "num_tgt_sents": 4222, "retrieval_preds": [[3330, 1846, 334, 1005, 1509, 1128, 987, 3027], [1005, 987, 1010, 2745, 3053, 1718, 580, 1964], [2627, 3553, 2361, 3001, 3443, 3338, 3422, 3653], [987, 1005, 3340, 3377, 2612, 3407, 3397, 334], [1005, 3344, 1846, 1718, 2372, 3045, 1010, 987], [3371, 3449, 1340, 654, 1469, 3073, 3364, 934], [1982, 3364, 832, 3763, 3348, 1333, 3297, 1462], [3349, 3043, 2400, 1305, 1473, 332, 2742, 3067], [3352, 532, 1846, 2775, 1993, 1473, 1005, 1964], [3420, 782, 3758, 2885, 2120, 2643, 1044, 3654], [2781, 2723, 3356, 3397, 987, 340, 1964, 3752], [1498, 1488, 224, 2700, 264, 667, 268, 1570], [1930, 1442, 563, 279, 456, 1482, 3723, 2307], [332, 987, 1645, 1560, 3381, 3071, 3356, 3397], [715, 3368, 3377, 1316, 674, 1887, 3366, 3383], [987, 1988, 221, 3397, 2745, 1011, 3407, 1718], [1329, 3162, 3071, 2293, 3356, 1664, 82, 1130], [3377, 715, 674, 3381, 1887, 3847, 819, 1316], [3378, 3356, 224, 1889, 3838, 1488, 2186, 1951], [3356, 230, 3708, 3377, 2392, 3383, 3407, 173], [3381, 1988, 1718, 334, 987, 1887, 430, 494], [2085, 3383, 737, 2576, 630, 2293, 2700, 2652], [3332, 1677, 3019, 3053, 1743, 335, 851, 1488], [490, 3385, 1300, 2400, 283, 686, 1866, 1010], [1005, 3386, 334, 1718, 987, 2473, 1853, 513], [3356, 2516, 3377, 514, 2907, 230, 2783, 3389], [3394, 260, 1718, 430, 335, 334, 3397, 2745], [1888, 3021, 581, 3323, 1714, 3147, 15, 3249], [3397, 580, 2488, 4042, 3517, 77, 2059, 2548], [1089, 3399, 686, 1718, 2807, 433, 1795, 3045], [966, 984, 1397, 1881, 3175, 2954, 144, 1959], [3401, 1966, 361, 2508, 3102, 2860, 118, 4192], [1010, 1718, 3331, 968, 2952, 2603, 2397, 1959], [987, 3407, 1005, 430, 3397, 494, 78, 221], [78, 987, 580, 77, 2339, 1787, 1010, 686], [3031, 2612, 3344, 1718, 2807, 3331, 1005, 332], [987, 1005, 3045, 2958, 1787, 1621, 1718, 1846], [2512, 18, 694, 3074, 1889, 808, 2278, 2657], [1341, 3419, 3957, 1578, 290, 2970, 168, 244], [3421, 181, 114, 2958, 1787, 3377, 3332, 2982], [3422, 1677, 3073, 2994, 987, 332, 1584, 579], [2672, 991, 4158, 3107, 17, 3120, 3350, 4193], [3424, 3150, 2701, 2246, 1988, 3752, 319, 686], [1464, 3049, 851, 2059, 338, 1479, 1677, 334], [1993, 3045, 2372, 1011, 2949, 1718, 1988, 3790], [958, 2860, 2698, 103, 1069, 3243, 3762, 361], [149, 3755, 2088, 3021, 36, 2108, 3602, 4006], [1732, 2431, 2886, 2328, 2108, 4158, 805, 1186], [3437, 984, 102, 3746, 160, 955, 2602, 1939], [1865, 3264, 967, 3746, 2740, 160, 1527, 3085], [2372, 3746, 2837, 999, 2709, 3256, 3446, 2687], [2346, 2001, 900, 928, 975, 363, 3428, 872], [3043, 3776, 737, 2860, 3449, 2652, 2991, 579], [3147, 3313, 3739, 3126, 1461, 2821, 3449, 1459], [3450, 3847, 744, 3828, 4003, 1100, 3746, 999], [3451, 3307, 117, 1677, 1591, 2289, 3111, 3516], [3452, 3178, 1499, 3617, 1243, 178, 193, 3559], [1888, 102, 2709, 160, 181, 999, 3883, 361], [3456, 26, 4144, 102, 3189, 1069, 3746, 3755], [3457, 223, 1475, 2925, 2914, 3382, 3847, 3772], [3459, 3026, 1437, 738, 3027, 1771, 1805, 1500], [3461, 1718, 2516, 2784, 987, 1011, 3027, 1005], [3465, 2823, 149, 819, 2189, 2915, 2806, 631], [3144, 1694, 3027, 1011, 3986, 2877, 3466, 1887], [3257, 3301, 2859, 1621, 1622, 2269, 1213, 3191], [3461, 1718, 3470, 2339, 1862, 527, 3632, 1846], [3459, 1887, 3027, 3472, 664, 471, 2828, 3471], [1186, 2127, 1762, 1916, 2382, 527, 2908, 3473], [1645, 2172, 3356, 282, 445, 1560, 281, 1565], [1604, 3756, 3174, 2635, 2580, 3267, 1479, 1378], [2627, 3459, 1992, 1771, 892, 1420, 613, 2919], [3475, 3752, 1846, 128, 2516, 4070, 2784, 719], [2926, 761, 1846, 1170, 334, 1993, 541, 1128], [3481, 1651, 3657, 525, 2136, 2173, 1714, 3371], [1223, 1625, 4071, 1480, 3874, 2077, 2627, 3682], [2860, 114, 2585, 2904, 2561, 3399, 3088, 3737], [3106, 3485, 794, 102, 3251, 1888, 3423, 684], [987, 1005, 4153, 2701, 968, 1718, 2745, 3071], [338, 266, 1649, 2451, 3332, 2807, 3792, 3188]]}, "num_translations": 1, "text_top1": 0.12658227848101267, "text_top5": 0.20253164556962025, "text_top10": 0.3291139240506329}