{"num_src_sents": 93, "luciusSamosata_1_1869": {"tgt_lang": "fr", "transl_top1": 0.07526881720430108, "transl_top5": 0.10752688172043011, "transl_top10": 0.20430107526881722, "num_nulls": 0, "num_tgt_sents": 14187}, "lucian_1867_3": {"tgt_lang": "de", "transl_top1": 0.03225806451612903, "transl_top5": 0.13978494623655913, "transl_top10": 0.2903225806451613, "num_nulls": 0, "num_tgt_sents": 3614}, "lucian_1866_1": {"tgt_lang": "de", "transl_top1": 0.3978494623655914, "transl_top5": 0.5376344086021505, "transl_top10": 0.6451612903225806, "num_nulls": 0, "num_tgt_sents": 4624}, "num_translations": 3, "text_top1": 0.16845878136200718, "text_top5": 0.2616487455197133, "text_top10": 0.3799283154121864}