{"num_src_sents": 406, "lycurgus_1869": {"tgt_lang": "de", "transl_top1": 0.6551724137931034, "transl_top5": 0.874384236453202, "transl_top10": 0.9630541871921182, "num_nulls": 0, "num_tgt_sents": 655, "retrieval_preds": [[66, 434, 503, 180, 104, 182, 83, 584], [181, 69, 71, 100, 345, 216, 170, 615], [94, 100, 189, 252, 149, 583, 345, 83], [137, 147, 520, 190, 554, 68, 326, 112], [282, 225, 148, 478, 584, 278, 511, 323], [102, 160, 168, 508, 23, 433, 162, 341], [103, 638, 125, 338, 115, 105, 153, 104], [153, 106, 105, 103, 653, 614, 180, 115], [117, 183, 615, 153, 219, 614, 538, 596], [112, 98, 111, 342, 653, 361, 113, 114], [113, 639, 114, 210, 126, 112, 121, 259], [115, 153, 615, 650, 180, 653, 477, 105], [117, 255, 527, 615, 209, 166, 576, 113], [231, 316, 359, 544, 511, 605, 251, 360], [120, 119, 549, 153, 342, 127, 555, 219], [121, 114, 423, 259, 338, 126, 125, 306], [122, 344, 424, 386, 222, 354, 511, 221], [123, 308, 590, 112, 259, 575, 396, 130], [124, 614, 365, 233, 560, 128, 555, 113], [125, 128, 571, 561, 255, 174, 603, 338], [113, 639, 126, 96, 520, 259, 614, 519], [128, 511, 316, 125, 561, 317, 231, 174], [238, 131, 338, 424, 130, 567, 631, 512], [404, 132, 308, 505, 184, 125, 522, 618], [133, 649, 143, 206, 571, 207, 208, 338], [135, 137, 259, 191, 165, 113, 133, 338], [137, 114, 441, 298, 525, 317, 147, 454], [138, 257, 133, 137, 376, 346, 527, 207], [140, 153, 539, 125, 259, 108, 219, 479], [614, 338, 132, 512, 165, 492, 137, 142], [143, 138, 563, 186, 205, 114, 142, 137], [317, 148, 146, 376, 255, 447, 511, 151], [147, 153, 615, 480, 105, 259, 371, 539], [150, 149, 216, 615, 211, 159, 181, 270], [152, 273, 283, 552, 395, 404, 298, 190], [153, 338, 251, 507, 122, 106, 560, 257], [153, 161, 115, 371, 125, 108, 185, 538], [153, 479, 336, 477, 161, 220, 140, 66], [155, 181, 336, 179, 653, 115, 220, 218], [158, 181, 157, 336, 219, 650, 227, 179], [159, 178, 173, 155, 521, 219, 518, 616], [161, 153, 115, 150, 219, 105, 177, 653], [164, 186, 547, 174, 176, 571, 618, 369], [165, 560, 492, 601, 402, 614, 365, 121], [166, 653, 614, 386, 560, 180, 650, 338], [167, 404, 107, 360, 308, 620, 564, 209], [168, 164, 186, 445, 400, 190, 174, 161], [170, 634, 179, 402, 266, 180, 218, 477], [171, 155, 218, 596, 156, 115, 179, 219], [172, 171, 173, 178, 266, 177, 614, 170], [174, 186, 571, 185, 478, 317, 401, 190], [175, 436, 382, 409, 537, 588, 451, 399], [177, 162, 181, 211, 266, 161, 103, 345], [177, 178, 427, 536, 383, 653, 213, 23], [178, 177, 172, 559, 161, 2, 503, 0], [168, 164, 289, 400, 161, 186, 144, 202], [103, 641, 178, 338, 536, 638, 162, 149], [179, 402, 560, 634, 180, 216, 477, 155], [180, 469, 153, 106, 523, 653, 266, 140], [181, 150, 216, 69, 345, 177, 614, 140], [182, 125, 513, 139, 259, 255, 106, 103], [183, 649, 153, 221, 538, 653, 616, 166], [501, 498, 137, 356, 195, 260, 365, 130], [483, 356, 404, 125, 376, 395, 184, 426], [571, 185, 174, 186, 229, 133, 142, 603], [187, 521, 423, 65, 238, 558, 251, 230], [160, 445, 619, 470, 429, 97, 581, 552], [188, 522, 347, 461, 325, 653, 499, 212], [189, 345, 200, 203, 396, 386, 115, 154], [191, 218, 609, 549, 166, 165, 153, 183], [192, 615, 115, 614, 345, 396, 105, 216], [337, 338, 162, 595, 200, 467, 583, 211], [115, 614, 396, 166, 65, 105, 338, 192], [552, 139, 558, 317, 176, 532, 248, 347], [204, 400, 130, 353, 397, 283, 625, 195], [199, 400, 308, 413, 529, 590, 187, 103], [345, 200, 194, 396, 216, 226, 100, 390], [201, 647, 326, 230, 325, 351, 207, 632], [202, 362, 470, 620, 411, 114, 160, 103], [203, 615, 200, 396, 216, 337, 345, 99], [204, 620, 625, 207, 653, 531, 278, 59], [205, 186, 53, 174, 112, 411, 143, 130], [206, 259, 620, 588, 589, 544, 127, 207], [207, 625, 352, 400, 298, 540, 397, 204], [489, 195, 521, 207, 422, 156, 338, 554], [298, 501, 527, 124, 226, 358, 110, 18], [209, 106, 614, 107, 346, 558, 185, 653], [210, 259, 588, 544, 647, 140, 423, 113], [103, 614, 105, 641, 338, 211, 115, 638], [522, 212, 530, 625, 224, 348, 529, 312], [539, 551, 461, 163, 616, 536, 153, 178], [538, 215, 479, 221, 153, 631, 337, 542], [216, 181, 115, 69, 653, 180, 219, 615], [217, 538, 542, 626, 629, 511, 634, 221], [326, 298, 399, 54, 630, 533, 283, 397], [218, 153, 220, 219, 650, 653, 336, 179], [219, 153, 220, 336, 218, 155, 523, 634], [220, 336, 477, 153, 218, 219, 170, 180], [221, 218, 653, 153, 492, 549, 634, 615], [224, 225, 269, 653, 223, 217, 538, 183], [225, 278, 282, 20, 222, 217, 290, 441], [226, 508, 216, 194, 40, 595, 200, 396], [227, 634, 650, 539, 615, 140, 614, 219], [153, 229, 191, 117, 231, 609, 116, 601], [231, 320, 615, 617, 634, 578, 596, 396], [232, 336, 180, 634, 153, 477, 386, 218], [235, 396, 473, 386, 232, 615, 365, 227], [451, 510, 436, 298, 308, 527, 553, 497], [240, 331, 238, 237, 355, 479, 474, 570], [238, 243, 291, 205, 131, 611, 245, 362], [239, 296, 156, 356, 302, 142, 326, 647], [240, 396, 514, 527, 639, 520, 395, 249], [243, 246, 482, 245, 394, 291, 390, 376], [245, 243, 291, 246, 329, 387, 307, 282], [246, 307, 643, 527, 478, 561, 5, 243], [325, 247, 369, 426, 230, 444, 375, 374], [249, 140, 338, 153, 479, 511, 219, 371], [250, 249, 503, 140, 365, 371, 383, 260], [251, 338, 514, 375, 591, 395, 555, 130], [337, 252, 651, 255, 200, 536, 376, 505], [253, 160, 599, 130, 411, 591, 554, 79], [254, 371, 634, 462, 490, 574, 446, 458], [255, 316, 375, 555, 545, 356, 251, 544], [614, 256, 366, 209, 346, 107, 106, 492], [257, 538, 588, 544, 542, 374, 371, 555], [258, 574, 251, 521, 404, 555, 544, 395], [259, 113, 639, 614, 338, 544, 140, 423], [137, 647, 613, 365, 521, 62, 260, 422], [261, 150, 345, 203, 615, 115, 337, 396], [276, 190, 520, 399, 404, 262, 553, 510], [264, 265, 155, 530, 448, 634, 269, 115], [266, 469, 180, 179, 170, 634, 177, 523], [404, 423, 259, 590, 251, 258, 267, 308], [268, 271, 310, 527, 298, 376, 399, 296], [269, 221, 634, 218, 538, 542, 524, 615], [270, 642, 280, 588, 161, 539, 351, 107], [271, 462, 114, 437, 623, 226, 609, 289], [272, 346, 478, 401, 174, 345, 317, 138], [274, 402, 322, 278, 634, 492, 606, 124], [275, 436, 294, 239, 298, 302, 371, 390], [298, 268, 562, 531, 137, 164, 283, 262], [278, 615, 221, 609, 115, 653, 402, 539], [454, 513, 240, 375, 371, 527, 608, 511], [511, 281, 561, 249, 394, 560, 579, 112], [297, 519, 527, 526, 544, 395, 441, 285], [282, 284, 379, 617, 281, 327, 584, 511], [285, 284, 617, 365, 615, 578, 371, 322], [205, 174, 451, 186, 241, 190, 395, 575], [290, 502, 220, 180, 293, 336, 650, 177], [376, 425, 226, 560, 437, 492, 298, 317], [293, 379, 217, 538, 480, 266, 180, 220], [294, 455, 385, 290, 356, 325, 629, 358], [210, 346, 539, 614, 555, 520, 267, 124], [297, 555, 337, 375, 257, 545, 542, 374], [461, 462, 457, 300, 652, 231, 626, 455], [302, 639, 527, 282, 606, 396, 526, 553], [404, 230, 342, 151, 426, 545, 544, 505], [305, 549, 336, 306, 183, 219, 566, 402], [309, 306, 520, 317, 366, 375, 617, 527], [148, 248, 552, 488, 310, 317, 527, 283], [337, 108, 409, 505, 545, 538, 555, 542], [316, 314, 315, 470, 637, 130, 133, 104], [317, 520, 511, 265, 527, 542, 147, 282], [320, 319, 365, 414, 285, 375, 599, 231], [539, 153, 161, 538, 408, 217, 323, 536], [324, 423, 618, 376, 296, 395, 564, 308], [325, 629, 455, 207, 204, 230, 562, 322], [326, 454, 356, 298, 403, 647, 272, 588], [327, 584, 390, 386, 586, 511, 309, 235], [328, 329, 220, 155, 336, 477, 383, 171], [330, 249, 238, 265, 515, 338, 101, 473], [332, 228, 337, 385, 440, 393, 545, 223], [382, 527, 513, 526, 99, 399, 555, 520], [334, 100, 203, 217, 389, 476, 83, 323], [335, 375, 527, 403, 590, 555, 514, 251], [336, 23, 328, 171, 220, 155, 427, 383], [336, 220, 477, 232, 371, 181, 155, 523], [337, 545, 544, 615, 259, 538, 154, 393], [338, 614, 345, 386, 396, 337, 183, 249], [531, 248, 339, 283, 557, 532, 513, 545], [153, 342, 219, 106, 614, 535, 124, 108], [343, 153, 614, 653, 216, 523, 107, 122], [345, 346, 216, 99, 200, 396, 252, 338], [346, 345, 614, 338, 560, 107, 454, 423], [347, 188, 653, 601, 618, 299, 153, 185], [445, 97, 348, 202, 522, 33, 620, 581], 