{"num_src_sents": 21, "plutarch_1_1906": {"tgt_lang": "en", "transl_top1": 0.19047619047619047, "transl_top5": 0.3333333333333333, "transl_top10": 0.38095238095238093, "num_nulls": 0, "num_tgt_sents": 6800, "retrieval_preds": [[4760, 676, 2710, 119, 2066, 3751, 468, 524], [4762, 1637, 1156, 6414, 2061, 5813, 1234, 536], [4764, 4763, 6008, 5418, 6005, 4132, 3388, 6776], [4767, 3133, 4350, 6712, 6509, 1184, 5926, 6415], [6793, 6490, 5556, 1509, 6786, 5351, 4410, 5921], [4770, 994, 3391, 3580, 6709, 560, 1786, 5905], [4771, 4774, 4791, 4571, 4119, 4639, 4691, 398], [6511, 5241, 4772, 5162, 4748, 536, 4762, 3391], [4777, 4778, 5136, 3391, 3133, 4146, 3840, 4444], [4779, 6707, 1437, 6490, 2913, 3155, 6606, 1706], [1832, 1496, 4135, 1503, 4123, 6240, 2157, 51], [4675, 738, 5588, 3676, 2482, 6189, 6268, 2238], [4119, 4783, 4252, 4328, 2945, 4633, 5953, 2286], [4785, 4400, 3650, 4405, 3646, 4778, 4790, 4639], [4786, 6368, 6193, 6005, 417, 3281, 4231, 2815], [2732, 4789, 6776, 145, 4095, 4017, 489, 3102], [4501, 4446, 4616, 5574, 4476, 1188, 3315, 3014], [4791, 4774, 618, 622, 5144, 4178, 4787, 3172], [1369, 1361, 2478, 4793, 3992, 789, 6567, 865], [4793, 865, 1637, 4095, 4310, 1331, 6383, 6421], [4794, 4051, 3133, 4095, 4027, 2801, 1228, 1227]]}, "plutarch_2_1908": {"tgt_lang": "en", "transl_top1": 0.09523809523809523, "transl_top5": 0.2857142857142857, "transl_top10": 0.2857142857142857, "num_nulls": 0, "num_tgt_sents": 5773, "retrieval_preds": [[1162, 2852, 3256, 1914, 187, 3377, 434, 2159], [5644, 29, 4707, 5557, 3343, 1700, 44, 5697], [5184, 5017, 2156, 5582, 4472, 3133, 2142, 5024], [5524, 5720, 4658, 3343, 1747, 1743, 3938, 453], [4138, 269, 4284, 390, 1786, 246, 5557, 3765], [174, 2204, 2065, 4148, 893, 1917, 32, 2595], [2889, 2307, 860, 3614, 4962, 3958, 4654, 2595], [683, 2180, 5702, 2611, 339, 895, 1876, 2409], [1706, 1131, 2409, 263, 5598, 4240, 2180, 2755], [1409, 5767, 1573, 1176, 5723, 204, 2314, 1007], [4058, 5315, 5376, 2960, 2085, 2179, 1409, 243], [968, 5496, 3156, 879, 2311, 3314, 5647, 4679], [4980, 958, 860, 537, 2478, 4987, 4698, 430], [2595, 4859, 2307, 1398, 2224, 1879, 1946, 3612], [2142, 2014, 3399, 1917, 5167, 1325, 125, 3367], [3480, 2319, 263, 5066, 1892, 2517, 5619, 155], [2403, 2958, 3783, 3588, 2641, 3854, 2630, 767], [186, 5062, 1104, 2118, 794, 2296, 164, 1398], [1343, 356, 885, 5001, 3614, 3761, 1310, 5081], [5628, 263, 1343, 21, 356, 5424, 3536, 1841], [5651, 649, 5621, 1189, 1705, 1114, 1750, 3874]]}, "num_translations": 2, "text_top1": 0.14285714285714285, "text_top5": 0.30952380952380953, "text_top10": 0.3333333333333333}