{"num_src_sents": 309, "xenophon_1_1872": {"tgt_lang": "fr", "transl_top1": 0.22653721682847897, "transl_top5": 0.4336569579288026, "transl_top10": 0.5210355987055016, "num_nulls": 0, "num_tgt_sents": 11058}, "xenophon_2_1872": {"tgt_lang": "fr", "transl_top1": 0.006472491909385114, "transl_top5": 0.038834951456310676, "transl_top10": 0.0744336569579288, "num_nulls": 0, "num_tgt_sents": 10554}, "xenophon_1898": {"tgt_lang": "en", "transl_top1": 0.4077669902912621, "transl_top5": 0.6666666666666666, "transl_top10": 0.8025889967637541, "num_nulls": 0, "num_tgt_sents": 5439}, "xenophon_3_1737": {"tgt_lang": "it", "transl_top1": 0.16828478964401294, "transl_top5": 0.3300970873786408, "transl_top10": 0.43042071197411, "num_nulls": 0, "num_tgt_sents": 12015}, "num_translations": 4, "text_top1": 0.20226537216828477, "text_top5": 0.3673139158576052, "text_top10": 0.4571197411003236}