{"num_src_sents": 23, "lucian_1829_10": {"tgt_lang": "de", "transl_top1": 0.13043478260869565, "transl_top5": 0.34782608695652173, "transl_top10": 0.34782608695652173, "num_nulls": 0, "num_tgt_sents": 4222, "retrieval_preds": [[334, 1011, 1988, 2473, 221, 1305, 3045, 968], [281, 2464, 2463, 2755, 2461, 1478, 1952, 4090], [2463, 2745, 1853, 3699, 2464, 3186, 3276, 334], [3406, 2656, 1714, 2673, 3057, 2468, 2992, 216], [1586, 1509, 334, 1011, 1464, 221, 2745, 1645], [2473, 3986, 3031, 2339, 1005, 1846, 2775, 3144], [541, 2088, 669, 1009, 2211, 4070, 2246, 2018], [2477, 527, 541, 669, 846, 1887, 3414, 2088], [1720, 2858, 4090, 334, 1586, 3660, 2478, 3693], [1483, 2834, 4161, 4141, 2012, 1, 1724, 1855], [1991, 3800, 3697, 363, 3428, 600, 1024, 1595], [2952, 334, 221, 2059, 2701, 2488, 1586, 987], [2488, 1586, 2548, 1622, 3613, 3397, 3518, 2339], [1176, 2654, 1472, 843, 2490, 2646, 2992, 3895], [2491, 3102, 135, 851, 3111, 2860, 1235, 4034], [2492, 3330, 230, 3685, 1816, 2603, 2339, 2701], [2495, 3860, 2497, 2220, 3562, 1697, 1429, 822], [2497, 1451, 3562, 3860, 2496, 3174, 1846, 491], [2701, 1846, 1718, 3790, 2807, 334, 1988, 3344], [1509, 1888, 741, 772, 674, 2516, 1498, 686], [1718, 1846, 3757, 2510, 3790, 1767, 3049, 3075], [1235, 2017, 3762, 2333, 679, 2481, 2860, 1870], [2514, 2513, 1902, 3798, 851, 3762, 3792, 3839]]}, "num_translations": 1, "text_top1": 0.13043478260869565, "text_top5": 0.34782608695652173, "text_top10": 0.34782608695652173}