{"num_src_sents": 154, "suetonius_1855-1897": {"tgt_lang": "de", "transl_top1": 0.6298701298701299, "transl_top5": 0.7792207792207793, "transl_top10": 0.8441558441558441, "num_nulls": 0, "num_tgt_sents": 5120, "retrieval_preds": [[3268, 5094, 3811, 249, 5114, 3821, 3983, 3936], [2334, 4764, 1518, 705, 238, 4917, 147, 2928], [3984, 2663, 4028, 3086, 4904, 4650, 1545, 2523], [3986, 3064, 658, 3895, 3996, 4650, 561, 2854], [2015, 3637, 3633, 890, 3987, 4529, 1054, 712], [2928, 2739, 1284, 1229, 4612, 3987, 1563, 783], [3988, 4058, 4479, 3821, 1229, 3983, 585, 4492], [3989, 1468, 2622, 2621, 4347, 2300, 754, 2009], [3991, 2637, 4448, 4020, 849, 4710, 1599, 4227], [3992, 3206, 3418, 2327, 2331, 3256, 4286, 639], [3993, 462, 4197, 4000, 3994, 4660, 2518, 2421], [3994, 962, 4170, 3995, 710, 2605, 2260, 556], [3995, 2227, 3424, 4480, 2437, 2677, 3782, 2442], [3996, 660, 2934, 3994, 3855, 4850, 5061, 4204], [3996, 1669, 4384, 3667, 4292, 1811, 1704, 1885], [3997, 3998, 2854, 1085, 2234, 1545, 4040, 3779], [3999, 30, 444, 1490, 358, 4303, 1908, 1010], [4000, 1762, 4013, 1486, 5087, 4846, 1901, 206], [4001, 154, 18, 5037, 1721, 263, 4191, 644], [4002, 989, 327, 4969, 2384, 4606, 3710, 2924], [4003, 3246, 4179, 358, 1933, 1480, 5069, 1490], [4004, 2395, 3159, 1757, 4904, 4684, 2447, 3738], [4006, 2575, 2069, 3083, 2005, 2999, 840, 3461], [4007, 3251, 5088, 491, 5114, 2667, 4160, 1917], [5084, 363, 38, 3472, 4552, 4768, 5068, 1017], [4009, 1884, 2680, 4179, 4101, 4877, 1018, 4447], [4497, 864, 365, 3830, 332, 1187, 3165, 2353], [4010, 1462, 1774, 2061, 1758, 1047, 4005, 4548], [4148, 4011, 2308, 928, 3133, 4649, 1623, 728], [4012, 2064, 5051, 2640, 1501, 307, 3470, 4013], [4018, 3254, 3283, 4666, 3200, 4092, 2073, 2537], [4754, 3932, 2308, 4635, 1781, 845, 3928, 1623], [4020, 3860, 2325, 2276, 840, 4218, 3283, 3996], [763, 2383, 4142, 1203, 4487, 2026, 1614, 4992], [4022, 4490, 3297, 2887, 2624, 4218, 2447, 4788], [4023, 403, 3588, 2287, 2188, 4448, 3192, 1735], [4025, 2403, 2110, 1360, 4602, 4564, 16, 1051], [4026, 589, 2361, 2822, 125, 827, 3439, 1126], [4027, 2264, 2490, 2252, 2509, 3900, 2063, 2634], [4028, 2557, 1472, 3459, 1110, 3760, 3393, 1780], [4030, 2575, 2478, 2797, 1807, 3215, 3477, 3208], [4031, 1219, 1266, 4909, 3158, 1348, 3197, 3623], [4033, 121, 3819, 1731, 4479, 218, 558, 4410], [4034, 4315, 37, 3107, 1882, 3556, 3452, 1919], [4035, 4486, 1925, 2966, 4515, 4202, 706, 1192], [1781, 3831, 4253, 3636, 4651, 2131, 4037, 754], [745, 4291, 3522, 4475, 2085, 4346, 565, 1277], [663, 893, 555, 4038, 4884, 4061, 2880, 4259], [4923, 3880, 4079, 528, 4937, 827, 2802, 2437], [4040, 2832, 4255, 4236, 2128, 1382, 2195, 473], [4041, 4568, 565, 3635, 5031, 1275, 263, 2693], [4042, 1300, 2941, 2261, 762, 3316, 705, 1124], [4043, 2357, 751, 4308, 2183, 674, 2519, 4765], [4044, 1948, 2646, 501, 493, 2920, 2184, 2042], [2024, 2180, 608, 4045, 2143, 1341, 2681, 3713], [4046, 2437, 4544, 4379, 4165, 3768, 3404, 565], [4754, 3380, 4775, 2999, 463, 4298, 4522, 438], [4047, 2528, 4138, 3134, 1651, 428, 2153, 1523], [4048, 4049, 4709, 4323, 4965, 4462, 3749, 1026], [4050, 1082, 770, 546, 3910, 751, 1834, 3583], [4051, 3452, 878, 4494, 4370, 4075, 2369, 361], [4053, 3983, 1093, 2009, 2016, 3081, 216, 4460], [3953, 4054, 4557, 2209, 3834, 2816, 4055, 4196], [4056, 771, 339, 2537, 4878, 1729, 2810, 2680], [4057, 2028, 4976, 1157, 2573, 2816, 3713, 4807], [4058, 3821, 3385, 4082, 1743, 4227, 4784, 4189], [4060, 1045, 3855, 3590, 3751, 2264, 473, 2558], [850, 2171, 4870, 846, 4063, 4910, 4872, 725], [1742, 4026, 3782, 2437, 3995, 2435, 2002, 3262], [4066, 2535, 4877, 63, 4186, 409, 2276, 4227], [4068, 4940, 4119, 4497, 4939, 3567, 360, 734], [4069, 3100, 3772, 384, 3349, 1010, 1190, 4877], [4071, 4841, 2848, 4405, 3272, 4531, 2084, 4475], [4072, 2127, 632, 2123, 1262, 2209, 2835, 3563], [2843, 4073, 1248, 535, 1069, 1123, 3896, 3224], [727, 1833, 2337, 4751, 3552, 2564, 4837, 197], [4075, 1115, 340, 4526, 4293, 3012, 78, 4848], [2848, 4075, 4254, 2195, 3452, 465, 1152, 4255], [913, 438, 4928, 3441, 4126, 2131, 4351, 4995], [4077, 2369, 4877, 2694, 4186, 2935, 4189, 4409], [2934, 4081, 4279, 5056, 3149, 1979, 2454, 386], [4082, 1934, 4189, 4088, 3100, 2278, 4236, 1172], [4084, 988, 1909, 4842, 551, 30, 338, 3749], [4086, 4336, 2153, 2234, 2728, 2226, 3741, 3863], [1403, 1069, 942, 4544, 692, 4609, 3708, 575], [4087, 1015, 4251, 2580, 4124, 4093, 147, 3331], [4088, 2028, 840, 4236, 4955, 4106, 1172, 4765], [4089, 4076, 4040, 4347, 1908, 2463, 792, 4310], [4092, 4186, 1356, 481, 486, 2276, 646, 1307], [4093, 4094, 874, 3893, 4983, 3587, 4521, 3330], [4096, 2929, 1368, 3865, 4281, 767, 964, 2023], [4097, 995, 4867, 4521, 967, 3393, 105, 3368], [4098, 839, 1975, 3629, 1503, 4859, 821, 234], [4099, 1380, 1880, 4049, 1299, 4424, 1342, 3554], [4100, 4119, 2422, 845, 2658, 2472, 2478, 788], [4101, 1172, 2129, 491, 2104, 2778, 700, 1504], [4101, 4350, 4964, 3487, 4124, 4528, 3326, 1328], [4102, 159, 699, 2209, 1280, 2276, 4492, 2183], [4970, 3334, 2334, 2888, 3321, 2302, 4756, 3146], [4104, 612, 1612, 2183, 1177, 3782, 3192, 756], [4105, 3332, 4822, 3540, 3480, 225, 3554, 840], [591, 3787, 2127, 3537, 2587, 2814, 4551, 4834], [1274, 3508, 661, 4106, 1281, 1846, 1093, 4834], [4626, 2752, 1529, 4591, 2439, 3236, 614, 2093], [4585, 1295, 4107, 4108, 1237, 1519, 1157, 3046], [4109, 1147, 1292, 2573, 2762, 1125, 486, 1370], [4110, 1376, 688, 1430, 1595, 2742, 4281, 1227], [1355, 784, 4804, 2882, 4765, 1426, 2742, 2103], [2733, 2798, 1236, 4037, 2874, 4837, 1387, 846], [4115, 4084, 4585, 2263, 2973, 4411, 4303, 3395], [4116, 749, 4794, 2896, 1379, 4507, 4236, 1135], [4117, 1178, 2353, 404, 1036, 3610, 2160, 2980], [4119, 3957, 3998, 2616, 551, 5017, 2464, 1998], [4120, 2139, 1286, 591, 1277, 3123, 2087, 4356], [4122, 2234, 47, 1899, 3991, 2369, 3041, 3159], [2954, 56, 215, 1993, 2660, 677, 4626, 1785], [4123, 4907, 1758, 3756, 1760, 3212, 3508, 3782], [4124, 4682, 2391, 3303, 4748, 1670, 3485, 3563], [4125, 1923, 927, 3915, 1118, 2356, 4995, 1729], [913, 3485, 1122, 3870, 4126, 3868, 4535, 2104], [4127, 4530, 2833, 3686, 4053, 1206, 3162, 2231], [4785, 3113, 4589, 2396, 1731, 4800, 4128, 1368], [4129, 4895, 2739, 4142, 3855, 4961, 1275, 319], [4130, 1016, 2942, 3324, 2887, 3305, 4995, 1452], [4132, 1766, 1757, 2447, 2976, 2000, 4022, 3579], [3061, 871, 768, 4836, 1403, 4521, 4431, 1855], [591, 3787, 948, 3554, 4976, 869, 4865, 1276], [4134, 909, 3485, 4081, 768, 902, 2423, 959], [1046, 2814, 735, 4138, 511, 2069, 3452, 4710], [873, 4509, 804, 3058, 1583, 4837, 4970, 241], [2864, 1072, 2823, 2810, 538, 4359, 2809, 3205], [4144, 4572, 4615, 4809, 4652, 3927, 2285, 4635], [4145, 4214, 4240, 3914, 4697, 4241, 1369, 2689], [2396, 2237, 1127, 3932, 3561, 1156, 3732, 2841], [4146, 1521, 3328, 4661, 846, 4313, 815, 2448], [4147, 1548, 2309, 4572, 4144, 2285, 2411, 2413], [4148, 2125, 86, 595, 3876, 1049, 4131, 2123], [4149, 4339, 938, 3879, 2379, 2480, 430, 4850], [4151, 3787, 4469, 1078, 4939, 2621, 4084, 4521], [4152, 3757, 2882, 4601, 3175, 245, 56, 1228], [4153, 4222, 929, 2999, 2441, 2693, 396, 4241], [1913, 2999, 1654, 1458, 4154, 3575, 3459, 3147], [3075, 2677, 4537, 2936, 4155, 3518, 2863, 4363], [4156, 4157, 550, 1689, 2752, 1186, 2940, 2276], [3427, 2954, 1586, 1550, 261, 4754, 3380, 855], [4159, 3829, 1403, 4065, 4698, 4571, 3946, 3821], [4160, 1877, 4681, 766, 5019, 1403, 1481, 3722], [4161, 3952, 2877, 1647, 2393, 628, 4432, 5021], [4162, 4528, 2104, 4532, 771, 1651, 3575, 3302], [4165, 3308, 5047, 2887, 2547, 1641, 3299, 2026], [1855, 1122, 1232, 782, 4166, 3269, 2450, 3300], [4167, 4058, 3818, 3983, 3147, 3640, 3694, 4241], [4168, 4274, 1276, 5018, 239, 4169, 4778, 3685], [4170, 4801, 3238, 1913, 1065, 2738, 4472, 3998]]}, "num_translations": 1, "text_top1": 0.6298701298701299, "text_top5": 0.7792207792207793, "text_top10": 0.8441558441558441}