{"num_src_sents": 302, "isocrates_1835_5": {"tgt_lang": "de", "transl_top1": 0.5331125827814569, "transl_top5": 0.6887417218543046, "transl_top10": 0.7615894039735099, "num_nulls": 0, "num_tgt_sents": 4051}, "isocrates_1832_1": {"tgt_lang": "de", "transl_top1": 0.013245033112582781, "transl_top5": 0.0695364238410596, "transl_top10": 0.09602649006622517, "num_nulls": 0, "num_tgt_sents": 3528}, "num_translations": 2, "text_top1": 0.2731788079470198, "text_top5": 0.3791390728476821, "text_top10": 0.4288079470198676}