{"num_src_sents": 48, "plutarch_1898_ethical": {"tgt_lang": "en", "transl_top1": 0.3541666666666667, "transl_top5": 0.4375, "transl_top10": 0.5208333333333334, "num_nulls": 0, "num_tgt_sents": 5242}, "plutarch_2_1844": {"tgt_lang": "fr", "transl_top1": 0.0, "transl_top5": 0.0625, "transl_top10": 0.125, "num_nulls": 0, "num_tgt_sents": 7523}, "plutarch_1_1844": {"tgt_lang": "fr", "transl_top1": 0.0625, "transl_top5": 0.16666666666666666, "transl_top10": 0.22916666666666666, "num_nulls": 0, "num_tgt_sents": 8121}, "num_translations": 3, "text_top1": 0.1388888888888889, "text_top5": 0.22222222222222224, "text_top10": 0.2916666666666667}