{"num_src_sents": 89, "justin_cNepos_eutropius_1902": {"tgt_lang": "en", "transl_top1": 0.7640449438202247, "transl_top5": 0.8764044943820225, "transl_top10": 0.9325842696629213, "num_nulls": 0, "num_tgt_sents": 9841}, "corneliusNepos_1856": {"tgt_lang": "de", "transl_top1": 0.7078651685393258, "transl_top5": 0.8651685393258427, "transl_top10": 0.9438202247191011, "num_nulls": 0, "num_tgt_sents": 2320}, "num_translations": 2, "text_top1": 0.7359550561797752, "text_top5": 0.8707865168539326, "text_top10": 0.9382022471910112}