{"num_src_sents": 379, "plutarch_4_1908": {"tgt_lang": "en", "transl_top1": 0.7150395778364116, "transl_top5": 0.8548812664907651, "transl_top10": 0.9050131926121372, "num_nulls": 0, "num_tgt_sents": 13066}, "plutarch_nd": {"tgt_lang": "de", "transl_top1": 0.36147757255936674, "transl_top5": 0.5488126649076517, "transl_top10": 0.662269129287599, "num_nulls": 0, "num_tgt_sents": 10643}, "plutarch_3_1908": {"tgt_lang": "en", "transl_top1": 0.0, "transl_top5": 0.03430079155672823, "transl_top10": 0.06596306068601583, "num_nulls": 0, "num_tgt_sents": 6633}, "num_translations": 3, "text_top1": 0.35883905013192613, "text_top5": 0.47933157431838164, "text_top10": 0.544415127528584}