{"num_src_sents": 63, "plutarch_1898_ethical": {"tgt_lang": "en", "transl_top1": 0.36507936507936506, "transl_top5": 0.47619047619047616, "transl_top10": 0.5555555555555556, "num_nulls": 0, "num_tgt_sents": 5242, "retrieval_preds": [[1229, 1228, 3877, 4878, 3689, 4633, 4868, 3773], [1230, 3861, 3552, 4438, 3550, 3340, 768, 4444], [1231, 1401, 4490, 3181, 1785, 1849, 1706, 695], [1233, 1001, 192, 2562, 3895, 852, 1838, 2967], [1234, 1788, 4216, 4151, 4438, 164, 1785, 1610], [1236, 1235, 4097, 4382, 4454, 3616, 4464, 4437], [3621, 1377, 2034, 2562, 4456, 4514, 2507, 3249], [1239, 1705, 4092, 448, 1388, 2839, 2231, 3854], [3552, 1241, 1980, 3933, 428, 4530, 240, 3056], [1805, 1242, 1283, 1995, 557, 1361, 3476, 3925], [1243, 2325, 1691, 4123, 3802, 4437, 2604, 1418], [1245, 4251, 4334, 4383, 3577, 3093, 1995, 360], [1246, 2656, 2167, 1220, 1254, 3289, 4640, 3854], [1247, 1446, 1466, 3492, 4723, 1420, 4263, 4728], [4251, 4461, 2506, 3616, 3541, 2116, 4229, 3743], [1250, 2631, 3722, 45, 46, 1443, 1452, 736], [1251, 3489, 602, 550, 1199, 923, 1220, 2893], [2216, 4323, 198, 4980, 2633, 1252, 2385, 4231], [3457, 1253, 3456, 3536, 3382, 2661, 2483, 603], [1254, 1491, 729, 1573, 1298, 1503, 858, 1874], [1254, 4640, 2656, 3701, 492, 4743, 3788, 4435], [324, 1255, 690, 232, 935, 4870, 2324, 1610], [1256, 3616, 1705, 689, 1009, 3541, 1653, 2194], [1261, 1978, 4385, 3802, 1713, 3769, 2116, 1637], [1262, 4523, 3019, 1006, 3839, 734, 4334, 861], [1263, 3946, 4289, 488, 852, 826, 362, 1001], [349, 1871, 2074, 3920, 1727, 4530, 610, 4263], [557, 1505, 3443, 1981, 765, 826, 1382, 49], [3577, 2195, 2194, 4437, 4840, 2304, 2253, 4460], [3168, 1268, 1455, 1617, 2529, 4758, 4568, 1911], [1270, 3194, 2190, 250, 1413, 4721, 2233, 308], [1911, 4437, 2458, 1271, 2232, 4448, 1823, 1466], [1272, 1871, 4325, 1300, 4434, 3168, 3476, 4514], [1274, 4129, 198, 2620, 2114, 2633, 1692, 1775], [2219, 3100, 2657, 4609, 4607, 2577, 3456, 4653], [1275, 4436, 1610, 4030, 360, 4233, 2037, 1309], [1276, 3319, 1908, 2679, 2072, 4845, 2066, 3320], [4212, 2539, 1637, 1769, 4499, 4229, 1466, 2458], [2791, 2815, 1540, 2044, 2235, 3787, 1279, 4616], [1281, 4308, 3337, 3308, 2629, 4320, 4404, 4461], [511, 1282, 428, 483, 1077, 397, 404, 254], [1283, 1786, 137, 4214, 4229, 3953, 1466, 2123], [1285, 3925, 1304, 3024, 4964, 882, 4732, 889], [1286, 1598, 4229, 4214, 4285, 557, 1995, 3619], [1287, 3795, 4852, 2572, 3597, 1605, 4679, 4263], [4335, 1301, 1289, 1870, 153, 1619, 1931, 5025], [1290, 3902, 3337, 3802, 3750, 4422, 4980, 4743], [363, 1696, 364, 5227, 3949, 5073, 3679, 362], [4251, 3902, 1767, 1653, 3616, 4385, 2378, 3750], [1761, 586, 3892, 2455, 2072, 595, 3619, 1049], [1295, 4435, 1559, 2104, 3012, 3015, 3959, 2532], [406, 1370, 32, 1521, 1206, 3579, 2148, 4088], [1297, 1298, 3015, 3283, 1491, 1578, 2123, 4185], [1299, 4200, 4379, 3937, 2116, 3930, 4094, 3541], [1301, 1304, 4251, 4501, 1637, 4335, 4964, 4334], [1302, 4517, 1447, 4459, 4661, 3476, 2232, 3909], [4436, 4515, 1916, 1878, 3906, 3907, 1313, 2590], [4505, 4501, 3381, 1636, 1301, 1304, 1651, 1979], [1305, 1553, 2508, 585, 1502, 3858, 1206, 856], [477, 384, 3679, 1879, 1830, 735, 674, 48], [2219, 4588, 4679, 3395, 2857, 3959, 4653, 3791], [1307, 395, 3066, 391, 1836, 2608, 1513, 2906], [422, 2232, 901, 4457, 4437, 4964, 1653, 3093]]}, "num_translations": 1, "text_top1": 0.36507936507936506, "text_top5": 0.47619047619047616, "text_top10": 0.5555555555555556}