{"num_src_sents": 688, "plato_3_1826": {"tgt_lang": "fr", "transl_top1": 0.010174418604651164, "transl_top5": 0.040697674418604654, "transl_top10": 0.06976744186046512, "num_nulls": 0, "num_tgt_sents": 3903}, "plato_1_1846": {"tgt_lang": "fr", "transl_top1": 0.005813953488372093, "transl_top5": 0.02180232558139535, "transl_top10": 0.04505813953488372, "num_nulls": 0, "num_tgt_sents": 3203}, "plato_1855-1903_4": {"tgt_lang": "de", "transl_top1": 0.010174418604651164, "transl_top5": 0.027616279069767442, "transl_top10": 0.04215116279069767, "num_nulls": 0, "num_tgt_sents": 7126}, "plato_1855-1903_3": {"tgt_lang": "de", "transl_top1": 0.011627906976744186, "transl_top5": 0.0377906976744186, "transl_top10": 0.06831395348837209, "num_nulls": 0, "num_tgt_sents": 7777}, "plato_1855-1903_1": {"tgt_lang": "de", "transl_top1": 0.014534883720930232, "transl_top5": 0.027616279069767442, "transl_top10": 0.055232558139534885, "num_nulls": 0, "num_tgt_sents": 3965}, "plato_1855-1903_2": {"tgt_lang": "de", "transl_top1": 0.010174418604651164, "transl_top5": 0.0377906976744186, "transl_top10": 0.061046511627906974, "num_nulls": 0, "num_tgt_sents": 6411}, "num_translations": 9, "text_top1": 0.006944444444444444, "text_top5": 0.021479328165374678, "text_top10": 0.037952196382428936}