{"num_src_sents": 295, "Epictetus_MarcusAurelius_Theophrastus_1855-1891": {"tgt_lang": "de", "transl_top1": 0.5084745762711864, "transl_top5": 0.7457627118644068, "transl_top10": 0.8203389830508474, "num_nulls": 0, "num_tgt_sents": 5160}, "num_translations": 1, "text_top1": 0.5084745762711864, "text_top5": 0.7457627118644068, "text_top10": 0.8203389830508474}