{"num_src_sents": 62, "lucian_1867_3": {"tgt_lang": "de", "transl_top1": 0.04838709677419355, "transl_top5": 0.1935483870967742, "transl_top10": 0.24193548387096775, "num_nulls": 0, "num_tgt_sents": 3614}, "lucian_1829_10": {"tgt_lang": "de", "transl_top1": 0.20967741935483872, "transl_top5": 0.3709677419354839, "transl_top10": 0.45161290322580644, "num_nulls": 0, "num_tgt_sents": 4222}, "lucian_1866_1": {"tgt_lang": "de", "transl_top1": 0.4838709677419355, "transl_top5": 0.5645161290322581, "transl_top10": 0.6290322580645161, "num_nulls": 0, "num_tgt_sents": 4624}, "num_translations": 3, "text_top1": 0.24731182795698925, "text_top5": 0.3763440860215054, "text_top10": 0.4408602150537635}