{"num_src_sents": 676, "horace_juvenal_persius_1841": {"tgt_lang": "fr", "transl_top1": 0.35650887573964496, "transl_top5": 0.5488165680473372, "transl_top10": 0.6242603550295858, "num_nulls": 0, "num_tgt_sents": 8044}, "horace_1902": {"tgt_lang": "en", "transl_top1": 0.7174556213017751, "transl_top5": 0.8831360946745562, "transl_top10": 0.9319526627218935, "num_nulls": 0, "num_tgt_sents": 4146}, "horace_1859": {"tgt_lang": "en", "transl_top1": 0.6834319526627219, "transl_top5": 0.9127218934911243, "transl_top10": 0.9837278106508875, "num_nulls": 0, "num_tgt_sents": 4844}, "horace_1847": {"tgt_lang": "fr", "transl_top1": 0.19230769230769232, "transl_top5": 0.26627218934911245, "transl_top10": 0.3224852071005917, "num_nulls": 0, "num_tgt_sents": 2963}, "num_translations": 4, "text_top1": 0.4874260355029586, "text_top5": 0.6527366863905326, "text_top10": 0.7156065088757396}