{"num_src_sents": 242, "plutarch_1864-1867_14-20": {"tgt_lang": "de", "transl_top1": 0.012396694214876033, "transl_top5": 0.06198347107438017, "transl_top10": 0.09090909090909091, "num_nulls": 0, "num_tgt_sents": 6866}, "plutarch_2_1908": {"tgt_lang": "en", "transl_top1": 0.02066115702479339, "transl_top5": 0.0743801652892562, "transl_top10": 0.10743801652892562, "num_nulls": 0, "num_tgt_sents": 5773}, "plutarch_1855-1903_4": {"tgt_lang": "de", "transl_top1": 0.012396694214876033, "transl_top5": 0.05785123966942149, "transl_top10": 0.10330578512396695, "num_nulls": 0, "num_tgt_sents": 5144}, "plutarch_1855-1897_1": {"tgt_lang": "de", "transl_top1": 0.3677685950413223, "transl_top5": 0.5867768595041323, "transl_top10": 0.7024793388429752, "num_nulls": 0, "num_tgt_sents": 7147}, "plutarch_1_1906": {"tgt_lang": "en", "transl_top1": 0.5909090909090909, "transl_top5": 0.7768595041322314, "transl_top10": 0.8429752066115702, "num_nulls": 0, "num_tgt_sents": 6800}, "num_translations": 5, "text_top1": 0.20082644628099175, "text_top5": 0.3115702479338843, "text_top10": 0.36942148760330573}