{"num_src_sents": 1585, "plautus_1862_1": {"tgt_lang": "de", "transl_top1": 0.031545741324921134, "transl_top5": 0.0555205047318612, "transl_top10": 0.07697160883280757, "num_nulls": 0, "num_tgt_sents": 4446}, "plautus_1866_2": {"tgt_lang": "de", "transl_top1": 0.0056782334384858045, "transl_top5": 0.025867507886435333, "transl_top10": 0.04858044164037855, "num_nulls": 0, "num_tgt_sents": 4445}, "plautus_4_1855": {"tgt_lang": "de", "transl_top1": 0.0056782334384858045, "transl_top5": 0.02018927444794953, "transl_top10": 0.03470031545741325, "num_nulls": 0, "num_tgt_sents": 5818}, "plautus_3_1855": {"tgt_lang": "de", "transl_top1": 0.0037854889589905363, "transl_top5": 0.02334384858044164, "transl_top10": 0.03659305993690852, "num_nulls": 0, "num_tgt_sents": 5003}, "num_translations": 4, "text_top1": 0.011671924290220822, "text_top5": 0.031230283911671926, "text_top10": 0.04921135646687698}