{"num_src_sents": 66, "lysias_1856": {"tgt_lang": "de", "transl_top1": 0.3181818181818182, "transl_top5": 0.42424242424242425, "transl_top10": 0.5454545454545454, "num_nulls": 0, "num_tgt_sents": 5319, "retrieval_preds": [[1460, 710, 1426, 3868, 4589, 1435, 3937, 4582], [1394, 2175, 1432, 2185, 4589, 1143, 774, 1015], [4102, 600, 1669, 1346, 1760, 2845, 3654, 3206], [1347, 2234, 1122, 1500, 2183, 3725, 1566, 4120], [1350, 4207, 84, 4678, 2053, 135, 3641, 188], [1857, 1103, 1068, 453, 1353, 3496, 1760, 1055], [2815, 2513, 1614, 914, 4764, 3870, 4531, 1355], [2120, 4718, 1003, 4772, 1357, 769, 4713, 2175], [1359, 1369, 4455, 4373, 4144, 1428, 2127, 3267], [1361, 2405, 2181, 1960, 4545, 4541, 3237, 1273], [3858, 4548, 2165, 710, 4102, 1003, 1362, 1998], [1365, 2516, 2059, 1180, 2173, 1124, 847, 1784], [1435, 1119, 3641, 1367, 4442, 22, 490, 40], [1370, 4671, 1369, 2838, 2951, 3442, 1825, 123], [599, 4685, 3230, 2032, 3379, 2030, 1372, 931], [3682, 1088, 3383, 1661, 984, 929, 1372, 2516], [1374, 4565, 3622, 859, 3980, 869, 2726, 1697], [1375, 3592, 3329, 2173, 4750, 3237, 3303, 2207], [1376, 4121, 3593, 1705, 977, 1542, 2749, 3547], [3338, 1489, 1788, 3366, 1124, 3295, 812, 4544], [3858, 1808, 2794, 1435, 449, 3514, 1735, 1686], [1381, 449, 4102, 1129, 4122, 3492, 4042, 3864], [1384, 2498, 4764, 1426, 2597, 2423, 4175, 2141], [1632, 1426, 644, 4155, 2185, 2817, 1735, 972], [1389, 1441, 4133, 1632, 1734, 4531, 644, 1983], [2690, 670, 1390, 1632, 4545, 4399, 3404, 824], [1620, 1996, 1614, 4108, 3573, 1618, 1391, 1355], [449, 3893, 2185, 1998, 1426, 1432, 3064, 1394], [4204, 2447, 3864, 3774, 3962, 1395, 4029, 2782], [1398, 1432, 3858, 1067, 837, 2133, 3779, 2687], [3493, 1401, 926, 4582, 1468, 3988, 1129, 1491], [2687, 1808, 4327, 3858, 2738, 3937, 1686, 2722], [1408, 3475, 2998, 1639, 4122, 1492, 4178, 3492], [1410, 4481, 4330, 3779, 1189, 1692, 590, 3903], [2513, 1779, 1735, 1414, 1460, 4508, 1761, 2026], [3628, 1639, 3914, 1612, 1587, 1855, 1125, 4236], [1420, 2177, 2175, 972, 2055, 3329, 1006, 1211], [1423, 988, 619, 2240, 1198, 1441, 1750, 1668], [1424, 926, 4324, 2874, 1410, 3860, 3756, 3475], [1426, 2185, 2659, 1735, 3475, 3478, 3800, 2513], [1428, 1861, 89, 3903, 3841, 161, 3877, 2536], [1429, 1855, 1298, 2530, 1068, 1089, 1779, 1612], [1430, 606, 1058, 3909, 1852, 4723, 4219, 1671], [1432, 548, 1435, 1470, 4481, 1003, 2498, 1714], [1965, 3337, 4121, 3276, 1705, 1433, 3404, 3709], [1435, 4481, 2185, 1808, 1384, 2687, 1432, 2957], [3475, 4741, 1436, 1015, 3478, 1106, 1855, 3499], [1438, 1103, 2185, 1927, 4488, 3475, 4744, 4741], [1808, 1426, 1686, 2815, 4104, 970, 2130, 3493], [1443, 3779, 2380, 3603, 4113, 1849, 4108, 1679], [2824, 4370, 3110, 833, 1726, 579, 3299, 2532], [1030, 4647, 2041, 2145, 3858, 1460, 1443, 681], [1448, 650, 2097, 1098, 2277, 3181, 1414, 4467], [2055, 4108, 3779, 576, 3187, 2513, 4133, 1698], [3858, 4582, 1460, 1453, 4327, 2630, 4589, 1532], [2521, 1665, 4501, 2484, 1734, 4359, 1441, 1679], [1458, 3295, 1068, 3245, 1088, 1089, 591, 3360], [2324, 1459, 2852, 1857, 3988, 1760, 2632, 1346], [1460, 2101, 1808, 1119, 3495, 3903, 4481, 1384], [1463, 2632, 4336, 3475, 4420, 4327, 2815, 2623], [1464, 2810, 739, 692, 1341, 4243, 627, 1485], [4582, 1647, 2183, 549, 2185, 3475, 1436, 4104], [3294, 2791, 1515, 3759, 1430, 1508, 4590, 1096], [1470, 1003, 4720, 4744, 3858, 2691, 3511, 2687], [1119, 2324, 1682, 4023, 1710, 4201, 1612, 1459], [2513, 4508, 1435, 1473, 576, 926, 4141, 2118]]}, "num_translations": 1, "text_top1": 0.3181818181818182, "text_top5": 0.42424242424242425, "text_top10": 0.5454545454545454}