{"num_src_sents": 22, "plutarch_4_1908": {"tgt_lang": "en", "transl_top1": 0.0, "transl_top5": 0.045454545454545456, "transl_top10": 0.13636363636363635, "num_nulls": 0, "num_tgt_sents": 13066}, "plutarch_3_1908": {"tgt_lang": "en", "transl_top1": 0.045454545454545456, "transl_top5": 0.18181818181818182, "transl_top10": 0.4090909090909091, "num_nulls": 0, "num_tgt_sents": 6633}, "num_translations": 2, "text_top1": 0.022727272727272728, "text_top5": 0.11363636363636365, "text_top10": 0.2727272727272727}