{"num_src_sents": 437, "euripides_2_1884": {"tgt_lang": "fr", "transl_top1": 0.09610983981693363, "transl_top5": 0.1945080091533181, "transl_top10": 0.2768878718535469, "num_nulls": 0, "num_tgt_sents": 6695}, "euripides_1_1884": {"tgt_lang": "fr", "transl_top1": 0.013729977116704805, "transl_top5": 0.057208237986270026, "transl_top10": 0.09382151029748284, "num_nulls": 0, "num_tgt_sents": 6832}, "num_translations": 2, "text_top1": 0.05491990846681922, "text_top5": 0.12585812356979406, "text_top10": 0.1853546910755149}