{"num_src_sents": 251, "plutarch_3_1908": {"tgt_lang": "en", "transl_top1": 0.00398406374501992, "transl_top5": 0.043824701195219126, "transl_top10": 0.08764940239043825, "num_nulls": 0, "num_tgt_sents": 6633}, "plutarch_4_1908": {"tgt_lang": "en", "transl_top1": 0.5896414342629482, "transl_top5": 0.7928286852589641, "transl_top10": 0.8605577689243028, "num_nulls": 0, "num_tgt_sents": 13066}, "num_translations": 2, "text_top1": 0.2968127490039841, "text_top5": 0.4183266932270916, "text_top10": 0.47410358565737054}