{"num_src_sents": 29, "isocrates_1835_5": {"tgt_lang": "de", "transl_top1": 0.0, "transl_top5": 0.06896551724137931, "transl_top10": 0.2413793103448276, "num_nulls": 0, "num_tgt_sents": 4051}, "isocrates_1832_1": {"tgt_lang": "de", "transl_top1": 0.3793103448275862, "transl_top5": 0.5172413793103449, "transl_top10": 0.7241379310344828, "num_nulls": 0, "num_tgt_sents": 3528}, "num_translations": 2, "text_top1": 0.1896551724137931, "text_top5": 0.2931034482758621, "text_top10": 0.4827586206896552}