{"num_src_sents": 2429, "lucretius_1865": {"tgt_lang": "fr", "transl_top1": 0.4557431041580898, "transl_top5": 0.6463565253190613, "transl_top10": 0.7101687937422808, "num_nulls": 2, "num_tgt_sents": 3254}, "lucretius_virgil_valeriusFlaccus_1857": {"tgt_lang": "fr", "transl_top1": 0.49979415397282834, "transl_top5": 0.6965829559489501, "transl_top10": 0.7682173734046933, "num_nulls": 0, "num_tgt_sents": 19813}, "lucretius_1900": {"tgt_lang": "en", "transl_top1": 0.8666117743927543, "transl_top5": 0.9901193906957596, "transl_top10": 1.0119390695759571, "num_nulls": 2, "num_tgt_sents": 2811}, "lucretius_1920": {"tgt_lang": "en", "transl_top1": 0.011115685467270481, "transl_top5": 0.02387813915191437, "transl_top10": 0.0345821325648415, "num_nulls": 164, "num_tgt_sents": 2149}, "lucretius_1868_1": {"tgt_lang": "de", "transl_top1": 0.5207904487443392, "transl_top5": 0.6986414162206669, "transl_top10": 0.7632770687525731, "num_nulls": 2, "num_tgt_sents": 5916}, "lucretius_5_1887": {"tgt_lang": "fr", "transl_top1": 0.13956360642239604, "transl_top5": 0.17579250720461095, "transl_top10": 0.19143680526965828, "num_nulls": 1810, "num_tgt_sents": 558}, "lucretius_1893": {"tgt_lang": "en", "transl_top1": 0.6788801976121861, "transl_top5": 0.9127212844792095, "transl_top10": 0.9814738575545492, "num_nulls": 0, "num_tgt_sents": 9167}, "num_translations": 7, "text_top1": 0.4532141386814092, "text_top5": 0.5920131741457391, "text_top10": 0.6372993001235077}