{"num_src_sents": 142, "plutarch_1_1906": {"tgt_lang": "en", "transl_top1": 0.028169014084507043, "transl_top5": 0.04929577464788732, "transl_top10": 0.07746478873239436, "num_nulls": 0, "num_tgt_sents": 6800, "retrieval_preds": [[2883, 3912, 2385, 4156, 6009, 3795, 4095, 6257], [5078, 4725, 3995, 1843, 6780, 6341, 6661, 1694], [6774, 6109, 4134, 5957, 6689, 6060, 2646, 3133], [6194, 1717, 5458, 2180, 6407, 6193, 1387, 6421], [6361, 3321, 5333, 381, 4127, 5172, 4221, 6363], [589, 6703, 2298, 1358, 3030, 888, 1878, 6782], [5176, 358, 5836, 423, 5129, 267, 5307, 3133], [3489, 5623, 6141, 1706, 1108, 331, 4427, 3905], [3695, 5706, 4501, 1594, 2684, 4416, 5621, 2485], [6252, 1645, 2680, 3007, 2972, 5457, 5870, 1959], [3099, 3167, 2961, 1092, 3265, 5841, 2673, 3096], [5839, 2916, 2387, 5843, 4707, 4639, 3014, 3793], [4431, 731, 3047, 4322, 371, 2403, 2710, 1573], [1637, 6316, 6421, 2459, 6795, 2063, 5501, 3840], [738, 6548, 5902, 4023, 5223, 1485, 1484, 6692], [3499, 6491, 3312, 2605, 1606, 6456, 6512, 5202], [1637, 5908, 4534, 5307, 6132, 6524, 6433, 1234], [6692, 5038, 5886, 5000, 5238, 6142, 2597, 5202], [817, 4913, 5787, 1708, 1352, 2103, 1848, 2441], [6472, 4776, 6509, 6636, 3651, 4620, 3441, 2054], [6308, 4036, 1771, 3451, 991, 220, 2103, 80], [1359, 4032, 5383, 1088, 1697, 6620, 3703, 2103], [5921, 865, 1195, 6742, 25, 2692, 3627, 185], [6609, 1925, 3510, 4622, 3197, 3905, 3675, 1189], [518, 2298, 548, 3256, 427, 6736, 2975, 27], [3062, 6355, 6524, 6056, 1156, 6072, 6414, 5874], [4442, 4707, 6424, 2955, 4675, 6189, 5681, 5642], [4157, 6384, 3570, 4153, 641, 2385, 3692, 3998], [5908, 4017, 3391, 2954, 5642, 3555, 5994, 4132], [2265, 6109, 5307, 3391, 5241, 6180, 2999, 3724], [5224, 4230, 6620, 6125, 6111, 2378, 1218, 3483], [3349, 6090, 3995, 5129, 6203, 5078, 4156, 4875], [5333, 3870, 6409, 6128, 5219, 1189, 3645, 4207], [6661, 6767, 3633, 4251, 4941, 6060, 5129, 4157], [3391, 5804, 4125, 6180, 3133, 6109, 5152, 3351], [6680, 6524, 1637, 5478, 4587, 6103, 6414, 3388], [6680, 6414, 5478, 4314, 4618, 1258, 1994, 1968], [6512, 4467, 6587, 2716, 6424, 5588, 6536, 667], [6423, 3200, 3177, 635, 642, 2301, 3186, 3251], [3321, 1713, 3254, 284, 6368, 3970, 6508, 4072], [6085, 3995, 4156, 6429, 1843, 6355, 6008, 3040], [4837, 6424, 5588, 3388, 5851, 6776, 3961, 4875], [1215, 5307, 293, 3555, 6109, 6776, 3133, 5674], [5905, 5305, 6214, 4147, 3580, 5139, 4169, 6231], [5946, 424, 1821, 907, 4206, 6215, 455, 1326], [4411, 5901, 5905, 6355, 4416, 2340, 3888, 5977], [4172, 1839, 1698, 4116, 4085, 2308, 4027, 1215], [3349, 3061, 6249, 4051, 6767, 3067, 6368, 4156], [6414, 5010, 3840, 6316, 1637, 6383, 5756, 4725], [2203, 3396, 1321, 5809, 3690, 3863, 5039, 98], [6524, 6680, 3133, 6417, 6166, 6156, 3856, 5307], [6355, 5908, 2898, 5214, 6556, 6417, 4872, 5202], [2219, 1048, 6424, 3006, 5736, 6260, 6577, 1656], [6766, 6712, 1440, 1126, 746, 4901, 740, 1637], [4445, 6705, 4076, 5505, 4707, 5265, 3387, 5175], [6680, 6375, 1840, 6414, 3388, 5982, 293, 4534], [6180, 6253, 4862, 5687, 5418, 4874, 5647, 1968], [738, 6557, 1450, 3622, 667, 1381, 1436, 2675], [4467, 4836, 2536, 6680, 5805, 4707, 2717, 313], [4153, 2283, 5305, 6773, 3155, 4959, 4147, 3417], [4132, 6190, 6194, 4525, 5218, 1069, 3819, 4608], [5304, 3998, 4587, 5544, 3574, 6524, 620, 5543], [4132, 5307, 6132, 4941, 5908, 5241, 6524, 3391], [6680, 3621, 6103, 4608, 1968, 6168, 6506, 757], [6316, 5307, 6132, 2593, 5036, 3753, 6373, 3549], [5908, 6045, 5914, 2265, 6008, 6747, 5078, 6506], [4147, 4149, 494, 3466, 6361, 5270, 5172, 2298], [4495, 6680, 3133, 5078, 4941, 620, 6705, 6661], [6414, 6156, 293, 6524, 3133, 5827, 6506, 4618], [3184, 6508, 4251, 3349, 3061, 6635, 3106, 3102], [3818, 2594, 4252, 6084, 6767, 5674, 5511, 4956], [3899, 5241, 4725, 4960, 6508, 5928, 6421, 4119], [4525, 5038, 6600, 420, 458, 4132, 4530, 5972], [3049, 6180, 3391, 3753, 5164, 3555, 5961, 5890], [3663, 5321, 6077, 6388, 5941, 5405, 5961, 5648], [1243, 1255, 2166, 1497, 5886, 2078, 2165, 2987], [5901, 3961, 6776, 1797, 4566, 6383, 2192, 3840], [6615, 6662, 206, 4050, 5272, 1098, 6651, 1809], [5319, 3321, 5163, 3184, 5029, 3133, 6368, 4156], [4132, 5142, 1839, 4119, 5928, 2999, 5304, 4169], [3049, 6166, 5890, 2714, 6095, 4241, 6355, 1698], [2269, 403, 3417, 5238, 6214, 531, 5905, 2209], [4993, 5027, 4138, 3250, 5238, 5318, 3134, 612], [3189, 3067, 5307, 4116, 2265, 1156, 2061, 4298], [5599, 6725, 865, 6197, 6511, 4132, 4827, 880], [3189, 3003, 5254, 6232, 4132, 2771, 1599, 6071], [5235, 3663, 4211, 6006, 2722, 4316, 4132, 3405], [4618, 3388, 4288, 4530, 6103, 6680, 1839, 5029], [3625, 4132, 6103, 6472, 4130, 1258, 1215, 1839], [1774, 5531, 5153, 5062, 4957, 664, 4119, 5152], [2575, 6050, 1670, 6741, 237, 6289, 5816, 6703], [1694, 6661, 4095, 6421, 5162, 6508, 5867, 4116], [1234, 4770, 3359, 4239, 555, 435, 3574, 531], [612, 5836, 5891, 614, 5162, 3133, 5164, 6060], [1474, 1352, 6256, 6377, 1345, 169, 6624, 438], [6776, 5241, 6005, 4132, 789, 6042, 1947, 2508], [4125, 5908, 6097, 6085, 1843, 6371, 1132, 5935], [2208, 6710, 4997, 1202, 5612, 1863, 1686, 1092], [2736, 2914, 3484, 6567, 3312, 3716, 3786, 5890], [4156, 5928, 3579, 5129, 4875, 6661, 4149, 5241], [5038, 4941, 4725, 5152, 3998, 4960, 3391, 5307], [4153, 2966, 1148, 306, 4147, 3143, 6214, 1859], [5133, 5307, 4941, 4960, 4116, 1215, 3621, 3213], [4962, 3250, 4119, 4259, 1707, 5243, 612, 2923], [2147, 1482, 4969, 1277, 6661, 2763, 4156, 2162], [4017, 4156, 2308, 5148, 6565, 4118, 3133, 3998], [4875, 5129, 295, 6586, 5241, 4251, 6508, 4156], [4713, 3064, 4081, 6006, 6668, 3175, 3149, 911], [5129, 2254, 4172, 3144, 3061, 3067, 5307, 5984], [3213, 3899, 3254, 6021, 4116, 5495, 358, 3284], [6253, 6776, 6008, 5928, 6187, 5241, 4490, 620], [206, 6271, 4102, 6320, 4827, 5921, 3628, 6002], [510, 2966, 4791, 297, 1184, 5810, 1879, 3825], [6511, 1994, 4495, 4421, 5242, 6418, 4759, 5984], [6574, 335, 3574, 3579, 5078, 3144, 6008, 4051], [6375, 6686, 3622, 532, 2506, 6501, 2106, 6692], [3133, 4960, 6008, 6680, 4875, 3067, 3144, 5307], [260, 1674, 3405, 4745, 3663, 6352, 3685, 2869], [6512, 817, 2807, 3678, 455, 707, 3818, 5235], [4618, 1968, 5422, 6524, 1637, 4339, 2536, 5805], [1827, 4149, 3678, 6506, 3621, 912, 877, 5016], [1968, 3555, 6132, 293, 6417, 5307, 3672, 3633], [4745, 169, 2778, 2140, 2730, 5778, 973, 5059], [5544, 6014, 5618, 5984, 5982, 4017, 6680, 4002], [2654, 1126, 1639, 2904, 3598, 1947, 4368, 6005], [1215, 5307, 4941, 3184, 5129, 3263, 5890, 3133], [4876, 804, 1432, 4997, 5311, 2779, 742, 4433], [6008, 3579, 4875, 470, 4156, 4149, 3962, 420], [1258, 5612, 1375, 1639, 6704, 6045, 2904, 5908], [1551, 3302, 3695, 1296, 1549, 5560, 6218, 1548], [2248, 1048, 6509, 5062, 1258, 2508, 6702, 162], [4116, 5038, 5307, 358, 2285, 6109, 4960, 4941], [5060, 4875, 3109, 3282, 4001, 4149, 4147, 3716], [5399, 538, 1048, 3717, 1153, 3722, 6702, 1906], [5544, 1709, 5678, 3538, 4051, 2898, 6008, 1215], [2594, 1708, 6643, 6509, 4038, 1108, 282, 2244], [3605, 4038, 6620, 5238, 4118, 5886, 6374, 3721], [5238, 5305, 3716, 1819, 4038, 6636, 5235, 2651], [3250, 5154, 1789, 3799, 4208, 2281, 5114, 2960], [6095, 6180, 4730, 6122, 5805, 1186, 5890, 3021], [6253, 1968, 1061, 2061, 2138, 6132, 2089, 1962], [5845, 1534, 563, 4664, 6739, 1781, 2448, 5458]]}, "plutarch_2_1908": {"tgt_lang": "en", "transl_top1": 0.5070422535211268, "transl_top5": 0.6619718309859155, "transl_top10": 0.6971830985915493, "num_nulls": 0, "num_tgt_sents": 5773,