{"num_src_sents": 129, "demosthenes_aeschynes_1861": {"tgt_lang": "fr", "transl_top1": 0.007751937984496124, "transl_top5": 0.05426356589147287, "transl_top10": 0.06976744186046512, "num_nulls": 0, "num_tgt_sents": 36182, "retrieval_preds": [[7422, 9008, 21409, 26028, 26428, 18154, 25671, 9168], [9238, 26103, 25767, 4478, 4560, 6632, 9049, 15371], [25904, 29910, 26027, 32122, 7046, 26103, 29805, 846], [7422, 24602, 26387, 8421, 6295, 7532, 31669, 32982], [8431, 7216, 10712, 11165, 6947, 9015, 8309, 12883], [31372, 25914, 1501, 5804, 29999, 10866, 15375, 32227], [7506, 25406, 9696, 36106, 12183, 17272, 3342, 32274], [5213, 6163, 25919, 23192, 26647, 12674, 5010, 27446], [13843, 32187, 21879, 32227, 11981, 8297, 31098, 17408], [13871, 9444, 19067, 5707, 13332, 34541, 21216, 15099], [25923, 26217, 17528, 21111, 21246, 23760, 34605, 13550], [23830, 20678, 26283, 26284, 26372, 12670, 4560, 25927], [26023, 10167, 24102, 24109, 25688, 2447, 26276, 32729], [5955, 25587, 21536, 6295, 21924, 26453, 1921, 21686], [35274, 11806, 30448, 31956, 1241, 12677, 1997, 10892], [3278, 3276, 3535, 4848, 20380, 20285, 4139, 20283], [12544, 8667, 20453, 30330, 26688, 26573, 32193, 31870], [3278, 3276, 3535, 4848, 20380, 4139, 13072, 29801], [20283, 1070, 23653, 3520, 1242, 18064, 20384, 27860], [12670, 17472, 25962, 20089, 8906, 4456, 31581, 25935], [25477, 25308, 29327, 26189, 29910, 30458, 32885, 26078], [30458, 26570, 9244, 21230, 35546, 7869, 29745, 15867], [31696, 25329, 20591, 24916, 11806, 17612, 29298, 31956], [20283, 1070, 1242, 3520, 23653, 23137, 18064, 20384], [34605, 20241, 364, 15821, 323, 17445, 15526, 4510], [25955, 9656, 10722, 15056, 27926, 12485, 23501, 11074], [25904, 26847, 25962, 18450, 26764, 6781, 26648, 27432], [29264, 21146, 1292, 16140, 8518, 29745, 5265, 7420], [25329, 31956, 30330, 31847, 24916, 25541, 24861, 24596], [20283, 1070, 23653, 3520, 1242, 18064, 20384, 27860], [17284, 16105, 25308, 20241, 15083, 26361, 402, 323], [31956, 26688, 25541, 24861, 25329, 26998, 30330, 24935], [20283, 1070, 1242, 3520, 23653, 23137, 18064, 20384], [25923, 26104, 26027, 26453, 25447, 7287, 25902, 26768], [16300, 9498, 4560, 23678, 18704, 92, 6613, 17445], [15546, 26078, 26983, 26005, 16942, 25962, 29381, 30091], [33442, 32052, 27277, 16368, 24273, 36152, 24025, 24913], [20813, 26131, 24858, 870, 34605, 18848, 4417, 21890], [31073, 2019, 24360, 4799, 977, 9607, 34751, 17812], [25892, 15108, 25919, 14891, 26189, 24858, 24435, 7743], [9257, 3605, 9696, 15898, 16300, 34966, 10683, 25406], [26647, 15378, 29304, 11363, 29295, 14837, 25919, 18375], [31956, 26688, 24826, 30927, 9247, 29532, 29555, 28641], [20283, 1070, 1242, 3520, 23653, 23137, 18064, 20384], [25892, 28847, 32097, 9304, 25974, 26137, 25991, 25354], [3276, 3535, 4848, 20380, 3278, 20285, 4139, 20283], [20241, 9238, 17389, 7431, 15303, 8489, 15813, 26428], [9696, 4217, 3393, 34605, 9772, 20813, 3342, 34459], [31956, 25761, 21208, 11487, 11780, 18337, 15399, 10892], [3278, 3276, 3535, 4848, 20380, 20285, 20283, 20385], [15813, 6295, 4560, 29355, 26482, 25962, 34605, 9049], [25233, 18715, 17612, 30207, 25329, 25214, 32168, 13862], [28242, 24918, 30039, 13927, 31731, 9720, 11266, 32870], [26000, 25894, 26024, 32869, 25974, 26194, 26108, 26137], [15871, 33622, 35361, 11698, 11007, 10920, 14809, 15370], [20241, 83, 26428, 3052, 4560, 15546, 7431, 3908], [31956, 31818, 26139, 31847, 13208, 18337, 25329, 13241], [20283, 1070, 1242, 3520, 23653, 23137, 18064, 20384], [9249, 21067, 9401, 26123, 6719, 24918, 15083, 20241], [29756, 16388, 7060, 6367, 22873, 15147, 9301, 16150], [24190, 29327, 32533, 25308, 25185, 31154, 26839, 26645], [18308, 24215, 19118, 24109, 7178, 12371, 24168, 27926], [297, 3765, 5368, 213, 3249, 23846, 5912, 33900], [26019, 13199, 26768, 29225, 33193, 29339, 12490, 32689], [26020, 24269, 36012, 25002, 1494, 6964, 7178, 1472], [26023, 36012, 7346, 26428, 24101, 24269, 27267, 9238], [26025, 1138, 24215, 23340, 20813, 9407, 1029, 26186], [26049, 24602, 12670, 24190, 9539, 26028, 31840, 10900], [26647, 26027, 6853, 25587, 23110, 29910, 25767, 29781], [26032, 24190, 23110, 13123, 10772, 11870, 6912, 26028], [3052, 29781, 26231, 15821, 18766, 14767, 4456, 26027], [21611, 32816, 9712, 25767, 28733, 11380, 9269, 25803], [9480, 7497, 17411, 10949, 20791, 35132, 21611, 33090], [26043, 14801, 26428, 26787, 34513, 15370, 27445, 9334], [26049, 26428, 31840, 14061, 24136, 10167, 25380, 27267], [16356, 3655, 32280, 2373, 14365, 20648, 6117, 1874], [20531, 16439, 9122, 12804, 25051, 20738, 26893, 24980], [29894, 9008, 12062, 6947, 31839, 15044, 12601, 12883], [33672, 24808, 1997, 18831, 401, 29330, 29709, 26491], [25313, 29290, 26059, 25231, 22560, 4331, 22559, 21678], [22092, 24187, 12670, 4560, 18349, 26057, 31185, 25587], [29330, 32528, 14673, 25546, 11497, 31229, 24171, 14394], [27926, 27972, 7417, 23417, 7138, 22560, 19040, 14117], [8266, 10594, 31263, 25995, 25429, 14381, 4575, 7356], [10370, 33573, 26106, 1535, 4636, 19345, 26189, 18319], [30831, 9837, 15837, 8997, 30915, 11140, 6818, 13185], [4187, 18766, 24187, 12670, 323, 7511, 4560, 18689], [4560, 17056, 7869, 4387, 9244, 26154, 24190, 26108], [34840, 8823, 19310, 16261, 6812, 1578, 26083, 34837], [12371, 23665, 5640, 29174, 29201, 28812, 215, 7765], [20756, 20241, 16151, 9334, 6947, 364, 9238, 7431], [25787, 5487, 29378, 21669, 31956, 32213, 11387, 18311], [20283, 1070, 1242, 3520, 23653, 23137, 18064, 20384], [18089, 11512, 3278, 20285, 8155, 28039, 11771, 3276], [3908, 26428, 16151, 13306, 15821, 20241, 18766, 9334], [25329, 31956, 30330, 31847, 24916, 8245, 25541, 26998], [20283, 1070, 23653, 3520, 1242, 18064, 20384, 27860], [26189, 26103, 15108, 29927, 26836, 24272, 24371, 26651], [28195, 24076, 31053, 30683, 24698, 28098, 35415, 34673], [20241, 9059, 5236, 26428, 26284, 26283, 17211, 14778], [26108, 26194, 34048, 25947, 30458, 25980, 1535, 26154], [6781, 32280, 15108, 28706, 26804, 26189, 26871, 4215], [10163, 17032, 4473, 13916, 26112, 26116, 7910, 8962], [18384, 11512, 9899, 33014, 27934, 18089, 18081, 23233], [18089, 11512, 3278, 8155, 28039, 20285, 26948, 33000], [26648, 22092, 31906, 6295, 3768, 25671, 28715, 31737], [26317, 26459, 27964, 30041, 25901, 31129, 26115, 27400], [26836, 4560, 25767, 18914, 9914, 15371, 22874, 29763], [9249, 22470, 24918, 21067, 12943, 28242, 10712, 17164], [26123, 30091, 16915, 4928, 21513, 7217, 11471, 21013], [9914, 9056, 11369, 10684, 32018, 21536, 22874, 25664], [30458, 7092, 27141, 26647, 26428, 14070, 29756, 29910], [26134, 26154, 11363, 4813, 16023, 26108, 440, 24482], [26137, 22923, 32574, 30827, 7062, 29763, 31669, 24338], [31839, 4560, 3329, 7062, 14445, 34659, 3593, 31669], [30091, 26870, 26701, 25074, 26904, 29781, 13867, 22923], [26062, 4560, 12144, 25947, 7869, 26009, 29103, 29165], [26146, 18914, 31865, 7825, 31839, 31860, 8191, 13674], [6705, 33638, 14185, 3054, 21246, 9392, 22990, 34925], [21662, 16411, 8623, 3227, 12000, 28719, 33660, 13948], [34605, 33958, 6613, 20241, 21686, 2857, 20652, 2109], [26146, 12601, 11471, 7062, 13150, 29948, 32445, 25823], [26350, 25070, 26997, 13336, 8170, 31041, 30821, 29828], [8483, 10408, 8489, 13822, 26027, 24371, 11261, 9813], [26162, 11069, 28404, 5169, 35288, 6557, 11462, 6513], [31264, 23201, 29627, 10842, 24676, 1512, 26245, 25533], [7532, 9539, 21249, 34381, 9088, 6830, 6589, 13144], [6335, 12804, 7138, 1777, 13337, 18579, 12315, 1457], [5538, 32787, 9445, 17761, 26172, 4364, 35759, 20307]]}, "demosthenes_1877": {"tgt_lang": "en", "transl_top1": 0.3798449612403101, "transl_top5": 0.6046511627906976, "transl_top10": 0.6589147286821705, "num_nulls": 0, "num_tgt_sents": 7775,