{"num_src_sents": 136, "demosthenes_aeschynes_1861": {"tgt_lang": "fr", "transl_top1": 0.11029411764705882, "transl_top5": 0.2426470588235294, "transl_top10": 0.2867647058823529, "num_nulls": 0, "num_tgt_sents": 36182}, "demosthenes_2_1861": {"tgt_lang": "fr", "transl_top1": 0.13970588235294118, "transl_top5": 0.34558823529411764, "transl_top10": 0.4485294117647059, "num_nulls": 0, "num_tgt_sents": 2969}, "demosthenes_1_1863": {"tgt_lang": "fr", "transl_top1": 0.029411764705882353, "transl_top5": 0.11029411764705882, "transl_top10": 0.15441176470588236, "num_nulls": 0, "num_tgt_sents": 3406}, "num_translations": 3, "text_top1": 0.09313725490196079, "text_top5": 0.23284313725490197, "text_top10": 0.2965686274509804}