{"num_src_sents": 24, "lysias_1856": {"tgt_lang": "de", "transl_top1": 0.0, "transl_top5": 0.20833333333333334, "transl_top10": 0.3333333333333333, "num_nulls": 0, "num_tgt_sents": 5319}, "num_translations": 1, "text_top1": 0.0, "text_top5": 0.20833333333333334, "text_top10": 0.3333333333333333}