{"num_src_sents": 361, "aeschylus_1909": {"tgt_lang": "en", "transl_top1": 0.2548476454293629, "transl_top5": 0.47368421052631576, "transl_top10": 0.5734072022160664, "num_nulls": 0, "num_tgt_sents": 5369}, "aeschylus_1872": {"tgt_lang": "fr", "transl_top1": 0.13850415512465375, "transl_top5": 0.23545706371191136, "transl_top10": 0.3074792243767313, "num_nulls": 0, "num_tgt_sents": 3725}, "aeschylus_1886": {"tgt_lang": "en", "transl_top1": 0.1883656509695291, "transl_top5": 0.32409972299168976, "transl_top10": 0.39335180055401664, "num_nulls": 0, "num_tgt_sents": 6446}, "aeschylus_1888": {"tgt_lang": "en", "transl_top1": 0.25761772853185594, "transl_top5": 0.44321329639889195, "transl_top10": 0.5152354570637119, "num_nulls": 0, "num_tgt_sents": 5644}, "aeschylus_1868": {"tgt_lang": "de", "transl_top1": 0.060941828254847646, "transl_top5": 0.13019390581717452, "transl_top10": 0.16066481994459833, "num_nulls": 0, "num_tgt_sents": 5499}, "num_translations": 5, "text_top1": 0.18005540166204986, "text_top5": 0.32132963988919666, "text_top10": 0.39002770083102495}