{"num_src_sents": 227, "plutarch_1864-1867_14-20": {"tgt_lang": "de", "transl_top1": 0.004405286343612335, "transl_top5": 0.030837004405286344, "transl_top10": 0.07488986784140969, "num_nulls": 0, "num_tgt_sents": 6866}, "plutarch_2_1908": {"tgt_lang": "en", "transl_top1": 0.43171806167400884, "transl_top5": 0.5814977973568282, "transl_top10": 0.6784140969162996, "num_nulls": 0, "num_tgt_sents": 5773}, "plutarch_1855-1903_4": {"tgt_lang": "de", "transl_top1": 0.03524229074889868, "transl_top5": 0.07048458149779736, "transl_top10": 0.11013215859030837, "num_nulls": 0, "num_tgt_sents": 5144}, "plutarch_1855-1897_1": {"tgt_lang": "de", "transl_top1": 0.36123348017621143, "transl_top5": 0.5682819383259912, "transl_top10": 0.6784140969162996, "num_nulls": 0, "num_tgt_sents": 7147}, "plutarch_1_1906": {"tgt_lang": "en", "transl_top1": 0.013215859030837005, "transl_top5": 0.06167400881057269, "transl_top10": 0.09251101321585903, "num_nulls": 0, "num_tgt_sents": 6800}, "num_translations": 5, "text_top1": 0.16916299559471365, "text_top5": 0.26255506607929513, "text_top10": 0.3268722466960353}