{"num_src_sents": 17, "isocrates_1832_1": {"tgt_lang": "de", "transl_top1": 0.058823529411764705, "transl_top5": 0.23529411764705882, "transl_top10": 0.29411764705882354, "num_nulls": 0, "num_tgt_sents": 3528, "retrieval_preds": [[1889, 1902, 1649, 3350, 2769, 1644, 2833, 1311], [977, 193, 2868, 288, 3355, 591, 880, 3069], [954, 2815, 395, 1232, 658, 971, 2809, 494], [456, 3512, 839, 247, 698, 3447, 2769, 1519], [2992, 2989, 622, 1889, 2590, 3370, 455, 2107], [1921, 3407, 3145, 678, 879, 281, 279, 882], [1654, 839, 3393, 1889, 279, 3232, 162, 3391], [1924, 440, 2989, 455, 445, 2815, 2451, 3393], [205, 2565, 3176, 1779, 2849, 588, 1320, 3401], [3350, 2769, 1889, 1790, 1924, 815, 828, 412], [1270, 2882, 481, 814, 3397, 2929, 1169, 2601], [2106, 2312, 2798, 3177, 2770, 930, 1540, 1278], [697, 3189, 3305, 1036, 3354, 3093, 1589, 955], [311, 3356, 880, 478, 687, 234, 1161, 2300], [247, 440, 445, 456, 455, 2107, 443, 1902], [1948, 1924, 954, 3350, 1840, 589, 3447, 2797], [3447, 3350, 1652, 2304, 1948, 412, 1638, 968]]}, "isocrates_1835_5": {"tgt_lang": "de", "transl_top1": 0.11764705882352941, "transl_top5": 0.35294117647058826, "transl_top10": 0.47058823529411764, "num_nulls": 0, "num_tgt_sents": 4051, "retrieval_preds": [[3129, 3048, 3029, 3175, 829, 546, 3385, 634], [2498, 3098, 3137, 2285, 3063, 2464, 2360, 2844], [488, 1804, 153, 1794, 1518, 1225, 1790, 1400], [3138, 2578, 2369, 619, 3161, 361, 1383, 634], [3141, 1794, 479, 1255, 1990, 409, 404, 1850], [3143, 633, 547, 1162, 1808, 632, 1989, 219], [1580, 3145, 1790, 275, 311, 515, 1508, 2650], [3147, 1021, 1225, 1794, 620, 619, 634, 1830], [3537, 739, 3421, 1487, 1262, 1192, 1398, 3098], [3150, 3130, 488, 619, 2185, 3175, 2413, 634], [3151, 219, 1726, 1746, 1141, 3314, 1786, 1798], [1148, 1938, 1777, 1231, 204, 1210, 1552, 2147], [3153, 393, 3335, 1798, 2577, 2292, 2489, 1721], [3286, 2558, 3074, 2564, 1411, 1995, 2164, 3154], [3138, 361, 2733, 1831, 2650, 1804, 513, 634], [3161, 619, 634, 617, 3029, 2390, 2578, 2185], [3332, 3162, 3209, 3074, 1675, 3053, 3107, 3175]]}, "num_translations": 2, "text_top1": 0.08823529411764705, "text_top5": 0.29411764705882354, "text_top10": 0.38235294117647056}