{"num_src_sents": 166, "plutarch_3_1908": {"tgt_lang": "en", "transl_top1": 0.5602409638554217, "transl_top5": 0.7771084337349398, "transl_top10": 0.8674698795180723, "num_nulls": 0, "num_tgt_sents": 6633}, "plutarch_4_1908": {"tgt_lang": "en", "transl_top1": 0.012048192771084338, "transl_top5": 0.04819277108433735, "transl_top10": 0.12650602409638553, "num_nulls": 0, "num_tgt_sents": 13066}, "num_translations": 2, "text_top1": 0.286144578313253, "text_top5": 0.4126506024096386, "text_top10": 0.49698795180722893}