{"num_src_sents": 33, "theocritus_1878": {"tgt_lang": "en", "transl_top1": 0.09090909090909091, "transl_top5": 0.3333333333333333, "transl_top10": 0.42424242424242425, "num_nulls": 0, "num_tgt_sents": 6617}, "hesiod_nd": {"tgt_lang": "fr", "transl_top1": 0.18181818181818182, "transl_top5": 0.30303030303030304, "transl_top10": 0.3939393939393939, "num_nulls": 0, "num_tgt_sents": 3571}, "num_translations": 2, "text_top1": 0.13636363636363635, "text_top5": 0.3181818181818182, "text_top10": 0.40909090909090906}