{"num_src_sents": 21, "lucian_1829_10": {"tgt_lang": "de", "transl_top1": 0.0, "transl_top5": 0.09523809523809523, "transl_top10": 0.14285714285714285, "num_nulls": 0, "num_tgt_sents": 4222, "retrieval_preds": [[3685, 2442, 4185, 494, 1720, 3986, 3699, 2775], [2742, 3313, 2821, 1725, 1677, 61, 3332, 2876], [246, 3687, 2468, 3819, 16, 588, 490, 3686], [1720, 2516, 3689, 2463, 680, 221, 3690, 3699], [2964, 3034, 1773, 294, 3518, 4003, 230, 4090], [3693, 3394, 334, 2473, 1718, 430, 221, 2203], [3695, 2473, 430, 3045, 3685, 77, 494, 3699], [3700, 3712, 3714, 4091, 771, 2672, 4199, 3718], [220, 2473, 3045, 332, 2965, 1316, 2612, 987], [335, 1010, 987, 2701, 1011, 1677, 334, 1584], [2652, 249, 2148, 2625, 2941, 2288, 3433, 2603], [2701, 3150, 3790, 2124, 3752, 968, 1866, 2339], [3975, 1845, 3182, 1781, 102, 276, 1897, 287], [3756, 2240, 1823, 40, 2221, 851, 268, 1373], [201, 28, 1584, 686, 1570, 545, 1718, 1622], [3729, 687, 4206, 3380, 559, 311, 4048, 103], [3731, 2339, 2136, 2592, 2701, 737, 683, 2343], [335, 1846, 3088, 3397, 2059, 221, 2320, 334], [2346, 363, 2001, 1941, 1024, 1163, 412, 1662], [3313, 3739, 600, 3392, 2092, 839, 3888, 1303], [2701, 2745, 987, 1011, 2858, 2723, 4153, 583]]}, "num_translations": 1, "text_top1": 0.0, "text_top5": 0.09523809523809523, "text_top10": 0.14285714285714285}