{"num_src_sents": 1671, "ovid_1855-1890_1": {"tgt_lang": "de", "transl_top1": 0.6163973668461998, "transl_top5": 0.772591262716936, "transl_top10": 0.834230999401556, "num_nulls": 0, "num_tgt_sents": 7974}, "ovid_1882_2": {"tgt_lang": "de", "transl_top1": 0.0047875523638539795, "transl_top5": 0.01376421304608019, "transl_top10": 0.022740873728306403, "num_nulls": 0, "num_tgt_sents": 10840}, "ovid_1866-1897_3": {"tgt_lang": "de", "transl_top1": 0.006582884500299222, "transl_top5": 0.022142429682824656, "transl_top10": 0.038300418910831836, "num_nulls": 0, "num_tgt_sents": 7793}, "ovid_1850": {"tgt_lang": "fr", "transl_top1": 0.25493716337522443, "transl_top5": 0.414721723518851, "transl_top10": 0.4793536804308797, "num_nulls": 0, "num_tgt_sents": 27705}, "num_translations": 6, "text_top1": 0.14711749451426293, "text_top5": 0.20386993816078197, "text_top10": 0.22910432874526232}