{"num_src_sents": 559, "plato_3_1826": {"tgt_lang": "fr", "transl_top1": 0.012522361359570662, "transl_top5": 0.03935599284436494, "transl_top10": 0.07334525939177101, "num_nulls": 0, "num_tgt_sents": 3903}, "plato_1_1846": {"tgt_lang": "fr", "transl_top1": 0.005366726296958855, "transl_top5": 0.04293381037567084, "transl_top10": 0.06618962432915922, "num_nulls": 0, "num_tgt_sents": 3203}, "num_translations": 2, "text_top1": 0.008944543828264758, "text_top5": 0.04114490161001789, "text_top10": 0.06976744186046512}