{"num_src_sents": 1159, "terence_phaedrus_1891": {"tgt_lang": "en", "transl_top1": 0.5634167385677308, "transl_top5": 0.729076790336497, "transl_top10": 0.7696289905090595, "num_nulls": 1, "num_tgt_sents": 15708}, "phaedrus_1839": {"tgt_lang": "fr", "transl_top1": 0.3744607420189819, "transl_top5": 0.5711820534943917, "transl_top10": 0.6436583261432269, "num_nulls": 1, "num_tgt_sents": 1986}, "lucretius_1868_1": {"tgt_lang": "de", "transl_top1": 0.004314063848144953, "transl_top5": 0.023295944779982744, "transl_top10": 0.04141501294219154, "num_nulls": 0, "num_tgt_sents": 5916}, "phaedrus_1864": {"tgt_lang": "fr", "transl_top1": 0.38740293356341676, "transl_top5": 0.5504745470232959, "transl_top10": 0.6091458153580673, "num_nulls": 5, "num_tgt_sents": 2868}, "num_translations": 4, "text_top1": 0.3323986194995686, "text_top5": 0.4685073339085418, "text_top10": 0.5159620362381363}