{"num_src_sents": 129, "luca_siliusItalicus_claudius_1842": {"tgt_lang": "fr", "transl_top1": 0.13953488372093023, "transl_top5": 0.21705426356589147, "transl_top10": 0.26356589147286824, "num_nulls": 0, "num_tgt_sents": 20880, "retrieval_preds": [[6374, 5080, 782, 551, 15775, 19543, 4715, 781], [2713, 15777, 6006, 18900, 20538, 17361, 9580, 5905], [15778, 9673, 9692, 594, 18487, 14718, 6964, 12566], [15779, 5342, 11442, 3528, 3048, 9727, 10534, 18252], [17749, 907, 17708, 3680, 8926, 18481, 537, 2159], [3141, 7258, 13277, 11665, 1309, 20644, 12609, 12638], [14921, 6579, 8515, 7859, 15219, 12089, 11143, 7500], [15785, 20289, 17143, 16999, 19767, 20104, 19246, 1715], [10586, 2106, 8599, 2140, 1726, 2438, 13633, 14271], [15789, 14803, 14834, 1207, 14685, 1220, 12176, 10301], [13816, 1579, 15090, 15790, 781, 18269, 9718, 3265], [15792, 15794, 1398, 12740, 19460, 9394, 19602, 1919], [15795, 13010, 17662, 17689, 20585, 17722, 18832, 6859], [15797, 15796, 6187, 17925, 15149, 4111, 18442, 14810], [18398, 14722, 626, 16539, 11945, 18982, 7619, 3364], [15801, 793, 17366, 1897, 4737, 13492, 17009, 19299], [15802, 19103, 19974, 13133, 4717, 17594, 14862, 9673], [20514, 12855, 7830, 549, 2844, 15780, 15867, 15804], [5682, 46, 545, 14874, 2192, 13081, 546, 2762], [16815, 7434, 4376, 2206, 12930, 1668, 16076, 9900], [6714, 18880, 1049, 4865, 691, 884, 8389, 4037], [10720, 555, 9830, 4234, 7491, 17536, 2497, 11863], [15811, 4038, 19275, 19526, 16573, 11426, 6658, 17323], [15814, 8823, 7883, 2670, 18927, 11401, 5166, 17826], [20723, 16707, 18280, 17840, 15056, 13123, 10147, 9422], [15816, 15817, 19055, 10886, 15454, 14921, 15890, 15587], [15819, 926, 16206, 493, 13166, 5007, 537, 13723], [15820, 15568, 476, 878, 7912, 17, 11633, 9493], [15821, 12572, 16805, 19138, 16638, 15166, 14446, 16614], [20619, 15854, 2059, 467, 5203, 3694, 15822, 10143], [8923, 5444, 8730, 10112, 4533, 11635, 6622, 6657], [15824, 3699, 18256, 16859, 8730, 6707, 12191, 10057], [16482, 6741, 15825, 1204, 1192, 18018, 17653, 570], [10612, 1656, 17233, 5608, 13048, 16187, 15883, 2065], [17865, 9820, 20132, 15193, 17287, 19371, 19980, 17369], [9677, 5866, 8373, 3396, 19403, 4322, 14979, 10570], [15828, 20498, 16443, 10239, 1829, 18802, 18411, 2395], [10077, 7585, 13204, 16483, 2892, 15295, 3239, 15830], [19540, 17969, 2594, 10627, 17106, 615, 783, 7068], [19440, 11674, 20695, 8726, 14062, 14959, 14279, 8868], [16261, 20603, 6329, 16086, 692, 2759, 14405, 17235], [19833, 5225, 17794, 4003, 16529, 5316, 19675, 20317], [15834, 16774, 570, 18019, 18716, 17104, 1770, 3593], [15488, 1098, 1963, 1208, 2392, 1738, 6268, 18619], [20673, 13679, 1730, 19708, 3625, 4286, 10532, 18634], [19642, 3444, 2877, 2751, 13434, 17511, 19879, 4165], [19537, 15945, 15836, 19204, 7568, 20295, 19893, 9609], [20343, 17843, 16874, 5550, 16190, 16225, 1810, 3047], [1209, 10543, 1699, 15838, 16276, 11492, 716, 16110], [15839, 4651, 16232, 3108, 14679, 3109, 14680, 4680], [14701, 16755, 15840, 2565, 8706, 2373, 2862, 805], [844, 16487, 3968, 1794, 16534, 2564, 5279, 12391], [15382, 13679, 2416, 986, 19730, 10634, 2141, 17310], [17120, 7544, 1964, 18722, 2305, 16159, 10774, 12999], [15843, 19539, 16516, 8669, 9169, 7735, 11172, 3102], [15845, 19206, 3518, 5210, 12471, 5080, 8534, 11544], [7492, 16671, 10066, 1539, 18640, 15651, 1694, 1365], [6548, 8250, 18266, 15848, 7667, 3965, 17968, 6419], [12396, 12915, 17993, 1726, 11346, 6438, 763, 2243], [2642, 17858, 16008, 2662, 7636, 5956, 18055, 19589], [15854, 10314, 12553, 1310, 7977, 8402, 7984, 18565], [15855, 19619, 4509, 19613, 4355, 13323, 4421, 19290], [2643, 9024, 6910, 8880, 12392, 2913, 20632, 8991], [19975, 15857, 8599, 11401, 10072, 4276, 16098, 3944], [11476, 15858, 8264, 12160, 2457, 2845, 1423, 5649], [4296, 525, 11567, 11013, 12618, 9118, 18449, 11274], [15861, 14803, 16305, 18216, 4357, 14874, 4202, 18898], [10371, 5438, 9573, 9653, 15926, 20026, 9086, 15848], [15864, 11581, 3965, 4125, 19472, 1288, 13920, 474], [7125, 14038, 20536, 16925, 17038, 16004, 18028, 3605], [18442, 19176, 15867, 5864, 7818, 2674, 20146, 18126], [9612, 12591, 6816, 1996, 18407, 15868, 555, 3500], [11115, 8244, 5010, 20473, 20370, 10329, 7450, 15234], [15872, 8806, 13468, 17406, 4075, 2286, 11949, 14719], [16543, 14607, 16008, 2642, 7636, 12579, 2666, 11921], [15874, 14590, 10479, 5554, 14192, 15873, 1591, 18703], [18070, 12655, 3347, 16585, 14867, 12651, 1956, 7216], [1139, 2047, 14595, 15932, 18858, 19536, 2912, 4260], [3485, 16960, 12215, 17971, 11342, 4254, 4519, 14723], [20024, 5855, 19749, 19723, 1286, 11917, 6733, 18579], [15877, 12008, 10454, 2670, 14459, 18912, 5010, 11484], [15878, 18371, 5655, 603, 20397, 2936, 16685, 13659], [14466, 20761, 19355, 589, 819, 5640, 4948, 10736], [2855, 3469, 20003, 19460, 18976, 8667, 10427, 19140], [15885, 4630, 20021, 11427, 4093, 6275, 19526, 3409], [18759, 15887, 12385, 9274, 16226, 1255, 19299, 13632], [18129, 9956, 7987, 4570, 15465, 16875, 1339, 4266], [18561, 18604, 10009, 4501, 561, 8536, 3112, 10554], [15889, 745, 18180, 18653, 5119, 7550, 622, 19423], [15890, 16980, 14276, 19061, 6024, 3314, 11347, 6199], [6987, 17405, 17223, 19011, 4636, 19402, 7196, 15847], [15892, 7905, 12072, 7334, 15011, 4198, 1170, 17494], [2630, 6015, 2854, 4211, 5178, 406, 8203, 20644], [15894, 16231, 5685, 3345, 178, 17573, 15144, 4844], [18976, 15899, 16652, 17373, 17165, 19460, 17437, 14919], [570, 20494, 20225, 7581, 11358, 16055, 16996, 19045], [17320, 9808, 5337, 10614, 3299, 3474, 2098, 17282], [15901, 20058, 20332, 20293, 1945, 20097, 15713, 19591], [5283, 540, 1730, 2395, 16051, 18271, 2564, 19897], [15717, 17884, 20088, 5445, 18915, 15937, 17203, 8716], [18892, 17344, 17884, 6816, 5547, 4598, 14999, 15903], [11560, 9810, 1055, 4963, 8545, 7975, 8389, 4989], [3686, 9840, 2395, 3687, 4658, 18271, 19834, 18731], [1730, 19545, 1957, 3687, 4631, 2856, 17274, 3686], [19498, 9483, 921, 5591, 15907, 20444, 3391, 16253], [7736, 15909, 2190, 1591, 1335, 15899, 730, 16525], [8597, 17291, 1676, 13795, 11707, 8918, 4165, 12660], [15912, 16460, 761, 19202, 17243, 12951, 17782, 10756], [15402, 573, 17995, 18880, 6516, 2393, 15819, 20859], [15047, 18494, 3175, 4441, 6133, 6529, 12581, 1483], [17965, 15916, 7038, 1296, 9620, 4422, 9974, 4274], [14782, 20222, 17002, 18676, 4096, 17093, 10100, 16047], [15921, 3263, 18308, 1397, 16663, 19414, 18941, 3265], [15923, 9146, 4384, 20324, 19394, 20178, 20291, 11091], [2015, 15924, 19531, 9963, 11287, 17527, 8931, 19562], [5768, 7993, 12403, 2728, 2648, 17542, 14733, 19531], [5276, 18270, 6718, 5277, 5239, 2392, 20691, 12476], [16518, 9422, 2105, 17030, 7832, 672, 16387, 17450], [15929, 14906, 17625, 12865, 18245, 8307, 15172, 17012], [15929, 19460, 3849, 5396, 4125, 1198, 1345, 19472], [19101, 15930, 10871, 9555, 15808, 19052, 18106, 3746], [9985, 19473, 5816, 1973, 9964, 15976, 7238, 16253], [15935, 15777, 17149, 18643, 2933, 15934, 14570, 1653], [15936, 16930, 3282, 7330, 11099, 18028, 15717, 2878], [17889, 15937, 7717, 17109, 20058, 11236, 16200, 20570], [15938, 4705, 15327, 18034, 15364, 12131, 14743, 17773], [7201, 13176, 12957, 18171, 2907, 8738, 18668, 12067], [11032, 14711, 15488, 13724, 6268, 5973, 14712, 16189], [5433, 7500, 17606, 1952, 20289, 15364, 18016, 19138]]}, "num_translations": 1, "text_top1": 0.13953488372093023, "text_top5": 0.21705426356589147, "text_top10": 0.26356589147286824}