{"num_src_sents": 42, "corneliusNepos_1856": {"tgt_lang": "de", "transl_top1": 0.4523809523809524, "transl_top5": 0.6904761904761905, "transl_top10": 0.8095238095238095, "num_nulls": 0, "num_tgt_sents": 2320, "retrieval_preds": [[777, 585, 774, 535, 1613, 781, 1644, 930], [778, 970, 146, 780, 768, 1832, 1126, 1827], [779, 1357, 984, 1632, 912, 1160, 1703, 703], [780, 542, 1255, 1341, 541, 552, 813, 945], [781, 374, 535, 1341, 661, 813, 376, 242], [753, 782, 722, 1870, 1393, 1160, 1652, 15], [1016, 727, 2013, 817, 1747, 476, 811, 2209], [783, 2142, 155, 1471, 680, 170, 789, 379], [784, 610, 1937, 1948, 1769, 1477, 1395, 602], [785, 244, 766, 1093, 619, 1079, 794, 688], [445, 338, 1671, 593, 510, 2220, 576, 591], [786, 769, 986, 686, 620, 376, 531, 1369], [788, 789, 987, 786, 1403, 57, 2048, 1502], [790, 1398, 497, 318, 286, 1317, 818, 1405], [791, 1373, 1728, 619, 762, 431, 628, 1470], [792, 113, 829, 1613, 1615, 2002, 889, 45], [793, 1617, 2257, 2184, 682, 2227, 1532, 1681], [794, 795, 404, 1093, 1651, 1094, 771, 1373], [799, 1175, 905, 1235, 2122, 2312, 647, 218], [800, 796, 1624, 1651, 263, 2022, 408, 689], [801, 2312, 1818, 1141, 577, 1620, 2313, 2293], [803, 1422, 806, 802, 2303, 638, 149, 1235], [804, 434, 2170, 799, 401, 1245, 1722, 979], [805, 1170, 1039, 1436, 1079, 1071, 520, 1283], [807, 806, 787, 809, 1656, 1685, 411, 771], [808, 182, 910, 1093, 402, 145, 1045, 686], [810, 664, 689, 307, 1398, 1283, 1893, 1770], [811, 2201, 1596, 783, 1016, 566, 1040, 944], [157, 812, 2309, 187, 1146, 984, 1213, 1961], [1780, 411, 781, 1156, 1914, 608, 1643, 785], [812, 1421, 771, 862, 1925, 1502, 1509, 1686], [813, 1255, 286, 772, 680, 120, 986, 587], [814, 774, 140, 626, 1030, 182, 1649, 1021], [815, 740, 512, 2053, 1527, 920, 1549, 2146], [816, 306, 1319, 1656, 284, 455, 183, 1038], [817, 1016, 1628, 690, 1685, 307, 1314, 214], [818, 813, 626, 286, 1693, 1018, 171, 1030], [819, 794, 262, 1093, 1392, 1791, 1373, 1142], [820, 430, 1446, 1134, 117, 340, 2242, 2259], [821, 1076, 320, 458, 2066, 404, 1666, 691], [822, 60, 853, 859, 857, 73, 225, 56], [822, 739, 185, 1589, 1082, 2226, 1179, 666]]}, "justin_cNepos_eutropius_1902": {"tgt_lang": "en", "transl_top1": 0.35714285714285715, "transl_top5": 0.42857142857142855, "transl_top10": 0.47619047619047616, "num_nulls": 0, "num_tgt_sents": 9841, "retrieval_preds": [[5258, 5262, 5088, 5910, 2194, 8031, 7753, 5254], [5259, 5265, 4296, 7767, 2611, 4997, 6888, 8123], [5652, 109, 8484, 5626, 8107, 759, 4935, 4090], [5261, 7351, 1110, 5834, 4920, 4900, 5822, 5760], [5262, 4896, 5840, 1478, 6245, 5233, 3513, 2191], [5263, 5264, 5652, 6545, 2266, 7844, 7788, 6109], [5265, 8309, 7378, 7902, 8250, 8088, 8236, 5506], [5266, 5166, 6607, 7179, 815, 6551, 3657, 3003], [5268, 1227, 5513, 478, 6424, 1795, 175, 1190], [5269, 1004, 8129, 8451, 7631, 3970, 1902, 5119], [1147, 6495, 8089, 7088, 7838, 5093, 5096, 147], [5270, 5152, 1127, 891, 5171, 5120, 5762, 4197], [5271, 5898, 1666, 4070, 5942, 1185, 6036, 1135], [5273, 5910, 4854, 5007, 3335, 1189, 819, 5903], [5276, 5119, 5275, 1099, 6226, 7890, 4941, 4773], [5277, 8009, 2607, 6124, 5568, 3478, 5933, 608], [5278, 5168, 6311, 3459, 6619, 1646, 2499, 6422], [5279, 1128, 6148, 4044, 7715, 7019, 1141, 5171], [5281, 5283, 4062, 6693, 5049, 3663, 1756, 6622], [5282, 5766, 5279, 2056, 5664, 6320, 5962, 2115], [4932, 2312, 6328, 8488, 5283, 4943, 2309, 5741], [5285, 2689, 2121, 1655, 3644, 4727, 6309, 2753], [5286, 4958, 6401, 580, 1804, 109, 2856, 4961], [5288, 1127, 5661, 938, 5576, 5882, 1326, 5154], [5289, 3669, 5744, 5279, 1130, 3671, 5398, 6096], [5291, 6412, 5588, 4922, 1714, 1637, 2486, 891], [1096, 5292, 5153, 5174, 814, 4845, 801, 1104], [5293, 2056, 3303, 3508, 1133, 1217, 3044, 2100], [4998, 607, 2642, 8298, 5381, 7488, 8205, 6967], [5558, 2160, 9218, 1151, 6142, 6136, 7782, 3423], [5295, 669, 1025, 1189, 564, 1152, 5010, 695], [5295, 3590, 1200, 3734, 5760, 8210, 4702, 749], [5296, 4719, 5291, 7032, 5295, 5126, 2374, 5946], [5298, 1040, 957, 6201, 6635, 447, 5693, 5484], [5299, 5816, 1485, 7789, 4245, 5516, 3314, 5808], [5300, 375, 4103, 670, 7055, 374, 3552, 5666], [5301, 5295, 3491, 472, 3495, 5273, 891, 3382], [5302, 4046, 4506, 5591, 584, 4802, 674, 5288], [5303, 5098, 6400, 5662, 6420, 5386, 4603, 5479], [5304, 471, 236, 8439, 6393, 1717, 4623, 4924], [5305, 4653, 5346, 568, 6454, 556, 354, 125], [4095, 834, 5305, 1756, 3673, 8015, 7378, 5025]]}, "num_translations": 2, "text_top1": 0.40476190476190477, "text_top5": 0.5595238095238095, "text_top10": 0.6428571428571428}