{"num_src_sents": 131, "lucian_1827_7": {"tgt_lang": "de", "transl_top1": 0.2366412213740458, "transl_top5": 0.37404580152671757, "transl_top10": 0.4351145038167939, "num_nulls": 0, "num_tgt_sents": 4692}, "Lucian_1827_ht8": {"tgt_lang": "de", "transl_top1": 0.022900763358778626, "transl_top5": 0.1450381679389313, "transl_top10": 0.24427480916030533, "num_nulls": 0, "num_tgt_sents": 1131}, "lucian_1831_13": {"tgt_lang": "de", "transl_top1": 0.030534351145038167, "transl_top5": 0.11450381679389313, "transl_top10": 0.12213740458015267, "num_nulls": 0, "num_tgt_sents": 4049}, "num_translations": 3, "text_top1": 0.09669211195928752, "text_top5": 0.21119592875318066, "text_top10": 0.2671755725190839}