{"num_src_sents": 190, "xenophon_1_1872": {"tgt_lang": "fr", "transl_top1": 0.010526315789473684, "transl_top5": 0.04736842105263158, "transl_top10": 0.08947368421052632, "num_nulls": 0, "num_tgt_sents": 11058}, "xenophon_2_1872": {"tgt_lang": "fr", "transl_top1": 0.1631578947368421, "transl_top5": 0.3368421052631579, "transl_top10": 0.42105263157894735, "num_nulls": 0, "num_tgt_sents": 10554}, "xenophon_1898": {"tgt_lang": "en", "transl_top1": 0.45263157894736844, "transl_top5": 0.7210526315789474, "transl_top10": 0.7578947368421053, "num_nulls": 0, "num_tgt_sents": 5439}, "xenophon_3_1737": {"tgt_lang": "it", "transl_top1": 0.2631578947368421, "transl_top5": 0.4, "transl_top10": 0.46842105263157896, "num_nulls": 0, "num_tgt_sents": 12015}, "num_translations": 4, "text_top1": 0.2223684210526316, "text_top5": 0.37631578947368416, "text_top10": 0.4342105263157895}