{"num_src_sents": 2700, "ovid_1882_2": {"tgt_lang": "de", "transl_top1": 0.4262962962962963, "transl_top5": 0.6092592592592593, "transl_top10": 0.6888888888888889, "num_nulls": 0, "num_tgt_sents": 10840}, "ovid_1881": {"tgt_lang": "en", "transl_top1": 0.644074074074074, "transl_top5": 0.8637037037037038, "transl_top10": 0.94, "num_nulls": 0, "num_tgt_sents": 9995}, "ovid_1850": {"tgt_lang": "fr", "transl_top1": 0.3985185185185185, "transl_top5": 0.5766666666666667, "transl_top10": 0.6488888888888888, "num_nulls": 0, "num_tgt_sents": 27705}, "ovid_1855-1890_1": {"tgt_lang": "de", "transl_top1": 0.0022222222222222222, "transl_top5": 0.014074074074074074, "transl_top10": 0.024074074074074074, "num_nulls": 0, "num_tgt_sents": 7974}, "ovid_1866-1897_3": {"tgt_lang": "de", "transl_top1": 0.003703703703703704, "transl_top5": 0.012222222222222223, "transl_top10": 0.028888888888888888, "num_nulls": 0, "num_tgt_sents": 7793}, "num_translations": 7, "text_top1": 0.21068783068783067, "text_top5": 0.2965608465608466, "text_top10": 0.33296296296296296}