{"num_src_sents": 693, "lucian_1888": {"tgt_lang": "en", "transl_top1": 0.5252525252525253, "transl_top5": 0.7388167388167388, "transl_top10": 0.823953823953824, "num_nulls": 0, "num_tgt_sents": 6788}, "lucian_1867_3": {"tgt_lang": "de", "transl_top1": 0.012987012987012988, "transl_top5": 0.04184704184704185, "transl_top10": 0.05916305916305916, "num_nulls": 0, "num_tgt_sents": 3614}, "lucian_1866_1": {"tgt_lang": "de", "transl_top1": 0.5512265512265512, "transl_top5": 0.6883116883116883, "transl_top10": 0.7561327561327561, "num_nulls": 2, "num_tgt_sents": 4624}, "luciusSamosata_1_1869": {"tgt_lang": "fr", "transl_top1": 0.3246753246753247, "transl_top5": 0.4675324675324675, "transl_top10": 0.5396825396825397, "num_nulls": 0, "num_tgt_sents": 14187}, "num_translations": 4, "text_top1": 0.35353535353535354, "text_top5": 0.48412698412698413, "text_top10": 0.5447330447330447}