{"num_src_sents": 1051, "terence_1855_5": {"tgt_lang": "de", "transl_top1": 0.38534728829686016, "transl_top5": 0.5156993339676499, "transl_top10": 0.5927687916270219, "num_nulls": 0, "num_tgt_sents": 851}, "terence_1866": {"tgt_lang": "de", "transl_top1": 0.011417697431018078, "transl_top5": 0.04471931493815414, "transl_top10": 0.06850618458610847, "num_nulls": 0, "num_tgt_sents": 5170}, "terence_phaedrus_1891": {"tgt_lang": "en", "transl_top1": 0.4138915318744053, "transl_top5": 0.5451950523311132, "transl_top10": 0.6013320647002854, "num_nulls": 0, "num_tgt_sents": 15708}, "terence_1863": {"tgt_lang": "fr", "transl_top1": 0.30922930542340626, "transl_top5": 0.4424357754519505, "transl_top10": 0.5004757373929591, "num_nulls": 1, "num_tgt_sents": 12726}, "num_translations": 4, "text_top1": 0.27997145575642246, "text_top5": 0.387012369172217, "text_top10": 0.44077069457659374}