{"num_src_sents": 687, "plato_6_1854": {"tgt_lang": "en", "transl_top1": 0.01455604075691412, "transl_top5": 0.03056768558951965, "transl_top10": 0.048034934497816595, "num_nulls": 0, "num_tgt_sents": 9064}, "plato_1_1848": {"tgt_lang": "en", "transl_top1": 0.010189228529839884, "transl_top5": 0.023289665211062592, "transl_top10": 0.033478893740902474, "num_nulls": 0, "num_tgt_sents": 12817}, "plato_2_1849": {"tgt_lang": "en", "transl_top1": 0.31877729257641924, "transl_top5": 0.5429403202328966, "transl_top10": 0.636098981077147, "num_nulls": 2, "num_tgt_sents": 9568}, "plato_5_1852": {"tgt_lang": "en", "transl_top1": 0.00727802037845706, "transl_top5": 0.023289665211062592, "transl_top10": 0.046579330422125184, "num_nulls": 0, "num_tgt_sents": 8721}, "plato_3_1850": {"tgt_lang": "en", "transl_top1": 0.013100436681222707, "transl_top5": 0.05240174672489083, "transl_top10": 0.07132459970887918, "num_nulls": 0, "num_tgt_sents": 13689}, "num_translations": 5, "text_top1": 0.07278020378457059, "text_top5": 0.13449781659388646, "text_top10": 0.16710334788937406}