{"num_src_sents": 130, "plutarch_1898_ethical": {"tgt_lang": "en", "transl_top1": 0.2692307692307692, "transl_top5": 0.4076923076923077, "transl_top10": 0.46153846153846156, "num_nulls": 0, "num_tgt_sents": 5242, "retrieval_preds": [[3999, 1578, 4002, 825, 2483, 2219, 2350, 2897], [2349, 2378, 1987, 2108, 4000, 2486, 2056, 1944], [4004, 736, 4195, 1612, 4970, 3839, 734, 4612], [1666, 1131, 804, 4005, 1521, 4289, 3976, 4088], [4006, 3360, 543, 4890, 4802, 4801, 798, 4050], [507, 3201, 4186, 2907, 4005, 4069, 2927, 1694], [292, 3100, 2676, 3425, 3982, 4548, 2586, 4530], [4022, 4009, 1472, 4460, 3337, 4251, 3945, 3752], [673, 4984, 4588, 1340, 1328, 4970, 4974, 3790], [4011, 2292, 2455, 4339, 4014, 2117, 4749, 4020], [4013, 4436, 1838, 1878, 1313, 490, 1636, 2893], [4014, 2292, 4339, 1995, 1703, 4152, 3669, 831], [3960, 1062, 2507, 2301, 3381, 4015, 1508, 4146], [2528, 2301, 4016, 1977, 4152, 3148, 3010, 3554], [3552, 4733, 3168, 2190, 1717, 4231, 3631, 1401], [3381, 4019, 1979, 3399, 1738, 4646, 4194, 4499], [4020, 3381, 3756, 1717, 1995, 2211, 3389, 3337], [3616, 4022, 4531, 4251, 1713, 3756, 1653, 2365], [1370, 3935, 4705, 1520, 1902, 2214, 129, 1995], [4539, 493, 2751, 1803, 3790, 1279, 507, 643], [4025, 4379, 1709, 3911, 2056, 4911, 4091, 1254], [4026, 3484, 3245, 4146, 960, 3922, 2281, 653], [3206, 3833, 3894, 2547, 393, 1860, 1430, 2357], [3245, 4027, 1045, 4020, 2211, 1401, 2116, 2167], [4028, 4385, 3523, 4251, 4070, 1418, 4092, 4271], [2463, 4029, 4754, 2469, 3809, 384, 2468, 2155], [1817, 4887, 1710, 4751, 4894, 4707, 4900, 2489], [4034, 3425, 2473, 870, 2255, 2510, 2151, 2386], [4035, 4788, 4036, 4890, 4279, 2615, 4287, 3788], [2698, 3702, 1980, 4034, 1974, 4036, 4319, 1505], [4038, 4195, 2173, 3742, 3245, 198, 1980, 3996], [3381, 4929, 2506, 4263, 4641, 3990, 3701, 3743], [4041, 4251, 1637, 3902, 3577, 2455, 867, 4195], [4043, 2427, 2278, 1612, 2601, 4140, 819, 964], [4044, 477, 2130, 4972, 1333, 4662, 3728, 503], [2347, 4890, 4376, 4385, 2131, 2108, 2352, 4679], [1838, 3826, 3178, 4171, 4862, 4969, 1491, 4836], [3066, 3457, 203, 222, 4613, 2624, 1105, 4653], [139, 202, 2899, 1859, 2590, 2715, 1838, 3486], [4050, 4256, 2439, 3972, 1759, 3391, 4890, 4789], [1371, 4585, 483, 202, 139, 1198, 4842, 2624], [3395, 2419, 4677, 3791, 3381, 2661, 3389, 4949], [4053, 1717, 2226, 3381, 2123, 2114, 3987, 3552], [3827, 3523, 2190, 3440, 1804, 4055, 4093, 4436], [2471, 4058, 3566, 3959, 3546, 1505, 3425, 2071], [4059, 4808, 4050, 4633, 645, 3391, 2439, 2206], [4060, 4480, 2781, 3734, 2219, 4050, 2392, 1523], [4062, 4061, 1573, 3739, 673, 2959, 1330, 3360], [4062, 4669, 103, 3117, 4305, 2219, 4984, 3122], [4108, 1505, 3425, 2699, 1553, 2952, 2471, 1519], [4890, 4385, 1767, 1705, 3352, 2365, 4379, 563], [4069, 3381, 1763, 2226, 1973, 4090, 2738, 2216], [4136, 4070, 677, 818, 4817, 1004, 4701, 163], [3954, 1472, 1717, 1721, 4486, 2113, 1610, 2062], [4073, 4357, 3945, 4185, 3959, 1578, 2629, 3960], [4074, 950, 645, 1557, 3277, 4974, 4953, 4133], [1914, 3381, 4436, 904, 507, 3990, 2590, 3389], [4075, 4283, 1102, 4332, 4292, 4516, 981, 4287], [1505, 3425, 1444, 1553, 49, 3457, 4054, 119], [4078, 126, 3702, 4263, 3078, 2289, 4747, 3381], [3517, 4271, 4385, 4837, 484, 4883, 4081, 790], [3722, 4386, 3983, 4195, 3702, 3990, 620, 4949], [4085, 4241, 4598, 4656, 422, 3359, 4308, 4920], [4448, 3577, 4339, 4460, 2232, 653, 2099, 2304], [2483, 4640, 4627, 4091, 247, 3788, 1805, 4822], [4092, 2407, 3517, 4028, 4271, 4890, 4333, 4385], [4093, 4339, 2506, 2986, 1705, 1653, 1373, 4448], [2562, 4949, 4095, 1859, 2281, 1605, 2561, 2719], [4096, 1294, 1452, 1206, 137, 2123, 1491, 3309], [4097, 4466, 3517, 2131, 4295, 2920, 3838, 4890], [4098, 1688, 2514, 3307, 1675, 4920, 4195, 4097], [4575, 3388, 4628, 3489, 3065, 2144, 2173, 2190], [4251, 4460, 4229, 2123, 4100, 4357, 4457, 3577], [4031, 2460, 4142, 1710, 3348, 3500, 4616, 3608], [4339, 1720, 4146, 2232, 3567, 2455, 2194, 2195], [164, 1352, 783, 533, 178, 311, 4530, 3382], [3549, 4319, 3566, 32, 4053, 4652, 292, 3457], [4251, 2036, 2206, 1653, 2124, 3517, 2407, 4641], [2092, 2089, 4114, 3988, 3104, 959, 4867, 3124], [2986, 3865, 975, 3212, 3038, 828, 4115, 3661], [3100, 137, 1370, 741, 1492, 3108, 32, 3768], [4121, 1907, 1896, 1947, 1878, 5025, 3315, 3701], [4123, 4022, 2113, 2325, 2647, 3544, 4146, 2114], [4124, 2782, 2213, 1112, 4130, 3513, 4300, 604], [4125, 3914, 2282, 1744, 1761, 1443, 2650, 3922], [2037, 4126, 658, 4271, 4385, 817, 563, 422], [4129, 3245, 4026, 198, 1805, 4020, 1249, 1401], [4130, 4530, 2683, 1006, 3192, 4951, 2751, 941], [4133, 4074, 3847, 645, 3979, 2438, 1660, 3343], [4137, 2907, 4134, 2588, 1953, 2643, 2620, 2536], [1659, 4135, 4918, 4970, 3963, 4984, 3348, 4300], [4070, 817, 3570, 4251, 4138, 3616, 3517, 4136], [4139, 1370, 3008, 406, 533, 995, 1206, 1492], [4140, 2483, 4043, 2603, 1605, 4837, 1566, 1491], [4207, 4142, 4887, 2579, 4616, 3771, 4425, 108], [4890, 3517, 2769, 3909, 2407, 4271, 4385, 953], [1491, 1986, 2255, 3818, 1466, 1805, 1105, 3245], [4339, 1653, 4251, 3497, 1637, 3874, 1978, 2166], [4229, 4251, 2116, 4357, 3381, 1761, 3960, 1767], [3971, 2331, 1528, 1642, 3555, 3497, 2595, 1466], [4155, 3703, 2933, 3825, 4890, 2595, 3975, 3622], [1805, 3653, 4146, 3825, 3960, 3289, 3440, 3522], [2685, 3425, 4527, 2967, 2661, 4593, 2896, 2344], [4158, 2042, 299, 998, 2427, 3846, 4136, 1569], [4159, 3064, 3335, 2278, 3509, 4915, 4917, 2839], [4160, 3192, 4593, 1717, 4982, 2751, 3546, 2839], [4161, 2483, 2630, 2620, 3609, 1534, 5029, 3245], [4439, 218, 830, 338, 1437, 3679, 232, 1687], [3670, 1636, 4018, 3013, 2667, 3839, 3550, 1505], [126, 3463, 4013, 1037, 2319, 4165, 3301, 2457], [3134, 4418, 736, 4245, 4166, 1511, 3551, 4791], [1444, 2998, 2988, 4515, 1372, 1505, 202, 4575], [4167, 1472, 3990, 1528, 3619, 2016, 1470, 3752], [3381, 4168, 4019, 4677, 2149, 2865, 4346, 2181], [2986, 4172, 1804, 3352, 1995, 3248, 1527, 198], [4174, 1653, 3676, 3399, 1708, 4092, 1978, 3854], [4175, 2173, 2169, 3373, 1642, 3381, 4749, 3825], [4176, 2658, 947, 4022, 2114, 3750, 3960, 3751], [651, 3457, 1553, 3382, 553, 2507, 4038, 428], [4179, 2211, 3381, 4186, 487, 239, 4543, 1717], [2173, 2455, 2169, 4097, 4152, 3820, 3850, 653], [117, 4008, 118, 1139, 119, 4182, 4009, 59], [1063, 1388, 4183, 3619, 4146, 2629, 2697, 2455], [1979, 1713, 1637, 4251, 4499, 3381, 4184, 3911], [4090, 2194, 2026, 1721, 2116, 4022, 1717, 4193], [4187, 1717, 239, 4315, 4346, 3318, 2216, 3555], [3879, 1610, 4698, 3880, 4191, 358, 379, 148], [3165, 717, 1508, 1298, 1605, 2685, 1505, 3413], [4251, 2194, 1802, 3577, 4460, 1653, 2506, 2232], [1653, 1642, 4251, 3750, 2378, 1767, 4200, 2056]]}, "plutarch_2_1844": {"tgt_lang": "fr", "transl_top1": 0.06923076923076923, "transl_top5": 0.13076923076923078, "transl_top10": 0.23076923076923078, "num_nulls": 0, "num_tgt_sents": 7523,