{"num_src_sents": 56, "lysias_1856": {"tgt_lang": "de", "transl_top1": 0.30357142857142855, "transl_top5": 0.48214285714285715, "transl_top10": 0.5357142857142857, "num_nulls": 0, "num_tgt_sents": 5319, "retrieval_preds": [[4741, 1808, 4442, 4481, 3903, 4548, 3868, 3498], [2513, 1614, 4104, 2186, 1735, 4388, 449, 1686], [1104, 627, 2012, 4456, 844, 2898, 4069, 3573], [4451, 4104, 4388, 4133, 1734, 3858, 1498, 4236], [1861, 2958, 979, 1005, 3421, 3737, 3424, 1485], [1994, 710, 1998, 4548, 1983, 68, 2945, 3858], [4460, 4531, 4524, 3511, 1426, 4744, 1384, 1564], [4463, 4462, 1293, 796, 4442, 3858, 2063, 3816], [4481, 4466, 696, 4463, 3893, 2055, 2185, 4548], [1505, 4469, 3393, 4756, 3421, 1632, 1569, 3709], [3893, 2130, 4133, 3900, 1163, 3908, 1614, 449], [4540, 2515, 2564, 3302, 4108, 4474, 3478, 2130], [4478, 1107, 3018, 2597, 3475, 3421, 1849, 1070], [4479, 1632, 1505, 4121, 1391, 1520, 3404, 1096], [4481, 3964, 4104, 2701, 3929, 2283, 1855, 4184], [4484, 4231, 3284, 1365, 2134, 3923, 1994, 1996], [4486, 2324, 3230, 2032, 1492, 599, 4685, 554], [2055, 4486, 4589, 4716, 4488, 1030, 3997, 2498], [4490, 3362, 4497, 4410, 2026, 933, 1245, 4005], [4491, 4539, 3442, 3976, 3225, 2434, 4671, 2206], [4589, 2185, 3823, 1845, 710, 1998, 3937, 2055], [4104, 4133, 3929, 2125, 999, 4116, 3964, 2643], [2030, 1372, 2853, 2032, 3230, 2846, 2804, 3581], [2513, 2324, 4246, 4116, 2026, 3596, 1990, 1808], [2516, 1445, 565, 1449, 490, 511, 1441, 624], [584, 501, 511, 1612, 2185, 2168, 3901, 2776], [4545, 4519, 4120, 3600, 4544, 1457, 2137, 1691], [4508, 2380, 4683, 3412, 3064, 1735, 1988, 1003], [3709, 1965, 3779, 2648, 4511, 844, 3593, 1569], [1327, 4512, 2188, 2374, 2530, 931, 3028, 740], [1414, 1958, 553, 4047, 1705, 3378, 1948, 3095], [2356, 161, 748, 1057, 4509, 1297, 1390, 2830], [4773, 1956, 1586, 4320, 2690, 4515, 3111, 2648], [2370, 721, 4519, 2012, 613, 1560, 3941, 3918], [4519, 2513, 4141, 3366, 4518, 4126, 3918, 1727], [3600, 1965, 3709, 3593, 4417, 4113, 4023, 1189], [4522, 4133, 2028, 4251, 3858, 644, 2185, 1998], [4526, 1640, 663, 4359, 1096, 1620, 1260, 2632], [4527, 2513, 949, 2612, 1793, 1711, 1666, 4531], [4528, 4532, 4534, 445, 1680, 1778, 1457, 3346], [4529, 3600, 3556, 2134, 4531, 2634, 1705, 4545], [4531, 4532, 2130, 1994, 4481, 4527, 576, 2609], [445, 2386, 3927, 4033, 2564, 1965, 847, 2689], [4536, 3991, 1998, 4548, 1994, 2738, 3868, 3920], [4539, 3592, 3294, 2693, 1190, 1005, 3403, 2696], [4540, 453, 4764, 4054, 1168, 1430, 981, 2515], [1250, 1193, 4541, 2648, 4365, 3613, 3404, 1958], [4542, 3421, 4756, 1705, 2690, 4536, 4320, 2320], [4543, 1705, 3593, 3709, 1518, 3404, 3547, 1784], [4544, 3404, 1222, 2618, 2659, 3593, 843, 4141], [1784, 4545, 2423, 1693, 3237, 4043, 3337, 1189], [4548, 3893, 4481, 4589, 3868, 3964, 3991, 1998], [4416, 4133, 4126, 2168, 2738, 3964, 1679, 2643], [3284, 2782, 2828, 956, 4553, 3496, 3513, 3172], [1784, 4116, 4741, 2183, 3338, 2845, 1639, 2563], [4050, 3876, 4555, 4737, 268, 3889, 785, 3961]]}, "num_translations": 1, "text_top1": 0.30357142857142855, "text_top5": 0.48214285714285715, "text_top10": 0.5357142857142857}