{"num_src_sents": 135, "luciusSamosata_1_1869": {"tgt_lang": "fr", "transl_top1": 0.24444444444444444, "transl_top5": 0.4222222222222222, "transl_top10": 0.4888888888888889, "num_nulls": 0, "num_tgt_sents": 14187, "retrieval_preds": [[3456, 4305, 3823, 2718, 832, 12247, 5796, 3958], [2587, 4150, 1035, 7570, 3308, 2696, 3933, 12394], [4151, 2852, 6585, 5233, 8010, 10777, 2480, 1743], [4152, 3268, 1438, 13955, 3600, 4994, 3746, 3455], [13331, 9953, 1757, 3227, 7911, 4434, 9187, 13144], [4154, 12200, 13023, 3308, 3761, 2962, 12394, 6503], [4156, 12101, 4724, 8810, 6263, 7090, 1852, 10043], [4904, 539, 1335, 4325, 2769, 11983, 9867, 1517], [12200, 13355, 6114, 3330, 12431, 3955, 3933, 3882], [10321, 4070, 9412, 4158, 12093, 9991, 12805, 3463], [5188, 5599, 8983, 5301, 12195, 1035, 5988, 4754], [3958, 13126, 13140, 13065, 2836, 257, 6268, 10246], [7692, 14119, 13996, 3603, 8487, 6931, 13531, 13543], [4188, 7763, 10931, 13632, 1438, 4163, 6170, 7503], [7743, 2995, 8244, 4166, 2846, 3549, 4164, 8237], [2674, 1408, 6024, 742, 736, 3777, 8803, 1835], [5309, 5348, 5359, 5361, 6052, 4560, 1509, 1536], [12211, 5792, 7085, 6916, 61, 10452, 8462, 8132], [5209, 2986, 8874, 13832, 9186, 821, 8218, 13451], [4170, 4704, 5047, 4171, 3464, 4442, 4415, 13844], [14174, 12805, 12801, 8436, 9890, 7102, 3281, 5742], [4174, 13834, 13835, 5978, 13537, 7264, 2964, 4703], [5158, 3876, 5148, 4036, 3658, 4412, 8104, 861], [1682, 3122, 7503, 5910, 2110, 1606, 583, 8268], [7337, 8229, 5958, 1723, 1214, 844, 4462, 4108], [5974, 8550, 3342, 13660, 1517, 2766, 14004, 4291], [12805, 6916, 1027, 2259, 12366, 1139, 7373, 318], [8405, 5826, 8642, 11133, 11141, 6995, 14127, 13598], [12200, 12431, 711, 2264, 5158, 1451, 5910, 2226], [10255, 6522, 8553, 10032, 4193, 13983, 4011, 4186], [4194, 4195, 13464, 11791, 10428, 3739, 3485, 5833], [1314, 4894, 12898, 8084, 1275, 5172, 8091, 10384], [4174, 11043, 10947, 4196, 10755, 7518, 10942, 10344], [1317, 5826, 4817, 10939, 8141, 6995, 7910, 1353], [6114, 5517, 11448, 4199, 5829, 5858, 8148, 337], [4888, 12429, 9547, 1596, 4915, 11247, 2468, 7004], [4201, 4891, 6693, 6642, 11336, 2041, 657, 3084], [6701, 7801, 8271, 11887, 7757, 8954, 5874, 8014], [4382, 4702, 11812, 11810, 4259, 11779, 11814, 12013], [5623, 13834, 419, 8541, 6628, 4660, 4185, 6627], [4207, 7503, 2110, 4170, 571, 10741, 1438, 4961], [9062, 4208, 3256, 975, 3685, 4260, 7514, 5819], [4209, 8141, 6721, 5859, 7923, 8367, 10866, 8302], [9393, 9070, 8185, 4067, 9907, 9911, 4932, 1570], [13983, 3827, 8498, 5512, 13543, 5749, 6114, 6673], [5863, 5859, 4382, 11054, 12344, 5587, 11328, 4213], [4217, 6608, 12913, 669, 10463, 5580, 918, 118], [4218, 11141, 11348, 9855, 429, 14038, 2425, 7544], [9055, 13846, 11288, 11348, 6751, 9053, 4220, 12396], [1933, 3500, 174, 11697, 13707, 7337, 9186, 5835], [10704, 10339, 12906, 7761, 9070, 7434, 7010, 12762], [8776, 506, 1824, 9493, 7981, 10232, 13787, 2512], [6561, 6911, 7986, 13629, 6565, 9991, 2141, 2755], [10874, 1719, 6651, 10619, 13644, 2253, 14166, 139], [4235, 4250, 9828, 2911, 4325, 13186, 9826, 9821], [639, 544, 2784, 13239, 12895, 12986, 4112, 13784], [3832, 7112, 5481, 9235, 8542, 12958, 9426, 6964], [4243, 4259, 775, 5853, 11512, 4355, 13787, 4621], [3308, 12394, 2962, 4244, 12431, 3933, 5158, 6588], [4245, 10823, 4996, 10824, 3255, 9224, 9291, 11053], [4248, 1317, 11685, 9000, 2455, 4886, 13843, 3417], [9589, 9399, 4252, 10179, 13430, 9661, 10204, 9806], [4250, 9006, 4238, 9804, 14127, 4367, 9017, 8471], [9070, 499, 6583, 9393, 12575, 7801, 12446, 6242], [1765, 3352, 3501, 3601, 6038, 6214, 10426, 10432], [4253, 10204, 9821, 10089, 9399, 4249, 3736, 3497], [4250, 9409, 9653, 12986, 9855, 11036, 9399, 9635], [4259, 4243, 775, 8524, 8651, 11133, 11141, 8669], [9986, 2632, 5209, 11784, 4263, 4269, 4844, 13182], [3736, 9994, 11435, 4266, 7599, 9409, 11812, 7861], [7542, 4679, 3124, 13264, 10285, 4646, 12221, 1058], [12575, 12572, 13843, 11685, 4273, 9248, 9182, 9809], [5835, 4275, 3616, 12221, 4646, 3995, 4849, 3624], [4277, 13787, 4402, 4256, 2164, 9629, 9723, 506], [9869, 11788, 5565, 8511, 3529, 4646, 8524, 11791], [4380, 14183, 11133, 7725, 4284, 11275, 12397, 4312], [13834, 4312, 14138, 2919, 7267, 7088, 7638, 11305], [4288, 10083, 5784, 9604, 5819, 595, 11821, 10727], [12195, 11981, 11570, 6049, 3646, 6051, 3746, 8727], [10781, 10765, 10713, 8783, 7205, 5000, 3766, 7895], [4292, 1198, 12395, 1500, 1398, 1882, 4767, 3637], [8345, 294, 221, 9214, 12669, 3876, 3927, 223], [13843, 4295, 13835, 13815, 11047, 10463, 4426, 13842], [13787, 4355, 9109, 710, 5859, 775, 5853, 11015], [775, 6995, 2919, 11141, 7124, 11133, 9247, 8350], [8896, 9596, 13029, 13973, 10255, 6637, 13822, 7642], [775, 13787, 12144, 2741, 506, 4382, 3358, 12328], [2178, 12980, 9578, 5719, 13555, 4308, 10658, 9723], [9182, 2971, 4309, 12577, 10061, 11275, 775, 3815], [4312, 5262, 7638, 7267, 9925, 250, 6659, 2919], [5819, 11955, 5991, 4219, 9070, 8007, 14141, 2877], [12821, 13249, 9782, 4319, 8380, 11236, 595, 10860], [4321, 14137, 13846, 9994, 9925, 11803, 3099, 3685], [11791, 9247, 11814, 8714, 9925, 11808, 12986, 12013], [4331, 8436, 3574, 2484, 4637, 5420, 11259, 8185], [4332, 8210, 9450, 3829, 7913, 13782, 8014, 10035], [11305, 3565, 5978, 13404, 4289, 3172, 7514, 4325], [775, 4335, 9925, 9347, 3491, 7367, 7337, 11814], [7743, 7601, 5578, 4336, 4337, 11934, 4331, 10815], [4338, 4382, 5826, 7654, 10365, 9247, 8617, 11141], [13787, 9247, 11348, 11750, 1893, 7138, 8669, 4335], [11906, 9238, 8124, 9070, 12803, 10994, 9078, 7923], [13835, 6721, 11135, 703, 4217, 4439, 10826, 12607], [4349, 307, 4350, 7210, 775, 7138, 13843, 4424], [9247, 4350, 11814, 5833, 307, 775, 13707, 4352], [4354, 3583, 2037, 5906, 13453, 4894, 4651, 5880], [4355, 13715, 3500, 12200, 11054, 4793, 13816, 6395], [4357, 13951, 4886, 10985, 4426, 3924, 2919, 13861], [4359, 13779, 1304, 1796, 4439, 11512, 4394, 7861], [4650, 4360, 10365, 2919, 458, 7805, 4424, 9108], [4362, 13264, 6187, 1626, 8874, 13321, 4549, 6417], [4363, 2911, 3771, 4082, 2369, 10085, 3516, 11435], [9832, 4364, 9416, 11097, 10301, 3433, 13774, 9578], [4365, 8879, 5559, 7607, 8429, 6049, 13846, 7616], [4367, 9926, 7861, 2631, 9994, 11804, 3771, 4941], [10509, 10976, 13571, 11161, 1787, 7217, 11253, 10684], [4369, 11571, 11141, 12986, 11133, 14138, 11814, 13787], [4373, 3321, 5418, 10960, 650, 582, 5552, 8670], [6881, 7183, 5935, 4305, 5818, 2942, 8203, 12171], [7270, 4378, 8705, 13198, 10887, 13887, 5829, 8516], [4380, 4312, 250, 5859, 2945, 7657, 10543, 13834], [4382, 11141, 5863, 2919, 4886, 13843, 7960, 12396], [4384, 8850, 5688, 9013, 11137, 12210, 8804, 1912], [4385, 4311, 9491, 9151, 14183, 1071, 7725, 8523], [4387, 12018, 11989, 1852, 13544, 7916, 5948, 9123], [7513, 4204, 4389, 10522, 13156, 10033, 931, 3442], [3070, 775, 8060, 5516, 4426, 1264, 13843, 710], [4394, 12805, 4428, 2259, 6304, 1526, 12809, 8223], [775, 10365, 5826, 4382, 8489, 772, 10284, 2919], [13126, 5585, 257, 1719, 772, 934, 5240, 3813], [4402, 11537, 7250, 3330, 6200, 7692, 12200, 8476], [3215, 13715, 3099, 3932, 2435, 12431, 6588, 3311], [4405, 104, 7513, 12473, 255, 3500, 7804, 8745], [3427, 11762, 3751, 1300, 11808, 51, 8809, 8850], [4409, 2997, 3526, 3535, 12906, 8336, 7022, 8223]]}, "lucian_1888": {"tgt_lang": "en", "transl_top1": 0.3925925925925926, "transl_top5": 0.5777777777777777, "transl_top10": 0.6814814814814815, "num_nulls": 0, "num_tgt_sents": 6788,