{"num_src_sents": 574, "plato_3_1826": {"tgt_lang": "fr", "transl_top1": 0.006968641114982578, "transl_top5": 0.03832752613240418, "transl_top10": 0.06620209059233449, "num_nulls": 0, "num_tgt_sents": 3903}, "plato_1_1848": {"tgt_lang": "en", "transl_top1": 0.18815331010452963, "transl_top5": 0.34146341463414637, "transl_top10": 0.37630662020905925, "num_nulls": 0, "num_tgt_sents": 12817}, "plato_1855-1903_2": {"tgt_lang": "de", "transl_top1": 0.008710801393728223, "transl_top5": 0.033101045296167246, "transl_top10": 0.05574912891986063, "num_nulls": 0, "num_tgt_sents": 6411}, "plato_1855-1903_4": {"tgt_lang": "de", "transl_top1": 0.0156794425087108, "transl_top5": 0.04529616724738676, "transl_top10": 0.06620209059233449, "num_nulls": 0, "num_tgt_sents": 7126}, "plato_5_1852": {"tgt_lang": "en", "transl_top1": 0.013937282229965157, "transl_top5": 0.059233449477351915, "transl_top10": 0.08188153310104529, "num_nulls": 0, "num_tgt_sents": 8721}, "plato_1855-1903_1": {"tgt_lang": "de", "transl_top1": 0.0156794425087108, "transl_top5": 0.04878048780487805, "transl_top10": 0.08188153310104529, "num_nulls": 0, "num_tgt_sents": 3965}, "plato_1855-1903_3": {"tgt_lang": "de", "transl_top1": 0.024390243902439025, "transl_top5": 0.059233449477351915, "transl_top10": 0.08885017421602788, "num_nulls": 0, "num_tgt_sents": 7777}, "plato_2_1849": {"tgt_lang": "en", "transl_top1": 0.010452961672473868, "transl_top5": 0.078397212543554, "transl_top10": 0.09407665505226481, "num_nulls": 0, "num_tgt_sents": 9568}, "plato_1_1846": {"tgt_lang": "fr", "transl_top1": 0.010452961672473868, "transl_top5": 0.04355400696864112, "transl_top10": 0.08362369337979095, "num_nulls": 0, "num_tgt_sents": 3203}, "plato_6_1854": {"tgt_lang": "en", "transl_top1": 0.01916376306620209, "transl_top5": 0.05226480836236934, "transl_top10": 0.06445993031358885, "num_nulls": 0, "num_tgt_sents": 9064}, "plato_3_1850": {"tgt_lang": "en", "transl_top1": 0.010452961672473868, "transl_top5": 0.06794425087108014, "transl_top10": 0.08885017421602788, "num_nulls": 0, "num_tgt_sents": 13689}, "num_translations": 14, "text_top1": 0.02314584370333499, "text_top5": 0.06197112991538078, "text_top10": 0.0820059731209557}