{"num_src_sents": 375, "Epictetus_MarcusAurelius_Theophrastus_1855-1891": {"tgt_lang": "de", "transl_top1": 0.021333333333333333, "transl_top5": 0.06133333333333333, "transl_top10": 0.128, "num_nulls": 0, "num_tgt_sents": 5160}, "num_translations": 1, "text_top1": 0.021333333333333333, "text_top5": 0.06133333333333333, "text_top10": 0.128}