{"num_src_sents": 79, "corneliusNepos_1856": {"tgt_lang": "de", "transl_top1": 0.6835443037974683, "transl_top5": 0.7974683544303798, "transl_top10": 0.8481012658227848, "num_nulls": 0, "num_tgt_sents": 2320, "retrieval_preds": [[1356, 55, 949, 1315, 986, 1728, 252, 120], [1357, 1160, 912, 2211, 648, 131, 1574, 1482], [1358, 1364, 884, 1475, 1863, 622, 1684, 1079], [1359, 553, 2265, 1992, 1606, 1078, 1728, 1753], [1360, 92, 1427, 2203, 1362, 2162, 989, 1600], [1360, 603, 1110, 1136, 360, 1160, 1618, 1427], [1361, 1665, 2017, 2059, 1730, 1358, 566, 741], [1362, 1748, 135, 1550, 1081, 733, 252, 1442], [1363, 1728, 1753, 2009, 1453, 882, 1529, 1361], [1364, 1358, 608, 715, 963, 825, 622, 575], [1364, 419, 2203, 2226, 1442, 1764, 1631, 1583], [1365, 1403, 1363, 1728, 841, 1701, 986, 185], [1366, 972, 519, 1377, 788, 1728, 1578, 262], [1369, 124, 677, 318, 1403, 1154, 531, 1093], [1370, 1733, 378, 1093, 336, 1025, 1404, 1483], [1371, 1382, 1403, 345, 684, 1369, 1075, 789], [1372, 1274, 378, 1304, 1470, 421, 568, 267], [1374, 805, 785, 1093, 1633, 1079, 1373, 1071], [1376, 904, 1646, 2049, 1372, 2162, 742, 1406], [1377, 281, 1386, 269, 986, 987, 1403, 791], [1378, 1379, 805, 556, 1283, 1770, 2112, 1771], [1384, 268, 1391, 1693, 556, 1766, 520, 1292], [1386, 1377, 745, 791, 327, 1373, 730, 766], [1387, 1323, 1037, 164, 1827, 1871, 143, 1313], [1388, 445, 976, 2220, 977, 2251, 1318, 984], [1389, 1192, 678, 445, 970, 1167, 1928, 829], [1390, 1563, 1462, 937, 896, 1208, 590, 1388], [1391, 1953, 2276, 784, 1477, 1008, 1485, 909], [1392, 1373, 619, 794, 185, 1688, 791, 317], [1393, 1104, 1134, 532, 2056, 1935, 360, 451], [1394, 788, 972, 1042, 789, 1382, 1173, 2000], [1395, 1125, 1488, 1153, 1766, 1391, 161, 1505], [1396, 1804, 1153, 1151, 609, 788, 1389, 592], [318, 1397, 304, 1519, 1369, 315, 1045, 620], [2136, 717, 356, 2154, 1298, 300, 2097, 793], [1399, 1129, 650, 1779, 1390, 375, 164, 269], [1400, 724, 1170, 944, 346, 345, 943, 1109], [1401, 1927, 1402, 1607, 1540, 1365, 1484, 1987], [1403, 1371, 1613, 531, 986, 789, 1394, 1396], [1404, 871, 1587, 163, 275, 367, 861, 1444], [1405, 790, 626, 1030, 818, 1317, 252, 315], [1406, 984, 904, 2033, 2012, 1585, 1357, 1548], [1407, 364, 1292, 1659, 1486, 1585, 1561, 182], [1408, 553, 130, 813, 400, 233, 999, 1915], [1409, 1541, 2318, 2304, 2246, 1197, 2254, 2205], [1418, 1693, 235, 1679, 868, 64, 1421, 1478], [1419, 1151, 163, 395, 972, 149, 1072, 1396], [1420, 225, 130, 257, 276, 1785, 1624, 1794], [1421, 1132, 1642, 1272, 812, 245, 1008, 1293], [1422, 127, 1392, 308, 1254, 1462, 1779, 1420], [1423, 2068, 1132, 1420, 663, 264, 149, 1130], [1424, 2122, 2310, 1423, 1330, 568, 1620, 1589], [542, 608, 1305, 518, 1325, 1341, 1358, 949], [668, 183, 1658, 1935, 1393, 1477, 618, 734], [1429, 1283, 1344, 1268, 783, 950, 1306, 944], [1430, 2297, 2012, 1552, 285, 111, 361, 2058], [1432, 1431, 1021, 606, 127, 531, 432, 1063], [131, 1566, 648, 1533, 603, 1211, 1158, 32], [1433, 159, 1933, 135, 961, 2108, 1272, 2297], [1434, 115, 1541, 2213, 1167, 1135, 2248, 894], [1435, 520, 307, 286, 1808, 1352, 2111, 633], [1436, 542, 1315, 1624, 1223, 376, 1627, 1228], [984, 1436, 1907, 2045, 1355, 779, 1799, 1173], [1437, 2111, 2214, 2270, 45, 2102, 1306, 1092], [1438, 571, 1260, 1626, 394, 1061, 2059, 2203], [1175, 1748, 2227, 1438, 718, 570, 525, 2206], [1439, 710, 2122, 1660, 1175, 2095, 1706, 833], [1440, 387, 1441, 1596, 706, 722, 1194, 1459], [1441, 1515, 1596, 938, 937, 706, 568, 291], [1442, 2283, 1441, 618, 511, 1393, 741, 1090], [1443, 1794, 889, 1574, 361, 287, 1145, 997], [1445, 1088, 2092, 1064, 2070, 2152, 2282, 2277], [1446, 1952, 592, 529, 475, 1394, 890, 360], [1447, 447, 1192, 300, 2283, 1631, 788, 128], [1448, 566, 2111, 2270, 2269, 113, 416, 115], [1449, 252, 298, 920, 233, 641, 1847, 1987], [1450, 1682, 1115, 1671, 2146, 1700, 2143, 1135], [1451, 1094, 126, 404, 1895, 1093, 108, 500], [1452, 950, 693, 245, 1948, 1081, 1138, 1805]]}, "justin_cNepos_eutropius_1902": {"tgt_lang": "en", "transl_top1": 0.4936708860759494, "transl_top5": 0.5949367088607594, "transl_top10": 0.6329113924050633, "num_nulls": 0, "num_tgt_sents": 9841,