{"num_src_sents": 44, "luca_siliusItalicus_claudius_1842": {"tgt_lang": "fr", "transl_top1": 0.06818181818181818, "transl_top5": 0.18181818181818182, "transl_top10": 0.29545454545454547, "num_nulls": 0, "num_tgt_sents": 20880}, "num_translations": 1, "text_top1": 0.06818181818181818, "text_top5": 0.18181818181818182, "text_top10": 0.29545454545454547}