{"num_src_sents": 85, "demosthenes_1877": {"tgt_lang": "en", "transl_top1": 0.23529411764705882, "transl_top5": 0.35294117647058826, "transl_top10": 0.43529411764705883, "num_nulls": 0, "num_tgt_sents": 7775}, "demosthenes_aeschynes_1861": {"tgt_lang": "fr", "transl_top1": 0.0, "transl_top5": 0.047058823529411764, "transl_top10": 0.058823529411764705, "num_nulls": 0, "num_tgt_sents": 36182}, "num_translations": 2, "text_top1": 0.11764705882352941, "text_top5": 0.2, "text_top10": 0.24705882352941178}