{"num_src_sents": 1931, "cicero_1855-1892_5": {"tgt_lang": "de", "transl_top1": 0.005696530295183843, "transl_top5": 0.017607457276022784, "transl_top10": 0.03625064733298809, "num_nulls": 0, "num_tgt_sents": 4818}, "cicero_1861_6": {"tgt_lang": "de", "transl_top1": 0.005178663904712584, "transl_top5": 0.015535991714137753, "transl_top10": 0.025375453133091662, "num_nulls": 0, "num_tgt_sents": 8951}, "cicero_1878_8": {"tgt_lang": "de", "transl_top1": 0.005178663904712584, "transl_top5": 0.018125323666494046, "transl_top10": 0.03003625064733299, "num_nulls": 0, "num_tgt_sents": 5042}, "cicero_1863_7": {"tgt_lang": "de", "transl_top1": 0.7747281201450026, "transl_top5": 0.9031589849818746, "transl_top10": 0.944070429829104, "num_nulls": 0, "num_tgt_sents": 5622}, "num_translations": 4, "text_top1": 0.1976954945624029, "text_top5": 0.2386069394096323, "text_top10": 0.2589331952356292}