{"num_src_sents": 46, "lysias_1856": {"tgt_lang": "de", "transl_top1": 0.08695652173913043, "transl_top5": 0.15217391304347827, "transl_top10": 0.2608695652173913, "num_nulls": 0, "num_tgt_sents": 5319}, "num_translations": 1, "text_top1": 0.08695652173913043, "text_top5": 0.15217391304347827, "text_top10": 0.2608695652173913}