{"num_src_sents": 60, "lysias_1856": {"tgt_lang": "de", "transl_top1": 0.4166666666666667, "transl_top5": 0.5833333333333334, "transl_top10": 0.7166666666666667, "num_nulls": 0, "num_tgt_sents": 5319}, "num_translations": 1, "text_top1": 0.4166666666666667, "text_top5": 0.5833333333333334, "text_top10": 0.7166666666666667}