{"num_src_sents": 469, "philo_4_1855": {"tgt_lang": "en", "transl_top1": 0.0021321961620469083, "transl_top5": 0.03411513859275053, "transl_top10": 0.05970149253731343, "num_nulls": 0, "num_tgt_sents": 7517}, "philo_2_1854": {"tgt_lang": "en", "transl_top1": 0.008528784648187633, "transl_top5": 0.04051172707889126, "transl_top10": 0.07462686567164178, "num_nulls": 0, "num_tgt_sents": 7912}, "philo_1_1854": {"tgt_lang": "en", "transl_top1": 0.43710021321961623, "transl_top5": 0.6119402985074627, "transl_top10": 0.6823027718550106, "num_nulls": 0, "num_tgt_sents": 8507}, "num_translations": 3, "text_top1": 0.14925373134328357, "text_top5": 0.2288557213930348, "text_top10": 0.27221037668798864}