{"num_src_sents": 183, "lucian_1827_7": {"tgt_lang": "de", "transl_top1": 0.01639344262295082, "transl_top5": 0.08196721311475409, "transl_top10": 0.11475409836065574, "num_nulls": 0, "num_tgt_sents": 4692}, "Lucian_1827_ht8": {"tgt_lang": "de", "transl_top1": 0.0273224043715847, "transl_top5": 0.09289617486338798, "transl_top10": 0.16393442622950818, "num_nulls": 0, "num_tgt_sents": 1131}, "lucian_1888": {"tgt_lang": "en", "transl_top1": 0.03278688524590164, "transl_top5": 0.1092896174863388, "transl_top10": 0.15300546448087432, "num_nulls": 0, "num_tgt_sents": 6788}, "lucian_1831_13": {"tgt_lang": "de", "transl_top1": 0.30601092896174864, "transl_top5": 0.4918032786885246, "transl_top10": 0.546448087431694, "num_nulls": 0, "num_tgt_sents": 4049}, "num_translations": 4, "text_top1": 0.09562841530054644, "text_top5": 0.19398907103825136, "text_top10": 0.24453551912568305}