{"num_src_sents": 354, "philo_2_1854": {"tgt_lang": "en", "transl_top1": 0.011299435028248588, "transl_top5": 0.0423728813559322, "transl_top10": 0.09322033898305085, "num_nulls": 0, "num_tgt_sents": 7912}, "philo_4_1855": {"tgt_lang": "en", "transl_top1": 0.002824858757062147, "transl_top5": 0.025423728813559324, "transl_top10": 0.03672316384180791, "num_nulls": 0, "num_tgt_sents": 7517}, "philo_1_1854": {"tgt_lang": "en", "transl_top1": 0.4915254237288136, "transl_top5": 0.6638418079096046, "transl_top10": 0.7259887005649718, "num_nulls": 0, "num_tgt_sents": 8507}, "num_translations": 3, "text_top1": 0.16854990583804144, "text_top5": 0.243879472693032, "text_top10": 0.2853107344632768}