{"num_src_sents": 60, "lysias_1856": {"tgt_lang": "de", "transl_top1": 0.4166666666666667, "transl_top5": 0.5833333333333334, "transl_top10": 0.7166666666666667, "num_nulls": 0, "num_tgt_sents": 5319, "retrieval_preds": [[3703, 2958, 3628, 2616, 2373, 3733, 3072, 2667], [3704, 2144, 4400, 3234, 95, 200, 2464, 2604], [1460, 1426, 970, 1564, 606, 1017, 1435, 1468], [1965, 3709, 1705, 3593, 3404, 3296, 4121, 1189], [3710, 453, 1665, 3909, 3352, 1620, 1067, 1188], [2616, 4534, 2376, 3222, 3592, 3516, 1179, 2826], [3715, 414, 4661, 3722, 1212, 848, 546, 995], [1244, 3716, 3717, 453, 1632, 1441, 607, 3724], [1366, 3187, 1495, 1864, 1088, 2324, 1498, 1539], [3720, 1435, 1644, 4525, 3787, 1614, 4004, 3983], [3752, 622, 2012, 3722, 3442, 630, 1515, 1401], [3724, 2817, 3775, 1399, 3685, 3730, 153, 269], [3727, 1774, 2838, 1860, 1670, 1767, 3728, 1674], [3730, 3731, 3722, 3723, 1391, 3373, 3749, 597], [3732, 1104, 4532, 607, 2423, 1404, 1784, 1441], [1808, 4582, 2055, 3858, 3499, 2716, 3800, 2123], [3738, 1735, 644, 928, 3787, 3514, 4462, 3858], [3740, 3029, 1443, 445, 2616, 1965, 2000, 3962], [1068, 1908, 3352, 1089, 1078, 1784, 1620, 1067], [3742, 2002, 3752, 1632, 1620, 3787, 2012, 878], [1542, 2830, 161, 4509, 732, 748, 2419, 4405], [3744, 3475, 3914, 1808, 1784, 1070, 2659, 1980], [1340, 912, 3745, 898, 1735, 4649, 2012, 2757], [1013, 1911, 2782, 3878, 662, 1379, 911, 907], [2185, 1998, 3763, 710, 3858, 3868, 4104, 4388], [3751, 3421, 1505, 888, 4121, 3756, 1793, 1493], [3752, 963, 3595, 3202, 1570, 1569, 1706, 895], [3752, 1564, 3499, 4236, 3475, 1355, 3478, 3492], [3878, 1909, 3717, 2234, 2786, 3705, 1771, 2029], [3755, 1515, 2012, 883, 4042, 2633, 4417, 2558], [3756, 1515, 4330, 1106, 3779, 3202, 3988, 1793], [3757, 853, 1692, 4170, 1607, 3597, 4551, 4042], [3759, 3405, 2464, 2117, 2316, 225, 3338, 4590], [883, 4042, 1686, 1692, 2183, 1808, 1460, 3964], [3762, 2041, 2513, 2399, 3773, 1779, 2781, 1735], [3763, 1763, 1857, 1816, 2434, 2703, 1883, 956], [3765, 2055, 828, 2185, 1248, 2142, 2691, 3764], [2145, 2055, 2687, 4381, 3493, 4133, 4522, 716], [3773, 1679, 4116, 4388, 1686, 1793, 3508, 2558], [1341, 630, 3774, 4053, 3194, 1211, 923, 1931], [2633, 3775, 2703, 3779, 1185, 1586, 3709, 4104], [2687, 1808, 2175, 1293, 2738, 2125, 2177, 2185], [3781, 1557, 2144, 3231, 2704, 1980, 2324, 1521], [2380, 3779, 3782, 2935, 1988, 1586, 4521, 4228], [3783, 1561, 1366, 1576, 1857, 3496, 1255, 455], [3784, 1574, 4246, 4416, 4104, 2405, 3045, 3424], [2242, 1106, 2165, 923, 2894, 1103, 2928, 644], [3787, 4010, 2916, 1786, 4032, 4536, 4099, 3600], [3788, 4370, 4252, 2540, 2459, 3379, 3220, 3906], [2830, 4509, 2532, 1988, 4121, 1276, 748, 2356], [1956, 1958, 3704, 1705, 1805, 4742, 1743, 3237], [2592, 1049, 1208, 518, 3283, 2429, 1524, 1977], [3792, 1302, 3794, 161, 2234, 948, 983, 4393], [1126, 2148, 3731, 1673, 1771, 2704, 3338, 4204], [3792, 3794, 983, 1297, 161, 2327, 2830, 2690], [3759, 1178, 3709, 1586, 3796, 3399, 1457, 1784], [3797, 2213, 2826, 1670, 1428, 1805, 4462, 2704], [3798, 3887, 4253, 81, 2153, 654, 2918, 4048], [3800, 3475, 3868, 3991, 1129, 3858, 1808, 4741], [4102, 956, 2558, 4104, 2425, 4116, 2633, 2186]]}, "num_translations": 1, "text_top1": 0.4166666666666667, "text_top5": 0.5833333333333334, "text_top10": 0.7166666666666667}