{"num_src_sents": 88, "demosthenes_aeschynes_1861": {"tgt_lang": "fr", "transl_top1": 0.0, "transl_top5": 0.03409090909090909, "transl_top10": 0.056818181818181816, "num_nulls": 0, "num_tgt_sents": 36182, "retrieval_preds": [[25134, 6947, 18107, 23116, 9238, 9008, 31561, 23901], [9238, 23975, 3052, 15370, 15295, 15871, 8816, 9008], [4365, 7138, 35326, 30837, 5933, 9914, 22874, 35437], [9914, 9015, 20519, 3942, 8819, 11698, 21802, 9539], [16312, 9539, 3052, 4169, 23289, 9174, 23975, 15370], [33414, 27000, 35786, 35437, 34835, 9618, 30759, 15819], [7120, 9914, 11075, 9931, 21246, 22990, 8489, 21924], [25158, 25550, 8521, 25198, 24333, 16402, 6239, 32318], [25327, 18107, 15808, 12728, 16430, 9690, 13205, 35380], [25160, 10394, 29814, 25215, 3262, 507, 11240, 10517], [25416, 25025, 24321, 24272, 25108, 18862, 23132, 23780], [27663, 31370, 25005, 13994, 23134, 32869, 14910, 24877], [25134, 6122, 25671, 10920, 9238, 15370, 31089, 11926], [10823, 16207, 21067, 15370, 20756, 14769, 30091, 26659], [31956, 25329, 30330, 24916, 25541, 28859, 13208, 28711], [20283, 1070, 23653, 3520, 1242, 18064, 20384, 27860], [21538, 25273, 25337, 25412, 15905, 28592, 24844, 25418], [24116, 25337, 7116, 6927, 25416, 15108, 1724, 24477], [7202, 15509, 3689, 22779, 10712, 6704, 14746, 20241], [6589, 8825, 7116, 28782, 11471, 23413, 30317, 7062], [22943, 18107, 13144, 19310, 11167, 9108, 12268, 9216], [24602, 25074, 32885, 29781, 14381, 15303, 2229, 29165], [4202, 19029, 34436, 15210, 4169, 11698, 31636, 8819], [25201, 4456, 17200, 25891, 7422, 21079, 27839, 25671], [30094, 13540, 2543, 16905, 25336, 6912, 33114, 25593], [9830, 25206, 11471, 9172, 31840, 8838, 8981, 11483], [7446, 5622, 23166, 21551, 7899, 25029, 24325, 15631], [25030, 27435, 24326, 32670, 32621, 29828, 30895, 28685], [5629, 1083, 12062, 9015, 14816, 13927, 21543, 31847], [20283, 1070, 1242, 3520, 23653, 23137, 20384, 18064], [2963, 26286, 26254, 26285, 26374, 26252, 26376, 298], [10721, 298, 13503, 32613, 18982, 10728, 12810, 20551], [6896, 15485, 31989, 21296, 10531, 10996, 28859, 11143], [20283, 1070, 1242, 3520, 23653, 23137, 20384, 18064], [24979, 11056, 12974, 5644, 21552, 31847, 4797, 21842], [20283, 1070, 1242, 3520, 23653, 23137, 20384, 18064], [6315, 24847, 22092, 25273, 25410, 16411, 24435, 24918], [23289, 25211, 24985, 32455, 8489, 15871, 21543, 6857], [25134, 20813, 29814, 32358, 25176, 24115, 28978, 24124], [25134, 13711, 23793, 26249, 21079, 26659, 11211, 17739], [17238, 14829, 14258, 8201, 24215, 32115, 26648, 24435], [23793, 20813, 25134, 20804, 19442, 24918, 11298, 17298], [31839, 15747, 18914, 11405, 32170, 25327, 13690, 15224], [27944, 7283, 25226, 7456, 27839, 28316, 16913, 6947], [24116, 24080, 24198, 25134, 25410, 24215, 25117, 21065], [34412, 24892, 33020, 14822, 19387, 30837, 10159, 29509], [32170, 11692, 24283, 12601, 20519, 31839, 15747, 32574], [28528, 12203, 20519, 10570, 1513, 9008, 9944, 6831], [12742, 3672, 24300, 3564, 7331, 23288, 31713, 5293], [9539, 19310, 21556, 18237, 9658, 22908, 13222, 21454], [23913, 2384, 24976, 23637, 24596, 30586, 8247, 23247], [20283, 1070, 23653, 3520, 1242, 18064, 20384, 27860], [9914, 25134, 24004, 18427, 26224, 21249, 21063, 16150], [11692, 29378, 12544, 21084, 17146, 12417, 30521, 21117], [25250, 12174, 762, 11093, 25211, 21221, 25308, 24187], [24187, 9008, 30837, 18914, 26659, 7458, 34436, 15585], [25170, 19440, 23116, 18366, 1270, 15478, 28103, 23671], [7078, 15016, 18366, 24602, 18219, 15808, 8381, 7359], [9539, 32533, 9015, 12062, 33914, 30827, 3052, 24602], [15989, 17145, 16312, 32885, 19715, 3052, 3896, 15189], [27284, 8338, 21202, 11183, 16262, 29860, 26445, 16202], [11183, 22946, 13476, 19081, 16262, 16129, 16509, 26314], [20751, 21551, 33652, 23573, 27498, 2460, 23166, 3429], [27941, 28560, 32310, 9238, 9216, 26220, 15044, 12165], [20283, 1070, 23653, 3520, 1242, 18064, 20384, 27860], [26059, 13150, 18436, 25412, 22829, 25354, 24977, 25987], [11432, 9216, 32511, 20519, 9008, 10712, 13614, 9883], [9379, 11432, 8816, 29165, 32170, 23025, 7217, 14381], [32533, 9216, 9539, 9418, 9015, 21591, 15044, 4587], [15781, 8886, 8347, 13927, 29287, 8807, 21557, 17525], [31956, 13208, 25329, 13241, 11487, 18337, 11143, 15485], [20283, 1070, 1242, 3520, 23653, 23137, 20384, 18064], [33194, 9914, 7148, 7506, 34513, 26714, 28983, 11292], [28706, 14778, 24383, 29139, 25294, 7422, 17580, 24630], [36033, 25206, 12413, 30203, 28962, 13164, 9383, 8816], [30606, 13144, 13674, 8003, 21556, 8557, 8933, 33083], [19092, 25740, 15717, 30132, 14996, 24866, 25134, 29235], [26688, 31956, 24916, 20941, 13208, 30360, 8103, 25290], [20283, 1070, 1242, 3520, 23653, 23137, 20384, 18064], [25308, 20241, 323, 25416, 15370, 24187, 25134, 25250], [9361, 16312, 3052, 6947, 19290, 5616, 21812, 8003], [15011, 13266, 15935, 17411, 5651, 13173, 12279, 29794], [17812, 20133, 8770, 26151, 17998, 4797, 27587, 26299], [3278, 3276, 3535, 4848, 20380, 20285, 20283, 20385], [4662, 8817, 9914, 20519, 15370, 13683, 19310, 22010], [15553, 9049, 15808, 19310, 11266, 16388, 16150, 24356], [11298, 30837, 7202, 12799, 21065, 15370, 21067, 15746], [4202, 20519, 9008, 8819, 13205, 24283, 8816, 31839]]}, "demosthenes_1877": {"tgt_lang": "en", "transl_top1": 0.09090909090909091, "transl_top5": 0.19318181818181818, "transl_top10": 0.2727272727272727, "num_nulls": 0, "num_tgt_sents": 7775,