{"num_src_sents": 3744, "appian_1832_10": {"tgt_lang": "de", "transl_top1": 0.0016025641025641025, "transl_top5": 0.00827991452991453, "transl_top10": 0.014423076923076924, "num_nulls": 0, "num_tgt_sents": 12614}, "Appianus_1828": {"tgt_lang": "de", "transl_top1": 0.0016025641025641025, "transl_top5": 0.008012820512820512, "transl_top10": 0.01469017094017094, "num_nulls": 4, "num_tgt_sents": 6120}, "appian_1830_5": {"tgt_lang": "de", "transl_top1": 0.002136752136752137, "transl_top5": 0.006944444444444444, "transl_top10": 0.010416666666666666, "num_nulls": 0, "num_tgt_sents": 7584}, "num_translations": 3, "text_top1": 0.0017806267806267807, "text_top5": 0.007745726495726495, "text_top10": 0.013176638176638176}