{"num_src_sents": 1085, "aristophanes_1_1858": {"tgt_lang": "en", "transl_top1": 0.3262672811059908, "transl_top5": 0.4949308755760369, "transl_top10": 0.5705069124423963, "num_nulls": 0, "num_tgt_sents": 10625}, "aristophanes_1907_1": {"tgt_lang": "en", "transl_top1": 0.0064516129032258064, "transl_top5": 0.026728110599078342, "transl_top10": 0.053456221198156684, "num_nulls": 0, "num_tgt_sents": 8398}, "aristophanes_1873": {"tgt_lang": "fr", "transl_top1": 0.19447004608294932, "transl_top5": 0.31152073732718893, "transl_top10": 0.3649769585253456, "num_nulls": 1, "num_tgt_sents": 14269}, "Aristophanes_2_1855-1885": {"tgt_lang": "de", "transl_top1": 0.007373271889400922, "transl_top5": 0.035944700460829496, "transl_top10": 0.05714285714285714, "num_nulls": 0, "num_tgt_sents": 5321}, "aristophanes_3_1830": {"tgt_lang": "fr", "transl_top1": 0.11981566820276497, "transl_top5": 0.2055299539170507, "transl_top10": 0.25990783410138246, "num_nulls": 1, "num_tgt_sents": 4330}, "aristophanes_1_1830": {"tgt_lang": "fr", "transl_top1": 0.007373271889400922, "transl_top5": 0.027649769585253458, "transl_top10": 0.05622119815668203, "num_nulls": 0, "num_tgt_sents": 2544}, "Aristophanes_1_1855-1885": {"tgt_lang": "de", "transl_top1": 0.09032258064516129, "transl_top5": 0.1336405529953917, "transl_top10": 0.16497695852534563, "num_nulls": 2, "num_tgt_sents": 5841}, "num_translations": 7, "text_top1": 0.10743910467412772, "text_top5": 0.17656352863726135, "text_top10": 0.21816984858459512}