{"num_src_sents": 142, "plutarch_2_1908": {"tgt_lang": "en", "transl_top1": 0.5070422535211268, "transl_top5": 0.6619718309859155, "transl_top10": 0.6971830985915493, "num_nulls": 0, "num_tgt_sents": 5773}, "plutarch_1_1906": {"tgt_lang": "en", "transl_top1": 0.028169014084507043, "transl_top5": 0.04929577464788732, "transl_top10": 0.07746478873239436, "num_nulls": 0, "num_tgt_sents": 6800}, "num_translations": 2, "text_top1": 0.2676056338028169, "text_top5": 0.35563380281690143, "text_top10": 0.3873239436619718}