{"num_src_sents": 282, "philo_4_1855": {"tgt_lang": "en", "transl_top1": 0.014184397163120567, "transl_top5": 0.0425531914893617, "transl_top10": 0.07801418439716312, "num_nulls": 0, "num_tgt_sents": 7517}, "philo_2_1854": {"tgt_lang": "en", "transl_top1": 0.0070921985815602835, "transl_top5": 0.031914893617021274, "transl_top10": 0.06382978723404255, "num_nulls": 0, "num_tgt_sents": 7912}, "philo_1_1854": {"tgt_lang": "en", "transl_top1": 0.3262411347517731, "transl_top5": 0.48226950354609927, "transl_top10": 0.549645390070922, "num_nulls": 0, "num_tgt_sents": 8507}, "num_translations": 3, "text_top1": 0.11583924349881797, "text_top5": 0.18557919621749408, "text_top10": 0.23049645390070922}