{"num_src_sents": 118, "lysias_1856": {"tgt_lang": "de", "transl_top1": 0.559322033898305, "transl_top5": 0.6949152542372882, "transl_top10": 0.7457627118644068, "num_nulls": 0, "num_tgt_sents": 5319}, "num_translations": 1, "text_top1": 0.559322033898305, "text_top5": 0.6949152542372882, "text_top10": 0.7457627118644068}