{"num_src_sents": 41, "plutarch_4_1844": {"tgt_lang": "fr", "transl_top1": 0.21951219512195122, "transl_top5": 0.43902439024390244, "transl_top10": 0.5121951219512195, "num_nulls": 0, "num_tgt_sents": 6665, "retrieval_preds": [[1152, 0, 6280, 1346, 483, 210, 1070, 69], [893, 5597, 4034, 5112, 2974, 4157, 670, 289], [4490, 6103, 90, 5234, 475, 2783, 493, 6587], [2, 2392, 2732, 2677, 2727, 2351, 332, 367], [6250, 6584, 3670, 3797, 4049, 2333, 3824, 1286], [6432, 6584, 6550, 6480, 6566, 1152, 6330, 241], [10, 6181, 6397, 1071, 9, 90, 4927, 76], [11, 2308, 2612, 2585, 2638, 5016, 5489, 2742], [374, 4437, 261, 1241, 12, 919, 2164, 407], [15, 6550, 2204, 933, 5650, 241, 593, 6558], [16, 4615, 6584, 6302, 4672, 4544, 6432, 6330], [19, 2677, 2, 677, 191, 420, 695, 6219], [751, 2182, 21, 2698, 2111, 1867, 1814, 1770], [6587, 22, 2746, 101, 5950, 4736, 4313, 4520], [23, 2483, 24, 312, 2196, 2392, 802, 6301], [6366, 2917, 3016, 2860, 4188, 1763, 2375, 2344], [28, 4160, 38, 2910, 5211, 4785, 5851, 4724], [1152, 5479, 16, 6337, 5211, 2998, 29, 4659], [1021, 6019, 540, 1222, 1199, 6069, 1152, 857], [2595, 2351, 1008, 3103, 6432, 4980, 3152, 2893], [2636, 856, 2382, 2637, 2601, 2386, 2665, 2350], [37, 4720, 6302, 241, 6362, 5256, 6543, 4502], [40, 72, 5217, 4133, 835, 149, 3924, 150], [1010, 977, 4927, 483, 4969, 607, 4928, 4763], [3008, 44, 6391, 3128, 4152, 1025, 41, 3032], [1152, 933, 466, 483, 419, 1070, 1151, 6550], [6302, 2306, 51, 6037, 1107, 131, 5479, 5250], [507, 1021, 2225, 483, 316, 210, 6564, 6181], [4845, 2, 952, 4571, 23, 5489, 4720, 2308], [57, 1646, 1008, 122, 4039, 1465, 6006, 6578], [6188, 5931, 4008, 666, 1350, 1376, 1392, 5929], [59, 1152, 120, 6116, 6250, 2677, 2309, 5373], [63, 1403, 955, 164, 6019, 327, 2306, 6050], [1070, 1468, 825, 2306, 6050, 312, 65, 2195], [483, 6345, 575, 578, 5214, 943, 517, 974], [69, 466, 933, 974, 4316, 483, 2732, 63], [5288, 4552, 4606, 2994, 2937, 912, 6241, 1008], [2620, 1017, 693, 2732, 1468, 2612, 2392, 74], [77, 75, 4049, 888, 4712, 3975, 597, 2430], [1178, 623, 1439, 1472, 5357, 488, 79, 1046], [1017, 339, 196, 2196, 2732, 2620, 2410, 2204]]}, "plutarch_5_1844": {"tgt_lang": "fr", "transl_top1": 0.04878048780487805, "transl_top5": 0.14634146341463414, "transl_top10": 0.24390243902439024, "num_nulls": 0, "num_tgt_sents": 5916, "retrieval_preds": [[1295, 1256, 2380, 2239, 865, 2351, 2400, 1327], [5771, 3103, 2449, 2428, 619, 5778, 3148, 2117], [3096, 2559, 1427, 1489, 952, 2949, 1486, 3693], [4202, 1263, 5311, 5345, 2412, 2271, 4307, 3161], [1143, 2054, 3643, 3162, 468, 3864, 1256, 3623], [2768, 314, 2820, 515, 3869, 1344, 4473, 1302], [2768, 4135, 1404, 3870, 4339, 5082, 635, 1295], [1739, 2800, 1417, 4828, 3266, 1744, 415, 2176], [2277, 1233, 4998, 4925, 2381, 2849, 4045, 975], [3623, 2019, 3864, 3074, 3870, 4109, 3213, 2351], [51, 2768, 30, 12, 2066, 5741, 2146, 2054], [2189, 2089, 2176, 3554, 3132, 491, 2315, 2081], [3883, 3049, 5513, 4767, 3038, 3695, 4554, 3928], [2615, 5772, 1048, 1427, 5610, 1559, 5258, 321], [4698, 1205, 2231, 3879, 2312, 2789, 1366, 2703], [4288, 3662, 2252, 4105, 965, 5059, 3411, 1020], [5721, 3411, 1391, 21, 5784, 1512, 1536, 1862], [5792, 60, 1292, 1599, 360, 2695, 4161, 2820], [2162, 5792, 4164, 393, 2400, 2365, 360, 3015], [489, 1165, 34, 4926, 2747, 5792, 25, 4266], [2231, 3266, 3213, 1661, 3879, 3221, 276, 2636], [1381, 2136, 1256, 27, 2066, 2519, 1144, 3328], [1510, 3341, 605, 1498, 320, 1491, 2695, 2195], [2972, 1292, 785, 1269, 1302, 5739, 1138, 2800], [1688, 2428, 2402, 50, 1830, 2448, 2689, 3859], [1302, 1269, 3870, 2768, 1289, 1692, 3852, 2066], [1030, 2162, 1692, 2146, 5792, 637, 2449, 1480], [1295, 1292, 5792, 5271, 1302, 550, 2667, 2162], [2312, 2519, 797, 1375, 1739, 2066, 2768, 314], [1689, 2498, 5444, 4785, 2608, 197, 3739, 1165], [1855, 5388, 2953, 5288, 3021, 1312, 2941, 5147], [4288, 5158, 3162, 2231, 4309, 3623, 3852, 1323], [2066, 3643, 2139, 3907, 1165, 776, 1485, 1269], [2231, 2344, 3213, 2544, 524, 1302, 1885, 986], [527, 1292, 2972, 499, 2667, 2977, 1293, 730], [527, 3829, 4350, 1704, 781, 470, 3870, 3869], [687, 5154, 2833, 854, 2863, 2243, 2087, 1475], [2312, 2351, 527, 2231, 3213, 2219, 5731, 2544], [2533, 2833, 1739, 5210, 2096, 5067, 5179, 1131], [946, 626, 741, 2761, 3233, 5029, 3754, 854], [1302, 2984, 31, 2231, 4109, 3213, 2336, 4105]]}, "num_translations": 2, "text_top1": 0.13414634146341464, "text_top5": 0.2926829268292683, "text_top10": 0.3780487804878049}