{"num_src_sents": 403, "aeschylus_1888": {"tgt_lang": "en", "transl_top1": 0.27543424317617865, "transl_top5": 0.4913151364764268, "transl_top10": 0.575682382133995, "num_nulls": 0, "num_tgt_sents": 5644}, "aeschylus_1886": {"tgt_lang": "en", "transl_top1": 0.1588089330024814, "transl_top5": 0.3002481389578164, "transl_top10": 0.38213399503722084, "num_nulls": 0, "num_tgt_sents": 6446}, "aeschylus_1872": {"tgt_lang": "fr", "transl_top1": 0.062034739454094295, "transl_top5": 0.13647642679900746, "transl_top10": 0.19106699751861042, "num_nulls": 0, "num_tgt_sents": 3725}, "aeschylus_1868": {"tgt_lang": "de", "transl_top1": 0.017369727047146403, "transl_top5": 0.06699751861042183, "transl_top10": 0.0967741935483871, "num_nulls": 0, "num_tgt_sents": 5499}, "Aeschylus_1901": {"tgt_lang": "de", "transl_top1": 0.03225806451612903, "transl_top5": 0.10173697270471464, "transl_top10": 0.14392059553349876, "num_nulls": 0, "num_tgt_sents": 3392}, "aeschylus_1863": {"tgt_lang": "fr", "transl_top1": 0.04218362282878412, "transl_top5": 0.11166253101736973, "transl_top10": 0.1588089330024814, "num_nulls": 0, "num_tgt_sents": 3471}, "aeschylus_1909": {"tgt_lang": "en", "transl_top1": 0.2679900744416873, "transl_top5": 0.4466501240694789, "transl_top10": 0.5533498759305211, "num_nulls": 0, "num_tgt_sents": 5369}, "num_translations": 7, "text_top1": 0.12229705778092873, "text_top5": 0.23644097837646225, "text_top10": 0.3002481389578164}