{"num_src_sents": 29, "corneliusNepos_1856": {"tgt_lang": "de", "transl_top1": 0.5517241379310345, "transl_top5": 0.7931034482758621, "transl_top10": 0.9310344827586207, "num_nulls": 0, "num_tgt_sents": 2320, "retrieval_preds": [[1765, 1802, 1774, 1812, 1797, 1826, 1884, 1990], [1766, 633, 268, 1153, 932, 1808, 1395, 1008], [1767, 127, 1771, 645, 1283, 983, 259, 1244], [1777, 235, 1453, 1768, 988, 246, 1027, 379], [1768, 1786, 1031, 1039, 1398, 540, 2130, 549], [1770, 1769, 520, 161, 1771, 1283, 1864, 1145], [1771, 49, 531, 1767, 1693, 1283, 1769, 1770], [1772, 633, 609, 1134, 664, 1808, 1399, 879], [1768, 1357, 434, 2085, 356, 508, 537, 340], [1781, 610, 782, 422, 1688, 817, 2054, 1096], [1782, 1326, 64, 1893, 265, 164, 132, 1132], [1783, 156, 397, 1827, 2017, 227, 16, 1951], [1784, 1878, 1688, 941, 1406, 1788, 1418, 1326], [1785, 582, 257, 25, 949, 1484, 1656, 1818], [603, 1533, 648, 1618, 26, 1211, 1185, 1840], [1786, 1393, 1327, 1586, 458, 898, 103, 1495], [1787, 1151, 1421, 395, 1693, 870, 1395, 163], [1788, 1784, 704, 2215, 143, 1287, 382, 1066], [1789, 983, 515, 999, 1826, 1326, 1147, 1670], [1791, 1802, 1811, 1895, 1765, 1810, 1812, 1800], [1792, 1067, 1796, 1793, 1215, 2081, 1963, 1802], [1795, 1798, 1824, 1792, 555, 1373, 807, 619], [1796, 1756, 185, 825, 1737, 511, 678, 1677], [1797, 1802, 1094, 1825, 1811, 1765, 1791, 1884], [1799, 1774, 1812, 1898, 1616, 1765, 1833, 1781], [1799, 1788, 1733, 395, 397, 143, 1784, 382], [1800, 1862, 1915, 1791, 1863, 63, 2233, 1895], [1801, 225, 1822, 503, 1917, 1640, 1779, 1744], [1802, 1810, 1923, 1901, 1945, 1796, 1791, 1918]]}, "justin_cNepos_eutropius_1902": {"tgt_lang": "en", "transl_top1": 0.27586206896551724, "transl_top5": 0.3448275862068966, "transl_top10": 0.41379310344827586, "num_nulls": 0, "num_tgt_sents": 9841, "retrieval_preds": [[6263, 4646, 6308, 3474, 7151, 9074, 2745, 8190], [6264, 2752, 6272, 1787, 3660, 5645, 5134, 3667], [6265, 3094, 3657, 3602, 3103, 2802, 739, 7306], [9034, 2968, 2929, 3048, 3051, 3275, 2742, 7158], [6372, 3819, 7126, 3589, 7152, 7243, 3746, 3521], [6267, 1308, 8472, 4126, 3491, 958, 2978, 2089], [6268, 3101, 6266, 2972, 6265, 3030, 3458, 3491], [1076, 4121, 2565, 3385, 2974, 2138, 3684, 2092], [6270, 5494, 7424, 4110, 5535, 5393, 7277, 7691], [6271, 2622, 7131, 7690, 3020, 5593, 3667, 1723], [6272, 3667, 2989, 1727, 960, 7059, 3433, 3636], [6273, 7068, 7480, 7170, 6956, 7350, 3066, 4305], [6274, 7251, 7072, 2927, 7101, 7065, 4110, 7158], [6275, 7329, 7111, 3094, 3514, 3833, 7196, 7179], [7212, 9735, 63, 5626, 7027, 7946, 4023, 6857], [885, 6276, 6271, 7208, 2292, 6988, 670, 1177], [6276, 5643, 6956, 4266, 4512, 4369, 7619, 1007], [6277, 6290, 7328, 7061, 6274, 647, 2366, 7255], [6278, 7074, 2732, 3921, 8412, 4112, 5758, 6290], [6280, 6334, 7249, 7207, 4069, 6321, 7257, 6388], [6281, 4646, 2741, 9077, 2721, 9092, 7188, 3171], [6283, 7375, 6332, 4645, 2741, 7199, 7202, 2721], [6284, 4224, 3164, 6257, 1558, 4137, 3085, 774], [6285, 6333, 3559, 6321, 3638, 885, 4644, 4108], [6289, 6271, 2745, 4646, 7249, 1987, 2731, 4644], [6290, 7219, 2366, 3014, 3793, 4166, 7670, 3702], [6291, 4647, 7406, 8375, 6992, 7257, 7530, 7606], [6292, 7179, 7783, 4589, 5915, 3558, 7471, 4054], [6293, 6395, 7316, 6294, 4646, 3611, 3632, 3792]]}, "num_translations": 2, "text_top1": 0.41379310344827586, "text_top5": 0.5689655172413793, "text_top10": 0.6724137931034483}