{"num_src_sents": 608, "euripides_1852_3": {"tgt_lang": "de", "transl_top1": 0.12006578947368421, "transl_top5": 0.2138157894736842, "transl_top10": 0.2631578947368421, "num_nulls": 0, "num_tgt_sents": 4706}, "euripides_2_1884": {"tgt_lang": "fr", "transl_top1": 0.21052631578947367, "transl_top5": 0.3651315789473684, "transl_top10": 0.43585526315789475, "num_nulls": 0, "num_tgt_sents": 6695}, "euripides_1_1884": {"tgt_lang": "fr", "transl_top1": 0.009868421052631578, "transl_top5": 0.03453947368421053, "transl_top10": 0.06907894736842106, "num_nulls": 0, "num_tgt_sents": 6832}, "num_translations": 3, "text_top1": 0.11348684210526315, "text_top5": 0.2044956140350877, "text_top10": 0.25603070175438597}