{"num_src_sents": 177, "appian_1830_5": {"tgt_lang": "de", "transl_top1": 0.05084745762711865, "transl_top5": 0.10734463276836158, "transl_top10": 0.14689265536723164, "num_nulls": 0, "num_tgt_sents": 7584}, "appian_1832_10": {"tgt_lang": "de", "transl_top1": 0.02824858757062147, "transl_top5": 0.096045197740113, "transl_top10": 0.15254237288135594, "num_nulls": 0, "num_tgt_sents": 12614}, "Appianus_1828": {"tgt_lang": "de", "transl_top1": 0.3107344632768362, "transl_top5": 0.423728813559322, "transl_top10": 0.4915254237288136, "num_nulls": 1, "num_tgt_sents": 6120}, "num_translations": 3, "text_top1": 0.12994350282485878, "text_top5": 0.2090395480225989, "text_top10": 0.2636534839924671}