{"num_src_sents": 1799, "aristotle_1_1908": {"tgt_lang": "en", "transl_top1": 0.0033351862145636463, "transl_top5": 0.011117287381878822, "transl_top10": 0.022234574763757644, "num_nulls": 0, "num_tgt_sents": 4899}, "aristotle_1855-1907_5": {"tgt_lang": "de", "transl_top1": 0.0027793218454697055, "transl_top5": 0.012784880489160644, "transl_top10": 0.022790439132851583, "num_nulls": 0, "num_tgt_sents": 6432}, "aristotle_2_1902": {"tgt_lang": "en", "transl_top1": 0.09949972206781545, "transl_top5": 0.2112284602556976, "transl_top10": 0.2712618121178432, "num_nulls": 0, "num_tgt_sents": 7716}, "num_translations": 3, "text_top1": 0.0352047433759496, "text_top5": 0.07837687604224569, "text_top10": 0.10542894200481749}