{"num_src_sents": 59, "demosthenes_aeschynes_1861": {"tgt_lang": "fr", "transl_top1": 0.01694915254237288, "transl_top5": 0.1016949152542373, "transl_top10": 0.13559322033898305, "num_nulls": 0, "num_tgt_sents": 36182}, "demosthenes_2_1861": {"tgt_lang": "fr", "transl_top1": 0.05084745762711865, "transl_top5": 0.13559322033898305, "transl_top10": 0.22033898305084745, "num_nulls": 0, "num_tgt_sents": 2969}, "demosthenes_1_1863": {"tgt_lang": "fr", "transl_top1": 0.01694915254237288, "transl_top5": 0.0847457627118644, "transl_top10": 0.15254237288135594, "num_nulls": 0, "num_tgt_sents": 3406}, "num_translations": 3, "text_top1": 0.02824858757062147, "text_top5": 0.10734463276836158, "text_top10": 0.1694915254237288}