{"num_src_sents": 375, "Epictetus_MarcusAurelius_Theophrastus_1855-1891": {"tgt_lang": "de", "transl_top1": 0.021333333333333333, "transl_top5": 0.06133333333333333, "transl_top10": 0.128, "num_nulls": 0, "num_tgt_sents": 5160, "retrieval_preds": [[624, 3786, 623, 1148, 1688, 3675, 2572, 3833], [625, 3985, 278, 1594, 2621, 619, 2371, 2517], [626, 4912, 4997, 2543, 2632, 5152, 628, 5003], [627, 1595, 4176, 728, 4058, 2368, 2059, 718], [3672, 4597, 3599, 3292, 4628, 3601, 628, 499], [961, 5, 4363, 1113, 78, 531, 5014, 3749], [820, 631, 3805, 2294, 900, 2007, 1869, 4362], [2238, 1100, 1606, 2165, 1574, 1511, 2468, 1150], [3034, 577, 2141, 632, 931, 4946, 2075, 1257], [1626, 1072, 529, 2368, 3098, 1260, 68, 2227], [531, 4781, 633, 3829, 3133, 4420, 722, 2783], [634, 483, 478, 467, 982, 152, 216, 1754], [192, 2438, 629, 4318, 1919, 1941, 3567, 377], [636, 370, 768, 595, 1680, 1132, 2408, 1368], [4856, 2045, 1700, 591, 646, 1274, 326, 198], [219, 2730, 221, 223, 2152, 4468, 3428, 2971], [724, 805, 638, 1659, 2090, 163, 1512, 1505], [639, 2096, 643, 4296, 449, 508, 2105, 1015], [1365, 642, 1330, 2437, 3081, 4500, 636, 589], [643, 639, 1970, 1616, 2665, 1138, 2757, 34], [428, 1526, 1907, 99, 550, 647, 282, 1997], [641, 1452, 2105, 1816, 1061, 261, 2022, 2607], [651, 709, 724, 418, 637, 897, 2612, 1508], [1227, 652, 374, 2663, 454, 2014, 267, 602], [653, 607, 634, 635, 2506, 279, 1754, 478], [817, 2391, 1882, 654, 713, 3999, 1900, 225], [1593, 796, 1082, 266, 2135, 1490, 1696, 449], [1519, 1606, 575, 2546, 468, 736, 1332, 558], [4462, 3583, 831, 4569, 4559, 4432, 3185, 1833], [656, 742, 4873, 768, 727, 2079, 4912, 731], [656, 4305, 2002, 432, 1291, 2094, 1705, 1462], [777, 659, 783, 2302, 705, 740, 414, 747], [4093, 2350, 3976, 1832, 777, 1759, 374, 1941], [219, 2730, 221, 223, 2152, 4468, 3428, 2971], [747, 660, 781, 704, 811, 744, 820, 775], [4605, 3185, 3583, 323, 3559, 543, 4462, 364], [1882, 662, 1303, 198, 711, 2194, 560, 697], [2730, 2971, 4468, 2152, 3428, 219, 221, 223], [643, 1881, 4275, 4319, 272, 1616, 874, 2377], [2045, 2407, 326, 4856, 1753, 1882, 751, 2468], [1309, 4162, 2108, 2635, 2606, 1793, 4754, 4336], [1303, 326, 198, 711, 646, 590, 1882, 645], [669, 4382, 3825, 2627, 1504, 1645, 761, 444], [2045, 1700, 4856, 1405, 591, 198, 3011, 646], [204, 1656, 2635, 1684, 361, 4523, 2647, 794], [665, 2626, 2205, 1759, 4093, 1012, 1929, 2350], [665, 666, 670, 1650, 1044, 1286, 1212, 1767], [764, 775, 667, 1317, 2399, 674, 1534, 736], [4605, 3185, 3583, 323, 3559, 543, 4462, 364], [262, 937, 1843, 743, 2129, 1855, 259, 601], [670, 692, 1286, 759, 738, 4665, 651, 1773], [1832, 2349, 2137, 1880, 1690, 1941, 2499, 1884], [1804, 394, 651, 3944, 670, 2201, 677, 1286], [345, 2362, 484, 776, 1731, 1367, 386, 4950], [671, 963, 579, 638, 4946, 1505, 333, 2512], [672, 723, 1191, 781, 777, 2304, 747, 1291], [668, 2034, 219, 217, 2681, 757, 1847, 3122], [674, 2504, 1201, 992, 1948, 2297, 2532, 1150], [676, 2517, 2695, 1421, 2311, 947, 619, 278], [326, 4856, 2407, 2045, 1303, 198, 1568, 1882], [1286, 4472, 2478, 2451, 2620, 724, 1971, 2372], [3081, 2387, 4500, 4662, 679, 684, 642, 4504], [2045, 4856, 1700, 1274, 2468, 326, 198, 1884], [219, 2730, 221, 223, 2152, 4468, 3428, 2971], [5078, 4787, 736, 498, 4673, 4791, 54, 626], [310, 2045, 4856, 4274, 326, 2407, 4567, 1886], [610, 2575, 836, 2444, 4878, 747, 3248, 2015], [681, 186, 371, 3989, 2182, 495, 2258, 1883], [682, 1892, 1441, 2488, 2137, 1150, 1705, 1672], [734, 1741, 682, 1650, 2411, 2128, 4219, 1042], [682, 2405, 1882, 1834, 1171, 340, 1979, 2540], [686, 692, 683, 3872, 552, 1505, 1069, 480], [685, 297, 4056, 788, 1589, 2002, 3844, 965], [684, 2151, 4190, 849, 1424, 939, 790, 850], [686, 1979, 340, 682, 1705, 485, 4006, 2317], [1970, 1172, 686, 1881, 643, 1678, 1449, 4036], [2045, 326, 198, 4856, 1884, 1568, 1303, 1700], [687, 855, 1843, 2129, 278, 2097, 1647, 989], [1568, 1882, 2037, 1184, 307, 1880, 2165, 324], [2505, 1293, 1944, 2135, 262, 692, 531, 811], [357, 346, 184, 204, 384, 1940, 2953, 2653], [775, 689, 704, 1732, 712, 4663, 1733, 744], [1050, 1487, 2032, 3286, 3066, 2560, 2660, 3583], [1843, 1581, 1288, 2518, 769, 1879, 663, 1942], [1690, 1568, 1707, 2045, 326, 2345, 823, 2407], [1117, 740, 692, 3895, 3875, 2044, 4697, 4251], [2045, 1700, 4856, 1405, 591, 198, 3011, 646], [989, 1288, 692, 778, 805, 791, 2090, 2491], [670, 725, 982, 1638, 449, 1740, 1015, 4026], [1773, 698, 1979, 4845, 3912, 1489, 2258, 4160], [724, 777, 396, 805, 1552, 1023, 418, 2478], [4283, 2536, 722, 650, 4205, 1386, 4275, 677], [1983, 2045, 4856, 662, 774, 2137, 2468, 1303], [704, 1414, 992, 1941, 1624, 729, 2190, 674], [1050, 1487, 2032, 3286, 3066, 2560, 2660, 3583], [1980, 1941, 674, 1856, 1421, 764, 2205, 1403], [1050, 1487, 2032, 3286, 3066, 2560, 2660, 3583], [705, 1246, 4940, 1581, 4429, 278, 716, 4123], [705, 2240, 340, 791, 704, 855, 674, 329], [5110, 129, 4555, 768, 3621, 731, 4802, 77], [706, 1288, 1538, 709, 1202, 2282, 2372, 777], [1930, 1511, 1981, 736, 3953, 1606, 1979, 5044], [739, 709, 1218, 822, 2083, 5090, 977, 3965], [2045, 326, 591, 198, 751, 4856, 2143, 1700], [709, 651, 802, 747, 2282, 619, 80, 1108], [185, 710, 681, 4771, 358, 536, 274, 1044], [711, 1983, 662, 2137, 774, 1303, 1311, 646], [219, 2730, 221, 223, 2152, 4468, 3428, 2971], [1112, 2143, 2326, 3979, 1221, 1401, 1690, 1788], [2032, 1175, 1491, 1888, 1673, 3185, 2208, 1675], [728, 791, 704, 1857, 1624, 2170, 674, 1621], [1050, 1487, 2032, 3286, 3066, 2560, 2660, 3583], [619, 845, 1042, 531, 20, 2517, 3344, 399], [714, 802, 822, 825, 297, 3104, 2614, 2531], [714, 726, 825, 1761, 1207, 568, 1852, 2579], [306, 1570, 2508, 1296, 256, 603, 713, 786], [764, 682, 1363, 1941, 5055, 715, 1021, 2309], [714, 825, 802, 1506, 822, 739, 3097, 806], [1884, 4274, 1303, 645, 1568, 2045, 823, 4856], [717, 1688, 1251, 3189, 3575, 1942, 769, 385], [819, 718, 1834, 1979, 682, 2414, 4617, 1069], [346, 2653, 668, 2003, 731, 1581, 357, 716], [1832, 1880, 2349, 2319, 2318, 2137, 1671, 2626], [728, 5154, 3848, 2201, 990, 4483, 949, 2228], [1917, 1880, 2349, 1568, 1303, 1700, 2165, 1274], [2730, 2971, 4468, 2152, 3428, 219, 221, 223], [1512, 1869, 781, 940, 1659, 2329, 3714, 1775], [724, 1843, 100, 1552, 1659, 3108, 282, 2372], [714, 819, 825, 725, 822, 2022, 2093, 802], [2730, 2971, 4468, 2152, 3428, 219, 221, 223], [742, 727, 1880, 1409, 4006, 1051, 1941, 2517], [4605, 3185, 3583, 323, 3559, 543, 4462, 364], [704, 729, 340, 4006, 820, 775, 1471, 992], [2032, 2034, 1050, 719, 2928, 2003, 5045, 2681], [2530, 1470, 2116, 730, 4789, 495, 729, 2175], [330, 4605, 1345, 3185, 3583, 3559, 668, 4462], [726, 714, 825, 2079, 1989, 758, 802, 747], [2032, 179, 4992, 1256, 2366, 4500, 1365, 63], [730, 775, 791, 674, 495, 1556, 2636, 1332], [3185, 2681, 219, 668, 3572, 5045, 3417, 3492], [730, 674, 775, 1201, 679, 2317, 745, 1979], [560, 1882, 2165, 1718, 1941, 1511, 198, 1303], [499, 768, 77, 129, 2079, 663, 4319, 4939], [4529, 1707, 823, 2037, 2597, 1568, 1882, 1007], [805, 1831, 740, 1341, 2452, 4001, 734, 1261], [736, 1606, 2203, 1979, 1981, 1882, 1929, 4103], [779, 1223, 3716, 737, 850, 1006, 1165, 2026], [718, 692, 738, 734, 4275, 4249, 3913, 3964], [739, 881, 724, 740, 1609, 723, 1268, 709], [4428, 721, 2673, 3706, 3588, 5044, 5116, 4630], [791, 1195, 777, 704, 1225, 418, 781, 674], [1050, 1487, 2032, 3286, 3066, 2560, 2660, 3583], [704, 712, 1478, 1035, 1238, 775, 741, 764], [357, 346, 184, 4523, 204, 1940, 384, 1050], [742, 1882, 662, 1303, 768, 711, 2407, 2349], [718, 2071, 1506, 1942, 956, 1804, 3814, 3813], [3363, 601, 742, 654, 296, 727, 1367, 744], [775, 791, 744, 704, 781, 729, 740, 747], [745, 3727, 4651, 2133, 1178, 619, 594, 713], [1223, 2319, 2263, 2336, 1671, 2819, 3957, 4219], [357, 4523, 346, 204, 2653, 184, 1560, 5065], [2079, 802, 100, 619, 2422, 2593, 722, 849], [2597, 4529, 674, 736, 2190, 326, 2037, 294], [747, 729, 2511, 4321, 656, 740, 1609, 3580], [326, 823, 2238, 1690, 1303, 4274, 1882, 1884], [167, 98, 761, 3714, 168, 2518, 1626, 908], [1884, 326, 