{"num_src_sents": 332, "plutarch_4_1908": {"tgt_lang": "en", "transl_top1": 0.02108433734939759, "transl_top5": 0.05120481927710843, "transl_top10": 0.09337349397590361, "num_nulls": 0, "num_tgt_sents": 13066}, "plutarch_nd": {"tgt_lang": "de", "transl_top1": 0.25903614457831325, "transl_top5": 0.35843373493975905, "transl_top10": 0.4427710843373494, "num_nulls": 0, "num_tgt_sents": 10643}, "plutarch_3_1908": {"tgt_lang": "en", "transl_top1": 0.3885542168674699, "transl_top5": 0.5421686746987951, "transl_top10": 0.6054216867469879, "num_nulls": 3, "num_tgt_sents": 6633}, "num_translations": 3, "text_top1": 0.22289156626506024, "text_top5": 0.3172690763052209, "text_top10": 0.3805220883534136}