{"num_src_sents": 28, "plutarch_3_1908": {"tgt_lang": "en", "transl_top1": 0.03571428571428571, "transl_top5": 0.07142857142857142, "transl_top10": 0.14285714285714285, "num_nulls": 0, "num_tgt_sents": 6633}, "plutarch_4_1908": {"tgt_lang": "en", "transl_top1": 0.14285714285714285, "transl_top5": 0.32142857142857145, "transl_top10": 0.42857142857142855, "num_nulls": 0, "num_tgt_sents": 13066}, "num_translations": 2, "text_top1": 0.08928571428571427, "text_top5": 0.19642857142857145, "text_top10": 0.2857142857142857}