{"num_src_sents": 181, "demosthenes_1902": {"tgt_lang": "en", "transl_top1": 0.36464088397790057, "transl_top5": 0.5027624309392266, "transl_top10": 0.56353591160221, "num_nulls": 0, "num_tgt_sents": 6778}, "demosthenes_aeschynes_1861": {"tgt_lang": "fr", "transl_top1": 0.011049723756906077, "transl_top5": 0.027624309392265192, "transl_top10": 0.049723756906077346, "num_nulls": 0, "num_tgt_sents": 36182}, "num_translations": 2, "text_top1": 0.18784530386740333, "text_top5": 0.2651933701657459, "text_top10": 0.30662983425414364}