{"num_src_sents": 392, "apuleius_1878": {"tgt_lang": "en", "transl_top1": 0.7576530612244898, "transl_top5": 0.9897959183673469, "transl_top10": 1.0433673469387754, "num_nulls": 0, "num_tgt_sents": 8847}, "num_translations": 1, "text_top1": 0.7576530612244898, "text_top5": 0.9897959183673469, "text_top10": 1.0433673469387754}