{"num_src_sents": 33, "justin_cNepos_eutropius_1902": {"tgt_lang": "en", "transl_top1": 0.21212121212121213, "transl_top5": 0.36363636363636365, "transl_top10": 0.48484848484848486, "num_nulls": 0, "num_tgt_sents": 9841}, "corneliusNepos_1856": {"tgt_lang": "de", "transl_top1": 0.42424242424242425, "transl_top5": 0.5454545454545454, "transl_top10": 0.6666666666666666, "num_nulls": 0, "num_tgt_sents": 2320}, "num_translations": 2, "text_top1": 0.3181818181818182, "text_top5": 0.45454545454545453, "text_top10": 0.5757575757575757}