{"num_src_sents": 276, "seneca_1877": {"tgt_lang": "fr", "transl_top1": 0.427536231884058, "transl_top5": 0.5507246376811594, "transl_top10": 0.5797101449275363, "num_nulls": 8, "num_tgt_sents": 29079, "retrieval_preds": [[12921, 12938, 14824, 21940, 27661, 15475, 21991, 27791], [12922, 1060, 8055, 9452, 14431, 25927, 4179, 18485], [13610, 7880, 18399, 25438, 79, 25503, 6827, 21607], [12923, 9212, 28509, 1197, 9129, 12453, 9072, 6751], [1894, 7123, 2609, 21419, 20509, 22352, 26166, 8405], [12925, 19093, 25871, 12265, 8114, 26846, 6510, 26857], [12927, 9072, 13026, 20081, 22255, 8982, 5727, 17307], [12928, 918, 19440, 10782, 17288, 25117, 19418, 2609], [12929, 2630, 19234, 9148, 26900, 16163, 13777, 25221], [12930, 19, 26109, 18730, 9862, 13169, 13021, 26126], [12931, 27298, 25300, 4318, 15085, 4317, 21484, 5109], [12932, 11431, 28596, 2599, 3928, 13143, 4225, 11791], [12933, 24682, 7720, 19358, 18293, 7441, 12263, 27514], [12934, 1241, 20057, 4888, 10088, 1117, 6480, 16986], [12935, 23241, 4523, 5533, 21838, 7341, 844, 22172], [17937, 19745, 19517, 28676, 12277, 28233, 22173, 12597], [28981, 15389, 3923, 26538, 10029, 2989, 10847, 16822], [376, 12543, 6192, 21606, 23511, 27514, 12263, 9840], [12938, 26104, 12962, 26577, 6169, 17659, 12921, 24660], [12940, 12941, 12939, 24621, 9413, 28085, 24612, 10730], [3445, 16273, 4867, 11590, 6233, 7720, 9277, 5357], [12943, 6100, 9483, 14954, 13422, 10407, 4518, 18598], [4248, 17664, 10552, 17357, 6706, 13820, 17055, 17021], [12946, 12969, 19, 13139, 19447, 6239, 7142, 13021], [12947, 2831, 23297, 9206, 24370, 9245, 7380, 18354], [12948, 13173, 12884, 3983, 11132, 4328, 18146, 11323], [29068, 10436, 2099, 12949, 19440, 11629, 2977, 20630], [12950, 25264, 25258, 18175, 10509, 4173, 10685, 25255], [28414, 17829, 26522, 9882, 19921, 21599, 23280, 27449], [12952, 10302, 16918, 11373, 25940, 24485, 23371, 21907], [10224, 3493, 9294, 22207, 21408, 11939, 9612, 26692], [12955, 12954, 11155, 19934, 3935, 19616, 3081, 23081], [25875, 11635, 20337, 9209, 4234, 5501, 9381, 17546], [14294, 15108, 20472, 16001, 16398, 867, 3298, 2405], [12959, 12958, 2527, 8641, 8309, 4937, 18868, 20889], [12960, 10064, 5487, 18895, 12819, 18444, 26785, 22275], [12961, 14394, 16099, 14500, 13121, 4901, 17114, 24370], [12962, 4915, 28476, 18174, 23805, 6026, 10681, 21681], [12963, 12156, 26500, 27098, 19720, 12658, 11373, 8743], [12965, 1603, 9538, 19677, 4349, 8539, 25916, 12188], [12966, 11937, 2881, 9117, 514, 1172, 14638, 4004], [3002, 27081, 26839, 18622, 26519, 10008, 5229, 6808], [6242, 8945, 99, 9846, 10327, 6219, 1798, 1305], [6233, 19204, 2959, 1297, 16560, 20987, 3202, 16384], [13941, 4043, 13946, 9561, 8958, 17473, 15049, 5099], [23319, 12481, 5160, 10353, 5303, 8497, 27890, 22292], [914, 10956, 4514, 27717, 1043, 1134, 10832, 10932], [26806, 6239, 20919, 13101, 3928, 19115, 11431, 13336], [12289, 18193, 8619, 27060, 27241, 12850, 5874, 10388], [27717, 23999, 2413, 10514, 28328, 27465, 19477, 9401], [2816, 9660, 708, 26347, 22047, 26219, 7044, 11997], [12623, 12206, 20668, 19656, 27098, 21216, 21253, 24863], [22912, 23483, 11692, 1665, 15027, 60, 2150, 28340], [17141, 4270, 16427, 25609, 14824, 13509, 16088, 15638], [13616, 13006, 4133, 12346, 4531, 27675, 11504, 17469], [12967, 15135, 1735, 1791, 15139, 1410, 17021, 1432], [12968, 3877, 28123, 8853, 5420, 11710, 13007, 23613], [19, 13169, 26089, 26109, 13129, 10309, 5169, 13021], [12653, 4235, 22981, 19002, 21147, 18021, 28704, 1910], [1712, 17955, 20750, 25685, 18538, 12971, 4539, 5796], [12972, 18323, 3340, 28695, 15109, 19853, 26600, 17937], [650, 9004, 8973, 7780, 12393, 20730, 4444, 20728], [12975, 11191, 1181, 13047, 8145, 9554, 24434, 20301], [10117, 22367, 6252, 13818, 13739, 10116, 20362, 14412], [12977, 34, 22148, 14377, 26100, 13294, 7965, 24670], [12979, 19993, 8728, 5325, 7659, 3578, 4860, 17817], [12980, 3353, 22142, 12954, 5311, 2184, 6182, 9997], [13294, 17235, 14028, 16944, 12931, 13234, 14013, 25613], [7172, 18632, 18405, 28163, 4955, 28982, 17650, 6048], [11010, 28114, 12460, 21375, 7875, 28619, 11696, 27332], [19338, 21, 2262, 120, 24434, 3837, 19815, 19314], [13743, 28903, 103, 13076, 12887, 13657, 23, 8084], [22635, 24407, 7720, 2519, 18930, 12983, 28636, 20930], [12983, 101, 23689, 28838, 19338, 22268, 28533, 10853], [12985, 26635, 20889, 13093, 22265, 19233, 13323, 10798], [12986, 8961, 841, 10022, 11998, 2639, 27574, 24893], [12987, 3927, 1363, 19431, 9861, 3892, 11759, 1782], [12989, 12988, 27494, 26700, 8945, 25095, 4379, 1123], [11858, 17806, 21805, 10695, 5627, 7461, 13888, 9684], [12991, 9229, 13023, 28606, 10856, 27596, 28360, 1959], [10309, 16, 12994, 13199, 13141, 19336, 12995, 26126], [12996, 28278, 15, 12997, 6268, 2353, 13616, 649], [15, 12997, 12996, 15567, 16795, 7697, 19851, 4657], [12999, 59, 10668, 42, 13102, 16966, 3396, 25651], [13000, 2539, 28885, 8570, 15159, 10031, 8909, 13128], [7075, 4865, 24193, 27148, 21463, 10, 26511, 27402], [13001, 21547, 10731, 9990, 19157, 7863, 25276, 13007], [13002, 13003, 3828, 6799, 2975, 19, 20730, 13007], [13004, 20993, 15715, 19706, 11614, 12985, 28951, 15637], [13006, 25025, 2603, 21377, 5171, 14686, 2809, 7698], [13007, 13001, 13101, 26504, 13002, 21751, 21173, 20403], [13008, 24151, 18463, 15901, 162, 8970, 20403, 8602], [13009, 19, 26109, 13021, 13169, 10309, 13110, 12969], [13011, 1600, 28109, 1912, 21761, 3466, 9809, 27620], [6171, 5134, 24539, 10710, 20175, 2764, 8620, 3233], [7559, 3353, 7590, 19616, 27367, 1489, 9613, 22009], [13015, 13014, 10856, 3439, 13025, 11332, 6670, 16579], [28991, 13016, 12716, 2162, 3880, 18556, 3371, 14806], [18397, 3711, 27829, 13017, 9284, 18661, 20849, 28916], [13018, 27148, 10863, 29070, 28606, 10551, 23297, 17839], [16768, 24107, 19897, 14056, 13454, 11532, 16399, 3263], [102, 12489, 7200, 1202, 2117, 27158, 3882, 14225], [28631, 14333, 1541, 19929, 14195, 27309, 5332, 6559], [16910, 2053, 12656, 14052, 21665, 22973, 11900, 11415], [23755, 8441, 6060, 5636, 25694, 18473, 2797, 4666], [23722, 1961, 20708, 1785, 15299, 16161, 20433, 4039], [23976, 6559, 14559, 13355, 16748, 634, 6298, 20401], [903, 6027, 22572, 22213, 9496, 2925, 21460, 21045], [13021, 5564, 16, 19318, 19336, 23439, 3083, 11914], [10455, 28265, 983, 5000, 27033, 6164, 1472, 2761], [13023, 5126, 3439, 21780, 12261, 18418, 6192, 9840], [13025, 13026, 26619, 19973, 18798, 17638, 18864, 28409], [13027, 23643, 19154, 12938, 20846, 19945, 27587, 12952], [13028, 25612, 19412, 2417, 18607, 6556, 4567, 11152], [13030, 24181, 12767, 6869, 5660, 4668, 28092, 25113], [13031, 8516, 16257, 19780, 5602, 3544, 25045, 5716], [13032, 12537, 1182, 3190, 21781, 14168, 28120, 10152], [13033, 17783, 6768, 19502, 7926, 1518, 25525, 22957], [9124, 7994, 9351, 937, 16757, 5499, 10318, 10320], [27908, 10607, 28010, 17445, 27978, 21123, 2093, 21426], [13035, 6773, 18660, 6771, 16252, 24712, 10703, 18037], [13036, 15093, 7642, 14076, 9649, 24518, 16616, 14053], [13037, 16557, 2591, 13405, 15255, 8878, 7466, 4527], [13038, 23291, 507, 21707, 13469, 7771, 11762, 8825], [13039, 661, 8693, 26222, 4523, 7637, 22361, 12952], [13044, 3642, 3468, 13167, 3029, 3891, 3023, 27153], [13045, 26110, 11634, 11267, 10178, 4328, 9202, 1639], [13046, 22886, 10703, 20605, 23237, 16192, 2569, 8540], [13084, 9419, 16244, 10852, 4505, 2205, 17469, 10257], [13047, 16653, 17092, 28623, 24844, 17311, 14670, 22209], [22506, 4395, 13301, 26517, 13362, 13364, 715, 4745], [13049, 15266, 10257, 24060, 10935, 18698, 10100, 16518], [13051, 27874, 23126, 20135, 18820, 542, 16661, 25601], [8154, 18896, 27987, 5433, 28096, 17724, 20331, 13043], [13052, 27904, 21784, 10437, 27907, 22079, 243, 27392], [13053, 24594, 17318, 6796, 5478, 27253, 28355, 15919], [13054, 6400, 17411, 7373, 4174, 15344, 15561, 19848], [13051, 13055, 5367, 19553, 20152, 15700, 11150, 12935], [13058, 12532, 6996, 8857, 24215, 13375, 13059, 7033], [10958, 6943, 11955, 1499, 26566, 26572, 14845, 5514], [13059, 18608, 18666, 23532, 15380, 14448, 15598, 1796], [9054, 7753, 6227, 23213, 