{"num_src_sents": 90, "plutarch_2_1844": {"tgt_lang": "fr", "transl_top1": 0.24444444444444444, "transl_top5": 0.4777777777777778, "transl_top10": 0.5555555555555556, "num_nulls": 0, "num_tgt_sents": 7523, "retrieval_preds": [[1151, 2616, 2545, 3238, 2123, 1891, 2728, 3185], [2549, 4873, 2648, 2550, 1687, 913, 2785, 1984], [2550, 7053, 2549, 2399, 5287, 3288, 5963, 2710], [2552, 1690, 1968, 664, 1826, 1893, 7367, 3460], [2553, 2561, 5714, 1893, 2523, 2785, 2527, 3460], [6384, 1129, 4443, 3256, 4400, 6995, 6114, 2621], [1775, 2527, 5645, 2144, 6073, 2878, 3460, 2169], [2559, 3258, 2181, 2972, 849, 2616, 2169, 6429], [2561, 2399, 2553, 2550, 5871, 1044, 7053, 2469], [2562, 904, 3042, 2372, 932, 1060, 2337, 6353], [2565, 7382, 7452, 6875, 2577, 2569, 6391, 2719], [2567, 1672, 2368, 2724, 1939, 540, 5781, 1116], [7459, 6846, 6937, 6188, 2892, 5312, 3157, 6363], [2569, 1170, 1202, 1250, 1498, 2577, 973, 2326], [3476, 4866, 2550, 944, 7331, 1473, 2361, 3405], [2431, 2576, 2025, 1679, 945, 1687, 2521, 1854], [6755, 1940, 3400, 1189, 2578, 1531, 2576, 1556], [2530, 1881, 1142, 1928, 666, 1883, 3585, 1137], [2587, 2577, 2467, 2135, 1950, 1911, 6875, 6418], [2587, 2583, 1862, 1679, 2616, 2701, 1893, 3633], [2577, 2576, 2701, 1802, 5698, 1712, 2506, 808], [2592, 2565, 2593, 3418, 4761, 4505, 2561, 2455], [2321, 2078, 4862, 7067, 7148, 3294, 296, 3297], [2597, 3318, 3417, 3427, 1964, 2184, 1197, 1743], [2598, 4256, 2609, 2618, 3420, 3492, 3973, 2638], [2801, 2599, 2631, 3683, 4438, 648, 4055, 3693], [5468, 4752, 4757, 7013, 6757, 4501, 1672, 3574], [1679, 2550, 3288, 7053, 2549, 5701, 2085, 4633], [2548, 2610, 948, 3179, 1866, 2638, 4548, 6256], [3587, 1381, 3590, 681, 387, 1269, 7053, 2610], [1935, 4363, 2393, 2531, 2435, 2394, 5336, 625], [2892, 6188, 4677, 5574, 942, 5944, 7242, 4080], [2616, 2523, 1707, 665, 502, 1789, 2670, 4636], [3655, 7328, 7012, 1838, 3798, 2621, 3227, 5499], [7365, 4938, 3150, 7238, 671, 7012, 3488, 1968], [2892, 2145, 1669, 7290, 5574, 3155, 5718, 6937], [7009, 3687, 5022, 5569, 3833, 226, 7401, 4203], [147, 3282, 3398, 263, 5540, 3671, 1695, 5842], [4287, 495, 2828, 3655, 83, 2628, 2772, 3659], [2630, 2785, 3513, 6559, 3460, 3185, 2071, 3450], [2549, 2438, 913, 2002, 2469, 1724, 4029, 5962], [2633, 1371, 730, 1226, 7080, 4502, 6029, 3246], [3068, 3042, 7214, 6026, 2726, 6610, 2632, 149], [4246, 2005, 2636, 3358, 2223, 326, 4664, 3417], [2636, 2637, 2828, 537, 560, 3486, 6158, 3161], [2638, 2548, 2618, 6156, 2598, 2637, 6147, 2555], [2616, 4290, 2133, 1729, 3460, 3248, 4423, 2438], [2641, 340, 6707, 3427, 412, 2006, 4217, 3464], [3719, 3461, 2527, 5468, 3286, 3660, 4983, 3486], [5452, 6051, 2735, 4264, 6509, 4799, 6129, 4197], [2646, 74, 5727, 6485, 7277, 2645, 4918, 4859], [2485, 2647, 2549, 2002, 1775, 1006, 2703, 2372], [2649, 3460, 2002, 1984, 2469, 2550, 495, 3737], [2650, 6437, 362, 610, 3982, 666, 2851, 578], [6565, 6364, 2161, 6918, 1965, 1966, 374, 6540], [6540, 2499, 4070, 4456, 2815, 5259, 4706, 2344], [2002, 2550, 5714, 2438, 2656, 2549, 3660, 2081], [2659, 5371, 2713, 5963, 7053, 681, 2638, 3722], [2660, 2469, 5714, 2616, 2549, 2002, 3633, 2085], [3286, 2400, 665, 2111, 1359, 1746, 4599, 4617], [4805, 6662, 4489, 2223, 2658, 6540, 2667, 7312], [2616, 2670, 5701, 502, 7008, 3409, 1687, 665], [5423, 5748, 2674, 3587, 1047, 3693, 2400, 7412], [2002, 4241, 1888, 6429, 2616, 2679, 3216, 2549], [5962, 2326, 2682, 1006, 2683, 2648, 2719, 1203], [1303, 2685, 943, 2684, 1629, 2549, 1359, 1569], [2550, 2689, 2549, 945, 3591, 5962, 7053, 2326], [5714, 3843, 2002, 2694, 3460, 1768, 3249, 305], [2695, 2549, 2550, 3248, 179, 7053, 1707, 2018], [2699, 3235, 1137, 1202, 1349, 937, 2687, 3290], [2700, 2720, 1577, 5962, 2279, 2719, 1169, 617], [2701, 1370, 1361, 1170, 2719, 1234, 937, 1857], [2002, 2550, 2703, 2660, 3288, 2549, 5701, 2469], [3547, 1087, 7053, 1069, 7331, 6429, 304, 2605], [2709, 444, 3288, 1130, 6104, 2531, 2647, 2469], [2710, 3288, 2511, 5186, 1368, 2488, 2369, 707], [2711, 1165, 1137, 1023, 1587, 1941, 1130, 1822], [2713, 2002, 2724, 2712, 7331, 1707, 2616, 2085], [794, 2715, 2616, 3633, 305, 6612, 2021, 1889], [2329, 3221, 2717, 508, 5448, 2716, 4699, 4951], [2718, 6013, 7146, 7347, 7004, 6630, 6847, 2843], [1855, 3587, 2549, 2724, 3633, 1202, 2670, 1038], [2820, 2725, 3755, 149, 607, 3969, 4203, 417], [2727, 2377, 5671, 3860, 5269, 5376, 4239, 6927], [265, 258, 3294, 3129, 553, 6426, 21, 6032], [935, 926, 2686, 2962, 1533, 629, 3289, 202], [904, 930, 5356, 3289, 2067, 3129, 2372, 2710], [6053, 6519, 2730, 326, 1107, 1060, 7382, 1955], [3817, 1965, 728, 553, 5490, 775, 887, 5186], [3228, 2730, 4246, 4679, 1533, 4457, 5487, 3814]]}, "plutarch_1_1844": {"tgt_lang": "fr", "transl_top1": 0.044444444444444446, "transl_top5": 0.1, "transl_top10": 0.2111111111111111, "num_nulls": 0, "num_tgt_sents": 8121,