{"num_src_sents": 32, "lysias_1856": {"tgt_lang": "de", "transl_top1": 0.0625, "transl_top5": 0.15625, "transl_top10": 0.21875, "num_nulls": 0, "num_tgt_sents": 5319, "retrieval_preds": [[4189, 796, 2165, 3991, 3351, 2965, 3964, 3858], [2896, 1592, 4272, 525, 4591, 2888, 4327, 629], [1808, 2687, 2177, 2945, 4481, 2120, 3937, 2063], [2185, 3937, 2063, 2885, 4739, 3816, 4589, 2053], [1240, 2120, 2910, 1808, 4327, 710, 2951, 4285], [1927, 4133, 2177, 4175, 3991, 2175, 2643, 1994], [2916, 2954, 1632, 3421, 3961, 1428, 1861, 3877], [1808, 2687, 4350, 1003, 2120, 2063, 4589, 2643], [2921, 765, 2922, 2687, 4145, 4647, 4772, 2053], [3816, 4589, 2063, 131, 765, 125, 4463, 2924], [2927, 2546, 2587, 2924, 2405, 1674, 2954, 2921], [2928, 2954, 2916, 2965, 3351, 2458, 2967, 2165], [2929, 2165, 3937, 2340, 3858, 2125, 554, 765], [2556, 2931, 1964, 4102, 4347, 2385, 4739, 1994], [1268, 4327, 2563, 1808, 2933, 2108, 774, 2380], [2935, 4228, 3424, 1193, 2380, 1569, 1706, 1275], [4126, 3964, 1983, 4416, 4741, 1998, 4104, 3858], [3779, 2687, 3858, 1515, 3920, 4104, 4589, 4508], [2055, 1994, 3858, 2687, 2965, 1808, 2165, 2736], [2185, 2439, 2945, 2055, 1808, 2142, 4133, 2120], [3858, 622, 2706, 1365, 4498, 4310, 4327, 3860], [2951, 3475, 4137, 3237, 3132, 1686, 2687, 1692], [3185, 2952, 2962, 4309, 62, 3425, 3424, 3413], [2954, 2916, 2928, 3351, 2482, 765, 3959, 2563], [839, 4756, 3393, 3420, 1705, 1965, 2956, 3351], [2956, 2819, 2690, 3421, 3957, 3394, 4479, 988], [2957, 4104, 3045, 4741, 4388, 4582, 4137, 1384], [4189, 796, 4741, 3834, 3954, 3991, 3903, 1845], [2963, 3964, 2059, 3351, 2916, 3877, 3950, 4042], [2965, 4350, 1435, 2556, 2026, 1211, 2828, 4327], [2967, 4189, 2439, 1129, 2894, 2957, 4137, 3493], [2242, 3475, 4133, 1779, 1106, 1855, 3513, 1426]]}, "num_translations": 1, "text_top1": 0.0625, "text_top5": 0.15625, "text_top10": 0.21875}