{"num_src_sents": 148, "demosthenes_1877": {"tgt_lang": "en", "transl_top1": 0.36486486486486486, "transl_top5": 0.5135135135135135, "transl_top10": 0.6148648648648649, "num_nulls": 0, "num_tgt_sents": 7775}, "demosthenes_aeschynes_1861": {"tgt_lang": "fr", "transl_top1": 0.02702702702702703, "transl_top5": 0.04054054054054054, "transl_top10": 0.08783783783783784, "num_nulls": 0, "num_tgt_sents": 36182}, "num_translations": 2, "text_top1": 0.19594594594594594, "text_top5": 0.27702702702702703, "text_top10": 0.35135135135135137}