{"num_src_sents": 72, "demosthenes_1_1863": {"tgt_lang": "fr", "transl_top1": 0.027777777777777776, "transl_top5": 0.16666666666666666, "transl_top10": 0.2916666666666667, "num_nulls": 0, "num_tgt_sents": 3406, "retrieval_preds": [[1239, 414, 585, 277, 1080, 1877, 2382, 2021], [2725, 748, 2382, 1080, 2021, 1077, 2353, 836], [2723, 2159, 1881, 1971, 2474, 1054, 2704, 1299], [2725, 836, 1118, 1785, 2353, 3140, 2962, 3041], [2382, 2410, 277, 3040, 2719, 748, 3208, 1413], [2065, 2189, 354, 1558, 2382, 1684, 2422, 2178], [258, 482, 1877, 1478, 1533, 1742, 1376, 295], [2478, 1, 1553, 759, 1435, 2092, 3300, 2588], [2581, 1552, 850, 2079, 1982, 2080, 512, 2418], [913, 1491, 401, 1836, 1946, 1482, 2902, 197], [759, 1, 2864, 2418, 2935, 2478, 1553, 2699], [1118, 3315, 2835, 2725, 1080, 1939, 1250, 3289], [2349, 1526, 2246, 644, 3321, 3269, 3315, 1436], [3246, 1620, 438, 1619, 753, 1317, 1376, 2843], [2410, 1634, 1875, 2353, 1107, 1285, 267, 2893], [981, 80, 2489, 1637, 2461, 1883, 3152, 2615], [629, 3315, 2035, 748, 1794, 2353, 1080, 2384], [1501, 674, 172, 1691, 3225, 3235, 1454, 702], [3197, 1144, 2465, 3397, 3364, 3126, 3315, 3181], [1714, 1816, 268, 1115, 431, 2965, 2586, 2794], [207, 197, 2410, 836, 989, 1425, 1424, 1054], [1971, 1064, 954, 1118, 2730, 2269, 2522, 2492], [2492, 1620, 3220, 2353, 1939, 3371, 3126, 3191], [682, 2246, 633, 2096, 2090, 1806, 385, 1383], [1155, 1525, 104, 169, 2045, 2515, 2989, 3164], [3233, 2096, 1491, 2242, 753, 633, 2246, 3152], [3228, 1620, 2410, 3166, 1539, 3152, 507, 1250], [3168, 3265, 1336, 3258, 2492, 3197, 3229, 858], [2875, 2581, 3037, 2916, 3195, 1182, 2406, 2864], [277, 2251, 2559, 680, 414, 1428, 1622, 3229], [2581, 218, 2406, 2716, 433, 457, 2864, 1515], [1950, 3309, 1441, 2780, 1893, 1394, 1817, 2991], [1183, 3284, 2688, 1810, 2414, 2794, 1277, 1807], [2246, 255, 585, 513, 1669, 1883, 1346, 1389], [1280, 3075, 1881, 2234, 2015, 1565, 3040, 69], [2559, 3245, 482, 2021, 1250, 414, 2160, 3208], [2890, 1620, 3152, 3228, 2509, 2341, 2719, 2489], [2138, 2189, 2021, 1736, 2353, 2129, 605, 1634], [459, 1054, 3035, 1369, 574, 2246, 2007, 2767], [3040, 2190, 1972, 39, 2750, 853, 585, 1785], [2588, 167, 861, 1, 888, 1435, 2092, 3300], [1107, 382, 248, 2559, 2790, 687, 1620, 2492], [3320, 1407, 1107, 2054, 3235, 1839, 2136, 1650], [2610, 99, 1452, 1780, 2032, 1964, 930, 3118], [2768, 585, 3040, 2225, 2039, 2559, 1346, 261], [2882, 2551, 2868, 2452, 499, 2863, 2442, 704], [2920, 1116, 2888, 3103, 12, 946, 3384, 1351], [2581, 850, 2099, 2406, 1181, 2588, 1553, 1018], [2547, 1964, 2454, 2942, 2062, 757, 2666, 2931], [2754, 776, 3269, 2829, 431, 2039, 491, 3181], [1, 2418, 2699, 1435, 2092, 3300, 759, 310], [2332, 2590, 2593, 2895, 3309, 1383, 2780, 2547], [1382, 3320, 2582, 1384, 1651, 972, 1821, 1], [2871, 1717, 1456, 2580, 274, 377, 1115, 2943], [742, 1012, 1241, 2281, 783, 972, 923, 2222], [3303, 2688, 1396, 3294, 1807, 2379, 1183, 1277], [1519, 1518, 2444, 469, 299, 2548, 585, 1713], [1250, 2353, 2374, 1733, 3220, 2559, 15, 2410], [836, 1299, 3319, 1881, 2787, 2627, 1253, 3291], [2137, 2547, 2931, 3340, 1410, 2114, 2991, 3185], [469, 585, 2410, 1346, 3040, 2559, 2261, 2009], [2707, 2218, 1175, 2313, 1258, 2208, 2219, 1519], [3209, 2478, 1553, 2934, 598, 825, 1066, 1951], [277, 2129, 2559, 1239, 748, 680, 3220, 2021], [2705, 1450, 2253, 2509, 2615, 2860, 1296, 2760], [2916, 2816, 759, 2350, 2581, 2556, 2330, 2406], [2767, 2522, 277, 299, 1742, 2410, 1047, 585], [1077, 3315, 954, 3040, 2529, 2725, 3041, 836], [3315, 2860, 3126, 2160, 2353, 1129, 354, 262], [1794, 277, 605, 3315, 1250, 2021, 748, 299], [2410, 2382, 1794, 3040, 414, 2559, 299, 1379], [2725, 2015, 1280, 2730, 2522, 2353, 1971, 1118]]}, "demosthenes_aeschynes_1861": {"tgt_lang": "fr", "transl_top1": 0.0, "transl_top5": 0.041666666666666664, "transl_top10": 0.09722222222222222, "num_nulls": 0, "num_tgt_sents": 36182, "retrieval_preds": [[15370, 83, 4560, 20756, 15798, 20832, 4930, 2570], [15370, 9914, 4560, 3052, 7202, 7431, 14746, 7456], [9914, 15210, 5542, 14702, 11292, 34436, 30606, 35437], [9539, 12413, 2512, 10785, 9413, 8816, 1455, 15821], [2570, 9914, 3052, 15821, 15370, 4219, 4202, 21438], [21246, 34605, 4366, 15376, 14769, 16261, 20813, 15362], [17862, 4927, 18122, 9173, 2718, 16570, 34000, 18140], [3402, 15336, 19299, 23085, 23003, 15061, 15733, 7079], [14888, 30437, 31183, 14670, 27089, 21083, 2366, 5474], [20786, 17408, 15397, 21498, 12329, 222, 3922, 35660], [15975, 25847, 31869, 9886, 5146, 5994, 21942, 29912], [9914, 3052, 4560, 15370, 8819, 4372, 7216, 21785], [33134, 15870, 9460, 26701, 15056, 21431, 5524, 31964], [22646, 2205, 4326, 33908, 12986, 2064, 4298, 4343], [16083, 6632, 4378, 22600, 11684, 3733, 15371, 19060], [15056, 26922, 7881, 7974, 4457, 15948, 2440, 9539], [3681, 17032, 27839, 3052, 6948, 12670, 6947, 20756], [5358, 15874, 3359, 33902, 33960, 20890, 5736, 3045], [26224, 15203, 4365, 21513, 24356, 25553, 26701, 25420], [7603, 36014, 18199, 12290, 32367, 3429, 35134, 3630], [14761, 4387, 32630, 25074, 15813, 20574, 14381, 15528], [14702, 7463, 9539, 25901, 15049, 35615, 15944, 3942], [4390, 34840, 6526, 2109, 34459, 26189, 19442, 16325], [4392, 33960, 14813, 4098, 5839, 16608, 5514, 33914], [23219, 7583, 5909, 30093, 4393, 4287, 11753, 15263], [16292, 5358, 3490, 2285, 29611, 4296, 19978, 20697], [7431, 4397, 5025, 9876, 15798, 2109, 34459, 4972], [2123, 15085, 15364, 17499, 15066, 14943, 300, 15056], [16138, 28488, 24325, 25029, 20591, 4401, 8053, 27089], [4402, 2570, 4219, 21302, 15746, 15821, 15225, 4932], [24823, 11802, 27089, 26723, 21146, 21083, 14670, 27688], [16649, 14042, 14896, 13869, 19921, 16743, 17884, 6230], [34425, 27143, 33348, 29258, 5928, 10115, 34203, 2977], [28715, 28742, 15591, 5135, 5983, 4296, 12528, 5995], [20519, 4202, 21249, 9914, 10785, 4414, 3942, 35049], [4511, 14778, 15746, 4456, 205, 364, 19442, 27996], [4416, 22618, 4972, 4343, 15585, 6540, 13681, 2076], [4417, 83, 34605, 21246, 17576, 14746, 17472, 18848], [28488, 22923, 34483, 7415, 15182, 32422, 8202, 34527], [4423, 9457, 7226, 9163, 9488, 12280, 5481, 24174], [20336, 10341, 16197, 25329, 9272, 2423, 32185, 19076], [4426, 17511, 3924, 4096, 6595, 3266, 18409, 22384], [27416, 7011, 18638, 7189, 7124, 7203, 24288, 17411], [24327, 25031, 16416, 35323, 24358, 14934, 61, 7166], [15108, 14958, 15475, 14737, 2570, 4363, 6405, 28706], [4431, 31441, 21659, 7424, 2515, 8620, 11350, 21934], [16388, 32856, 12534, 11514, 9053, 9049, 6197, 24174], [24745, 32005, 7001, 18753, 28505, 14380, 23003, 14198], [12453, 16665, 4435, 538, 15839, 21050, 35218, 3591], [2373, 6564, 12368, 6349, 9959, 14728, 1777, 9975], [30603, 20077, 31431, 5146, 5994, 21942, 29912, 32443], [17796, 24857, 25497, 31001, 365, 538, 17335, 2577], [4439, 12516, 12517, 16741, 17882, 20599, 16732, 27542], [16133, 4440, 15085, 33087, 5812, 18772, 17794, 21925], [4441, 1588, 5893, 5668, 12867, 22274, 13483, 35173], [5822, 36039, 16354, 2746, 1887, 20611, 20573, 33926], [4445, 33655, 16046, 13688, 4560, 20720, 9008, 17901], [4560, 2134, 15746, 7359, 5785, 4233, 9914, 17576], [21855, 34837, 19239, 7825, 21224, 35425, 34654, 20535], [3276, 3535, 4848, 20380, 5443, 1200, 3278, 18525], [17152, 4560, 15371, 15225, 21246, 14746, 17240, 4709], [17260, 7354, 11178, 20810, 25937, 13592, 9506, 20322], [8670, 17781, 3402, 15336, 19299, 1382, 11999, 8135], [4456, 21067, 4219, 4199, 15083, 3908, 12670, 21246], [15332, 4459, 1865, 10290, 14963, 8200, 6821, 6828], [14041, 11838, 20591, 23085, 8210, 5146, 5994, 12287], [2570, 15370, 9008, 22790, 4202, 8816, 21831, 15295], [34893, 9944, 34659, 4189, 5163, 34406, 9539, 3942], [2980, 22790, 4471, 3556, 3942, 9497, 1897, 2194], [4473, 15083, 4560, 3052, 5852, 15370, 21067, 2512], [15821, 4219, 4475, 21438, 15475, 7094, 15225, 3052], [4373, 9539, 15044, 21019, 15370, 31043, 9008, 9238]]}, "demosthenes_1856_1": {"tgt_lang": "de", "transl_top1": 0.2222222222222222, "transl_top5": 0.3472222222222222, "transl_top10": 0.4027777777777778, "num_nulls": 0,