{"num_src_sents": 427, "plutarch_1_1844": {"tgt_lang": "fr", "transl_top1": 0.00936768149882904, "transl_top5": 0.0351288056206089, "transl_top10": 0.0585480093676815, "num_nulls": 0, "num_tgt_sents": 8121}, "plutarch_2_1844": {"tgt_lang": "fr", "transl_top1": 0.36065573770491804, "transl_top5": 0.594847775175644, "transl_top10": 0.6955503512880562, "num_nulls": 0, "num_tgt_sents": 7523}, "plutarch_1898_theosophical": {"tgt_lang": "en", "transl_top1": 0.5714285714285714, "transl_top5": 0.7822014051522248, "transl_top10": 0.882903981264637, "num_nulls": 0, "num_tgt_sents": 3608}, "num_translations": 3, "text_top1": 0.31381733021077285, "text_top5": 0.4707259953161593, "text_top10": 0.5456674473067915}