{"num_src_sents": 974, "Aristophanes_1_1855-1885": {"tgt_lang": "de", "transl_top1": 0.059548254620123205, "transl_top5": 0.09958932238193019, "transl_top10": 0.14271047227926079, "num_nulls": 0, "num_tgt_sents": 5841}, "aristophanes_1_1858": {"tgt_lang": "en", "transl_top1": 0.34394250513347024, "transl_top5": 0.5102669404517454, "transl_top10": 0.6016427104722792, "num_nulls": 0, "num_tgt_sents": 10625}, "aristophanes_1_1915": {"tgt_lang": "it", "transl_top1": 0.006160164271047228, "transl_top5": 0.027720739219712527, "transl_top10": 0.048254620123203286, "num_nulls": 0, "num_tgt_sents": 2665}, "aristophanes_2_1915": {"tgt_lang": "it", "transl_top1": 0.08521560574948665, "transl_top5": 0.1540041067761807, "transl_top10": 0.1868583162217659, "num_nulls": 2, "num_tgt_sents": 3069}, "aristophanes_3_1830": {"tgt_lang": "fr", "transl_top1": 0.004106776180698152, "transl_top5": 0.026694045174537988, "transl_top10": 0.053388090349075976, "num_nulls": 0, "num_tgt_sents": 4330}, "aristophanes_1881_1": {"tgt_lang": "de", "transl_top1": 0.00513347022587269, "transl_top5": 0.033880903490759756, "transl_top10": 0.049281314168377825, "num_nulls": 0, "num_tgt_sents": 10289}, "aristophanes_1_1830": {"tgt_lang": "fr", "transl_top1": 0.18993839835728954, "transl_top5": 0.31006160164271046, "transl_top10": 0.37063655030800824, "num_nulls": 2, "num_tgt_sents": 2544}, "greekDramas_1912": {"tgt_lang": "en", "transl_top1": 0.3162217659137577, "transl_top5": 0.44969199178644764, "transl_top10": 0.5184804928131417, "num_nulls": 0, "num_tgt_sents": 8924}, "aristophanes_1873": {"tgt_lang": "fr", "transl_top1": 0.18480492813141683, "transl_top5": 0.2915811088295688, "transl_top10": 0.3408624229979466, "num_nulls": 3, "num_tgt_sents": 14269}, "tlg0019.tlg003.ogl-eng2": {"tgt_lang": "en", "transl_top1": 0.022587268993839837, "transl_top5": 0.055441478439425054, "transl_top10": 0.0811088295687885, "num_nulls": 859, "num_tgt_sents": 25}, "Aristophanes_2_1855-1885": {"tgt_lang": "de", "transl_top1": 0.004106776180698152, "transl_top5": 0.019507186858316223, "transl_top10": 0.037987679671457907, "num_nulls": 0, "num_tgt_sents": 5321}, "aristophanes_1907_1": {"tgt_lang": "en", "transl_top1": 0.008213552361396304, "transl_top5": 0.03182751540041068, "transl_top10": 0.061601642710472276, "num_nulls": 0, "num_tgt_sents": 8398}, "num_translations": 12, "text_top1": 0.10249828884325805, "text_top5": 0.16752224503764546, "text_top10": 0.20773442847364815}