{"num_src_sents": 70, "lysias_1856": {"tgt_lang": "de", "transl_top1": 0.35714285714285715, "transl_top5": 0.4714285714285714, "transl_top10": 0.5142857142857142, "num_nulls": 0, "num_tgt_sents": 5319}, "num_translations": 1, "text_top1": 0.35714285714285715, "text_top5": 0.4714285714285714, "text_top10": 0.5142857142857142}