{"num_src_sents": 789, "aristophanes_1_1858": {"tgt_lang": "en", "transl_top1": 0.3409378960709759, "transl_top5": 0.5272496831432193, "transl_top10": 0.5880861850443599, "num_nulls": 0, "num_tgt_sents": 10625}, "aristophanes_1907_1": {"tgt_lang": "en", "transl_top1": 0.008871989860583017, "transl_top5": 0.025348542458808618, "transl_top10": 0.048162230671736375, "num_nulls": 0, "num_tgt_sents": 8398}, "aristophanes_2_1915": {"tgt_lang": "it", "transl_top1": 0.012674271229404309, "transl_top5": 0.053231939163498096, "transl_top10": 0.08871989860583017, "num_nulls": 0, "num_tgt_sents": 3069}, "aristophanes_1873": {"tgt_lang": "fr", "transl_top1": 0.13688212927756654, "transl_top5": 0.23193916349809887, "transl_top10": 0.2915082382762991, "num_nulls": 0, "num_tgt_sents": 14269}, "aristophanes_3_1830": {"tgt_lang": "fr", "transl_top1": 0.012674271229404309, "transl_top5": 0.03929024081115336, "transl_top10": 0.05449936628643853, "num_nulls": 0, "num_tgt_sents": 4330}, "aristophanes_1_1830": {"tgt_lang": "fr", "transl_top1": 0.1761723700887199, "transl_top5": 0.2991128010139417, "transl_top10": 0.36248415716096327, "num_nulls": 3, "num_tgt_sents": 2544}, "aristophanes_1881_1": {"tgt_lang": "de", "transl_top1": 0.09632446134347275, "transl_top5": 0.16603295310519645, "transl_top10": 0.2002534854245881, "num_nulls": 0, "num_tgt_sents": 10289}, "Aristophanes_1865": {"tgt_lang": "de", "transl_top1": 0.10646387832699619, "transl_top5": 0.17870722433460076, "transl_top10": 0.21799746514575413, "num_nulls": 0, "num_tgt_sents": 7905}, "aristophanes_1_1915": {"tgt_lang": "it", "transl_top1": 0.11026615969581749, "transl_top5": 0.18124207858048164, "transl_top10": 0.23067173637515842, "num_nulls": 0, "num_tgt_sents": 2665}, "num_translations": 9, "text_top1": 0.11125193634699337, "text_top5": 0.18912829178988877, "text_top10": 0.23137586255456977}