{"num_src_sents": 321, "luca_siliusItalicus_claudius_1842": {"tgt_lang": "fr", "transl_top1": 0.3426791277258567, "transl_top5": 0.4797507788161994, "transl_top10": 0.5482866043613707, "num_nulls": 0, "num_tgt_sents": 20880}, "num_translations": 1, "text_top1": 0.3426791277258567, "text_top5": 0.4797507788161994, "text_top10": 0.5482866043613707}