{"num_src_sents": 62, "lucian_1829_10": {"tgt_lang": "de", "transl_top1": 0.20967741935483872, "transl_top5": 0.3709677419354839, "transl_top10": 0.45161290322580644, "num_nulls": 0, "num_tgt_sents": 4222, "retrieval_preds": [[1988, 987, 3144, 1011, 52, 1677, 1718, 3045], [1677, 852, 2603, 321, 335, 3757, 2289, 3645], [532, 1586, 3504, 1009, 2775, 987, 1988, 425], [1684, 1846, 1317, 3520, 3536, 1695, 1005, 3752], [1687, 3518, 2679, 681, 1451, 2019, 3696, 2925], [1689, 334, 1820, 335, 1693, 332, 114, 340], [819, 2964, 3027, 1773, 2775, 945, 3276, 532], [1693, 3939, 1689, 1712, 2002, 3015, 1702, 849], [1694, 2850, 3466, 532, 3150, 1479, 1522, 3026], [2681, 52, 3144, 1695, 1473, 3027, 2775, 1470], [1697, 2404, 3535, 4215, 3630, 2153, 664, 3611], [1698, 4003, 683, 2964, 2400, 1142, 578, 1451], [1699, 858, 1999, 2926, 2991, 2153, 1488, 2413], [3428, 1013, 969, 1595, 3094, 1163, 363, 309], [222, 1757, 28, 4025, 3251, 685, 1851, 2821], [1702, 538, 524, 2499, 4115, 3057, 2928, 3970], [2289, 545, 1703, 3054, 1455, 1451, 326, 223], [1705, 1677, 693, 2289, 1725, 222, 1080, 3185], [334, 1305, 2723, 335, 1718, 52, 1586, 987], [221, 3397, 335, 682, 340, 334, 2701, 3053], [1718, 221, 2516, 987, 683, 3847, 430, 3699], [1846, 3186, 1718, 3045, 987, 1988, 1853, 956], [1723, 1340, 276, 3567, 899, 178, 2858, 3632], [3888, 3831, 3872, 2695, 1528, 1051, 2834, 2880], [1725, 737, 3505, 2135, 1160, 4025, 3910, 1176], [1846, 968, 1479, 114, 3049, 430, 3174, 3045], [1677, 2805, 1732, 3053, 1317, 1340, 3185, 1597], [1735, 1437, 1773, 2821, 328, 4021, 68, 3144], [46, 1852, 2880, 379, 2797, 3250, 2695, 1528], [1738, 1932, 1914, 1716, 4075, 4220, 2229, 2969], [3250, 1739, 1736, 1737, 1459, 2870, 3831, 1087], [3187, 1216, 3157, 2876, 1852, 3872, 2884, 2880], [1741, 772, 2464, 2400, 3144, 4021, 1191, 2745], [1742, 327, 4159, 1150, 1736, 3780, 1852, 4199], [1743, 2717, 268, 3755, 181, 2289, 1888, 114], [1744, 1743, 1459, 142, 8, 1722, 1353, 1021], [338, 332, 1952, 114, 2320, 2714, 28, 3242], [332, 114, 338, 28, 52, 224, 4153, 1441], [1752, 3631, 3633, 3097, 2606, 1458, 1944, 250], [1753, 753, 3635, 102, 3147, 3644, 3061, 2713], [3755, 305, 3932, 268, 1743, 3740, 4131, 3097], [1756, 737, 580, 772, 2320, 2700, 744, 3930], [1743, 1757, 3058, 2873, 3323, 1933, 3307, 3190], [1758, 3137, 3831, 1762, 3844, 2834, 620, 2133], [3157, 3187, 1195, 2876, 1852, 2880, 1181, 4205], [1760, 2696, 2876, 1849, 1754, 3832, 3281, 2581], [1761, 1993, 3219, 334, 1877, 3797, 604, 3076], [1764, 3754, 3616, 264, 288, 1966, 771, 744], [3144, 1069, 541, 4212, 4021, 114, 1888, 1765], [1766, 1524, 1627, 675, 1935, 876, 1775, 2312], [1767, 2742, 2194, 3256, 1008, 1106, 1461, 3871], [668, 1677, 3008, 1850, 1725, 1622, 1773, 4027], [541, 1771, 1887, 4070, 3986, 3459, 3144, 631], [1773, 3178, 1708, 692, 4083, 3536, 1806, 526], [1773, 280, 1569, 772, 432, 3313, 162, 491], [1774, 3178, 3367, 4022, 335, 149, 1622, 3755], [707, 457, 1584, 1586, 1479, 335, 671, 1622], [2012, 1736, 2834, 3204, 4161, 933, 3269, 3872], [335, 3145, 4026, 273, 1778, 1592, 999, 3096], [1779, 2771, 1525, 2740, 2017, 1501, 2772, 1498], [1782, 2985, 2474, 2359, 846, 262, 1693, 725], [1783, 3774, 1734, 1827, 2289, 103, 1695, 2965]]}, "lucian_1866_1": {"tgt_lang": "de", "transl_top1": 0.4838709677419355, "transl_top5": 0.5645161290322581, "transl_top10": 0.6290322580645161, "num_nulls": 0, "num_tgt_sents": 4624, "retrieval_preds": [[350, 4425, 4299, 296, 447, 88, 4158, 339], [4426, 2877, 2615, 4571, 4496, 3398, 385, 3377], [4427, 813, 4300, 4299, 4307, 281, 350, 4315], [4429, 375, 68, 437, 350, 237, 281, 4567], [4432, 2438, 4437, 2692, 4199, 50, 4427, 880], [3633, 3270, 4162, 2377, 4124, 519, 4300, 349], [4434, 1549, 1275, 4300, 3722, 3723, 4406, 4242], [4435, 2091, 427, 1406, 3283, 2438, 4432, 3633], [4436, 4300, 4614, 4307, 50, 4322, 2075, 3437], [4300, 4437, 2892, 50, 4322, 281, 4299, 1798], [4439, 1767, 2502, 715, 2676, 3777, 2485, 2675], [4440, 4019, 4541, 4242, 4451, 4314, 1173, 50], [4441, 2180, 2082, 694, 679, 4487, 2651, 994], [657, 689, 2217, 2027, 3054, 3181, 773, 793], [4442, 4457, 4044, 3877, 1813, 4037, 4468, 2514], [2256, 4443, 4513, 4506, 3769, 1514, 3742, 4471], [4444, 3391, 3377, 2880, 4602, 2615, 3885, 3751], [4445, 4556, 168, 2830, 889, 447, 3924, 466], [4446, 546, 447, 4567, 4300, 4580, 4068, 2602], [4448, 4125, 889, 3633, 4043, 4567, 4045, 3530], [2602, 4451, 4299, 1549, 546, 3905, 4072, 4124], [546, 4158, 813, 350, 4068, 296, 544, 3200], [4455, 4460, 1940, 4458, 3466, 1911, 4574, 4490], [878, 741, 303, 3168, 823, 527, 762, 4456], [4457, 2525, 950, 301, 4427, 3271, 2627, 2438], [4458, 349, 1473, 944, 889, 4425, 296, 3530], [4460, 2830, 355, 370, 889, 4043, 4445, 228], [4462, 3816, 4114, 1180, 3437, 3943, 4614, 4577], [3900, 1055, 1662, 3168, 823, 1111, 3558, 741], [637, 4066, 556, 3093, 2023, 678, 3831, 1598], [4464, 3098, 4463, 417, 2135, 3962, 1111, 1665], [1662, 1456, 3757, 445, 1817, 2332, 671, 1055], [4465, 368, 4106, 4488, 4158, 1813, 1560, 349], [4466, 3473, 4112, 2751, 2667, 1111, 1253, 3246], [993, 4467, 2766, 345, 905, 4438, 1969, 3477], [4468, 4479, 370, 3842, 951, 1232, 1557, 4470], [4118, 370, 4471, 4550, 155, 211, 4162, 233], [4471, 4118, 4472, 4539, 4454, 3782, 4465, 4470], [3792, 2310, 4472, 1851, 1551, 1901, 577, 1961], [4473, 1551, 2639, 1050, 3778, 3166, 141, 4175], [4474, 4097, 4477, 692, 4074, 4445, 864, 4073], [4475, 2736, 2830, 4465, 3641, 2456, 1439, 284], [4477, 1813, 1662, 3477, 1170, 993, 3943, 715], [4478, 607, 3246, 757, 1224, 741, 554, 823], [1662, 1688, 1055, 691, 1504, 2302, 252, 3757], [4479, 345, 1009, 1573, 2749, 1386, 4464, 985], [4480, 4043, 2396, 1650, 4498, 994, 3889, 4068], [4481, 1172, 4495, 540, 1631, 1735, 496, 2513], [4482, 497, 443, 418, 3218, 968, 2275, 3391], [4483, 3101, 1289, 3563, 2512, 1063, 2772, 1357], [4484, 2800, 1439, 4473, 4533, 2784, 1050, 2647], [4445, 4077, 3924, 4488, 4262, 544, 4485, 100], [4487, 4293, 4307, 4299, 4309, 4300, 1549, 4292], [4488, 50, 3154, 3965, 1856, 2830, 3808, 4342], [2661, 4438, 950, 4077, 3297, 2438, 2406, 1174], [4489, 1550, 4457, 3965, 681, 4439, 474, 4445], [4490, 1798, 4124, 4342, 4300, 4472, 990, 2830], [263, 3440, 1111, 2021, 2086, 4456, 3584, 3098], [4493, 933, 694, 2019, 1230, 1378, 1168, 3643], [4494, 3384, 4300, 3154, 1767, 4439, 3902, 3254], [4496, 4556, 3747, 4551, 361, 3973, 643, 4296], [4497, 2877, 862, 381, 2613, 3973, 3411, 4440]]}, "lucian_1867_3": {"tgt_lang": "de", "transl_top1": 0.04838709677419355, "transl_top5": 0.1935483870967742, "transl_top10": 0.24193548387096775, "num_nulls": 0, "num_tgt_sents": 3614,