{"num_src_sents": 502, "euripides_1852_3": {"tgt_lang": "de", "transl_top1": 0.17131474103585656, "transl_top5": 0.3147410358565737, "transl_top10": 0.3784860557768924, "num_nulls": 0, "num_tgt_sents": 4706}, "euripides_2_1884": {"tgt_lang": "fr", "transl_top1": 0.2549800796812749, "transl_top5": 0.3844621513944223, "transl_top10": 0.4641434262948207, "num_nulls": 0, "num_tgt_sents": 6695}, "euripides_1_1884": {"tgt_lang": "fr", "transl_top1": 0.01593625498007968, "transl_top5": 0.049800796812749, "transl_top10": 0.08764940239043825, "num_nulls": 0, "num_tgt_sents": 6832}, "euripides_1906_3": {"tgt_lang": "de", "transl_top1": 0.06772908366533864, "transl_top5": 0.1254980079681275, "transl_top10": 0.18127490039840638, "num_nulls": 0, "num_tgt_sents": 4200}, "num_translations": 4, "text_top1": 0.12749003984063745, "text_top5": 0.21862549800796813, "text_top10": 0.2778884462151394}