{"num_src_sents": 5598, "plato_1_1848": {"tgt_lang": "en", "transl_top1": 0.0010718113612004287, "transl_top5": 0.007859949982136478, "transl_top10": 0.012861736334405145, "num_nulls": 1, "num_tgt_sents": 12817}, "plato_5_1852": {"tgt_lang": "en", "transl_top1": 0.0019649874955341195, "transl_top5": 0.0053590568060021436, "transl_top10": 0.00964630225080386, "num_nulls": 4, "num_tgt_sents": 8721}, "plato_2_1849": {"tgt_lang": "en", "transl_top1": 0.33619149696320116, "transl_top5": 0.5016077170418006, "transl_top10": 0.5646659521257592, "num_nulls": 1, "num_tgt_sents": 9568}, "plato_6_1854": {"tgt_lang": "en", "transl_top1": 0.0005359056806002144, "transl_top5": 0.004644515898535191, "transl_top10": 0.009110396570203644, "num_nulls": 4, "num_tgt_sents": 9064}, "plato_3_1850": {"tgt_lang": "en", "transl_top1": 0.003215434083601286, "transl_top5": 0.00839585566273669, "transl_top10": 0.015005359056806002, "num_nulls": 2, "num_tgt_sents": 13689}, "num_translations": 5, "text_top1": 0.06859592711682744, "text_top5": 0.10557341907824222, "text_top10": 0.12225794926759558}