{"num_src_sents": 640, "cicero_1868_12": {"tgt_lang": "de", "transl_top1": 0.646875, "transl_top5": 0.8359375, "transl_top10": 0.8875, "num_nulls": 0, "num_tgt_sents": 4651}, "cicero_1855-1892_11": {"tgt_lang": "de", "transl_top1": 0.015625, "transl_top5": 0.0546875, "transl_top10": 0.090625, "num_nulls": 0, "num_tgt_sents": 4565}, "cicero_11_1826": {"tgt_lang": "fr", "transl_top1": 0.5765625, "transl_top5": 0.7578125, "transl_top10": 0.8375, "num_nulls": 0, "num_tgt_sents": 2759}, "num_translations": 3, "text_top1": 0.4130208333333333, "text_top5": 0.5494791666666667, "text_top10": 0.6052083333333333}