{"num_src_sents": 410, "philo_4_1855": {"tgt_lang": "en", "transl_top1": 0.004878048780487805, "transl_top5": 0.041463414634146344, "transl_top10": 0.07560975609756097, "num_nulls": 0, "num_tgt_sents": 7517}, "philo_2_1854": {"tgt_lang": "en", "transl_top1": 0.007317073170731708, "transl_top5": 0.04878048780487805, "transl_top10": 0.07804878048780488, "num_nulls": 0, "num_tgt_sents": 7912}, "philo_1_1854": {"tgt_lang": "en", "transl_top1": 0.4682926829268293, "transl_top5": 0.6536585365853659, "transl_top10": 0.7268292682926829, "num_nulls": 0, "num_tgt_sents": 8507}, "num_translations": 3, "text_top1": 0.16016260162601625, "text_top5": 0.24796747967479676, "text_top10": 0.2934959349593496}