{"num_src_sents": 83, "demosthenes_1902": {"tgt_lang": "en", "transl_top1": 0.4457831325301205, "transl_top5": 0.5783132530120482, "transl_top10": 0.6506024096385542, "num_nulls": 0, "num_tgt_sents": 6778}, "demosthenes_aeschynes_1861": {"tgt_lang": "fr", "transl_top1": 0.012048192771084338, "transl_top5": 0.03614457831325301, "transl_top10": 0.08433734939759036, "num_nulls": 0, "num_tgt_sents": 36182}, "num_translations": 2, "text_top1": 0.2289156626506024, "text_top5": 0.3072289156626506, "text_top10": 0.3674698795180723}