{"num_src_sents": 560, "luciusSamosata_1_1869": {"tgt_lang": "fr", "transl_top1": 0.3267857142857143, "transl_top5": 0.49464285714285716, "transl_top10": 0.5732142857142857, "num_nulls": 0, "num_tgt_sents": 14187}, "num_translations": 1, "text_top1": 0.3267857142857143, "text_top5": 0.49464285714285716, "text_top10": 0.5732142857142857}