{"num_src_sents": 319, "aristotle_1855-1906_6": {"tgt_lang": "de", "transl_top1": 0.12852664576802508, "transl_top5": 0.23510971786833856, "transl_top10": 0.25705329153605017, "num_nulls": 0, "num_tgt_sents": 8895}, "num_translations": 1, "text_top1": 0.12852664576802508, "text_top5": 0.23510971786833856, "text_top10": 0.25705329153605017}