{"num_src_sents": 429, "plato_3_1826": {"tgt_lang": "fr", "transl_top1": 0.004662004662004662, "transl_top5": 0.053613053613053616, "transl_top10": 0.0979020979020979, "num_nulls": 0, "num_tgt_sents": 3903}, "plato_1_1846": {"tgt_lang": "fr", "transl_top1": 0.011655011655011656, "transl_top5": 0.04895104895104895, "transl_top10": 0.08391608391608392, "num_nulls": 0, "num_tgt_sents": 3203}, "num_translations": 2, "text_top1": 0.00815850815850816, "text_top5": 0.05128205128205128, "text_top10": 0.09090909090909091}