{"num_src_sents": 152, "xenophon_3_1737": {"tgt_lang": "it", "transl_top1": 0.2565789473684211, "transl_top5": 0.4144736842105263, "transl_top10": 0.5197368421052632, "num_nulls": 0, "num_tgt_sents": 12015}, "xenophon_2_1872": {"tgt_lang": "fr", "transl_top1": 0.17105263157894737, "transl_top5": 0.3157894736842105, "transl_top10": 0.4342105263157895, "num_nulls": 0, "num_tgt_sents": 10554}, "xenophon_1898": {"tgt_lang": "en", "transl_top1": 0.4342105263157895, "transl_top5": 0.7302631578947368, "transl_top10": 0.8157894736842105, "num_nulls": 0, "num_tgt_sents": 5439}, "xenophon_1_1872": {"tgt_lang": "fr", "transl_top1": 0.013157894736842105, "transl_top5": 0.05263157894736842, "transl_top10": 0.08552631578947369, "num_nulls": 0, "num_tgt_sents": 11058}, "num_translations": 4, "text_top1": 0.21875000000000003, "text_top5": 0.3782894736842105, "text_top10": 0.46381578947368424}