{"num_src_sents": 2097, "catullus_tibullus_propertius_nd": {"tgt_lang": "fr", "transl_top1": 0.4253695755841679, "transl_top5": 0.6118264186933715, "transl_top10": 0.6862184072484502, "num_nulls": 1, "num_tgt_sents": 6655}, "propertius_1895": {"tgt_lang": "en", "transl_top1": 0.6804959465903672, "transl_top5": 0.8812589413447782, "transl_top10": 0.9413447782546495, "num_nulls": 4, "num_tgt_sents": 3908}, "propertius_1868": {"tgt_lang": "de", "transl_top1": 0.4988078206962327, "transl_top5": 0.6824034334763949, "transl_top10": 0.7544110634239389, "num_nulls": 20, "num_tgt_sents": 4378}, "num_translations": 3, "text_top1": 0.5348911142902559, "text_top5": 0.7251629311715149, "text_top10": 0.7939914163090129}