{"num_src_sents": 46, "luciusSamosata_1_1869": {"tgt_lang": "fr", "transl_top1": 0.043478260869565216, "transl_top5": 0.06521739130434782, "transl_top10": 0.13043478260869565, "num_nulls": 0, "num_tgt_sents": 14187}, "num_translations": 1, "text_top1": 0.043478260869565216, "text_top5": 0.06521739130434782, "text_top10": 0.13043478260869565}