{"num_src_sents": 55, "luciusSamosata_1_1869": {"tgt_lang": "fr", "transl_top1": 0.05454545454545454, "transl_top5": 0.12727272727272726, "transl_top10": 0.16363636363636364, "num_nulls": 0, "num_tgt_sents": 14187}, "lucian_1867_3": {"tgt_lang": "de", "transl_top1": 0.01818181818181818, "transl_top5": 0.05454545454545454, "transl_top10": 0.18181818181818182, "num_nulls": 0, "num_tgt_sents": 3614}, "lucian_1866_1": {"tgt_lang": "de", "transl_top1": 0.41818181818181815, "transl_top5": 0.7090909090909091, "transl_top10": 0.7454545454545455, "num_nulls": 0, "num_tgt_sents": 4624}, "num_translations": 3, "text_top1": 0.1636363636363636, "text_top5": 0.29696969696969694, "text_top10": 0.36363636363636365}