{"num_src_sents": 605, "sophocles_1873_1": {"tgt_lang": "de", "transl_top1": 0.11074380165289256, "transl_top5": 0.19669421487603306, "transl_top10": 0.25950413223140495, "num_nulls": 4, "num_tgt_sents": 5570}, "sophocles_1905_en": {"tgt_lang": "en", "transl_top1": 0.2528925619834711, "transl_top5": 0.4099173553719008, "transl_top10": 0.4677685950413223, "num_nulls": 0, "num_tgt_sents": 10564}, "num_translations": 2, "text_top1": 0.18181818181818182, "text_top5": 0.30330578512396694, "text_top10": 0.36363636363636365}