{"num_src_sents": 681, "sophocles_1918": {"tgt_lang": "it", "transl_top1": 0.3832599118942731, "transl_top5": 0.6152716593245228, "transl_top10": 0.7283406754772394, "num_nulls": 1, "num_tgt_sents": 1077}, "sophocles_1873_1": {"tgt_lang": "de", "transl_top1": 0.05873715124816446, "transl_top5": 0.11013215859030837, "transl_top10": 0.1644640234948605, "num_nulls": 1, "num_tgt_sents": 5570}, "sophocles_1905_en": {"tgt_lang": "en", "transl_top1": 0.2173274596182085, "transl_top5": 0.37151248164464024, "transl_top10": 0.4243759177679883, "num_nulls": 0, "num_tgt_sents": 10564}, "num_translations": 3, "text_top1": 0.21977484092021538, "text_top5": 0.3656387665198238, "text_top10": 0.43906020558002934}