{"num_src_sents": 12, "plutarch_4_1844": {"tgt_lang": "fr", "transl_top1": 0.3333333333333333, "transl_top5": 0.5833333333333334, "transl_top10": 0.6666666666666666, "num_nulls": 0, "num_tgt_sents": 6665}, "plutarch_5_1844": {"tgt_lang": "fr", "transl_top1": 0.16666666666666666, "transl_top5": 0.25, "transl_top10": 0.5, "num_nulls": 0, "num_tgt_sents": 5916}, "num_translations": 2, "text_top1": 0.25, "text_top5": 0.4166666666666667, "text_top10": 0.5833333333333333}