{"num_src_sents": 44, "demosthenes_1877": {"tgt_lang": "en", "transl_top1": 0.022727272727272728, "transl_top5": 0.18181818181818182, "transl_top10": 0.22727272727272727, "num_nulls": 0, "num_tgt_sents": 7775}, "demosthenes_aeschynes_1861": {"tgt_lang": "fr", "transl_top1": 0.022727272727272728, "transl_top5": 0.06818181818181818, "transl_top10": 0.13636363636363635, "num_nulls": 0, "num_tgt_sents": 36182}, "num_translations": 2, "text_top1": 0.022727272727272728, "text_top5": 0.125, "text_top10": 0.18181818181818182}