{"num_src_sents": 57, "lysias_1856": {"tgt_lang": "de", "transl_top1": 0.3157894736842105, "transl_top5": 0.49122807017543857, "transl_top10": 0.5614035087719298, "num_nulls": 0, "num_tgt_sents": 5319, "retrieval_preds": [[3858, 4582, 2716, 3939, 4647, 3499, 3542, 3498], [3860, 3858, 3861, 1460, 3964, 3870, 1614, 576], [3863, 3628, 2540, 2689, 3294, 3783, 1710, 2161], [1994, 4481, 2028, 2134, 4231, 3284, 4531, 4536], [3868, 4189, 1640, 4102, 4741, 4454, 3964, 3858], [3870, 4104, 2729, 2145, 3858, 2513, 2055, 3537], [3858, 3893, 3868, 3514, 3495, 4634, 1435, 1808], [3876, 3877, 3919, 3950, 1428, 2458, 4645, 1669], [3877, 3903, 4350, 1808, 1686, 3496, 3498, 1612], [3880, 4481, 3964, 3877, 4014, 2908, 4003, 3815], [4400, 3200, 3882, 547, 1521, 2324, 62, 200], [2689, 2233, 4539, 2165, 3481, 2616, 445, 2928], [3885, 2477, 2053, 2268, 4347, 2563, 2108, 1808], [3887, 3338, 2568, 2369, 4159, 2019, 546, 62], [3888, 3284, 612, 1855, 3964, 4383, 2276, 4741], [3889, 3964, 3950, 3949, 802, 4338, 4310, 3638], [3893, 3892, 2130, 3478, 796, 3964, 3858, 3937], [3895, 2769, 3893, 4481, 1857, 2797, 3351, 1168], [3896, 4333, 4462, 3842, 2765, 3442, 3903, 3445], [3329, 3733, 1106, 1646, 2726, 2181, 2021, 2173], [2168, 4133, 3900, 649, 4116, 4126, 2439, 4122], [3234, 4444, 4473, 3901, 1101, 2292, 2142, 1779], [3903, 1612, 1669, 2055, 926, 1460, 3800, 2776], [1793, 4141, 2513, 2130, 1704, 4388, 2815, 1620], [546, 4109, 445, 2689, 4539, 3332, 563, 3592], [3907, 3861, 4045, 1128, 4037, 3858, 1646, 442], [3909, 2498, 4481, 2597, 1808, 3821, 2185, 1163], [3914, 2776, 3909, 2498, 3903, 606, 4744, 3877], [1250, 4632, 1180, 2060, 4365, 3337, 2405, 2633], [3917, 3072, 2828, 2233, 161, 2826, 3957, 4370], [3918, 1532, 1620, 2815, 2781, 2513, 2399, 2757], [3964, 3919, 3508, 3876, 4041, 1985, 883, 2828], [3858, 3920, 4104, 4582, 3937, 2630, 1808, 4481], [3923, 2633, 4632, 1365, 1574, 2059, 3338, 1784], [4159, 579, 4539, 2689, 546, 4109, 599, 4685], [3925, 3951, 4750, 4737, 3997, 4290, 2672, 3954], [3858, 2706, 3860, 4498, 4133, 2481, 644, 447], [3929, 3920, 4582, 1808, 3964, 4104, 4116, 4133], [3931, 2563, 2233, 4193, 2726, 2165, 3332, 2928], [3937, 1808, 2687, 2280, 4419, 4104, 4325, 2145], [2055, 3935, 2563, 2482, 1686, 2358, 2181, 4056], [3858, 3937, 1994, 1808, 2738, 2687, 1998, 1003], [3937, 1292, 2965, 3939, 2177, 2945, 3858, 4772], [3941, 3964, 4330, 2324, 2125, 3893, 2292, 2118], [3942, 2053, 125, 2918, 3812, 2057, 2068, 2446], [1931, 1015, 2558, 2177, 3194, 1808, 2021, 3592], [3947, 4123, 3592, 3237, 1934, 716, 2767, 2651], [2175, 1994, 3959, 3961, 3586, 2120, 802, 4718], [3951, 3964, 3950, 3961, 447, 3877, 4401, 4189], [3952, 3117, 2771, 3592, 3118, 2005, 3366, 4417], [3954, 4018, 3939, 3991, 1845, 2965, 2169, 4352], [3596, 4042, 3237, 3962, 4590, 1990, 1250, 1952], [3964, 2055, 3959, 4189, 4741, 3858, 2165, 3903], [3964, 3961, 2055, 2120, 4350, 3893, 1808, 2125], [3779, 2687, 1994, 2177, 710, 4498, 1460, 2439], [4104, 4116, 4388, 3964, 2168, 4126, 2186, 2136], [3858, 4647, 4327, 2928, 3412, 2242, 3351, 4137]]}, "num_translations": 1, "text_top1": 0.3157894736842105, "text_top5": 0.49122807017543857, "text_top10": 0.5614035087719298}