{"num_src_sents": 311, "plutarch_5_1844": {"tgt_lang": "fr", "transl_top1": 0.3215434083601286, "transl_top5": 0.5530546623794212, "transl_top10": 0.6430868167202572, "num_nulls": 0, "num_tgt_sents": 5916}, "plutarch_4_1844": {"tgt_lang": "fr", "transl_top1": 0.012861736334405145, "transl_top5": 0.04501607717041801, "transl_top10": 0.0932475884244373, "num_nulls": 0, "num_tgt_sents": 6665}, "num_translations": 2, "text_top1": 0.16720257234726688, "text_top5": 0.2990353697749196, "text_top10": 0.36816720257234725}