{"num_src_sents": 74, "demosthenes_aeschynes_1861": {"tgt_lang": "fr", "transl_top1": 0.0, "transl_top5": 0.05405405405405406, "transl_top10": 0.16216216216216217, "num_nulls": 0, "num_tgt_sents": 36182, "retrieval_preds": [[24573, 15656, 35380, 20524, 2362, 35587, 32444, 11701], [24575, 10166, 15108, 15553, 22274, 7792, 24435, 759], [20519, 16139, 31581, 24642, 896, 7263, 31839, 21842], [24580, 4810, 8614, 21551, 8058, 19028, 33299, 9009], [9244, 34547, 24038, 12734, 11701, 5802, 8271, 15521], [29894, 29225, 24584, 21438, 24350, 24583, 15821, 19029], [24585, 27803, 27626, 27797, 27742, 27823, 27766, 27801], [24588, 13962, 33134, 24633, 8900, 8483, 28425, 6], [25308, 26187, 25085, 24187, 17211, 24168, 25088, 18689], [21551, 2381, 15982, 26625, 11293, 25408, 8874, 32280], [24592, 10394, 28978, 22544, 3418, 14610, 18734, 30051], [31839, 31576, 31669, 29894, 24309, 26902, 32164, 9008], [31839, 25327, 32452, 20519, 31692, 30601, 24179, 11680], [19029, 24602, 26428, 24596, 4202, 15509, 29894, 10629], [32175, 3983, 24346, 13200, 31899, 21777, 35347, 13247], [26139, 29818, 30420, 20837, 31847, 7872, 5055, 1516], [30458, 25883, 18264, 26071, 20574, 7674, 3119, 7994], [26458, 21975, 17846, 20981, 28309, 19618, 23430, 8053], [20572, 24607, 15002, 20601, 3611, 11855, 21452, 24881], [19310, 7217, 9286, 9433, 19387, 15871, 9828, 8489], [24611, 11759, 26598, 35899, 34450, 10957, 31493, 23571], [19066, 24632, 11351, 26106, 13348, 32918, 24269, 32630], [26651, 16294, 9614, 24632, 4447, 24646, 9539, 19344], [11292, 1865, 24994, 20977, 9436, 10849, 34694, 35455], [19313, 18199, 35895, 17440, 33655, 4458, 6115, 7264], [35146, 33942, 5433, 32692, 21214, 26673, 9798, 4883], [8804, 31468, 23330, 9783, 20494, 23275, 23739, 15752], [26062, 1865, 1333, 15155, 9782, 18885, 6115, 34079], [32224, 13672, 30818, 4061, 26874, 5273, 24626, 29378], [20283, 1070, 23653, 18064, 20384, 20258, 4172, 27870], [24215, 24629, 7696, 26276, 16070, 7674, 2447, 24098], [10541, 27765, 20303, 14042, 27011, 12777, 1995, 3532], [20283, 1070, 23653, 3520, 1242, 18064, 20384, 27860], [9469, 23512, 3654, 24633, 33562, 5123, 31196, 33212], [9590, 11164, 15745, 24283, 8803, 21845, 2724, 11937], [28284, 17084, 328, 23844, 8720, 8646, 14237, 25332], [20283, 1070, 23653, 3520, 1242, 18064, 20384, 27860], [24631, 24152, 24632, 24144, 24229, 24133, 6691, 24215], [18140, 8055, 5293, 12160, 17998, 4724, 35054, 12784], [20283, 1070, 1242, 3520, 23653, 23137, 18064, 20384], [4560, 364, 24164, 7431, 19983, 7202, 4472, 15056], [31001, 538, 14042, 8037, 651, 36147, 4502, 10232], [11015, 10370, 6315, 15222, 24632, 13411, 32856, 7674], [27765, 27011, 3532, 23390, 31330, 12777, 25398, 14042], [20283, 1070, 23653, 3520, 1242, 18064, 20384, 27860], [24639, 25218, 1496, 22359, 27728, 5252, 27548, 15550], [24235, 27926, 10167, 24101, 24102, 7176, 7665, 12817], [10541, 27765, 20303, 14042, 27011, 12777, 1995, 3532], [20283, 1070, 23653, 3520, 1242, 18064, 20384, 27860], [13496, 29566, 16388, 5652, 17261, 3691, 29468, 7276], [12670, 402, 18438, 19715, 26764, 15083, 31925, 23685], [9334, 24272, 21067, 26428, 8906, 20756, 4456, 24080], [22790, 8816, 7603, 4202, 16913, 9008, 13688, 15553], [27096, 16207, 15871, 33456, 20756, 7087, 35497, 16151], [9172, 33629, 20535, 26869, 8191, 6946, 35615, 35067], [9238, 9383, 7202, 7105, 26428, 29781, 4560, 8380], [23249, 2556, 26316, 2563, 12587, 5432, 12060, 26317], [31137, 24675, 29276, 2453, 20939, 2423, 12106, 29719], [1359, 8245, 1172, 19332, 14813, 6425, 24745, 1914], [24881, 12513, 3611, 20939, 7294, 17846, 24745, 5770], [9154, 3388, 27116, 29693, 15216, 10653, 9025, 12432], [15370, 26428, 17739, 18427, 9059, 9334, 11093, 13182], [24686, 11409, 26583, 9432, 13335, 9914, 23505, 27964], [33655, 17571, 4217, 35115, 7387, 21629, 35302, 9538], [24614, 26829, 7508, 30406, 17110, 20291, 17081, 15230], [30918, 9810, 24352, 17736, 24689, 18889, 35272, 32103], [17739, 8816, 7202, 32279, 35589, 9238, 27956, 26428], [35615, 19310, 12067, 23467, 16410, 35533, 15813, 8921], [2373, 2569, 30215, 35393, 1448, 9872, 22923, 1579], [6814, 6141, 7479, 5932, 2373, 26062, 4652, 9563], [11423, 9733, 9467, 11949, 8900, 30287, 7447, 30473], [31839, 23913, 13711, 7617, 30330, 21662, 34803, 12062], [20966, 4560, 3023, 17516, 4642, 7217, 11432, 8816], [7217, 9216, 7356, 32511, 9614, 12238, 6828, 8342]]}, "demosthenes_1877": {"tgt_lang": "en", "transl_top1": 0.04054054054054054, "transl_top5": 0.13513513513513514, "transl_top10": 0.17567567567567569, "num_nulls": 0, "num_tgt_sents": 7775,