{"num_src_sents": 42, "justin_cNepos_eutropius_1902": {"tgt_lang": "en", "transl_top1": 0.35714285714285715, "transl_top5": 0.42857142857142855, "transl_top10": 0.47619047619047616, "num_nulls": 0, "num_tgt_sents": 9841}, "corneliusNepos_1856": {"tgt_lang": "de", "transl_top1": 0.4523809523809524, "transl_top5": 0.6904761904761905, "transl_top10": 0.8095238095238095, "num_nulls": 0, "num_tgt_sents": 2320}, "num_translations": 2, "text_top1": 0.40476190476190477, "text_top5": 0.5595238095238095, "text_top10": 0.6428571428571428}