{"num_src_sents": 110, "hesiod_nd": {"tgt_lang": "fr", "transl_top1": 0.07272727272727272, "transl_top5": 0.14545454545454545, "transl_top10": 0.21818181818181817, "num_nulls": 0, "num_tgt_sents": 3571, "retrieval_preds": [[363, 372, 2154, 1039, 360, 2725, 378, 356], [3053, 2517, 1683, 375, 319, 3059, 2353, 555], [377, 354, 1630, 2671, 371, 1768, 363, 94], [378, 402, 572, 363, 202, 360, 902, 359], [230, 14, 317, 380, 341, 2576, 50, 880], [381, 570, 532, 2094, 567, 1, 2649, 2391], [2229, 1768, 1229, 895, 530, 2213, 749, 323], [332, 344, 94, 363, 1077, 192, 350, 2977], [363, 356, 359, 2222, 2787, 357, 898, 2464], [298, 1638, 1125, 388, 908, 1563, 374, 693], [389, 3269, 431, 921, 550, 572, 2665, 742], [2076, 3044, 504, 2173, 458, 2989, 616, 2716], [1011, 356, 1090, 363, 1086, 1142, 1040, 1027], [2517, 363, 153, 2855, 356, 346, 392, 3506], [353, 394, 1890, 363, 1039, 2205, 2826, 898], [356, 359, 354, 125, 3374, 393, 363, 116], [397, 1906, 2935, 352, 202, 2129, 897, 2375], [398, 2094, 410, 908, 394, 241, 2184, 2531], [399, 401, 3437, 393, 369, 137, 2581, 2584], [644, 400, 2332, 632, 253, 2195, 1780, 3203], [1890, 356, 572, 1040, 363, 360, 1083, 1142], [363, 368, 360, 1890, 1077, 402, 616, 356], [439, 2527, 75, 3131, 3501, 2133, 3143, 420], [439, 650, 2771, 2174, 423, 1530, 484, 2456], [363, 359, 2516, 356, 3374, 1890, 116, 1039], [3367, 296, 1847, 2935, 431, 1147, 1279, 848], [1205, 2527, 455, 3050, 1814, 3063, 1813, 2989], [299, 1011, 1040, 241, 534, 1151, 1110, 2784], [3369, 246, 2383, 2017, 538, 3365, 260, 162], [1202, 1776, 830, 3165, 428, 103, 3269, 1118], [131, 441, 368, 360, 94, 96, 95, 129], [1788, 2906, 3411, 1632, 3247, 2527, 2220, 3367], [434, 649, 1142, 1090, 299, 475, 318, 2317], [437, 3194, 334, 2471, 319, 2424, 436, 2016], [1054, 1542, 3107, 1153, 334, 3143, 1812, 1444], [438, 63, 291, 3272, 2951, 670, 784, 472], [439, 2109, 241, 3471, 306, 2130, 2331, 830], [438, 452, 1812, 2663, 440, 1719, 1915, 967], [441, 363, 360, 131, 368, 1151, 572, 129], [443, 362, 131, 95, 129, 2, 532, 360], [783, 1196, 3270, 291, 1429, 1198, 238, 213], [1890, 353, 363, 299, 360, 356, 428, 447], [449, 351, 281, 277, 363, 341, 128, 261], [3407, 360, 1099, 1, 3119, 3312, 356, 450], [454, 990, 1024, 453, 95, 1107, 368, 360], [298, 458, 457, 1563, 1451, 341, 3501, 2527], [457, 241, 465, 189, 2787, 1279, 1441, 172], [1563, 3049, 446, 645, 3368, 1632, 2353, 461], [356, 1011, 1142, 3471, 1040, 1063, 1890, 3293], [2904, 457, 1768, 465, 2850, 3152, 2644, 300], [103, 2806, 100, 284, 104, 1591, 2896, 90], [3553, 420, 3471, 1222, 6, 73, 1205, 0], [1362, 1431, 2074, 3434, 2431, 1849, 2284, 1559], [468, 1270, 284, 216, 103, 696, 2669, 2837], [381, 469, 437, 428, 479, 851, 262, 382], [473, 75, 368, 363, 371, 1137, 360, 2130], [469, 3277, 503, 437, 2062, 428, 261, 499], [3277, 1142, 1011, 1090, 1086, 3119, 1027, 2], [1509, 1205, 3439, 1917, 1441, 1959, 1798, 3380], [478, 139, 345, 393, 2133, 1114, 2094, 647], [276, 469, 246, 445, 1067, 2363, 3266, 3019], [2151, 218, 1058, 254, 1465, 1608, 3554, 458], [614, 480, 898, 2961, 423, 325, 1120, 2825], [298, 1205, 306, 291, 319, 72, 3143, 3447], [3463, 3293, 3277, 95, 1039, 360, 2130, 3439], [458, 906, 2828, 632, 2326, 312, 2000, 2585], [363, 2161, 1183, 1455, 25, 21, 620, 3051], [491, 3284, 3289, 3463, 3515, 437, 3080, 3312], [3157, 3441, 2191, 1643, 3161, 722, 3519, 76], [1632, 503, 1719, 1701, 103, 489, 438, 493], [3277, 1040, 1142, 2, 299, 3463, 1063, 1086], [2573, 1576, 501, 888, 1823, 3222, 2017, 493], [498, 201, 2527, 3042, 2591, 420, 3353, 3437], [491, 299, 437, 570, 2323, 1, 2318, 298], [670, 3184, 3272, 2248, 2855, 628, 623, 683], [502, 262, 530, 2587, 2586, 455, 1701, 2352], [2686, 3272, 275, 240, 1451, 755, 683, 3171], [504, 90, 284, 272, 1058, 3042, 6, 344], [623, 552, 291, 2318, 888, 531, 132, 3131], [3219, 6, 330, 546, 3453, 2669, 506, 1668], [363, 356, 529, 2378, 355, 357, 123, 3374], [1151, 1077, 41, 3547, 1105, 1459, 2173, 555], [507, 401, 516, 192, 397, 323, 567, 566], [555, 610, 2855, 153, 2844, 2254, 2904, 1510], [90, 517, 103, 1788, 49, 2090, 369, 3411], [2000, 722, 3318, 208, 458, 3272, 2385, 503], [2610, 519, 79, 182, 1906, 563, 1697, 2497], [1362, 200, 279, 1870, 104, 287, 595, 2141], [3132, 2270, 1450, 1500, 528, 811, 392, 569], [2090, 529, 359, 2587, 0, 137, 450, 1683], [489, 1588, 3155, 1701, 446, 722, 493, 1563], [531, 552, 1040, 3277, 320, 1083, 1085, 331], [570, 532, 0, 1896, 363, 137, 44, 393], [688, 202, 3185, 1205, 342, 2807, 2270, 2353], [3312, 534, 1890, 2784, 356, 1703, 3463, 3349], [1040, 172, 2, 1083, 1185, 95, 1142, 1016], [3277, 320, 1083, 1040, 531, 1011, 1142, 241], [543, 457, 3045, 393, 2787, 450, 2270, 148], [201, 2222, 356, 2504, 2173, 2825, 1011, 363], [2527, 2349, 546, 2748, 3367, 3306, 1856, 1889], [1142, 356, 1890, 1011, 1027, 299, 1039, 1040], [241, 552, 531, 306, 1902, 902, 1040, 3233], [2855, 1890, 363, 360, 356, 1077, 402, 172], [555, 1510, 1325, 562, 287, 140, 2180, 153], [356, 363, 1890, 353, 359, 368, 116, 360], [566, 567, 125, 448, 94, 328, 669, 2593], [567, 357, 201, 125, 393, 2593, 392, 363], [568, 2767, 34, 2649, 2844, 1242, 12, 372], [570, 532, 363, 2417, 2391, 356, 392, 1896], [1449, 572, 616, 306, 1899, 898, 2413, 2855]]}, "hesiod-callim-theogn_1897": {"tgt_lang": "en", "transl_top1": 0.13636363636363635, "transl_top5": 0.21818181818181817, "transl_top10": 0.3090909090909091, "num_nulls": 0, "num_tgt_sents": 8276,