{"num_src_sents": 45, "lucian_1866_1": {"tgt_lang": "de", "transl_top1": 0.044444444444444446, "transl_top5": 0.1111111111111111, "transl_top10": 0.15555555555555556, "num_nulls": 0, "num_tgt_sents": 4624, "retrieval_preds": [[3990, 3643, 3889, 532, 4323, 2371, 3893, 4162], [3962, 179, 3963, 678, 2637, 2671, 175, 1792], [677, 368, 296, 434, 3530, 447, 4527, 4043], [4158, 4314, 281, 15, 3999, 342, 1849, 1798], [461, 1945, 215, 2518, 2664, 2600, 705, 2514], [4307, 4293, 4122, 1744, 437, 1418, 435, 15], [642, 224, 2726, 1721, 1233, 3369, 3467, 3257], [1589, 4077, 100, 141, 1969, 1998, 1744, 228], [4475, 4467, 173, 1424, 232, 993, 4392, 3377], [1097, 4043, 4480, 2791, 936, 1449, 4162, 4482], [296, 4425, 4315, 382, 4158, 4418, 447, 395], [4068, 4425, 502, 4162, 1418, 350, 2386, 452], [4619, 14, 512, 3331, 4239, 1744, 4158, 4162], [944, 4567, 3915, 4614, 4611, 1492, 4568, 4239], [4158, 546, 4567, 88, 350, 3328, 368, 4068], [368, 952, 3365, 911, 3391, 4614, 993, 3507], [4239, 4299, 452, 4300, 3985, 3200, 3154, 350], [3660, 174, 4068, 14, 3262, 4527, 3316, 4535], [2629, 1911, 4431, 373, 4019, 379, 3908, 337], [3423, 228, 2167, 913, 3318, 4162, 4601, 3316], [4300, 4293, 1798, 3154, 3318, 15, 2617, 4576], [4538, 1998, 1473, 459, 1444, 3742, 3585, 1275], [942, 957, 478, 1922, 3285, 4482, 248, 305], [4425, 3200, 4616, 2736, 2692, 4068, 296, 4162], [3200, 3893, 544, 2475, 279, 294, 4467, 4425], [4527, 350, 4550, 546, 465, 339, 813, 232], [1055, 3894, 3543, 345, 993, 573, 1209, 1606], [296, 2602, 447, 4299, 2616, 2614, 4300, 382], [993, 1109, 751, 4465, 3708, 434, 532, 2791], [999, 955, 4038, 3981, 1967, 365, 484, 4075], [4162, 1744, 3889, 1944, 3893, 3315, 4239, 3331], [395, 2712, 3969, 662, 1944, 4488, 4407, 2617], [4425, 4315, 4254, 382, 4159, 2076, 4260, 974], [3905, 3940, 447, 4068, 168, 4045, 3331, 350], [2523, 1600, 667, 243, 1993, 3928, 2630, 636], [929, 3891, 370, 484, 509, 4069, 2186, 1173], [2435, 3331, 4611, 783, 1937, 3946, 2994, 754], [1549, 3940, 4239, 14, 4068, 4159, 546, 813], [3315, 3327, 1449, 438, 1002, 211, 3660, 2740], [339, 3940, 3907, 4527, 544, 3905, 3200, 3999], [3946, 368, 3889, 4488, 4101, 184, 4332, 3905], [232, 546, 4527, 88, 296, 4425, 4158, 4550], [4527, 3940, 2623, 382, 447, 4509, 3881, 3530], [3912, 2692, 368, 2710, 4068, 4474, 4043, 3318], [1814, 3331, 3533, 3660, 4425, 974, 4162, 4106]]}, "lucian_1867_3": {"tgt_lang": "de", "transl_top1": 0.044444444444444446, "transl_top5": 0.15555555555555556, "transl_top10": 0.15555555555555556, "num_nulls": 0, "num_tgt_sents": 3614, "retrieval_preds": [[1135, 1153, 2415, 225, 1155, 1176, 950, 1137], [2083, 2783, 876, 1920, 2151, 887, 3305, 2365], [789, 2062, 787, 1160, 1986, 2349, 786, 812], [2961, 575, 750, 582, 2803, 493, 2752, 1566], [1219, 2276, 1975, 3046, 1398, 485, 2228, 2249], [1961, 778, 1378, 1175, 1488, 1182, 2452, 787], [1424, 1888, 2373, 3421, 2498, 3589, 3553, 640], [1143, 950, 2710, 1091, 1176, 2707, 1537, 365], [923, 1982, 840, 2459, 1138, 1144, 1175, 2457], [787, 2464, 789, 2539, 1153, 1011, 1175, 2357], [575, 345, 789, 493, 950, 767, 1153, 750], [1153, 1155, 789, 2088, 787, 2153, 786, 2049], [1155, 1153, 1670, 1097, 2153, 575, 2977, 1175], [1077, 1662, 601, 428, 2707, 837, 1155, 750], [1182, 789, 1175, 2349, 1160, 575, 785, 1153], [1312, 320, 854, 163, 1642, 852, 1709, 993], [1165, 2088, 2569, 2711, 2559, 1153, 1155, 2153], [1168, 2153, 789, 1153, 1143, 1175, 952, 1093], [2941, 651, 3007, 2215, 2950, 2729, 2810, 1713], [1170, 2707, 2559, 1172, 1169, 1182, 604, 787], [1172, 2601, 2559, 2452, 2711, 2359, 312, 2701], [1721, 1173, 747, 1092, 752, 1068, 2935, 806], [1182, 2523, 2539, 1009, 2150, 788, 1249, 787], [1175, 1182, 2355, 2711, 3159, 1153, 789, 787], [1176, 1143, 2977, 1144, 1175, 369, 955, 956], [1182, 1175, 1168, 785, 789, 2153, 940, 787], [1470, 1834, 1782, 2081, 864, 1535, 1384, 2772], [778, 789, 2711, 2349, 781, 787, 2641, 1182], [2772, 2707, 1571, 787, 1932, 778, 101, 3302], [2968, 2868, 1892, 126, 2759, 2963, 3313, 1738], [950, 789, 2719, 2711, 2167, 1571, 2415, 3216], [1191, 1197, 1670, 1155, 1405, 1910, 2641, 812], [917, 1182, 1491, 2578, 2224, 1168, 789, 225], [1199, 789, 341, 2977, 1909, 1175, 1197, 2641], [1200, 2757, 1905, 922, 1223, 881, 1671, 1380], [3606, 3023, 847, 2702, 1419, 1959, 1581, 365], [3057, 1477, 922, 2330, 3204, 2977, 2361, 950], [1205, 789, 785, 1175, 1153, 2711, 493, 1182], [2539, 1093, 787, 955, 940, 1199, 1886, 3412], [2349, 1175, 1961, 2641, 952, 879, 341, 785], [793, 790, 1670, 837, 3469, 2977, 2641, 2088], [1153, 2977, 1155, 789, 1175, 2153, 493, 1110], [1182, 2711, 1208, 1175, 2142, 785, 345, 787], [785, 789, 787, 2303, 962, 1160, 2415, 1122], [1182, 1108, 2404, 787, 950, 943, 1175, 2357]]}, "Lucian_1827_ht8": {"tgt_lang": "de", "transl_top1": 0.28888888888888886, "transl_top5": 0.4666666666666667, "transl_top10": 0.5555555555555556, "num_nulls": 0, "num_tgt_sents": 1131, "retrieval_preds": [[1033, 942, 476, 1034, 482, 971, 615, 704], [863, 805, 681, 722, 691, 740, 239, 590], [488, 1011, 485, 1127, 969, 961, 974, 175], [920, 478, 782, 847, 887, 1102, 710, 885], [621, 249, 441, 784, 529, 920, 828, 234], [544, 570, 1127, 545, 514, 567, 887, 466], [355, 413, 863, 895, 577, 923, 610, 393], [942, 719, 704, 924, 824, 714, 873, 756], [550, 942, 926, 974, 983, 575, 242, 941], [867, 488, 482, 221, 974, 485, 1090, 155], [1076, 1032, 478, 465, 961, 934, 887, 459], [942, 961, 488, 761, 1011, 482, 941, 591], [942, 847, 1069, 887, 982, 658, 492, 771], [946, 1067, 847, 982, 546, 492, 1076, 1090], [982, 1032, 946, 492, 1067, 887, 544, 478], [572, 1081, 104, 510, 616, 564, 517, 473], [956, 887, 465, 961, 969, 711, 966, 729], [961, 567, 704, 729, 942, 847, 701, 488], [416, 1020, 41, 967, 533, 965, 986, 937], [966, 969, 982, 967, 887, 961, 570, 615], [969, 755, 966, 1090, 887, 234, 544, 517], [970, 409, 103, 104, 929, 652, 867, 835], [493, 1020, 982, 485, 983, 1089, 1034, 997], [974, 465, 887, 1032, 1127, 175, 570, 485], [704, 705, 754, 976, 482, 707, 701, 1034], [982, 478, 495, 981, 259, 1011, 974, 1032], [983, 1104, 498, 16, 61, 520, 785, 765], [465, 259, 887, 488, 466, 570, 1127, 871], [974, 983, 1011, 1123, 485, 707, 465, 482], [943, 848, 1041, 663, 513, 543, 805, 838], [482, 1011, 974, 674, 693, 887, 346, 1033], [998, 492, 520, 843, 999, 517, 495, 469], [492, 693, 651, 982, 961, 570, 553, 847], [1010, 495, 259, 478, 1102, 887, 1011, 1023], [1011, 595, 1029, 577, 419, 662, 759, 623], [1012, 242, 501, 463, 419, 1011, 852, 468], [670, 693, 1070, 651, 1024, 1008, 658, 705], [567, 1102, 259, 1127, 961, 478, 981, 234], [764, 488, 704, 589, 1023, 615, 486, 974], [1023, 478, 1102, 1011, 259, 1024, 591, 514], [469, 495, 887, 1024, 1010, 102, 24, 465], [847, 567, 1031, 961, 942, 658, 1069, 478], [1024, 974, 1032, 1127, 887, 982, 478, 674], [1033, 674, 171, 711, 654, 221, 660, 678], [1127, 974, 772, 570, 485, 1020, 493, 704]]}, "luciusSamosata_1_1869": {"tgt_lang": "fr", "transl_top1": 0.1111111111111111, "transl_top5": 0.24444444444444444, "transl_top10": 0.28888888888888886, "num_nulls": 0, "num_tgt_sents": 14187,