{"num_src_sents": 1012, "plautus_1862_1": {"tgt_lang": "de", "transl_top1": 0.008893280632411068, "transl_top5": 0.03260869565217391, "transl_top10": 0.05632411067193676, "num_nulls": 0, "num_tgt_sents": 4446}, "plautus_1866_2": {"tgt_lang": "de", "transl_top1": 0.012845849802371542, "transl_top5": 0.038537549407114624, "transl_top10": 0.06818181818181818, "num_nulls": 0, "num_tgt_sents": 4445}, "plautus_3_1855": {"tgt_lang": "de", "transl_top1": 0.008893280632411068, "transl_top5": 0.03458498023715415, "transl_top10": 0.05731225296442688, "num_nulls": 0, "num_tgt_sents": 5003}, "plautus_4_1855": {"tgt_lang": "de", "transl_top1": 0.007905138339920948, "transl_top5": 0.0266798418972332, "transl_top10": 0.05632411067193676, "num_nulls": 0, "num_tgt_sents": 5818}, "num_translations": 4, "text_top1": 0.009634387351778656, "text_top5": 0.033102766798418976, "text_top10": 0.05953557312252965}