{"num_src_sents": 796, "aristophanes_1902": {"tgt_lang": "en", "transl_top1": 0.1507537688442211, "transl_top5": 0.3103015075376884, "transl_top10": 0.3957286432160804, "num_nulls": 0, "num_tgt_sents": 6621}, "aristophanes_1_1858": {"tgt_lang": "en", "transl_top1": 0.01256281407035176, "transl_top5": 0.035175879396984924, "transl_top10": 0.05527638190954774, "num_nulls": 0, "num_tgt_sents": 10625}, "aristophanes_1873": {"tgt_lang": "fr", "transl_top1": 0.10804020100502512, "transl_top5": 0.19974874371859297, "transl_top10": 0.24120603015075376, "num_nulls": 0, "num_tgt_sents": 14269}, "Aristophanes_1865": {"tgt_lang": "de", "transl_top1": 0.011306532663316583, "transl_top5": 0.03015075376884422, "transl_top10": 0.05025125628140704, "num_nulls": 0, "num_tgt_sents": 7905}, "aristophanes_3_1830": {"tgt_lang": "fr", "transl_top1": 0.00628140703517588, "transl_top5": 0.03391959798994975, "transl_top10": 0.06532663316582915, "num_nulls": 0, "num_tgt_sents": 4330}, "aristophanes_1_1830": {"tgt_lang": "fr", "transl_top1": 0.007537688442211055, "transl_top5": 0.04522613065326633, "transl_top10": 0.07160804020100503, "num_nulls": 0, "num_tgt_sents": 2544}, "aristophanes_1907_1": {"tgt_lang": "en", "transl_top1": 0.2537688442211055, "transl_top5": 0.4082914572864322, "transl_top10": 0.4685929648241206, "num_nulls": 0, "num_tgt_sents": 8398}, "tlg0019.tlg010.ogl-eng2": {"tgt_lang": "en", "transl_top1": 0.1507537688442211, "transl_top5": 0.3103015075376884, "transl_top10": 0.3957286432160804, "num_nulls": 0, "num_tgt_sents": 6621}, "num_translations": 8, "text_top1": 0.08762562814070352, "text_top5": 0.1716394472361809, "text_top10": 0.21796482412060303}