{"num_src_sents": 66, "lysias_1856": {"tgt_lang": "de", "transl_top1": 0.3181818181818182, "transl_top5": 0.42424242424242425, "transl_top10": 0.5454545454545454, "num_nulls": 0, "num_tgt_sents": 5319}, "num_translations": 1, "text_top1": 0.3181818181818182, "text_top5": 0.42424242424242425, "text_top10": 0.5454545454545454}