{"num_src_sents": 204, "plutarch_4_1908": {"tgt_lang": "en", "transl_top1": 0.5, "transl_top5": 0.6813725490196079, "transl_top10": 0.7598039215686274, "num_nulls": 0, "num_tgt_sents": 13066}, "plutarch_nd": {"tgt_lang": "de", "transl_top1": 0.35784313725490197, "transl_top5": 0.6078431372549019, "transl_top10": 0.6715686274509803, "num_nulls": 0, "num_tgt_sents": 10643}, "plutarch_3_1908": {"tgt_lang": "en", "transl_top1": 0.024509803921568627, "transl_top5": 0.06372549019607843, "transl_top10": 0.10294117647058823, "num_nulls": 0, "num_tgt_sents": 6633}, "num_translations": 3, "text_top1": 0.29411764705882354, "text_top5": 0.4509803921568627, "text_top10": 0.511437908496732}