{"num_src_sents": 326, "plato_3_1826": {"tgt_lang": "fr", "transl_top1": 0.012269938650306749, "transl_top5": 0.06441717791411043, "transl_top10": 0.10429447852760736, "num_nulls": 0, "num_tgt_sents": 3903}, "plato_6_1854": {"tgt_lang": "en", "transl_top1": 0.03987730061349693, "transl_top5": 0.07668711656441718, "transl_top10": 0.1196319018404908, "num_nulls": 0, "num_tgt_sents": 9064}, "plato_1_1846": {"tgt_lang": "fr", "transl_top1": 0.02147239263803681, "transl_top5": 0.04294478527607362, "transl_top10": 0.0950920245398773, "num_nulls": 0, "num_tgt_sents": 3203}, "plato_1_1848": {"tgt_lang": "en", "transl_top1": 0.03374233128834356, "transl_top5": 0.10122699386503067, "transl_top10": 0.1196319018404908, "num_nulls": 0, "num_tgt_sents": 12817}, "plato_2_1849": {"tgt_lang": "en", "transl_top1": 0.012269938650306749, "transl_top5": 0.06441717791411043, "transl_top10": 0.07668711656441718, "num_nulls": 0, "num_tgt_sents": 9568}, "plato_5_1852": {"tgt_lang": "en", "transl_top1": 0.018404907975460124, "transl_top5": 0.024539877300613498, "transl_top10": 0.06441717791411043, "num_nulls": 0, "num_tgt_sents": 8721}, "plato_1855-1903_4": {"tgt_lang": "de", "transl_top1": 0.03987730061349693, "transl_top5": 0.08282208588957055, "transl_top10": 0.10429447852760736, "num_nulls": 0, "num_tgt_sents": 7126}, "plato_1855-1903_3": {"tgt_lang": "de", "transl_top1": 0.024539877300613498, "transl_top5": 0.07975460122699386, "transl_top10": 0.1165644171779141, "num_nulls": 0, "num_tgt_sents": 7777}, "plato_1855-1903_1": {"tgt_lang": "de", "transl_top1": 0.015337423312883436, "transl_top5": 0.049079754601226995, "transl_top10": 0.0736196319018405, "num_nulls": 0, "num_tgt_sents": 3965}, "plato_1855-1903_2": {"tgt_lang": "de", "transl_top1": 0.015337423312883436, "transl_top5": 0.05828220858895705, "transl_top10": 0.09202453987730061, "num_nulls": 0, "num_tgt_sents": 6411}, "plato_3_1850": {"tgt_lang": "en", "transl_top1": 0.009202453987730062, "transl_top5": 0.08282208588957055, "transl_top10": 0.12883435582822086, "num_nulls": 0, "num_tgt_sents": 13689}, "num_translations": 14, "text_top1": 0.017309377738825592, "text_top5": 0.05192813321647678, "text_top10": 0.07822085889570553}