{"num_src_sents": 5757, "plato_3_1826": {"tgt_lang": "fr", "transl_top1": 0.0019107173875282265, "transl_top5": 0.00868507903421921, "transl_top10": 0.014590932777488274, "num_nulls": 698, "num_tgt_sents": 3903}, "plato_6_1854": {"tgt_lang": "en", "transl_top1": 0.0036477331943720686, "transl_top5": 0.006079555323953448, "transl_top10": 0.008337675872850442, "num_nulls": 0, "num_tgt_sents": 9064}, "plato_1_1846": {"tgt_lang": "fr", "transl_top1": 0.002258120548896995, "transl_top5": 0.008858780614903595, "transl_top10": 0.017022754907069653, "num_nulls": 1074, "num_tgt_sents": 3203}, "plato_1_1848": {"tgt_lang": "en", "transl_top1": 0.022407503908285567, "transl_top5": 0.02831335765155463, "transl_top10": 0.03213479242661108, "num_nulls": 14, "num_tgt_sents": 12817}, "plato_2_1849": {"tgt_lang": "en", "transl_top1": 0.0026055237102657635, "transl_top5": 0.006600660066006601, "transl_top10": 0.01024839326037867, "num_nulls": 10, "num_tgt_sents": 9568}, "plato_5_1852": {"tgt_lang": "en", "transl_top1": 0.31092582942504776, "transl_top5": 0.4304325169359041, "transl_top10": 0.48653812749696024, "num_nulls": 13, "num_tgt_sents": 8721}, "plato_3_1850": {"tgt_lang": "en", "transl_top1": 0.004168837936425221, "transl_top5": 0.007990272711481675, "transl_top10": 0.012159110647906896, "num_nulls": 3, "num_tgt_sents": 13689}, "num_translations": 7, "text_top1": 0.04970346658726023, "text_top5": 0.07099431747686047, "text_top10": 0.08300454105560932}