{"num_src_sents": 126, "demosthenes_1902": {"tgt_lang": "en", "transl_top1": 0.4523809523809524, "transl_top5": 0.626984126984127, "transl_top10": 0.7222222222222222, "num_nulls": 0, "num_tgt_sents": 6778}, "demosthenes_aeschynes_1861": {"tgt_lang": "fr", "transl_top1": 0.047619047619047616, "transl_top5": 0.09523809523809523, "transl_top10": 0.1349206349206349, "num_nulls": 0, "num_tgt_sents": 36182}, "num_translations": 2, "text_top1": 0.25, "text_top5": 0.3611111111111111, "text_top10": 0.42857142857142855}