{"num_src_sents": 109, "plutarch_1898_ethical": {"tgt_lang": "en", "transl_top1": 0.3577981651376147, "transl_top5": 0.5229357798165137, "transl_top10": 0.5779816513761468, "num_nulls": 0, "num_tgt_sents": 5242}, "plutarch_1_1844": {"tgt_lang": "fr", "transl_top1": 0.01834862385321101, "transl_top5": 0.06422018348623854, "transl_top10": 0.11926605504587157, "num_nulls": 0, "num_tgt_sents": 8121}, "plutarch_2_1844": {"tgt_lang": "fr", "transl_top1": 0.14678899082568808, "transl_top5": 0.26605504587155965, "transl_top10": 0.3119266055045872, "num_nulls": 0, "num_tgt_sents": 7523}, "num_translations": 3, "text_top1": 0.1743119266055046, "text_top5": 0.2844036697247706, "text_top10": 0.3363914373088685}