{"num_src_sents": 2535, "aristotle_1855-1907_5": {"tgt_lang": "de", "transl_top1": 0.2465483234714004, "transl_top5": 0.42248520710059173, "transl_top10": 0.4986193293885602, "num_nulls": 1, "num_tgt_sents": 6432}, "aristotle_2_1902": {"tgt_lang": "en", "transl_top1": 0.0015779092702169625, "transl_top5": 0.010650887573964497, "transl_top10": 0.016962524654832348, "num_nulls": 0, "num_tgt_sents": 7716}, "aristotle_1_1908": {"tgt_lang": "en", "transl_top1": 0.32859960552268247, "transl_top5": 0.4891518737672584, "transl_top10": 0.557396449704142, "num_nulls": 0, "num_tgt_sents": 4899}, "num_translations": 3, "text_top1": 0.19224194608809997, "text_top5": 0.3074293228139382, "text_top10": 0.3576594345825115}