{"num_src_sents": 600, "appian_1830_5": {"tgt_lang": "de", "transl_top1": 0.013333333333333334, "transl_top5": 0.04, "transl_top10": 0.065, "num_nulls": 0, "num_tgt_sents": 7584}, "appian_1832_10": {"tgt_lang": "de", "transl_top1": 0.01, "transl_top5": 0.025, "transl_top10": 0.05, "num_nulls": 0, "num_tgt_sents": 12614}, "Appianus_1828": {"tgt_lang": "de", "transl_top1": 0.465, "transl_top5": 0.6183333333333333, "transl_top10": 0.6883333333333334, "num_nulls": 0, "num_tgt_sents": 6120}, "num_translations": 3, "text_top1": 0.16277777777777777, "text_top5": 0.22777777777777777, "text_top10": 0.2677777777777778}