{"num_src_sents": 266, "luca_siliusItalicus_claudius_1842": {"tgt_lang": "fr", "transl_top1": 0.3233082706766917, "transl_top5": 0.4924812030075188, "transl_top10": 0.575187969924812, "num_nulls": 0, "num_tgt_sents": 20880}, "num_translations": 1, "text_top1": 0.3233082706766917, "text_top5": 0.4924812030075188, "text_top10": 0.575187969924812}