{"num_src_sents": 1062, "plautus_1862_1": {"tgt_lang": "de", "transl_top1": 0.007532956685499058, "transl_top5": 0.031073446327683617, "transl_top10": 0.05367231638418079, "num_nulls": 0, "num_tgt_sents": 4446}, "plautus_1866_2": {"tgt_lang": "de", "transl_top1": 0.005649717514124294, "transl_top5": 0.035781544256120526, "transl_top10": 0.06591337099811675, "num_nulls": 0, "num_tgt_sents": 4445}, "plautus_4_1855": {"tgt_lang": "de", "transl_top1": 0.08192090395480225, "transl_top5": 0.12146892655367232, "transl_top10": 0.16290018832391714, "num_nulls": 0, "num_tgt_sents": 5818}, "plautus_3_1855": {"tgt_lang": "de", "transl_top1": 0.009416195856873822, "transl_top5": 0.038606403013182675, "transl_top10": 0.0583804143126177, "num_nulls": 0, "num_tgt_sents": 5003}, "num_translations": 4, "text_top1": 0.026129943502824857, "text_top5": 0.05673258003766479, "text_top10": 0.0852165725047081}