{"num_src_sents": 46, "lucian_1827_7": {"tgt_lang": "de", "transl_top1": 0.021739130434782608, "transl_top5": 0.15217391304347827, "transl_top10": 0.2391304347826087, "num_nulls": 0, "num_tgt_sents": 4692}, "lucian_1831_13": {"tgt_lang": "de", "transl_top1": 0.06521739130434782, "transl_top5": 0.08695652173913043, "transl_top10": 0.1956521739130435, "num_nulls": 0, "num_tgt_sents": 4049}, "lucian_1866_1": {"tgt_lang": "de", "transl_top1": 0.0, "transl_top5": 0.10869565217391304, "transl_top10": 0.15217391304347827, "num_nulls": 0, "num_tgt_sents": 4624}, "lucian_1867_3": {"tgt_lang": "de", "transl_top1": 0.06521739130434782, "transl_top5": 0.13043478260869565, "transl_top10": 0.21739130434782608, "num_nulls": 0, "num_tgt_sents": 3614}, "Lucian_1827_ht8": {"tgt_lang": "de", "transl_top1": 0.043478260869565216, "transl_top5": 0.2826086956521739, "transl_top10": 0.34782608695652173, "num_nulls": 0, "num_tgt_sents": 1131}, "num_translations": 5, "text_top1": 0.03913043478260869, "text_top5": 0.15217391304347827, "text_top10": 0.23043478260869565}