{"num_src_sents": 521, "philo_4_1855": {"tgt_lang": "en", "transl_top1": 0.013435700575815739, "transl_top5": 0.05182341650671785, "transl_top10": 0.0690978886756238, "num_nulls": 0, "num_tgt_sents": 7517}, "philo_2_1854": {"tgt_lang": "en", "transl_top1": 0.46065259117082535, "transl_top5": 0.6276391554702495, "transl_top10": 0.7044145873320538, "num_nulls": 0, "num_tgt_sents": 7912}, "philo_1_1854": {"tgt_lang": "en", "transl_top1": 0.003838771593090211, "transl_top5": 0.030710172744721688, "transl_top10": 0.061420345489443376, "num_nulls": 0, "num_tgt_sents": 8507}, "num_translations": 3, "text_top1": 0.1593090211132438, "text_top5": 0.23672424824056304, "text_top10": 0.2783109404990403}