{"num_src_sents": 37, "lysias_1856": {"tgt_lang": "de", "transl_top1": 0.32432432432432434, "transl_top5": 0.6216216216216216, "transl_top10": 0.7027027027027027, "num_nulls": 0, "num_tgt_sents": 5319, "retrieval_preds": [[1030, 4647, 3858, 548, 261, 1808, 1003, 3412], [1034, 1067, 1153, 1488, 1921, 3779, 453, 2125], [1760, 1746, 4659, 2951, 2523, 2546, 4236, 2484], [1039, 4137, 3573, 2841, 1614, 882, 1268, 2815], [1043, 3711, 2795, 1457, 715, 2044, 3408, 671], [547, 1046, 858, 4620, 1013, 2698, 4467, 2530], [1047, 1805, 1956, 1743, 2441, 1505, 2313, 1379], [1901, 4258, 1048, 1924, 880, 4412, 4199, 1572], [1049, 2592, 1977, 510, 1544, 1524, 3079, 2497], [1784, 1783, 2530, 3908, 444, 3159, 2388, 3413], [1052, 2405, 1980, 4396, 2323, 1153, 3413, 2530], [1053, 2466, 3200, 3139, 2771, 3358, 3288, 586], [1055, 1089, 1068, 3398, 2521, 4764, 4137, 2498], [374, 3769, 1272, 1056, 2542, 4193, 3347, 5259], [1057, 4509, 2830, 161, 2356, 1276, 1798, 1542], [2234, 4616, 1413, 2593, 2073, 1416, 1122, 500], [848, 1060, 966, 1174, 1005, 715, 3709, 2425], [848, 3983, 4417, 1061, 2699, 851, 715, 2207], [2005, 1366, 3329, 1399, 2791, 2871, 3755, 1525], [1735, 1426, 1377, 2185, 1394, 1435, 1065, 2513], [1067, 1068, 2687, 4481, 1492, 3537, 3903, 1515], [1269, 3338, 2733, 2791, 716, 2831, 1092, 3961], [1686, 1435, 1808, 3903, 2513, 1085, 1692, 4582], [663, 792, 1074, 678, 4472, 3486, 2710, 2571], [1075, 3159, 2429, 508, 3987, 953, 1178, 1049], [2687, 1808, 1998, 1003, 4589, 2945, 3858, 1686], [4104, 4388, 1085, 2399, 4133, 1734, 1980, 2513], [2153, 2405, 1181, 4042, 2024, 3672, 4192, 3133], [4117, 1013, 3338, 2237, 3421, 2568, 1088, 1183], [1089, 1068, 1784, 2817, 4054, 2464, 2530, 4120], [2513, 1735, 1855, 1614, 4133, 1435, 3858, 1808], [1771, 2117, 3288, 1122, 3731, 3759, 888, 2234], [1289, 1099, 3021, 2967, 1426, 1735, 695, 3489], [3759, 2141, 3901, 4646, 4184, 1586, 1125, 3234], [1103, 3787, 3895, 1460, 2916, 3868, 970, 1428], [1104, 1441, 2183, 4192, 1426, 3732, 1052, 1884], [1106, 1686, 2242, 2967, 4646, 4634, 3475, 1492]]}, "num_translations": 1, "text_top1": 0.32432432432432434, "text_top5": 0.6216216216216216, "text_top10": 0.7027027027027027}