{"num_src_sents": 151, "plutarch_2_1844": {"tgt_lang": "fr", "transl_top1": 0.2980132450331126, "transl_top5": 0.4768211920529801, "transl_top10": 0.543046357615894, "num_nulls": 0, "num_tgt_sents": 7523, "retrieval_preds": [[1636, 1648, 1634, 1659, 1899, 7412, 5996, 4132], [7294, 4944, 4951, 4956, 4938, 2514, 6884, 7366], [2331, 1638, 664, 4961, 7210, 4691, 2749, 7281], [2488, 1641, 5101, 3927, 6814, 5999, 127, 495], [1653, 1908, 7008, 2038, 1648, 5924, 1838, 5525], [2395, 2396, 6109, 6299, 5126, 6565, 3459, 3964], [4675, 727, 4458, 1646, 5372, 3800, 4478, 4714], [1648, 3236, 3923, 3220, 3620, 6647, 6038, 4241], [1648, 3660, 3756, 2081, 5714, 1899, 4423, 1909], [1653, 3660, 2877, 1648, 2881, 179, 3704, 2081], [1654, 1889, 4047, 3924, 3621, 4011, 3854, 3801], [1659, 1781, 1653, 1899, 1893, 1888, 5714, 2081], [1900, 3233, 3204, 4226, 1664, 1648, 5092, 6084], [2467, 3373, 2522, 6184, 2510, 5885, 4456, 6081], [1667, 1166, 1593, 1234, 3286, 1672, 1629, 2431], [5126, 5252, 6969, 6703, 2161, 6892, 6702, 1759], [1670, 3843, 831, 2200, 1629, 1687, 4888, 1293], [1671, 623, 3732, 258, 606, 1161, 2368, 603], [1672, 665, 2176, 3587, 2372, 1919, 1069, 4866], [1679, 2510, 1893, 2724, 3633, 2081, 2002, 2616], [1142, 1680, 5132, 4527, 6942, 2514, 4443, 556], [6429, 4029, 2046, 5963, 5547, 3401, 5613, 5675], [1683, 1842, 2207, 1888, 2679, 2438, 6981, 2465], [1687, 2549, 2561, 2550, 5714, 1890, 1203, 1689], [1688, 1698, 5997, 5902, 1806, 3017, 5282, 3344], [1689, 1203, 2326, 1917, 2785, 3291, 2549, 1684], [1690, 1191, 1087, 2561, 7043, 1044, 2399, 979], [323, 1690, 3417, 3235, 1743, 5870, 1368, 3764], [1695, 1694, 2549, 6429, 2485, 2682, 1060, 247], [159, 576, 758, 5748, 1641, 1109, 962, 283], [6110, 630, 2888, 3685, 5384, 6299, 6111, 5175], [1806, 582, 1687, 1679, 1696, 2785, 5645, 1707], [4561, 4338, 4460, 458, 4333, 2750, 74, 4394], [1700, 607, 2527, 3216, 2487, 1808, 1850, 5675], [1701, 1810, 906, 5759, 1688, 1831, 1919, 1822], [1703, 1811, 1338, 944, 1823, 3269, 1805, 3360], [298, 73, 2369, 5133, 3964, 5350, 5690, 625], [6256, 2591, 1230, 2551, 5320, 1330, 4446, 2445], [1707, 2724, 3248, 7053, 1746, 797, 943, 5758], [4454, 2487, 5445, 2327, 150, 4658, 6284, 4335], [2449, 2582, 914, 802, 7014, 4315, 1196, 795], [1708, 414, 1182, 949, 2368, 3300, 1039, 763], [7190, 3778, 7451, 493, 2263, 1184, 3338, 4918], [1712, 1746, 1679, 2550, 5125, 3770, 2724, 1862], [1648, 5447, 1959, 1679, 4262, 665, 2510, 3259], [2708, 5384, 6299, 6298, 6945, 5321, 2206, 6289], [1722, 298, 5594, 3831, 5565, 5562, 5735, 1072], [4241, 1679, 2660, 2455, 1724, 1846, 3356, 2616], [1724, 1727, 4901, 2694, 929, 2571, 2561, 2510], [1729, 4901, 2321, 1860, 2017, 1912, 280, 2288], [2206, 6509, 1718, 234, 395, 6945, 5773, 6886], [5916, 1959, 1889, 2431, 5607, 3961, 5562, 4124], [1733, 5684, 5083, 3756, 5690, 559, 2510, 2755], [1063, 3709, 4228, 2800, 3116, 2223, 3547, 5311], [1738, 5, 2827, 6540, 3964, 3518, 2852, 2837], [6110, 630, 3685, 2888, 6699, 481, 2679, 6698], [2145, 2892, 5574, 6846, 5332, 2888, 1669, 2652], [159, 508, 94, 7, 2488, 5988, 5690, 5101], [5664, 1740, 3305, 1739, 7493, 4275, 4025, 5402], [1742, 179, 596, 597, 594, 3259, 1893, 521], [5380, 2894, 5379, 5242, 204, 3026, 3359, 3017], [1746, 4983, 1499, 5850, 5558, 661, 5943, 6625], [1748, 43, 4838, 7006, 5939, 5643, 5949, 3002], [1672, 5645, 1919, 1013, 3170, 4423, 5979, 389], [4973, 2510, 5587, 5955, 3170, 3986, 4838, 7467], [1753, 5562, 5643, 5891, 1831, 7008, 2267, 7418], [1755, 5800, 6520, 2728, 7053, 2545, 1617, 311], [6702, 433, 120, 2613, 4263, 691, 624, 6770], [3260, 6702, 1759, 4337, 4135, 2259, 5418, 3953], [2546, 600, 1761, 728, 5186, 39, 4136, 3852], [5748, 2435, 2510, 6892, 3633, 7326, 2119, 3286], [1766, 1759, 5675, 6573, 5558, 5035, 6703, 2487], [2616, 1767, 2438, 2208, 1653, 2002, 1888, 502], [1773, 2272, 2019, 6665, 874, 5924, 2274, 3147], [1775, 6053, 607, 2296, 3961, 717, 2922, 288], [6288, 5384, 2888, 630, 3685, 5175, 6287, 6298], [6129, 1972, 4102, 5983, 2162, 6442, 4197, 2145], [117, 5052, 5924, 1653, 1778, 5083, 5587, 4617], [6763, 1679, 1781, 6693, 7008, 4430, 2081, 1653], [7240, 3719, 2431, 502, 1789, 1855, 3633, 179], [7008, 4983, 1781, 4777, 1653, 5847, 1889, 4060], [5178, 4495, 5661, 4915, 2939, 5262, 6940, 6878], [1789, 2549, 2616, 1707, 5847, 1855, 1679, 3660], [1793, 3029, 4290, 5954, 6429, 3017, 5553, 3023], [1795, 1797, 1800, 3195, 4917, 3480, 452, 936], [1797, 1503, 1280, 1368, 5782, 3234, 1369, 2612], [1798, 174, 1584, 2329, 2332, 1687, 1855, 1203], [3234, 1798, 2455, 3288, 1801, 1799, 1679, 1862], [7289, 1695, 4178, 3800, 4536, 1776, 5119, 1808], [1802, 2553, 1137, 1914, 6800, 1919, 303, 945], [1812, 1867, 5714, 7008, 5562, 1707, 1708, 1789], [239, 1815, 2724, 629, 5188, 504, 650, 3235], [3427, 960, 1055, 841, 811, 4203, 2814, 704], [3498, 5502, 1608, 2526, 3287, 251, 4365, 3398], [2337, 665, 2790, 3338, 155, 2526, 1137, 648], [3580, 4873, 2321, 1130, 2085, 3807, 1679, 2399], [3296, 5863, 5748, 1810, 329, 507, 2527, 3962], [1823, 2372, 2368, 2550, 1919, 239, 2438, 1371], [2604, 2343, 6299, 2344, 994, 6505, 6027, 4309], [900, 4458, 1827, 3276, 3062, 707, 6942, 1493], [1831, 1825, 1826, 1679, 1746, 3460, 281, 1893], [1549, 5872, 414, 4912, 1390, 5923, 1088, 1483], [1554, 3004, 733, 1827, 2901, 3281, 2555, 1073], [389, 3193, 1743, 5009, 1835, 3299, 2242, 848], [122, 607, 383, 2369, 94, 123, 5594, 419], [1831, 281, 1822, 5427, 2111, 1893, 1746, 1679], [6802, 4436, 2731, 1692, 3675, 1088, 428, 5194], [451, 1832, 1659, 7432, 3405, 5805, 450, 803], [1835, 5424, 4681, 1614, 1919, 4917, 7117, 3344], [1836, 6230, 1892, 3969, 451, 3488, 5555, 2616], [21, 2435, 1161, 366, 3243, 788, 189, 219], [4274, 7000, 1838, 4430, 5159, 7348, 4168, 5468], [3697, 16, 4058, 1369, 182, 4198, 1656, 5811], [1842, 2679, 1683, 4241, 2465, 2329, 1775, 5665], [2326, 5871, 973, 2571, 1843, 1856, 4866, 1727], [1846, 2227, 5774, 1768, 254, 1367, 4363, 2607], [7265, 1986, 2081, 2388, 585, 1368, 2372, 1870], [1848, 2607, 3234, 2326, 2227, 943, 808, 2571], [5700, 1531, 1533, 3292, 6438, 3966, 1157, 904], [3800, 4065, 1849, 5119, 1711, 3017, 6904, 5315], [7268, 2395, 746, 458, 790, 2045, 5335, 1838], [2616, 1852, 2002, 2724, 2550, 2081, 4633, 5701], [4866, 7360, 1854, 7166, 5963, 6559, 6354, 1069], [1855, 1202, 1203, 3633, 2326, 1138, 1679, 1946], [2561, 1856, 1727, 2332, 2550, 2660, 2549, 2431], [3412, 39, 512, 3754, 4620, 6299, 935, 887], [4838, 1860, 5714, 992, 797, 5468, 958, 4983], [3037, 5308, 3025, 6577, 3812, 711, 5385, 6675], [1862, 1138, 3591, 973, 1194, 1942, 1253, 3529], [1840, 5126, 6703, 3763, 5198, 546, 3289, 2161], [1863, 1238, 1707, 1629, 1746, 1687, 1862, 5649], [1867, 2262, 668, 1860, 2724, 3587, 2025, 1746], [1557, 1679, 1672, 580, 1561, 1166, 663, 3354], [6013, 2329, 4139, 2918, 4803, 6630, 3218, 784], [7036, 1883, 1871, 293, 2242, 1867, 1179, 1506], [1872, 3084, 3878, 3958, 4411, 6734, 6669, 4667], [4313, 4973, 7519, 5912, 5274, 5911, 1875, 1868], [7232, 4914, 6884, 6462, 4951, 5901, 2257, 2639], [163, 2697, 1878, 2700, 180, 195, 133, 115], [3082, 1746, 4617, 1166, 2616, 1138, 4238, 2581], [7008, 2510, 5482, 6035, 2616, 2262, 561, 2400], [1890, 3460, 2523, 2616, 5714, 1893, 179, 2670], [1891, 3460, 1707, 3238, 2616, 174, 4240, 4241], [116, 578, 95, 6922, 4232, 6793, 4525, 5952], [3042, 1168, 1137, 1634, 3762, 3963, 5502, 3734], [1893, 1900, 2510, 1909, 2501, 2018, 1950, 2276], [1894, 681, 6520, 7053, 2272, 1107, 2485, 2205], [4845, 1668, 2397, 546, 4844, 339, 5240, 5877], [2689, 1896, 5024, 6036, 3343, 3247, 5962, 1569], [665, 1899, 2587, 1893, 7008, 2854, 2467, 6205], [1203, 1899, 5526, 1946, 2467, 5746, 5310, 2587]]}, "plutarch_1_1844": {"tgt_lang": "fr", "transl_top1": 0.006622516556291391, "transl_top5": 0.059602649006622516, "transl_top10": 0.12582781456953643, "num_nulls": 0, "num_tgt_sents": 8121,