{"num_src_sents": 881, "catullus_tibullus_propertius_nd": {"tgt_lang": "fr", "transl_top1": 0.42565266742338254, "transl_top5": 0.6288308740068105, "transl_top10": 0.717366628830874, "num_nulls": 0, "num_tgt_sents": 6655}, "catullus_tibullus_1910": {"tgt_lang": "en", "transl_top1": 0.5891032917139614, "transl_top5": 0.7729852440408627, "transl_top10": 0.8433598183881952, "num_nulls": 2, "num_tgt_sents": 8438}, "catullus_1922": {"tgt_lang": "fr", "transl_top1": 0.7377979568671964, "transl_top5": 0.9262202043132803, "transl_top10": 0.9886492622020431, "num_nulls": 0, "num_tgt_sents": 1104}, "num_translations": 3, "text_top1": 0.5841846386681802, "text_top5": 0.7760121074536512, "text_top10": 0.8497919031403707}