{"num_src_sents": 152, "lucian_1829_10": {"tgt_lang": "de", "transl_top1": 0.26973684210526316, "transl_top5": 0.3355263157894737, "transl_top10": 0.4276315789473684, "num_nulls": 0, "num_tgt_sents": 4222, "retrieval_preds": [[3393, 2895, 2893, 3629, 124, 2832, 574, 2611], [3081, 1856, 3281, 1959, 3397, 3256, 674, 3186], [3085, 1846, 353, 3083, 3790, 2740, 2143, 3082], [3087, 3085, 865, 2949, 2500, 2709, 2899, 1527], [3250, 1736, 689, 2821, 3236, 428, 1757, 2131], [991, 600, 1505, 2698, 3189, 3616, 2278, 2874], [52, 3090, 334, 532, 1988, 3144, 2701, 78], [1846, 4153, 3276, 987, 3045, 3186, 1005, 968], [3177, 135, 2686, 3156, 26, 3079, 1191, 1672], [3097, 1677, 346, 2320, 2451, 2821, 114, 1928], [3053, 114, 1645, 221, 1601, 3150, 3049, 1846], [3101, 4154, 1887, 819, 1437, 4052, 3144, 2918], [3102, 3393, 2330, 2415, 955, 35, 102, 2698], [3103, 1067, 772, 1079, 2400, 1846, 2918, 968], [3104, 456, 1860, 1854, 851, 103, 2333, 3197], [1866, 2372, 2952, 330, 1767, 999, 1846, 2400], [1984, 1584, 852, 3219, 294, 794, 3760, 2860], [264, 1966, 3755, 2698, 2374, 3756, 3111, 3156], [3114, 160, 3615, 1683, 939, 718, 3557, 3135], [3114, 3135, 3026, 3151, 541, 3174, 3027, 3459], [3116, 1769, 3135, 421, 851, 3170, 1607, 2135], [3117, 2849, 3075, 2806, 3141, 3364, 3114, 1575], [3118, 160, 654, 2760, 3135, 2376, 954, 819], [1340, 2947, 966, 65, 1154, 3043, 1952, 1686], [3150, 2397, 2775, 2018, 1622, 3790, 1694, 1009], [3125, 76, 460, 118, 3162, 3770, 1769, 2514], [3126, 3313, 1459, 3206, 3739, 1739, 2821, 3687], [3085, 3135, 1473, 968, 1846, 3128, 1527, 114], [677, 1288, 165, 777, 4195, 2108, 2499, 210], [3129, 3377, 3366, 2488, 2059, 1586, 3130, 3645], [1005, 2918, 3045, 1317, 532, 3135, 3131, 3186], [541, 3135, 1999, 3131, 3264, 2372, 2821, 3085], [3138, 416, 3832, 2234, 2884, 2307, 1459, 3139], [3069, 905, 368, 1759, 3831, 1021, 1353, 1435], [3140, 990, 2332, 3401, 1867, 2361, 3683, 1848], [2970, 2500, 848, 1641, 2300, 2982, 3844, 2861], [3142, 2530, 1952, 2138, 3148, 1846, 86, 319], [3144, 3986, 1846, 1479, 3752, 3150, 3027, 3174], [3145, 160, 2514, 208, 967, 939, 752, 3746], [2509, 158, 2514, 121, 1940, 2481, 1849, 104], [1757, 101, 772, 3793, 1473, 1353, 368, 1470], [3148, 1479, 85, 3144, 3150, 3215, 3174, 288], [3150, 334, 1479, 1992, 3174, 827, 130, 2723], [3516, 578, 1589, 3151, 3178, 491, 3162, 842], [3093, 1064, 2883, 2183, 3324, 3779, 382, 1150], [3152, 744, 3242, 1498, 72, 4157, 1570, 2886], [1586, 3129, 1846, 580, 3215, 3752, 1011, 430], [2120, 574, 3629, 3313, 2604, 3800, 3260, 902], [600, 1506, 599, 933, 3159, 2695, 3204, 908], [3111, 3307, 260, 433, 13, 1677, 547, 2698], [3178, 1622, 2540, 211, 2815, 3170, 1725, 772], [3167, 2372, 3144, 2376, 3085, 181, 2138, 1988], [3169, 613, 30, 4072, 1632, 1083, 3821, 3521], [3170, 3178, 3267, 2670, 1489, 3377, 3849, 1547], [3171, 3650, 1986, 772, 1767, 1622, 2815, 4021], [1866, 3150, 1694, 772, 3151, 3144, 2698, 1479], [3174, 2877, 2227, 1887, 738, 3801, 1479, 47], [3175, 36, 3219, 3757, 3323, 3492, 3281, 1547], [2768, 2120, 2713, 2886, 3102, 2692, 1854, 114], [1846, 532, 2246, 1586, 2488, 138, 3186, 968], [3975, 772, 3933, 1550, 1461, 2821, 4103, 3066], [3185, 334, 1767, 2952, 1305, 1677, 1718, 761], [3186, 1887, 3695, 578, 2949, 3045, 959, 3377], [3187, 1729, 1830, 2685, 1336, 1278, 1724, 1855], [3188, 1866, 3397, 1212, 3517, 77, 1784, 1191], [1897, 3313, 1021, 312, 3672, 146, 3836, 4160], [1044, 832, 3269, 2968, 291, 856, 2535, 3207], [3191, 4154, 1888, 1821, 3219, 3178, 1866, 2687], [1858, 2593, 3680, 1560, 1904, 1369, 456, 2760], [4217, 3192, 1866, 151, 1718, 682, 3193, 1964], [4212, 2805, 1473, 3233, 1191, 3323, 772, 1479], [3202, 3185, 2701, 3242, 2723, 3394, 334, 3144], [1724, 1855, 3204, 3872, 3831, 2834, 4141, 46], [4160, 1852, 2797, 600, 46, 3205, 2695, 3831], [4160, 3831, 1483, 1758, 3654, 1737, 1181, 2891], [3736, 2593, 3962, 2458, 1410, 4215, 1473, 704], [2807, 338, 2815, 346, 334, 3242, 2858, 2723], [1820, 1500, 1437, 3527, 1552, 3212, 1694, 3540], [1888, 2858, 102, 2709, 1930, 999, 1177, 3755], [3215, 2815, 3026, 68, 3151, 3264, 3210, 3067], [1498, 3752, 1479, 3150, 230, 2701, 513, 1866], [3219, 2687, 1644, 2985, 1939, 462, 3100, 1601], [3401, 102, 124, 118, 117, 1871, 2566, 2602], [2165, 623, 2869, 1659, 3451, 1473, 1409, 689], [3221, 3277, 1505, 3269, 36, 3151, 2872, 3283], [2373, 3222, 3187, 2696, 2055, 3157, 2737, 383], [2844, 943, 2072, 3911, 1271, 3223, 1395, 199], [2925, 3400, 3485, 3001, 999, 118, 3755, 3266], [1403, 995, 4149, 868, 1520, 62, 2977, 3787], [3225, 2698, 2858, 1971, 102, 3243, 2481, 3102], [2221, 3406, 2836, 3553, 2883, 2931, 2342, 3248], [3269, 2012, 36, 3262, 2643, 1218, 2834, 1659], [3189, 3250, 2834, 36, 3236, 1462, 3932, 329], [3228, 2372, 1866, 73, 3045, 1853, 2850, 1918], [1488, 4146, 2179, 2606, 411, 3879, 2490, 3218], [737, 3069, 1677, 3043, 4144, 2304, 222, 3776], [3234, 647, 1104, 2891, 620, 4205, 2952, 3036], [3235, 685, 3392, 599, 2881, 3872, 3234, 2094], [3236, 1176, 1790, 128, 438, 1769, 1851, 204], [114, 3186, 1952, 3486, 181, 74, 71, 772], [69, 3241, 3894, 3315, 3763, 460, 916, 1252], [600, 2887, 291, 2865, 2880, 599, 2708, 2806], [3242, 4021, 3144, 26, 2806, 4207, 3067, 4155], [4215, 4214, 1936, 3857, 3256, 3575, 2738, 3294], [2548, 2059, 968, 3144, 604, 3247, 1846, 425], [3250, 2739, 3935, 87, 3251, 2284, 1459, 2796], [3186, 3047, 3251, 1010, 2059, 579, 772, 1937], [1177, 2654, 1341, 725, 4149, 2240, 3765, 1356], [3605, 3254, 1638, 1230, 3894, 1477, 4086, 3579], [3255, 447, 3641, 1717, 3821, 2673, 2567, 2260], [3256, 851, 36, 2372, 428, 3243, 3081, 1767], [26, 2372, 61, 3144, 3215, 1787, 3264, 3257], [86, 2019, 3746, 1687, 51, 4060, 3224, 3220], [3144, 1866, 2815, 3397, 2372, 3088, 1846, 507], [3267, 3150, 3026, 2740, 1527, 1846, 3215, 3114], [3144, 3536, 2784, 819, 2918, 1846, 2374, 631], [331, 2883, 2799, 3238, 3683, 1902, 1930, 2546], [3276, 16, 1918, 968, 720, 2540, 1473, 2949], [1826, 3553, 4117, 730, 3642, 2033, 3130, 450], [3109, 3057, 538, 269, 2022, 3246, 3401, 3195], [3277, 551, 2990, 1459, 1044, 4007, 3420, 905], [4025, 428, 1970, 2869, 2840, 1739, 3250, 3256], [4158, 3853, 2724, 2886, 2133, 1732, 2878, 61], [3281, 3283, 2873, 3755, 2717, 3332, 3787, 1743], [1969, 3307, 3284, 201, 2384, 1410, 156, 805], [761, 3242, 114, 3936, 1340, 3060, 2965, 1925], [1959, 794, 3920, 3307, 2058, 3756, 3219, 1870], [600, 3991, 3329, 1506, 3800, 1195, 599, 1595], [834, 3367, 4219, 1462, 26, 1044, 101, 2366], [3290, 620, 3067, 818, 2220, 3644, 342, 1807], [3067, 3269, 30, 3977, 4072, 2532, 3262, 1353], [433, 3049, 3111, 2714, 181, 2740, 1870, 1971], [3292, 3611, 4003, 4007, 4089, 3536, 2996, 3612], [2603, 201, 114, 2289, 2058, 249, 282, 1410], [691, 707, 4178, 3764, 3957, 369, 4014, 3251], [3056, 3933, 102, 3975, 2992, 1870, 141, 1799], [114, 3298, 3332, 1677, 332, 338, 346, 1334], [28, 1966, 346, 264, 338, 3757, 1570, 3711], [3752, 3302, 2172, 2898, 2858, 3303, 2798, 2691], [772, 2946, 1908, 2816, 3049, 3045, 2807, 3308], [3238, 2894, 997, 3243, 3756, 772, 1866, 2667], [266, 82, 4219, 346, 1213, 716, 2992, 256], [224, 4167, 3313, 2049, 2899, 4025, 312, 222], [2593, 2468, 4215, 741, 3090, 2689, 671, 103], [3316, 338, 3242, 335, 1677, 221, 230, 267], [114, 2858, 1784, 3242, 3058, 346, 2258, 2289], [2884, 3187, 1336, 3697, 2876, 1181, 1195, 1852], [1886, 2361, 476, 3214, 3919, 1395, 3319, 1889], [3097, 114, 534, 1869, 772, 2555, 1177, 1067], [3323, 1725, 3236, 3171, 1093, 1937, 2867, 1888], [3325, 3919, 2886, 3268, 707, 3788, 3920, 3793], [77, 3327, 101, 814, 2965, 2889, 1300, 3144]]}, "luciusSamosata_1_1869": {"tgt_lang": "fr", "transl_top1": 0.02631578947368421, "transl_top5": 0.06578947368421052, "transl_top10": 0.09868421052631579, "num_nulls": 0, "num_tgt_sents": 14187,