{"num_src_sents": 47, "luciusSamosata_1_1869": {"tgt_lang": "fr", "transl_top1": 0.1702127659574468, "transl_top5": 0.2765957446808511, "transl_top10": 0.3404255319148936, "num_nulls": 0, "num_tgt_sents": 14187, "retrieval_preds": [[4817, 2919, 11683, 5859, 7513, 1852, 11898, 5863], [4819, 1370, 4817, 8956, 13843, 9245, 4650, 14042], [4820, 11791, 11803, 11814, 12144, 11812, 11808, 11775], [11867, 3771, 14038, 8002, 11795, 8924, 11820, 11792], [4382, 5862, 4908, 775, 11814, 13707, 8002, 8741], [12345, 2764, 9830, 8343, 1482, 9194, 8786, 4831], [8959, 5790, 12187, 4637, 3745, 11125, 12339, 6590], [8096, 775, 11015, 5826, 1294, 14054, 13787, 13860], [5481, 9855, 4839, 9102, 2754, 10027, 11960, 447], [11775, 4842, 11808, 9493, 11791, 11814, 4382, 7829], [4846, 6930, 8471, 4793, 11054, 8141, 12397, 13757], [2741, 9493, 11814, 4849, 14038, 775, 9869, 13787], [13707, 11141, 13650, 4908, 775, 11775, 11814, 9247], [11683, 11348, 1370, 11141, 8741, 11775, 7513, 12396], [8698, 13387, 2685, 777, 204, 1664, 7344, 8874], [4864, 1264, 12551, 4849, 1428, 9999, 11809, 12531], [6623, 8549, 11248, 1782, 2827, 11837, 11276, 7986], [10365, 5821, 7396, 11683, 7286, 5584, 2496, 7837], [8511, 8343, 2272, 7786, 4870, 2854, 13943, 14137], [4873, 9846, 2425, 9584, 2164, 4478, 2857, 11683], [10232, 12277, 6156, 2512, 4879, 12895, 9364, 9404], [9247, 13702, 3742, 4884, 3685, 11133, 11814, 7663], [4886, 13704, 11030, 4355, 6633, 2499, 2425, 1500], [4762, 7513, 4382, 985, 11054, 13346, 9393, 4888], [4890, 14138, 4321, 9996, 12952, 2031, 4687, 13663], [4893, 365, 2495, 8241, 1852, 4720, 4710, 2755], [4894, 12543, 14060, 13478, 1314, 4062, 1664, 260], [4895, 14042, 13702, 12028, 8002, 11193, 11229, 4890], [4898, 11808, 11814, 11791, 11788, 11812, 11805, 11775], [4902, 12144, 4904, 14038, 8458, 7923, 12396, 11039], [4908, 11808, 9172, 11814, 7829, 4363, 4621, 11348], [12210, 4015, 4901, 11790, 13532, 4321, 9986, 3742], [4908, 4621, 13707, 12013, 12221, 7138, 3529, 3990], [7837, 6724, 339, 13182, 4911, 8644, 13864, 13287], [4886, 8642, 14127, 772, 11955, 7837, 7513, 8945], [928, 1375, 2637, 11981, 4231, 1852, 4466, 8727], [7923, 7286, 174, 7905, 8434, 8730, 484, 3070], [4921, 14042, 2425, 13182, 11229, 12800, 1232, 12803], [4922, 11818, 9102, 14060, 3649, 5699, 4904, 3436], [11808, 11812, 11814, 7138, 775, 3529, 13707, 12013], [6930, 6995, 6747, 9163, 4382, 2919, 14054, 775], [4935, 7784, 9265, 9244, 11172, 6296, 11623, 7601], [9070, 13834, 7005, 12001, 13835, 14169, 4755, 5939], [976, 6745, 696, 10121, 10026, 3574, 12910, 5816], [4938, 10939, 7252, 13738, 13823, 13598, 4886, 581], [5612, 14042, 1388, 7281, 1399, 1492, 12294, 12513], [4940, 7801, 11215, 8071, 8293, 7513, 5819, 7931]]}, "num_translations": 1, "text_top1": 0.1702127659574468, "text_top5": 0.2765957446808511, "text_top10": 0.3404255319148936}