{"num_src_sents": 3535, "heliodorus_1822": {"tgt_lang": "de", "transl_top1": 0.36124469589816127, "transl_top5": 0.5289957567185289, "transl_top10": 0.601980198019802, "num_nulls": 17, "num_tgt_sents": 5415}, "longus_1884": {"tgt_lang": "fr", "transl_top1": 0.3626591230551627, "transl_top5": 0.5558698727015559, "transl_top10": 0.6415841584158416, "num_nulls": 1, "num_tgt_sents": 8048}, "num_translations": 2, "text_top1": 0.361951909476662, "text_top5": 0.5424328147100423, "text_top10": 0.6217821782178218}