{"num_src_sents": 32, "appian_1832_10": {"tgt_lang": "de", "transl_top1": 0.0625, "transl_top5": 0.125, "transl_top10": 0.1875, "num_nulls": 0, "num_tgt_sents": 12614}, "Appianus_1828": {"tgt_lang": "de", "transl_top1": 0.03125, "transl_top5": 0.21875, "transl_top10": 0.3125, "num_nulls": 0, "num_tgt_sents": 6120}, "appian_1830_5": {"tgt_lang": "de", "transl_top1": 0.03125, "transl_top5": 0.1875, "transl_top10": 0.3125, "num_nulls": 0, "num_tgt_sents": 7584}, "num_translations": 3, "text_top1": 0.041666666666666664, "text_top5": 0.17708333333333334, "text_top10": 0.27083333333333337}