{"num_src_sents": 203, "ovid_1850": {"tgt_lang": "fr", "transl_top1": 0.33004926108374383, "transl_top5": 0.47783251231527096, "transl_top10": 0.541871921182266, "num_nulls": 0, "num_tgt_sents": 27705}, "ovid_1_1875": {"tgt_lang": "fr", "transl_top1": 0.5073891625615764, "transl_top5": 0.7931034482758621, "transl_top10": 0.8817733990147784, "num_nulls": 0, "num_tgt_sents": 7295}, "ovid_1881": {"tgt_lang": "en", "transl_top1": 0.6108374384236454, "transl_top5": 0.8817733990147784, "transl_top10": 0.9852216748768473, "num_nulls": 0, "num_tgt_sents": 9995}, "ovid_1882_2": {"tgt_lang": "de", "transl_top1": 0.541871921182266, "transl_top5": 0.7438423645320197, "transl_top10": 0.8226600985221675, "num_nulls": 0, "num_tgt_sents": 10840}, "ovid_1866-1897_3": {"tgt_lang": "de", "transl_top1": 0.034482758620689655, "transl_top5": 0.08866995073891626, "transl_top10": 0.11330049261083744, "num_nulls": 0, "num_tgt_sents": 7793}, "ovid_1855-1890_1": {"tgt_lang": "de", "transl_top1": 0.009852216748768473, "transl_top5": 0.029556650246305417, "transl_top10": 0.08866995073891626, "num_nulls": 0, "num_tgt_sents": 7974}, "num_translations": 8, "text_top1": 0.25431034482758624, "text_top5": 0.37684729064039413, "text_top10": 0.4291871921182267}