{"num_src_sents": 41, "plutarch_1898_ethical": {"tgt_lang": "en", "transl_top1": 0.2682926829268293, "transl_top5": 0.5121951219512195, "transl_top10": 0.6341463414634146, "num_nulls": 0, "num_tgt_sents": 5242}, "plutarch_5_1844": {"tgt_lang": "fr", "transl_top1": 0.24390243902439024, "transl_top5": 0.5365853658536586, "transl_top10": 0.6341463414634146, "num_nulls": 0, "num_tgt_sents": 5916}, "plutarch_4_1844": {"tgt_lang": "fr", "transl_top1": 0.024390243902439025, "transl_top5": 0.12195121951219512, "transl_top10": 0.17073170731707318, "num_nulls": 0, "num_tgt_sents": 6665}, "num_translations": 3, "text_top1": 0.17886178861788615, "text_top5": 0.3902439024390244, "text_top10": 0.47967479674796754}