{"num_src_sents": 694, "euripides_2_1884": {"tgt_lang": "fr", "transl_top1": 0.12680115273775217, "transl_top5": 0.2420749279538905, "transl_top10": 0.3025936599423631, "num_nulls": 1, "num_tgt_sents": 6695}, "euripides_1_1884": {"tgt_lang": "fr", "transl_top1": 0.010086455331412104, "transl_top5": 0.024495677233429394, "transl_top10": 0.05763688760806916, "num_nulls": 0, "num_tgt_sents": 6832}, "num_translations": 2, "text_top1": 0.06844380403458214, "text_top5": 0.13328530259365995, "text_top10": 0.18011527377521613}