{"num_src_sents": 214, "horace_1859": {"tgt_lang": "en", "transl_top1": 0.6728971962616822, "transl_top5": 0.9252336448598131, "transl_top10": 1.0046728971962617, "num_nulls": 0, "num_tgt_sents": 4844}, "horace_juvenal_persius_1841": {"tgt_lang": "fr", "transl_top1": 0.4485981308411215, "transl_top5": 0.5794392523364486, "transl_top10": 0.6822429906542056, "num_nulls": 0, "num_tgt_sents": 8044}, "horace_1858": {"tgt_lang": "fr", "transl_top1": 0.7336448598130841, "transl_top5": 1.1121495327102804, "transl_top10": 1.233644859813084, "num_nulls": 0, "num_tgt_sents": 1012}, "horace_1847": {"tgt_lang": "fr", "transl_top1": 0.48130841121495327, "transl_top5": 0.6682242990654206, "transl_top10": 0.7897196261682243, "num_nulls": 0, "num_tgt_sents": 2963}, "horace_1902": {"tgt_lang": "en", "transl_top1": 0.6682242990654206, "transl_top5": 0.8551401869158879, "transl_top10": 0.883177570093458, "num_nulls": 0, "num_tgt_sents": 4146}, "num_translations": 5, "text_top1": 0.6009345794392523, "text_top5": 0.8280373831775703, "text_top10": 0.9186915887850468}