{"num_src_sents": 283, "plutarch_2_1908": {"tgt_lang": "en", "transl_top1": 0.014134275618374558, "transl_top5": 0.04240282685512368, "transl_top10": 0.06713780918727916, "num_nulls": 0, "num_tgt_sents": 5773}, "plutarch_1_1906": {"tgt_lang": "en", "transl_top1": 0.5053003533568905, "transl_top5": 0.7031802120141343, "transl_top10": 0.7632508833922261, "num_nulls": 0, "num_tgt_sents": 6800}, "num_translations": 2, "text_top1": 0.2597173144876325, "text_top5": 0.37279151943462896, "text_top10": 0.41519434628975266}