{"num_src_sents": 70, "sophistesGrecs_1842": {"tgt_lang": "fr", "transl_top1": 0.02857142857142857, "transl_top5": 0.11428571428571428, "transl_top10": 0.18571428571428572, "num_nulls": 0, "num_tgt_sents": 7988}, "num_translations": 1, "text_top1": 0.02857142857142857, "text_top5": 0.11428571428571428, "text_top10": 0.18571428571428572}