{"num_src_sents": 183, "luciusSamosata_1_1869": {"tgt_lang": "fr", "transl_top1": 0.34972677595628415, "transl_top5": 0.5573770491803278, "transl_top10": 0.6557377049180327, "num_nulls": 0, "num_tgt_sents": 14187, "retrieval_preds": [[10884, 506, 7344, 7325, 9493, 7367, 3546, 12221], [11867, 4382, 8642, 9347, 13787, 11791, 13847, 11814], [11814, 11808, 8866, 11960, 8965, 8525, 8962, 3427], [11867, 9248, 8898, 11685, 11775, 9163, 775, 3417], [9855, 8874, 5440, 4844, 3099, 13784, 12411, 1071], [8877, 8879, 2949, 12144, 447, 8377, 11845, 12153], [8880, 3858, 8223, 7652, 2984, 5065, 11617, 4427], [8881, 7286, 9163, 12099, 5516, 775, 8353, 5826], [8886, 5705, 1839, 3443, 11238, 4274, 7692, 10281], [13951, 8308, 5821, 13860, 9218, 9855, 13915, 12197], [9163, 9221, 9245, 775, 9007, 8141, 7286, 8377], [9183, 8977, 10964, 170, 8895, 429, 8910, 9037], [13834, 13520, 7270, 13502, 9131, 3499, 11030, 7513], [8898, 13843, 9172, 10553, 7837, 3529, 7960, 9245], [5821, 8904, 8141, 9222, 5826, 8933, 9163, 7286], [9070, 4699, 3084, 8380, 8364, 7757, 6590, 6406], [7248, 8141, 5821, 5859, 7286, 8947, 6660, 8491], [13502, 8910, 1320, 9311, 9041, 9070, 8977, 8323], [9163, 11690, 9108, 8914, 9247, 8912, 9119, 8141], [9218, 8141, 9221, 9163, 8377, 7829, 10344, 7709], [8925, 7249, 9311, 9072, 7608, 8904, 9197, 7598], [9163, 775, 5821, 7286, 13843, 9247, 2919, 8925], [8910, 8190, 157, 380, 9193, 7923, 597, 11934], [8933, 9007, 8841, 9269, 9163, 11753, 11288, 8141], [8934, 9290, 9107, 9166, 11887, 8935, 13469, 9021], [8938, 8985, 775, 9172, 3070, 8367, 9202, 174], [9354, 7598, 6694, 7860, 8281, 7923, 7593, 9206], [8141, 4382, 11141, 775, 13843, 13707, 9163, 8367], [8951, 13707, 775, 9247, 5529, 11685, 9221, 9347], [8953, 1209, 13851, 6759, 13534, 8389, 6998, 13713], [6916, 12805, 454, 13989, 8845, 7373, 1090, 1569], [8956, 11938, 11955, 8141, 13707, 9108, 5863, 775], [8962, 8141, 775, 7286, 11141, 174, 11456, 6633], [8965, 8525, 3427, 11549, 9869, 11222, 11194, 8536], [7996, 8967, 6720, 5552, 7249, 2187, 4722, 2350], [8622, 9232, 8970, 7960, 8956, 8968, 174, 4940], [9163, 9108, 8141, 9339, 9215, 4209, 5821, 8933], [8910, 9311, 9209, 8281, 8925, 8973, 9354, 7354], [8977, 4194, 9000, 8898, 4820, 14044, 3485, 8491], [11366, 8981, 8820, 11306, 4818, 2603, 4932, 534], [8989, 9037, 11056, 8143, 4413, 9328, 531, 11769], [8985, 8984, 7829, 9172, 3643, 8741, 5833, 11808], [8986, 14, 6776, 10650, 8466, 5905, 6666, 8682], [8987, 12635, 13853, 1518, 9257, 11364, 9147, 4774], [11775, 8634, 3417, 9347, 775, 12495, 8990, 12572], [649, 1248, 3220, 8549, 1194, 7852, 3108, 1831], [8992, 12312, 11796, 11643, 4939, 9029, 8676, 8745], [8994, 9013, 8521, 13601, 9099, 13784, 9986, 4799], [13846, 775, 3491, 5508, 9000, 7226, 8019, 5529], [8998, 12455, 9986, 4635, 1482, 14072, 14068, 2631], [9000, 9191, 3797, 6607, 6417, 9612, 3383, 12339], [9029, 7884, 8141, 9007, 213, 8142, 8189, 8175], [9138, 9006, 13562, 9005, 11227, 9017, 9322, 8471], [9007, 14054, 142, 4194, 11780, 12572, 11775, 11808], [9008, 9248, 775, 6641, 4621, 5108, 11867, 9339], [9134, 1839, 9175, 10428, 9008, 7730, 9187, 1329], [9013, 8143, 8471, 9271, 9202, 9339, 9259, 8825], [9347, 8141, 11141, 775, 11795, 11775, 8524, 2496], [9018, 7286, 9000, 8003, 9311, 9247, 8141, 9163], [9021, 8273, 9408, 5004, 7757, 4934, 12899, 9595], [2041, 1109, 6590, 10690, 11759, 1362, 11036, 11889], [7286, 5821, 11141, 11072, 10886, 775, 13843, 6926], [7367, 9027, 775, 9028, 5539, 11776, 11643, 11792], [6337, 6512, 1331, 7279, 3970, 12804, 11343, 9309], [9029, 4112, 9203, 10085, 9923, 204, 1792, 3925], [775, 9030, 11461, 12013, 9409, 9218, 11054, 8634], [9033, 6411, 4854, 11810, 4839, 1593, 3193, 11276], [775, 3530, 14054, 11808, 3358, 9028, 3990, 11803], [9037, 8975, 13469, 4785, 11934, 9272, 9201, 8989], [4382, 9108, 2919, 9221, 6995, 7725, 7709, 13591], [12500, 9046, 10459, 3990, 8634, 11356, 10427, 6234], [9046, 8002, 7960, 10293, 174, 8523, 12221, 2399], [2650, 12859, 5619, 1766, 3633, 7720, 194, 9004], [13846, 9049, 11348, 8741, 8052, 3529, 11814, 11775], [9055, 9053, 9054, 13846, 775, 9493, 14038, 9095], [9060, 6633, 7344, 8644, 9056, 2455, 13249, 13951], [7267, 5859, 8651, 11015, 2919, 4382, 5867, 3410], [307, 9073, 5833, 8141, 11867, 3500, 775, 6995], [11972, 1317, 13536, 8212, 2484, 8190, 1370, 2942], [9163, 9247, 174, 9347, 8141, 13707, 7337, 4335], [5821, 511, 14008, 10365, 9354, 1851, 2942, 13591], [9088, 9493, 5209, 13847, 2854, 13471, 5497, 775], [9091, 11348, 8997, 2741, 12185, 9493, 12425, 9221], [9092, 139, 10886, 8563, 5438, 801, 5517, 3940], [9095, 8213, 10939, 9053, 11356, 6650, 13787, 775], [9096, 11904, 3580, 8212, 1723, 4079, 6577, 2814], [9097, 9098, 8997, 8741, 7581, 9000, 11130, 7226], [9099, 9102, 775, 4335, 11814, 13787, 7138, 13846], [382, 11010, 4023, 8714, 14003, 12049, 2732, 2727], [11072, 10474, 12952, 9105, 9053, 13703, 11564, 9119], [13843, 775, 7286, 9163, 2919, 508, 9347, 5826], [3417, 775, 11141, 9182, 11685, 9247, 4335, 5529], [775, 13787, 9117, 9119, 9247, 9347, 3995, 4424], [9119, 7910, 482, 12572, 12589, 10393, 9117, 9245], [6248, 1613, 4707, 13545, 3236, 10350, 8473, 9052], [3417, 9500, 14043, 11804, 12455, 13703, 8977, 11470], [7996, 8296, 2852, 4584, 6005, 13835, 8239, 7669], [9124, 2272, 775, 2971, 7800, 11195, 7829, 4352], [9126, 2353, 2953, 9355, 12742, 57, 4189, 10255], [4335, 11845, 2919, 9099, 9127, 11141, 10886, 9128], [12953, 5878, 10180, 4679, 9129, 660, 13095, 4915], [9119, 7079, 13847, 11072, 9124, 775, 10940, 7196], [9137, 14108, 4816, 3422, 5199, 9094, 11421, 4100], [9138, 13562, 9176, 9230, 8212, 8921, 8267, 6000], [9139, 11812, 3363, 13846, 9994, 8998, 9247, 11039], [9142, 11791, 8828, 4194, 3987, 12508, 8866, 8599], [9144, 11810, 11776, 11803, 1896, 3485, 4194, 11791], [5571, 7585, 4573, 4474, 4479, 7443, 7724, 2663], [9147, 9142, 9146, 3529, 3419, 3358, 11348, 12635], [9151, 775, 10266, 13787, 12013, 9139, 3530, 13860], [9108, 775, 174, 9163, 7960, 8141, 8002, 13843], [9163, 14054, 7286, 9161, 9108, 174, 8141, 9247], [7931, 9070, 8141, 7923, 7248, 8124, 7910, 5819], [1317, 8003, 3485, 8132, 8281, 8124, 9029, 3002], [9163, 9339, 9007, 11686, 9269, 9247, 8925, 8617], [775, 13707, 7286, 4621, 174, 9169, 7829, 8109], [9170, 5572, 1010, 835, 5697, 12655, 11922, 9167], [9172, 13707, 5529, 4908, 2496, 7286, 9202, 7837], [7286, 8956, 9163, 13907, 11938, 8100, 8367, 5826], [9176, 7811, 7669, 11216, 9178, 13691, 12311, 11832], [8468, 8388, 4584, 4174, 6665, 1317, 9178, 12561], [9182, 7837, 14127, 14132, 7286, 9008, 8634, 9248], [10730, 9184, 6404, 8242, 7782, 5558, 9245, 10972], [9186, 4908, 6991, 9202, 7286, 7829, 11808, 8741], [10721, 5563, 1317, 12119, 9245, 482, 11216, 10390], [13846, 11808, 7829, 5529, 9172, 9198, 3070, 11775], [9200, 1894, 1453, 10628, 11972, 3560, 10752, 10395], [278, 9299, 9093, 9201, 9193, 8549, 8662, 134], [9202, 4621, 10427, 9301, 14054, 8367, 3990, 13707], [9203, 2584, 13691, 8872, 7666, 2793, 14034, 4365], [7286, 9163, 5821, 9245, 8302, 9108, 9208, 9007], [9209, 8113, 9173, 7593, 13815, 7354, 364, 11906], [4472, 8524, 11226, 3050, 11194, 3475, 8525, 11173], [13814, 2115, 7373, 9394, 9213, 497, 8218, 5082], [9215, 7923, 9354, 7286, 8962, 8141, 9221, 9351], [9218, 7286, 12099, 5821, 13591, 775, 7837, 338], [9221, 11348, 9029, 7286, 8548, 11571, 9247, 7337], [9222, 9271, 8910, 9007, 9163, 8933, 9339, 11765], [8367, 5821, 7286, 8580, 8669, 5732, 7194, 8992], [9164, 8080, 9227, 31, 8961, 9229, 2555, 12661], [8141, 9108, 9229, 8367, 7193, 9218, 8277, 5821], [10529, 7123, 7708, 10852, 11876, 8281, 7687, 11486], [5821, 7513, 10365, 458, 11532, 11015, 2457, 13152], [1370, 5821, 538, 7286, 6711, 10365, 11015, 338], [8223, 5694, 11580, 11906, 7931, 12803, 1266, 11605], [6995, 9218, 6930, 97, 775, 6404, 11512, 9138], [9108, 9245, 13843, 458, 5821, 9338, 393, 9197], [10485, 5246, 12189, 6426, 5672, 11259, 5795, 7046], [9247, 1317, 7956, 12480, 7285, 2603, 8622, 11929], [9247, 775, 14054, 14038, 7367, 2425, 11814, 4644], [9248, 8405, 14127, 13598, 7829, 2919, 1317, 10886], [7030, 793, 