{"num_src_sents": 83, "demosthenes_1877": {"tgt_lang": "en", "transl_top1": 0.24096385542168675, "transl_top5": 0.42168674698795183, "transl_top10": 0.5060240963855421, "num_nulls": 0, "num_tgt_sents": 7775}, "demosthenes_aeschynes_1861": {"tgt_lang": "fr", "transl_top1": 0.0, "transl_top5": 0.03614457831325301, "transl_top10": 0.07228915662650602, "num_nulls": 0, "num_tgt_sents": 36182}, "num_translations": 2, "text_top1": 0.12048192771084337, "text_top5": 0.22891566265060243, "text_top10": 0.2891566265060241}