{"num_src_sents": 813, "aristophanes_1_1858": {"tgt_lang": "en", "transl_top1": 0.2829028290282903, "transl_top5": 0.4280442804428044, "transl_top10": 0.5067650676506765, "num_nulls": 0, "num_tgt_sents": 10625}, "aristophanes_1873": {"tgt_lang": "fr", "transl_top1": 0.14514145141451415, "transl_top5": 0.25338253382533826, "transl_top10": 0.3161131611316113, "num_nulls": 0, "num_tgt_sents": 14269}, "tlg0019.tlg005.ogl-eng2": {"tgt_lang": "en", "transl_top1": 0.1992619926199262, "transl_top5": 0.34809348093480935, "transl_top10": 0.43050430504305043, "num_nulls": 0, "num_tgt_sents": 6086}, "aristophanes_1_1915": {"tgt_lang": "it", "transl_top1": 0.00984009840098401, "transl_top5": 0.03075030750307503, "transl_top10": 0.05781057810578106, "num_nulls": 0, "num_tgt_sents": 2665}, "Aristophanes_1_1855-1885": {"tgt_lang": "de", "transl_top1": 0.02706027060270603, "transl_top5": 0.06396063960639606, "transl_top10": 0.0959409594095941, "num_nulls": 0, "num_tgt_sents": 5841}, "aristophanes_2_1915": {"tgt_lang": "it", "transl_top1": 0.07134071340713408, "transl_top5": 0.13038130381303814, "transl_top10": 0.17712177121771217, "num_nulls": 2, "num_tgt_sents": 3069}, "Aristophanes_2_1855-1885": {"tgt_lang": "de", "transl_top1": 0.01107011070110701, "transl_top5": 0.03198031980319803, "transl_top10": 0.06273062730627306, "num_nulls": 0, "num_tgt_sents": 5321}, "aristophanes_3_1830": {"tgt_lang": "fr", "transl_top1": 0.12054120541205413, "transl_top5": 0.22386223862238622, "transl_top10": 0.3050430504305043, "num_nulls": 5, "num_tgt_sents": 4330}, "aristophanes_1_1830": {"tgt_lang": "fr", "transl_top1": 0.007380073800738007, "transl_top5": 0.03198031980319803, "transl_top10": 0.06027060270602706, "num_nulls": 0, "num_tgt_sents": 2544}, "aristophanes_1881_1": {"tgt_lang": "de", "transl_top1": 0.014760147601476014, "transl_top5": 0.041820418204182044, "transl_top10": 0.07257072570725707, "num_nulls": 0, "num_tgt_sents": 10289}, "aristophanes_1907_1": {"tgt_lang": "en", "transl_top1": 0.013530135301353014, "transl_top5": 0.03567035670356704, "transl_top10": 0.06150061500615006, "num_nulls": 0, "num_tgt_sents": 8398}, "aristophanes_1913": {"tgt_lang": "en", "transl_top1": 0.1992619926199262, "transl_top5": 0.34809348093480935, "transl_top10": 0.43050430504305043, "num_nulls": 0, "num_tgt_sents": 6086}, "num_translations": 12, "text_top1": 0.0918409184091841, "text_top5": 0.16400164001640016, "text_top10": 0.214739647396474}