{"num_src_sents": 29, "lucian_1867_3": {"tgt_lang": "de", "transl_top1": 0.0, "transl_top5": 0.034482758620689655, "transl_top10": 0.06896551724137931, "num_nulls": 0, "num_tgt_sents": 3614}, "lucian_1866_1": {"tgt_lang": "de", "transl_top1": 0.034482758620689655, "transl_top5": 0.13793103448275862, "transl_top10": 0.20689655172413793, "num_nulls": 0, "num_tgt_sents": 4624}, "num_translations": 2, "text_top1": 0.017241379310344827, "text_top5": 0.08620689655172414, "text_top10": 0.13793103448275862}