{"num_src_sents": 622, "cicero_1855-1895_16": {"tgt_lang": "de", "transl_top1": 0.00482315112540193, "transl_top5": 0.03376205787781351, "transl_top10": 0.06109324758842444, "num_nulls": 0, "num_tgt_sents": 5529}, "cicero_1871_15": {"tgt_lang": "de", "transl_top1": 0.6881028938906752, "transl_top5": 0.8488745980707395, "transl_top10": 0.8938906752411575, "num_nulls": 0, "num_tgt_sents": 3588}, "num_translations": 2, "text_top1": 0.34646302250803857, "text_top5": 0.4413183279742765, "text_top10": 0.477491961414791}