{"num_src_sents": 24, "lysias_1856": {"tgt_lang": "de", "transl_top1": 0.0, "transl_top5": 0.20833333333333334, "transl_top10": 0.3333333333333333, "num_nulls": 0, "num_tgt_sents": 5319, "retrieval_preds": [[3187, 4582, 4741, 1377, 1793, 4104, 3763, 1492], [2841, 3654, 3213, 2243, 600, 1378, 1668, 3779], [2032, 3230, 1327, 2842, 599, 4685, 2188, 3379], [2843, 2654, 1776, 4567, 2989, 2972, 2390, 122], [2118, 1735, 4327, 1445, 1808, 2844, 2324, 2845], [2030, 3878, 984, 2032, 3230, 2572, 3581, 599], [3206, 451, 2848, 2851, 2026, 1848, 1825, 4678], [1143, 1848, 2275, 2102, 2556, 2168, 802, 1998], [2852, 3878, 3581, 3390, 984, 3383, 3103, 931], [2030, 3878, 984, 2032, 3230, 2572, 3581, 599], [2026, 3437, 1990, 3105, 2324, 3779, 4377, 2857], [2857, 1240, 1557, 3654, 3779, 188, 2026, 3126], [4137, 2633, 4116, 2186, 3929, 1986, 1255, 2324], [2861, 2951, 2838, 2862, 3126, 2851, 2839, 2118], [2863, 2864, 4373, 1603, 1375, 1602, 1593, 3440], [2866, 2340, 2324, 2951, 3984, 2695, 2026, 3951], [2867, 3519, 3267, 3842, 4488, 3984, 2817, 3527], [4512, 1718, 2869, 4769, 4201, 1592, 943, 2469], [3537, 2513, 4108, 1089, 2871, 1686, 1692, 1068], [2874, 2862, 2951, 926, 2839, 3800, 3870, 4310], [2877, 4256, 2055, 2951, 4126, 3893, 4178, 4481], [2030, 3878, 984, 2032, 3230, 2572, 3581, 599], [1612, 4045, 4115, 2632, 4189, 4388, 2324, 2563], [2237, 1577, 4193, 3329, 2602, 4113, 2740, 2128]]}, "num_translations": 1, "text_top1": 0.0, "text_top5": 0.20833333333333334, "text_top10": 0.3333333333333333}