{"num_src_sents": 242, "plutarch_1864-1867_14-20": {"tgt_lang": "de", "transl_top1": 0.004132231404958678, "transl_top5": 0.03305785123966942, "transl_top10": 0.0743801652892562, "num_nulls": 0, "num_tgt_sents": 6866}, "plutarch_2_1908": {"tgt_lang": "en", "transl_top1": 0.5867768595041323, "transl_top5": 0.743801652892562, "transl_top10": 0.7933884297520661, "num_nulls": 0, "num_tgt_sents": 5773}, "plutarch_1855-1903_4": {"tgt_lang": "de", "transl_top1": 0.01652892561983471, "transl_top5": 0.0743801652892562, "transl_top10": 0.1115702479338843, "num_nulls": 0, "num_tgt_sents": 5144}, "plutarch_1855-1897_1": {"tgt_lang": "de", "transl_top1": 0.4628099173553719, "transl_top5": 0.6487603305785123, "transl_top10": 0.756198347107438, "num_nulls": 0, "num_tgt_sents": 7147}, "plutarch_1_1906": {"tgt_lang": "en", "transl_top1": 0.004132231404958678, "transl_top5": 0.045454545454545456, "transl_top10": 0.09504132231404959, "num_nulls": 0, "num_tgt_sents": 6800}, "num_translations": 5, "text_top1": 0.21487603305785127, "text_top5": 0.3090909090909091, "text_top10": 0.36611570247933883}