{"num_src_sents": 228, "plutarch_1_1844": {"tgt_lang": "fr", "transl_top1": 0.11403508771929824, "transl_top5": 0.20614035087719298, "transl_top10": 0.2807017543859649, "num_nulls": 0, "num_tgt_sents": 8121}, "plutarch_2_1844": {"tgt_lang": "fr", "transl_top1": 0.0043859649122807015, "transl_top5": 0.043859649122807015, "transl_top10": 0.06140350877192982, "num_nulls": 0, "num_tgt_sents": 7523}, "num_translations": 2, "text_top1": 0.05921052631578947, "text_top5": 0.125, "text_top10": 0.17105263157894735}