{"num_src_sents": 35, "lucian_1829_10": {"tgt_lang": "de", "transl_top1": 0.08571428571428572, "transl_top5": 0.17142857142857143, "transl_top10": 0.3142857142857143, "num_nulls": 0, "num_tgt_sents": 4222}, "num_translations": 1, "text_top1": 0.08571428571428572, "text_top5": 0.17142857142857143, "text_top10": 0.3142857142857143}