{"num_src_sents": 158, "sophistesGrecs_1842": {"tgt_lang": "fr", "transl_top1": 0.012658227848101266, "transl_top5": 0.056962025316455694, "transl_top10": 0.12658227848101267, "num_nulls": 0, "num_tgt_sents": 7988, "retrieval_preds": [[5922, 457, 1428, 776, 1997, 5923, 736, 7115], [5594, 5764, 2240, 2109, 7949, 7114, 5609, 338], [5594, 945, 5516, 286, 5085, 2075, 6328, 1222], [5609, 5594, 5923, 7833, 5613, 2109, 2240, 1997], [4871, 1307, 6899, 4786, 758, 3086, 6920, 6720], [5609, 2109, 5594, 381, 394, 429, 541, 830], [5588, 5609, 5594, 7949, 5992, 381, 394, 429], [5922, 7115, 737, 6013, 552, 1250, 5923, 2668], [7129, 7157, 7646, 2409, 1872, 6366, 3678, 6354], [6715, 1265, 5922, 776, 7833, 2109, 5116, 10], [5588, 7833, 6412, 1033, 6429, 7775, 5042, 381], [5603, 1081, 1250, 5609, 6337, 5922, 501, 2095], [5772, 6715, 86, 2709, 457, 3916, 7769, 5511], [5955, 3458, 3747, 4012, 2514, 6848, 2427, 4330], [3797, 3610, 6050, 1879, 6543, 4077, 2596, 5910], [3068, 7783, 22, 33, 7733, 3086, 4963, 4630], [7912, 1241, 1832, 1009, 3497, 2159, 1718, 2750], [2940, 1743, 5910, 4104, 7616, 1792, 7863, 7442], [6238, 3589, 3613, 7866, 3477, 2287, 3934, 7822], [7235, 5260, 3469, 5482, 630, 2884, 5358, 5660], [1186, 1154, 5150, 5159, 809, 5445, 6261, 944], [1152, 4071, 955, 1241, 4666, 82, 5471, 5379], [5910, 3814, 4781, 3646, 3614, 6529, 3477, 3589], [2303, 3022, 6008, 6403, 1454, 657, 5004, 1468], [4164, 5910, 7023, 6543, 1879, 4077, 3564, 2340], [3068, 4651, 5159, 1219, 7030, 44, 3596, 3848], [2009, 1203, 917, 45, 3896, 889, 2948, 839], [2188, 6400, 47, 1369, 1695, 5347, 7879, 7871], [5226, 2064, 7442, 2584, 4173, 527, 4564, 6984], [49, 6543, 48, 6050, 3646, 5960, 3614, 7554], [858, 6468, 5959, 56, 6457, 7879, 2937, 48], [3354, 31, 3717, 532, 1124, 7859, 1506, 6503], [2584, 5500, 728, 6741, 440, 7900, 7911, 6325], [6984, 7442, 4153, 60, 4604, 609, 4564, 7272], [6050, 61, 5666, 2612, 7976, 1884, 2565, 1024], [66, 7565, 3988, 858, 7895, 2333, 82, 65], [2856, 82, 6482, 2819, 7540, 5959, 7396, 5910], [3262, 4726, 3839, 189, 7942, 2935, 3002, 3377], [7770, 3266, 2335, 77, 3370, 7596, 4174, 5934], [3646, 6050, 1921, 2918, 3280, 6518, 3880, 1962], [1213, 1747, 7640, 6085, 7135, 1263, 243, 1475], [822, 3077, 6348, 5551, 3868, 5039, 5559, 87], [1994, 7894, 2109, 7968, 7136, 7143, 5760, 4941], [2221, 1325, 1281, 2222, 6723, 5922, 2106, 6715], [5609, 5764, 4113, 2109, 565, 662, 1029, 1473], [6818, 5922, 5923, 1171, 5880, 5286, 5609, 1997], [10, 1435, 986, 1428, 984, 1254, 5922, 1081], [737, 6412, 1033, 6429, 2240, 5994, 2109, 7063], [5923, 3978, 6062, 4038, 4313, 1252, 3975, 3796], [815, 1907, 6013, 5809, 7154, 7115, 6406, 4585], [5923, 5922, 2240, 6715, 6412, 1033, 6429, 2109], [6412, 1033, 6429, 1325, 381, 394, 429, 541], [7968, 5922, 1745, 2240, 2109, 5594, 1322, 5923], [5550, 4330, 5560, 5369, 808, 759, 295, 1648], [2240, 6013, 2109, 5994, 6412, 1033, 6429, 5922], [5922, 7114, 1222, 1598, 1738, 7070, 6328, 5923], [2222, 1265, 7411, 4862, 776, 5595, 5834, 5594], [1250, 552, 5922, 5603, 4839, 1254, 2731, 3353], [1222, 1598, 1738, 6328, 7070, 7114, 501, 519], [10, 5922, 5772, 1206, 5923, 6992, 7115, 1997], [5764, 5922, 2109, 1222, 1598, 1738, 6328, 7070], [6818, 5633, 7968, 2109, 6515, 5286, 1501, 5474], [1994, 5286, 2192, 1325, 2109, 1745, 381, 394], [5922, 736, 6715, 1584, 2024, 2109, 1752, 6723], [815, 1907, 6013, 5809, 7154, 7115, 6406, 4585], [1789, 6716, 259, 1558, 737, 3437, 276, 4138], [5922, 737, 1584, 2109, 5923, 7114, 1222, 1598], [7672, 4514, 4769, 6457, 2535, 3021, 5938, 4096], [2194, 5410, 5822, 1324, 983, 4807, 6293, 284], [5922, 2222, 2109, 1325, 737, 1033, 6429, 6412], [3923, 5255, 6293, 2375, 3911, 7821, 4026, 7375], [7558, 7866, 3988, 4863, 3512, 4640, 7910, 2354], [2240, 6013, 2109, 5994, 6412, 1033, 6429, 5922], [2081, 736, 3916, 3665, 2049, 1021, 2024, 416], [5922, 10, 1325, 5923, 1281, 2109, 7, 6715], [5609, 2109, 5568, 5592, 3641, 4804, 4866, 5555], [7968, 5609, 1250, 5922, 381, 394, 429, 541], [2221, 1325, 5922, 1033, 6429, 6412, 381, 394], [6715, 6992, 5199, 575, 2221, 5319, 1325, 7446], [5923, 3565, 5922, 3873, 1584, 2688, 1284, 5739], [1973, 2042, 6277, 1582, 1319, 5611, 5726, 2075], [5922, 2109, 2240, 5923, 1033, 6429, 6412, 5992], [5922, 2109, 2240, 5923, 1033, 6429, 6412, 5992], [6873, 4080, 6998, 4296, 5910, 3564, 4962, 4523], [6412, 1033, 6429, 1325, 381, 394, 429, 541], [5922, 381, 394, 429, 541, 830, 6412, 1033], [7115, 575, 552, 5922, 5069, 7446, 3411, 5687], [7833, 381, 394, 429, 541, 830, 6412, 1033], [552, 776, 1584, 457, 7274, 7634, 835, 7112], [7372, 1450, 2464, 6451, 2794, 6122, 3145, 7468], [5922, 2109, 2240, 5923, 1033, 6429, 6412, 5992], [5922, 2109, 2240, 5923, 1033, 6429, 6412, 5992], [2804, 2441, 2248, 2306, 3898, 7703, 6284, 2826], [5594, 6412, 1033, 6429, 5922, 2109, 381, 394], [984, 5422, 6412, 1033, 6429, 4807, 3031, 552], [5922, 1129, 5286, 1250, 1745, 6818, 2109, 5069], [5922, 1686, 10, 4862, 5237, 7968, 4646, 7115], [2109, 6412, 1033, 6429, 381, 394, 429, 541], [1265, 6715, 736, 1325, 1250, 737, 5775, 5809], [6053, 6543, 4226, 6998, 5999, 2769, 2418, 2401], [4405, 5247, 1251, 1220, 7446, 2155, 5457, 5231], [7064, 4888, 1483, 4997, 3909, 1961, 1309, 5362], [5922, 2109, 2240, 5923, 1033, 6429, 6412, 5992], [5922, 2109, 2240, 5923, 1033, 6429, 6412, 5992], [3916, 5555, 5575, 5511, 5505, 5721, 5442, 5550], [474, 5575, 487, 5550, 6507, 904, 3822, 553], [5922, 2109, 2240, 5923, 1033, 6429, 6412, 5992], [5922, 2109, 2240, 5923, 1033, 6429, 6412, 5992], [5922, 737, 5923, 1584, 1250, 519, 3190, 4488], [3763, 890, 4245, 7718, 4226, 7754, 2406, 4283], [5588, 5594, 5592, 1033, 6429, 6412, 5609, 7833], [5922, 7115, 552, 2109, 5923, 3353, 2731, 4736], [737, 5922, 2221, 5923, 1250, 1081, 1325, 6013], [5760, 5880, 5603, 6723, 5865, 2109, 6028, 5612], [3893, 3999, 3988, 2320, 2856, 7703, 7694, 7558], [5922, 2109, 2240, 5923, 1033, 6429, 6412, 5992], [5922, 2109, 2240, 5923, 1033, 6429, 6412, 5992], [1385, 1745, 2068, 5922, 2064, 675, 7968, 4198], [5922, 10, 1206, 338, 499, 1195, 1444, 2175], [5609, 2109, 5594, 381, 394, 429, 541, 830], [5594, 5600, 2240, 7833, 7100, 519, 3190, 4488], [1519, 4065, 6937, 6301, 3073, 7300, 7499, 4509], [4767, 7702, 5109, 7372, 4071, 5627, 3464, 5941], [5922, 2109, 2240, 5923, 1033, 6429, 6412, 5992], [5922, 2109, 2240, 5923, 1033, 6429, 6412, 5992], [2825, 2192, 313, 3014, 7706, 7836, 4251, 7501], [5922, 1325, 501, 2095, 2316, 2493, 2602, 2777], [5594, 7949, 381, 394, 429, 541, 830, 2222], [10, 6715, 736, 5244, 4858, 7831, 5992, 5600], [242, 4243, 241, 4746, 559, 704, 63, 2955], [5922, 6328, 1222, 1598, 1738, 7070, 519, 3190], [2109, 6412, 1033, 6429, 381, 394, 429, 541], [737, 87, 1978, 4542, 7522, 945, 7712, 6716], [6723, 1281, 3873, 6716, 3108, 7188, 5199, 1325], [5972, 135, 5906, 5863, 6274, 5924, 3107, 6529], [7311, 7866, 5297, 7868, 7984, 7822, 7896, 1984], [2845, 6809, 5358, 5094, 5143, 7863, 4245, 5394], [5922, 10, 7115, 6992, 6412, 1033, 6429, 381], [6412, 1033, 6429, 2109, 381, 394, 429, 541], [737, 5994, 1978, 7063, 2240, 1325, 7655, 5992], [6716, 737, 6723, 2222, 6876, 1282, 1163, 1357], [2240, 2109, 6412, 1033, 6429, 381, 394, 429], [5303, 7301, 4972, 3360, 858, 5166, 5056, 3373], [2269, 6157, 5988, 5238, 4206, 1391, 7678, 6006], [3820, 5993, 7149, 1015, 6678, 2269, 7962, 1753], [6346, 7904, 4969, 7905, 5053, 3022, 7596, 5940], [6398, 1108, 4282, 7145, 6082, 1150, 4365, 1978], [5922, 1733, 1033, 6429, 6412, 10, 338, 499], [5594, 5609, 2109, 2240, 381, 394, 429, 541], [7968, 5286, 5922, 6510, 5422, 6818, 1171, 1900], [1222, 1598, 1738, 7070, 6328, 7114, 519, 3190], [7210, 4441, 3809, 7643, 4522, 6190, 6555, 6939], [5922, 1997, 10, 457, 5923, 6992, 5330, 7115], [5764, 5922, 2109, 1222, 1598, 1738, 6328, 7070], [5588, 1250, 5603, 552, 5922, 816, 6849, 5581], [5922, 7115, 6013, 552, 1081, 3353, 2731, 4736], [737, 10, 4610, 1325, 1584, 6383, 519, 3190], [3909, 4965, 6306, 4937, 4500, 1159, 5551, 1475]]}, "num_translations": 1, "text_top1": 0.012658227848101266, "text_top5": 0.056962025316455694,