{"num_src_sents": 141, "demosthenes_1902": {"tgt_lang": "en", "transl_top1": 0.3617021276595745, "transl_top5": 0.5106382978723404, "transl_top10": 0.6170212765957447, "num_nulls": 0, "num_tgt_sents": 6778}, "demosthenes_aeschynes_1861": {"tgt_lang": "fr", "transl_top1": 0.014184397163120567, "transl_top5": 0.0425531914893617, "transl_top10": 0.07092198581560284, "num_nulls": 0, "num_tgt_sents": 36182}, "num_translations": 2, "text_top1": 0.18794326241134754, "text_top5": 0.276595744680851, "text_top10": 0.34397163120567376}