{"num_src_sents": 181, "lysias_1902": {"tgt_lang": "it", "transl_top1": 0.06077348066298342, "transl_top5": 0.13812154696132597, "transl_top10": 0.19337016574585636, "num_nulls": 0, "num_tgt_sents": 3788, "retrieval_preds": [[1887, 1794, 1504, 3567, 3136, 1791, 1455, 1907], [2936, 1192, 3560, 3377, 3481, 2422, 3580, 3686], [3592, 2339, 806, 1791, 268, 220, 3071, 3590], [231, 1892, 2743, 235, 238, 3131, 2149, 221], [1455, 1887, 1892, 1777, 3512, 213, 1733, 229], [3512, 1508, 2912, 2356, 2718, 177, 3644, 632], [21, 1748, 1455, 702, 131, 1234, 238, 39], [1455, 155, 1887, 3592, 185, 1729, 104, 1756], [1171, 169, 851, 82, 3241, 3235, 2743, 83], [1887, 740, 283, 1892, 2743, 1791, 1742, 1219], [283, 122, 371, 2614, 7, 561, 2103, 221], [927, 268, 1302, 1915, 1787, 123, 1654, 81], [1717, 2718, 1506, 1415, 1279, 898, 2284, 3376], [474, 956, 3020, 2901, 2108, 188, 1867, 1266], [1244, 1523, 1903, 2783, 1873, 1582, 978, 942], [349, 1892, 352, 1545, 1887, 3781, 3643, 2119], [3071, 123, 89, 98, 852, 2625, 2751, 1077], [1535, 1930, 2026, 2127, 1032, 394, 2095, 2094], [1887, 104, 667, 283, 1050, 1409, 108, 658], [2180, 2331, 392, 1075, 1234, 123, 1776, 130], [404, 819, 3752, 459, 2599, 766, 3715, 3659], [1244, 2718, 819, 1841, 712, 900, 3076, 1943], [1535, 1, 3685, 3291, 1978, 1841, 2041, 3576], [415, 2718, 1583, 413, 819, 3255, 470, 1318], [3512, 404, 898, 459, 726, 352, 3731, 2743], [1774, 1766, 1841, 3638, 103, 612, 429, 1513], [690, 1982, 499, 2007, 2013, 480, 2346, 2147], [1153, 1873, 1943, 349, 1049, 806, 1892, 1913], [42, 3592, 1166, 3594, 1171, 1796, 83, 56], [806, 456, 1873, 2283, 3066, 138, 1775, 1787], [842, 98, 1153, 1146, 1233, 2313, 1754, 1154], [259, 2918, 3752, 2938, 1556, 3376, 3284, 2263], [3592, 283, 92, 2695, 129, 1775, 851, 80], [122, 2279, 1354, 3179, 456, 3290, 985, 1050], [2695, 2103, 64, 1887, 2339, 283, 1784, 2743], [56, 283, 1727, 3592, 83, 1018, 852, 1171], [284, 3659, 514, 578, 1570, 3107, 2527, 3651], [283, 1504, 530, 1133, 42, 89, 122, 155], [1731, 561, 283, 1747, 1504, 1784, 78, 107], [2695, 3491, 1244, 267, 1887, 740, 2284, 1570], [2871, 806, 1701, 3505, 2367, 3617, 2718, 740], [1154, 530, 1133, 1892, 1275, 1634, 3395, 229], [900, 296, 2130, 712, 2663, 216, 893, 2681], [1197, 2456, 1444, 1061, 2048, 1563, 3542, 2871], [2849, 677, 3022, 3134, 2284, 1508, 2545, 273], [746, 1026, 1808, 674, 2769, 2495, 2977, 489], [1318, 2346, 1469, 2227, 1547, 2012, 942, 690], [2084, 1257, 2512, 1380, 674, 2224, 444, 1511], [2358, 887, 1206, 2423, 664, 3042, 3226, 1453], [2512, 746, 674, 2084, 3377, 745, 2066, 2316], [3647, 2747, 3565, 3754, 2735, 2907, 2986, 587], [606, 746, 506, 471, 3379, 636, 804, 2216], [636, 2642, 2082, 1667, 1629, 3431, 2853, 979], [1808, 627, 1850, 1026, 2216, 2512, 2769, 746], [426, 2696, 3647, 3754, 2747, 2735, 3565, 2907], [2977, 746, 3506, 3545, 1774, 1356, 1257, 745], [42, 3592, 3376, 1171, 1356, 2334, 78, 1772], [3512, 2456, 132, 1887, 2334, 3545, 806, 627], [2119, 349, 3638, 1154, 2244, 671, 1006, 2280], [2350, 3651, 349, 946, 2119, 3638, 2824, 2402], [3545, 627, 2504, 1006, 1813, 1791, 1573, 1812], [745, 207, 627, 2512, 2545, 3620, 1810, 749], [1050, 1153, 3592, 117, 749, 3436, 1156, 672], [1409, 672, 42, 155, 3489, 985, 3592, 1021], [1354, 1070, 2408, 1887, 3001, 2191, 1302, 726], [1892, 1529, 3620, 521, 2324, 2797, 1887, 802], [1745, 806, 1772, 3489, 2363, 2339, 3071, 3592], [1892, 1791, 806, 985, 3592, 2363, 1813, 2934], [3512, 229, 1892, 806, 952, 2334, 2010, 2324], [1455, 1791, 806, 3590, 288, 1784, 3422, 3592], [229, 1070, 806, 2797, 1887, 696, 288, 3620], [3643, 730, 276, 2356, 3560, 3512, 2718, 3072], [898, 2849, 2718, 3512, 2439, 1508, 276, 900], [745, 749, 2760, 1257, 1215, 2654, 3560, 3100], [746, 804, 924, 1134, 1016, 3041, 664, 3734], [1892, 2995, 1529, 1887, 1787, 1154, 1049, 1812], [1745, 2998, 900, 624, 1508, 2798, 3132, 1791], [1867, 1654, 807, 759, 2319, 1718, 927, 2644], [2324, 3592, 1787, 283, 1756, 1887, 1784, 122], [3179, 802, 766, 1943, 2695, 806, 2663, 740], [788, 56, 42, 3592, 1756, 1729, 283, 80], [900, 1887, 806, 3146, 1745, 185, 814, 1784], [2808, 1513, 2555, 2936, 690, 1913, 509, 1570], [806, 3512, 1887, 1791, 2743, 1532, 740, 3397], [283, 3592, 1504, 1133, 80, 1275, 2513, 1784], [71, 2836, 283, 1957, 3620, 9, 2801, 1257], [1171, 1634, 1275, 1297, 3422, 3391, 2103, 3241], [3627, 3422, 1462, 3142, 957, 288, 241, 1575], [3395, 2103, 21, 1234, 54, 702, 1751, 968], [1771, 2091, 2131, 1385, 3204, 764, 1659, 1454], [2511, 3463, 3134, 1400, 1429, 930, 267, 1513], [84, 142, 104, 1741, 56, 22, 1722, 21], [283, 1729, 561, 1887, 42, 108, 104, 1133], [806, 3512, 1055, 3592, 215, 985, 1070, 1534], [1534, 671, 1550, 985, 3592, 642, 952, 1154], [3592, 283, 1787, 952, 1887, 1756, 104, 1504], [930, 3141, 267, 927, 3078, 636, 328, 1404], [2511, 3463, 3134, 1630, 1550, 2421, 1428, 2569], [956, 1867, 1654, 1, 1567, 1892, 1216, 3436], [155, 1409, 3395, 3247, 1756, 1751, 1887, 1205], [1887, 3620, 283, 215, 71, 1733, 229, 1455], [627, 740, 2545, 48, 1550, 2695, 2066, 1175], [2352, 1215, 781, 273, 1070, 2264, 3207, 2771], [985, 456, 2334, 1462, 806, 1049, 1791, 3592], [1356, 1070, 1049, 3590, 2977, 1339, 2103, 2009], [2103, 3422, 1887, 2912, 1784, 89, 2695, 268], [3592, 952, 489, 64, 3545, 1787, 749, 2512], [1018, 97, 1977, 56, 788, 1234, 3291, 2838], [3422, 559, 89, 1028, 1758, 288, 1856, 541], [56, 59, 142, 1234, 21, 1737, 117, 42], [21, 1234, 84, 142, 1133, 459, 2651, 1756], [1887, 2103, 1534, 283, 3395, 3241, 42, 352], [2137, 1887, 966, 2695, 1244, 2222, 3134, 1892], [1887, 122, 1534, 985, 1409, 1756, 1070, 2579], [56, 155, 3592, 3395, 37, 1756, 142, 1171], [56, 73, 283, 1787, 2027, 2743, 702, 1018], [56, 80, 283, 1133, 1163, 1729, 2027, 42], [740, 3643, 2192, 806, 1531, 1070, 1049, 1534], [296, 1146, 1970, 981, 1622, 722, 1551, 2439], [2788, 3512, 2743, 3170, 1146, 2064, 1154, 66], [2695, 1258, 1041, 1154, 2998, 1754, 3087, 1841], [1887, 900, 1171, 1354, 2334, 915, 1302, 952], [1171, 1887, 1977, 1102, 1301, 696, 229, 2579], [3560, 2936, 2481, 3377, 1192, 3580, 2485, 3244], [2103, 1534, 2339, 89, 1733, 1070, 1887, 283], [1406, 1205, 898, 2227, 2241, 1765, 126, 1221], [1887, 740, 2998, 3620, 806, 1212, 1787, 1892], [56, 21, 84, 1756, 1722, 142, 37, 1741], [1855, 1733, 142, 2313, 3235, 2695, 2998, 841], [1766, 2757, 1260, 283, 80, 690, 1795, 1244], [1892, 229, 64, 1887, 3592, 352, 2743, 1787], [1133, 56, 42, 89, 1999, 155, 3422, 1722], [56, 1504, 42, 104, 3592, 59, 1409, 80], [56, 2027, 59, 852, 1977, 54, 95, 3395], [3241, 122, 3237, 283, 2103, 78, 66, 2027], [59, 3687, 117, 103, 3320, 126, 1297, 1456], [3643, 3620, 2324, 3644, 1887, 66, 3627, 1455], [1634, 1133, 1777, 1262, 2092, 1915, 3422, 1977], [2027, 3241, 1356, 1634, 58, 1355, 2349, 1275], [283, 1729, 80, 56, 1727, 54, 71, 1887], [59, 122, 104, 1171, 142, 108, 97, 141], [1275, 1171, 2350, 1634, 3592, 1504, 3422, 3594], [59, 1729, 1733, 142, 1756, 155, 2103, 1777], [788, 158, 185, 155, 588, 1756, 3359, 734], [229, 1892, 2743, 1977, 3512, 806, 1887, 3592], [2998, 690, 2695, 842, 810, 1156, 1855, 1549], [1455, 1465, 2334, 3620, 3567, 1871, 2948, 132], [1887, 1507, 3620, 900, 1409, 1455, 215, 1787], [738, 3174, 3545, 745, 627, 1301, 1257, 1215], [749, 745, 2760, 2695, 627, 3131, 3691, 677], [71, 2743, 2542, 2836, 283, 3436, 1784, 2367], [806, 1791, 3071, 674, 749, 1455, 1462, 1532], [229, 3592, 1787, 2334, 3620, 1534, 806, 3512], [3592, 1756, 2339, 42, 1727, 1787, 56, 985], [3594, 1727, 952, 3592, 1887, 1756, 71, 283], [3686, 2853, 229, 237, 674, 1892, 3769, 3322], [788, 1724, 1756, 142, 89, 56, 3594, 2103], [1775, 2339, 1745, 143, 740, 1570, 3146, 3071], [64, 806, 2695, 3174, 851, 1731, 745, 2836], [3620, 806, 1887, 2936, 1841, 1892, 3512, 745], [1050, 660, 3320, 2103, 3489, 1055, 42, 3170], [237, 3733, 2201, 664, 1475, 230, 858, 2350], [3592, 985, 3620, 1409, 1887, 2838, 108, 1275], [2062, 2694, 1843, 1508, 3770, 2104, 690, 3644], [2718, 898, 2280, 3643, 285, 781, 246, 1626], [2010, 66, 1627, 97, 117, 2461, 3512, 2192], [1683, 1729, 1756, 2695, 3512, 1777, 