{"num_src_sents": 189, "horace_juvenal_persius_1841": {"tgt_lang": "fr", "transl_top1": 0.43386243386243384, "transl_top5": 0.5767195767195767, "transl_top10": 0.6243386243386243, "num_nulls": 0, "num_tgt_sents": 8044}, "horace_1902": {"tgt_lang": "en", "transl_top1": 0.6243386243386243, "transl_top5": 0.798941798941799, "transl_top10": 0.8095238095238095, "num_nulls": 3, "num_tgt_sents": 4146}, "horace_1859": {"tgt_lang": "en", "transl_top1": 0.6190476190476191, "transl_top5": 0.8624338624338624, "transl_top10": 0.9523809523809523, "num_nulls": 0, "num_tgt_sents": 4844}, "horace_1847": {"tgt_lang": "fr", "transl_top1": 0.031746031746031744, "transl_top5": 0.07407407407407407, "transl_top10": 0.12698412698412698, "num_nulls": 0, "num_tgt_sents": 2963}, "num_translations": 4, "text_top1": 0.4272486772486772, "text_top5": 0.578042328042328, "text_top10": 0.6283068783068783}