{"num_src_sents": 1231, "philo_2_1854": {"tgt_lang": "en", "transl_top1": 0.00487408610885459, "transl_top5": 0.03168155970755483, "transl_top10": 0.05361494719740049, "num_nulls": 0, "num_tgt_sents": 7912}, "philo_4_1855": {"tgt_lang": "en", "transl_top1": 0.004061738424045491, "transl_top5": 0.020308692120227456, "transl_top10": 0.038180341186027617, "num_nulls": 0, "num_tgt_sents": 7517}, "philo_1_1854": {"tgt_lang": "en", "transl_top1": 0.429731925264013, "transl_top5": 0.6255077173030057, "transl_top10": 0.7091795288383428, "num_nulls": 2, "num_tgt_sents": 8507}, "num_translations": 3, "text_top1": 0.1462225832656377, "text_top5": 0.22583265637692934, "text_top10": 0.2669916057405903}