{"num_src_sents": 319, "aristotle_1855-1906_6": {"tgt_lang": "de", "transl_top1": 0.12852664576802508, "transl_top5": 0.23510971786833856, "transl_top10": 0.25705329153605017, "num_nulls": 0, "num_tgt_sents": 8895, "retrieval_preds": [[8431, 7289, 7927, 937, 3903, 2618, 2990, 3240], [7276, 4393, 6488, 4329, 7979, 4069, 7761, 7279], [7763, 7672, 7509, 7293, 7937, 3212, 897, 2918], [7279, 8588, 8885, 366, 4510, 3852, 4961, 5659], [7282, 897, 2907, 5307, 2267, 8312, 970, 8847], [8890, 2649, 4051, 8588, 7797, 3405, 6488, 540], [254, 4354, 5562, 288, 5585, 772, 7285, 5560], [4691, 8664, 2649, 4132, 354, 6366, 7944, 76], [897, 2014, 6158, 2906, 5103, 5307, 2564, 7100], [2609, 6749, 7763, 8328, 437, 2886, 8664, 5515], [7289, 5654, 2990, 3305, 3083, 8431, 7614, 5660], [8434, 8555, 3759, 6762, 354, 4691, 2649, 7944], [8437, 5654, 4899, 3156, 7276, 8202, 2618, 3089], [7293, 7672, 897, 2014, 4404, 2267, 403, 7100], [7294, 7967, 366, 4601, 1374, 5085, 245, 1865], [2947, 3759, 3549, 8108, 4808, 7717, 3645, 1066], [4415, 5747, 6412, 1761, 7088, 5757, 5633, 5611], [1717, 4515, 6455, 7594, 5061, 5331, 911, 7298], [5104, 6854, 8588, 8715, 1479, 8191, 2020, 962], [505, 5188, 8439, 4504, 1888, 1531, 8524, 2803], [7699, 8555, 3150, 7579, 2350, 8633, 5188, 6064], [8555, 6750, 7595, 2373, 1990, 3173, 2966, 7731], [4420, 5231, 2468, 7761, 3487, 5648, 2303, 8271], [5999, 6284, 3787, 6267, 4580, 6246, 7553, 8347], [6835, 7307, 2698, 1496, 5431, 5462, 6252, 1592], [1512, 5808, 3447, 6513, 5201, 5085, 7967, 5658], [7362, 7335, 5934, 8369, 7324, 6455, 7309, 7359], [3717, 2702, 3442, 3445, 2780, 1590, 2685, 4569], [5952, 3718, 4768, 3421, 1875, 3284, 7988, 1096], [8555, 1401, 5417, 1285, 1370, 3582, 3889, 1093], [7317, 214, 897, 4042, 3480, 403, 4064, 2172], [4242, 1267, 1794, 1924, 2622, 4973, 3843, 4595], [8340, 8714, 4064, 3156, 7480, 4372, 7324, 8521], [7323, 7324, 7402, 8148, 2906, 7359, 8726, 4404], [1875, 4074, 5840, 2530, 8333, 4319, 8325, 167], [7317, 7328, 4404, 8665, 7672, 8625, 8879, 7327], [5188, 7764, 7988, 5061, 7279, 4931, 6767, 5278], [214, 3418, 5565, 2510, 2773, 1811, 2669, 6762], [7666, 2516, 1182, 2872, 6145, 4955, 5163, 2605], [2553, 5061, 1273, 4779, 7870, 8636, 3804, 3741], [8438, 4515, 4480, 1717, 4899, 8369, 5619, 6364], [2608, 2795, 8546, 2990, 3083, 4741, 7666, 1922], [2910, 6345, 2267, 8555, 6767, 7884, 3727, 2423], [3083, 8011, 7579, 8493, 8491, 8716, 8668, 8026], [6873, 1251, 3471, 5981, 1163, 5436, 8524, 1370], [2320, 4780, 7203, 3491, 2543, 1649, 2303, 6086], [5188, 2034, 1927, 806, 5533, 2267, 1281, 6070], [2018, 3442, 4415, 8615, 1428, 4741, 1431, 6462], [7632, 7312, 4208, 6835, 2656, 1451, 7359, 2755], [4164, 773, 4178, 5803, 5832, 7353, 4251, 688], [6605, 3804, 6501, 5573, 6748, 6400, 5358, 5586], [4164, 8028, 773, 5803, 6940, 5316, 1496, 5832], [6611, 8317, 7208, 3508, 4772, 8249, 3844, 5024], [8369, 4305, 7356, 2990, 2510, 1551, 1672, 2252], [7357, 366, 7548, 373, 8681, 7361, 7560, 4110], [2124, 7355, 4751, 7359, 7335, 2830, 2215, 2782], [3190, 7361, 3350, 6838, 8598, 1258, 3664, 5683], [7362, 6750, 2990, 8429, 8330, 7927, 3439, 3089], [5188, 6383, 5474, 6665, 7579, 3880, 2938, 6158], [7734, 7720, 1051, 2761, 806, 837, 3652, 489], [366, 3083, 8369, 2008, 4961, 4329, 1998, 2910], [7594, 6559, 6750, 3216, 5932, 4639, 6767, 5681], [7636, 3325, 8623, 1068, 5747, 6425, 3852, 8883], [107, 7371, 7476, 7466, 366, 7477, 3156, 8776], [6702, 2798, 2433, 8435, 6064, 6767, 8764, 2267], [5673, 3058, 2694, 628, 8317, 413, 6149, 3046], [7636, 158, 4390, 2935, 2652, 1112, 7466, 6462], [2267, 2910, 245, 3240, 6158, 1285, 8435, 3718], [7255, 7642, 5188, 7524, 7746, 5714, 1786, 5726], [7453, 6632, 8565, 3391, 8795, 1279, 1570, 4404], [8214, 4961, 4393, 5061, 1096, 3646, 6048, 3852], [7927, 743, 7714, 658, 3480, 7614, 2267, 2384], [7386, 3494, 3493, 3072, 6750, 3986, 7403, 3501], [7387, 1077, 8555, 3582, 1273, 566, 2761, 937], [7255, 2423, 1344, 3260, 3924, 2886, 885, 7967], [1597, 4480, 5331, 2509, 3391, 4494, 2843, 6750], [5114, 3240, 2779, 2204, 6488, 2034, 1722, 7391], [1389, 7402, 6455, 3250, 4751, 911, 7714, 937], [2910, 7667, 8435, 3852, 3819, 366, 962, 1344], [3105, 7485, 8555, 5061, 3582, 1273, 214, 937], [6875, 5757, 6462, 2466, 5556, 4390, 6172, 1036], [5280, 3534, 2348, 3589, 3503, 3422, 466, 3535], [3190, 2204, 1683, 5350, 3207, 3264, 5678, 5188], [1965, 6555, 1683, 3344, 428, 5671, 3491, 8184], [339, 8742, 8521, 4173, 412, 8555, 1077, 2267], [7402, 7324, 7355, 7323, 7403, 7420, 7356, 4319], [7403, 7386, 7402, 7322, 107, 7768, 7674, 7320], [6157, 5648, 6138, 5104, 5138, 3537, 8328, 7806], [3894, 7388, 6324, 798, 2762, 5315, 3331, 8639], [3627, 495, 7720, 7726, 7762, 1096, 3889, 7637], [5248, 3105, 3627, 3626, 2707, 3229, 3582, 705], [3671, 403, 1077, 3886, 6632, 3480, 3391, 5226], [2267, 403, 1077, 7672, 2907, 7317, 2947, 4404], [5052, 7724, 3602, 5285, 1030, 5319, 5226, 6158], [1374, 7882, 1301, 566, 8555, 8202, 3633, 2565], [6158, 3595, 940, 3216, 1406, 4808, 8609, 5456], [1145, 6605, 3160, 1717, 4741, 2818, 3804, 6271], [6022, 7429, 7549, 509, 4954, 2828, 2771, 3609], [3582, 2405, 1798, 2430, 5061, 1385, 1370, 946], [4248, 4243, 602, 7859, 578, 592, 466, 1344], [7594, 134, 7593, 3582, 73, 3889, 4563, 1672], [8555, 3886, 2580, 3671, 3089, 5296, 2014, 5052], [3162, 5061, 3050, 1672, 4306, 7438, 3332, 6070], [773, 617, 6252, 1394, 5361, 4164, 3785, 6940], [4907, 566, 5244, 3671, 937, 2907, 5080, 1671], [3652, 476, 6151, 5285, 5744, 3567, 6048, 4625], [1077, 3418, 3886, 2121, 1520, 3727, 4248, 3391], [2907, 2906, 897, 7446, 6749, 541, 2014, 2990], [5629, 4369, 2096, 3609, 3240, 8557, 3190, 2133], [3935, 5786, 7546, 5811, 3632, 5071, 2604, 5125], [1520, 1597, 7450, 5931, 8307, 603, 3213, 4098], [6383, 4468, 3894, 6837, 5755, 8765, 6411, 8885], [7453, 8795, 674, 4404, 403, 2907, 1077, 4024], [8795, 4404, 7579, 403, 8769, 7453, 214, 897], [6767, 2433, 5684, 4234, 7884, 8701, 7155, 593], [4209, 3491, 6752, 6240, 4251, 2742, 8028, 3046], [8438, 8625, 3156, 8674, 107, 8679, 8496, 8788], [7537, 7551, 8651, 7401, 7528, 2050, 8649, 6388], [4726, 7546, 7478, 7341, 489, 7461, 366, 5114], [7530, 8555, 7361, 1638, 4173, 8560, 7485, 3582], [5188, 8011, 8357, 8681, 8552, 8555, 8521, 7560], [5747, 1512, 3655, 6630, 4485, 2431, 318, 7610], [5188, 7988, 6767, 5065, 3904, 7279, 4780, 5952], [6411, 8524, 5361, 5188, 6125, 1927, 7121, 6838], [7472, 7279, 8357, 6785, 5225, 7762, 2691, 4393], [7271, 6927, 6119, 4485, 7047, 5652, 2825, 4468], [3139, 5188, 6158, 5285, 1672, 4899, 1344, 3315], [366, 107, 3045, 8369, 8665, 7476, 2431, 1665], [5188, 107, 8369, 3083, 7477, 7547, 5867, 366], [2907, 8555, 488, 3279, 4064, 214, 583, 2910], [897, 7480, 8521, 8075, 8642, 2266, 8768, 2907], [6665, 4305, 1406, 7579, 6044, 2530, 3727, 8438], [7485, 8555, 8560, 8340, 1638, 3582, 3279, 203], [3156, 8340, 214, 8785, 2907, 8726, 7485, 7453], [5188, 4973, 318, 3500, 5952, 3503, 5454, 5924], [7491, 7488, 8075, 7561, 7716, 4372, 8889, 8853], [7492, 3567, 7355, 6488, 4609, 3553, 3727, 588], [7494, 7472, 366, 8637, 8716, 8171, 4515, 8560], [6681, 158, 6114, 7758, 6913, 7177, 6099, 7666], [6162, 7496, 3083, 7503, 5188, 6767, 8357, 6151], [2267, 4044, 5061, 2910, 6041, 4177, 4179, 3240], [8557, 7963, 6288, 6069, 6292, 6560, 346, 5188], [7499, 8418, 5103, 6729, 6070, 5307, 6111, 3511], [1607, 6927, 346, 5648, 3594, 2592, 3537, 453], [3889, 3693, 3755, 3493, 7502, 7762, 3645, 4945], [7503, 7403, 8328, 6702, 3986, 8091, 4477, 4018], [4961, 5747, 3852, 6048, 8557, 2038, 4943, 2252], [3161, 7593, 98, 8038, 3216, 5397, 1078, 5188], [5587, 3181, 5777, 6487, 1226, 1401, 7998, 1077], [2907, 5244, 2555, 2580, 4404, 2906, 2014, 214], [1059, 1285, 4691, 2348, 4328, 4912, 1240, 1406], [3627, 6158, 7716, 5189, 245, 7856, 3652, 3548], [7515, 3632, 4681, 4107, 8246, 4732, 8126, 2198], [2795, 8609, 5456, 7762, 1094, 833, 2168, 3894], [8726, 8340, 214, 7485, 6750, 8795, 8565, 5209], [7523, 4691, 7755, 889, 3081, 3092, 1240, 8555], [366, 590, 7524, 7538, 8357, 1638, 3083, 8417], [7763, 7579, 1077, 5714, 2347, 