{"num_src_sents": 2013, "plato_3_1826": {"tgt_lang": "fr", "transl_top1": 0.0014903129657228018, "transl_top5": 0.006954793840039742, "transl_top10": 0.017386984600099353, "num_nulls": 0, "num_tgt_sents": 3903}, "plato_1_1846": {"tgt_lang": "fr", "transl_top1": 0.001987083954297069, "transl_top5": 0.013909587680079483, "transl_top10": 0.02334823646299056, "num_nulls": 0, "num_tgt_sents": 3203}, "num_translations": 2, "text_top1": 0.0017386984600099354, "text_top5": 0.010432190760059613, "text_top10": 0.020367610531544955}