{"num_src_sents": 27, "plutarch_4_1908": {"tgt_lang": "en", "transl_top1": 0.07407407407407407, "transl_top5": 0.18518518518518517, "transl_top10": 0.3333333333333333, "num_nulls": 0, "num_tgt_sents": 13066}, "plutarch_3_1908": {"tgt_lang": "en", "transl_top1": 0.0, "transl_top5": 0.1111111111111111, "transl_top10": 0.2222222222222222, "num_nulls": 0, "num_tgt_sents": 6633}, "num_translations": 2, "text_top1": 0.037037037037037035, "text_top5": 0.14814814814814814, "text_top10": 0.2777777777777778}