{"num_src_sents": 49, "plutarch_4_1844": {"tgt_lang": "fr", "transl_top1": 0.2653061224489796, "transl_top5": 0.42857142857142855, "transl_top10": 0.46938775510204084, "num_nulls": 0, "num_tgt_sents": 6665, "retrieval_preds": [[81, 122, 3108, 2912, 2204, 76, 1030, 942], [4410, 2572, 1302, 743, 1071, 6618, 24, 6390], [85, 131, 130, 5994, 5257, 5794, 263, 2731], [2544, 2585, 490, 2581, 5879, 2302, 86, 5486], [2555, 1933, 89, 2549, 1605, 5141, 178, 86], [587, 52, 90, 3149, 597, 6554, 6229, 148], [92, 316, 925, 332, 339, 6022, 6496, 593], [63, 1021, 92, 296, 327, 210, 161, 540], [6543, 6432, 6441, 4316, 4618, 5719, 6550, 6491], [2380, 6376, 3710, 100, 1826, 6070, 3839, 5270], [5950, 3984, 4313, 2746, 101, 1630, 6144, 4637], [101, 113, 111, 76, 1202, 112, 124, 3984], [4206, 103, 5157, 6302, 478, 233, 6432, 2351], [106, 105, 490, 2544, 1016, 5486, 5650, 753], [107, 3010, 4490, 5845, 6173, 2993, 149, 5293], [3010, 6084, 5980, 3032, 3556, 5845, 2910, 5886], [2829, 4639, 3144, 4319, 5075, 2943, 2794, 4330], [4777, 4979, 3303, 4741, 3308, 3183, 4740, 3221], [111, 1152, 1344, 316, 1107, 968, 805, 6662], [3521, 6544, 6378, 2893, 6543, 6432, 6547, 124], [3696, 3117, 3781, 2835, 6394, 2744, 6478, 3043], [5121, 5133, 4817, 4825, 3265, 116, 5076, 3286], [2994, 149, 3010, 6478, 4493, 3015, 2890, 4677], [316, 339, 120, 4720, 4548, 1152, 2991, 4881], [121, 3003, 3521, 6526, 1008, 4394, 6151, 5850], [122, 2195, 1468, 2001, 2204, 2306, 1830, 5489], [1008, 124, 111, 6250, 6599, 1073, 3026, 3149], [4980, 825, 2544, 2585, 4344, 339, 2991, 2306], [131, 2306, 6302, 2544, 5081, 5252, 6019, 5374], [132, 1964, 2734, 2962, 45, 2686, 2055, 485], [2433, 2001, 5437, 2605, 3064, 4953, 2581, 5428], [113, 5784, 5787, 101, 4034, 115, 3154, 4357], [135, 1505, 1167, 5226, 2374, 5247, 1093, 2330], [136, 1661, 490, 2433, 2605, 5894, 2055, 1517], [138, 2265, 6143, 4763, 6571, 6299, 2262, 6144], [139, 131, 141, 4437, 955, 99, 2164, 78], [4720, 3670, 6480, 4544, 6543, 6531, 6330, 4316], [147, 151, 4720, 149, 5489, 2306, 4395, 6432], [151, 147, 150, 1925, 1709, 321, 1666, 149], [161, 164, 5156, 693, 6250, 6491, 2924, 3670], [6018, 156, 4307, 6305, 130, 2383, 5058, 5732], [6083, 512, 2630, 6051, 6184, 1071, 177, 5332], [5224, 5539, 2136, 5415, 6394, 2890, 4943, 6086], [160, 4407, 6302, 4039, 4502, 161, 63, 3670], [5489, 6496, 4845, 4316, 5125, 6491, 4549, 2924], [164, 1139, 1152, 888, 5139, 1199, 466, 483], [4511, 3981, 5080, 5157, 6571, 4934, 4688, 4849], [627, 93, 164, 316, 540, 1152, 6584, 349], [568, 167, 702, 2092, 498, 5272, 706, 2103]]}, "plutarch_5_1844": {"tgt_lang": "fr", "transl_top1": 0.08163265306122448, "transl_top5": 0.16326530612244897, "transl_top10": 0.20408163265306123, "num_nulls": 0, "num_tgt_sents": 5916, "retrieval_preds": [[527, 2997, 730, 77, 1366, 3045, 2984, 976], [5114, 5378, 1427, 3096, 1226, 1686, 2835, 1433], [5154, 2096, 831, 930, 5179, 1150, 363, 2152], [2568, 796, 4856, 4579, 3879, 797, 2800, 4670], [4448, 5389, 4933, 3318, 1041, 5426, 4932, 895], [1222, 1980, 2549, 1985, 1201, 509, 2994, 2023], [2351, 5106, 1302, 3869, 2997, 4414, 1002, 2768], [2997, 4109, 1690, 1269, 5017, 3852, 31, 1926], [2758, 98, 12, 1767, 2743, 367, 51, 4118], [92, 4315, 4012, 4083, 3974, 5845, 5839, 5199], [5772, 1559, 1570, 1048, 5258, 5387, 1427, 2615], [5002, 5264, 805, 1233, 5106, 1855, 965, 924], [1165, 519, 1302, 4109, 1035, 2703, 2641, 1485], [4856, 3846, 1324, 3725, 4791, 4697, 533, 3834], [1362, 1674, 5202, 2833, 3758, 2403, 1692, 2351], [2406, 5051, 3862, 5110, 4396, 1687, 91, 2398], [2627, 5423, 5398, 5443, 5417, 1617, 5448, 351], [5410, 4237, 1049, 1673, 1058, 2950, 5452, 1835], [3015, 3045, 919, 305, 1529, 1682, 51, 465], [976, 114, 3045, 1366, 1242, 1767, 117, 1144], [1901, 1299, 4396, 2659, 4139, 5238, 5831, 91], [5410, 4096, 5398, 460, 4297, 4055, 2627, 2725], [944, 2305, 5154, 2953, 2117, 3096, 2052, 4469], [1302, 527, 3870, 2972, 1292, 3814, 3869, 2998], [488, 969, 5235, 88, 1309, 1271, 5232, 395], [5011, 3074, 2019, 4994, 4698, 2231, 2789, 4716], [4017, 1668, 2853, 969, 2747, 465, 1704, 1144], [3878, 2146, 2351, 3869, 2231, 3162, 2019, 4109], [2146, 637, 3068, 1269, 5792, 2372, 2066, 2608], [1885, 468, 4716, 3853, 5426, 4505, 53, 3785], [3744, 3694, 5426, 464, 4740, 4184, 4994, 3038], [4732, 1427, 3770, 1336, 4448, 4990, 5264, 5572], [2404, 1201, 1168, 3033, 1169, 1177, 4952, 1510], [4808, 3736, 4802, 4799, 4773, 4722, 3739, 4697], [2246, 2244, 924, 1645, 1430, 2863, 3915, 3127], [5189, 5326, 5182, 3683, 5644, 5105, 5154, 5475], [17, 2519, 1690, 2758, 3829, 31, 1302, 4278], [2231, 2336, 2768, 1269, 2344, 1692, 3814, 3852], [5510, 3013, 3886, 3878, 2405, 1770, 3213, 1704], [1269, 5804, 1425, 3153, 1339, 2521, 1126, 1129], [2149, 3042, 2157, 4423, 5778, 1390, 5442, 1304], [5684, 363, 5212, 5013, 3102, 2400, 1421, 943], [5771, 3305, 198, 2921, 23, 5790, 3948, 1942], [2146, 2136, 2351, 2519, 1302, 3192, 2892, 2083], [1425, 1269, 2050, 4791, 1703, 2066, 1867, 5665], [1302, 2066, 2972, 2351, 1269, 2092, 918, 2139], [1300, 962, 2899, 785, 693, 311, 1716, 4335], [5212, 2998, 2343, 924, 5181, 2351, 305, 1441], [3695, 3249, 2178, 2522, 2330, 4198, 943, 3948]]}, "num_translations": 2, "text_top1": 0.17346938775510204, "text_top5": 0.29591836734693877, "text_top10": 0.33673469387755106}