{"num_src_sents": 136, "plutarch_1898_ethical": {"tgt_lang": "en", "transl_top1": 0.4338235294117647, "transl_top5": 0.5882352941176471, "transl_top10": 0.6617647058823529, "num_nulls": 0, "num_tgt_sents": 5242}, "plutarch_2_1844": {"tgt_lang": "fr", "transl_top1": 0.09558823529411764, "transl_top5": 0.23529411764705882, "transl_top10": 0.3014705882352941, "num_nulls": 0, "num_tgt_sents": 7523}, "plutarch_1_1844": {"tgt_lang": "fr", "transl_top1": 0.007352941176470588, "transl_top5": 0.08823529411764706, "transl_top10": 0.16176470588235295, "num_nulls": 0, "num_tgt_sents": 8121}, "num_translations": 3, "text_top1": 0.17892156862745098, "text_top5": 0.303921568627451, "text_top10": 0.375}