{"num_src_sents": 106, "demosthenes_1877": {"tgt_lang": "en", "transl_top1": 0.44339622641509435, "transl_top5": 0.6226415094339622, "transl_top10": 0.6698113207547169, "num_nulls": 0, "num_tgt_sents": 7775}, "demosthenes_aeschynes_1861": {"tgt_lang": "fr", "transl_top1": 0.03773584905660377, "transl_top5": 0.10377358490566038, "transl_top10": 0.11320754716981132, "num_nulls": 0, "num_tgt_sents": 36182}, "num_translations": 2, "text_top1": 0.24056603773584906, "text_top5": 0.3632075471698113, "text_top10": 0.3915094339622641}