{"num_src_sents": 122, "luciusSamosata_1_1869": {"tgt_lang": "fr", "transl_top1": 0.16393442622950818, "transl_top5": 0.3114754098360656, "transl_top10": 0.4016393442622951, "num_nulls": 0, "num_tgt_sents": 14187}, "lucian_1867_3": {"tgt_lang": "de", "transl_top1": 0.040983606557377046, "transl_top5": 0.13934426229508196, "transl_top10": 0.22131147540983606, "num_nulls": 0, "num_tgt_sents": 3614}, "lucian_1866_1": {"tgt_lang": "de", "transl_top1": 0.30327868852459017, "transl_top5": 0.45081967213114754, "transl_top10": 0.5245901639344263, "num_nulls": 0, "num_tgt_sents": 4624}, "num_translations": 3, "text_top1": 0.16939890710382513, "text_top5": 0.3005464480874317, "text_top10": 0.3825136612021858}