{"num_src_sents": 53, "luciusSamosata_1_1869": {"tgt_lang": "fr", "transl_top1": 0.18867924528301888, "transl_top5": 0.32075471698113206, "transl_top10": 0.41509433962264153, "num_nulls": 0, "num_tgt_sents": 14187}, "num_translations": 1, "text_top1": 0.18867924528301888, "text_top5": 0.32075471698113206, "text_top10": 0.41509433962264153}