{"num_src_sents": 2216, "ovid_1882_2": {"tgt_lang": "de", "transl_top1": 0.004061371841155234, "transl_top5": 0.018050541516245487, "transl_top10": 0.03023465703971119, "num_nulls": 0, "num_tgt_sents": 10840}, "ovid_1_1875": {"tgt_lang": "fr", "transl_top1": 0.6398916967509025, "transl_top5": 0.8483754512635379, "transl_top10": 0.9246389891696751, "num_nulls": 0, "num_tgt_sents": 7295}, "ovid_1850": {"tgt_lang": "fr", "transl_top1": 0.5392599277978339, "transl_top5": 0.7247292418772563, "transl_top10": 0.8018953068592057, "num_nulls": 0, "num_tgt_sents": 27705}, "ovid_1855-1890_1": {"tgt_lang": "de", "transl_top1": 0.5126353790613718, "transl_top5": 0.6796028880866426, "transl_top10": 0.7369133574007221, "num_nulls": 118, "num_tgt_sents": 7974}, "ovid_1866-1897_3": {"tgt_lang": "de", "transl_top1": 0.00315884476534296, "transl_top5": 0.014891696750902527, "transl_top10": 0.029332129963898917, "num_nulls": 0, "num_tgt_sents": 7793}, "num_translations": 7, "text_top1": 0.24271531717380093, "text_top5": 0.32652140278494074, "text_top10": 0.36043063434760186}