{"num_src_sents": 456, "appian_1830_5": {"tgt_lang": "de", "transl_top1": 0.48026315789473684, "transl_top5": 0.6820175438596491, "transl_top10": 0.7785087719298246, "num_nulls": 0, "num_tgt_sents": 7584}, "appian_1832_10": {"tgt_lang": "de", "transl_top1": 0.0021929824561403508, "transl_top5": 0.03508771929824561, "transl_top10": 0.06798245614035088, "num_nulls": 0, "num_tgt_sents": 12614}, "Appianus_1828": {"tgt_lang": "de", "transl_top1": 0.015350877192982455, "transl_top5": 0.041666666666666664, "transl_top10": 0.06578947368421052, "num_nulls": 0, "num_tgt_sents": 6120}, "num_translations": 3, "text_top1": 0.16593567251461988, "text_top5": 0.2529239766081871, "text_top10": 0.30409356725146197}