{"num_src_sents": 85, "suetonius_1855-1897": {"tgt_lang": "de", "transl_top1": 0.4588235294117647, "transl_top5": 0.6588235294117647, "transl_top10": 0.7294117647058823, "num_nulls": 0, "num_tgt_sents": 5120}, "num_translations": 1, "text_top1": 0.4588235294117647, "text_top5": 0.6588235294117647, "text_top10": 0.7294117647058823}