{"num_src_sents": 52, "sophistesGrecs_1842": {"tgt_lang": "fr", "transl_top1": 0.019230769230769232, "transl_top5": 0.17307692307692307, "transl_top10": 0.3076923076923077, "num_nulls": 0, "num_tgt_sents": 7988, "retrieval_preds": [[5594, 2240, 7949, 5592, 2109, 1591, 5764, 5922], [1626, 7090, 2532, 2502, 7072, 3695, 5840, 445], [2774, 6173, 1580, 6900, 7415, 3169, 7300, 1425], [2298, 4977, 3851, 7646, 2359, 4477, 2290, 3523], [5557, 7205, 1335, 5189, 366, 5150, 1475, 5536], [7833, 7353, 6818, 1322, 7775, 4749, 4, 1319], [7120, 3205, 2978, 3219, 214, 3329, 2935, 7901], [2242, 1560, 7161, 2963, 5372, 4173, 7014, 2847], [254, 2570, 6059, 3225, 7958, 1218, 3217, 7108], [3356, 7935, 311, 6107, 6570, 5899, 5381, 1305], [5838, 4008, 6634, 1340, 4184, 6425, 5057, 269], [3653, 3699, 3458, 4074, 101, 5955, 6759, 3828], [1317, 1345, 7739, 3323, 848, 5122, 6131, 1729], [855, 448, 1049, 532, 572, 5338, 6741, 5055], [6382, 3710, 2785, 2417, 2527, 7442, 3261, 3432], [3345, 7779, 6970, 3506, 2990, 2915, 2843, 5234], [1184, 7371, 5556, 788, 5450, 2165, 5922, 5320], [2922, 3744, 4133, 7853, 26, 2855, 7856, 7755], [3646, 1913, 2618, 504, 3564, 3201, 6858, 3824], [5960, 2596, 4055, 6276, 3564, 6543, 3750, 7073], [1071, 6420, 6046, 2130, 6417, 6392, 6934, 6973], [6813, 2969, 4203, 5143, 5087, 7885, 4723, 5053], [5039, 7444, 7712, 5134, 7954, 6856, 5034, 4554], [7596, 7866, 2915, 7910, 4423, 7868, 2937, 5064], [5816, 5359, 7135, 829, 5766, 67, 6523, 243], [4593, 654, 3506, 355, 4530, 7237, 5480, 6796], [4946, 5916, 7323, 925, 6860, 3670, 706, 882], [5283, 7538, 2965, 7357, 5782, 6185, 6278, 7061], [4426, 6523, 5950, 7368, 6495, 6100, 4423, 5782], [6750, 7061, 6583, 6634, 2527, 1454, 6871, 6411], [7362, 7301, 5950, 5936, 6622, 5924, 1562, 7363], [6800, 6802, 6811, 6725, 6825, 7187, 6728, 983], [2940, 3652, 7910, 6030, 5950, 4785, 7981, 5910], [6689, 4740, 5734, 1733, 7968, 1085, 4435, 7345], [7822, 2467, 2969, 1737, 264, 6753, 7784, 2979], [6059, 6134, 3595, 2571, 2505, 4084, 6082, 1890], [7665, 3468, 3649, 7669, 2563, 7822, 3270, 1026], [3818, 6505, 6046, 6417, 6392, 6409, 7256, 7442], [1728, 4927, 7979, 6974, 6327, 7357, 4996, 1035], [6526, 5933, 4723, 1669, 1454, 5949, 2969, 3395], [506, 5950, 6694, 1562, 3143, 7362, 7055, 6172], [7217, 2584, 674, 527, 7900, 7319, 31, 3717], [2584, 6327, 7217, 495, 7344, 1193, 7287, 6473], [2843, 6107, 6272, 7174, 1587, 6739, 6087, 7852], [7217, 7319, 674, 416, 1155, 527, 2743, 7009], [7879, 571, 2100, 4538, 4579, 5059, 674, 6793], [2940, 7868, 4242, 7899, 3644, 4423, 264, 7866], [7885, 5941, 7964, 6156, 7884, 5933, 4613, 1066], [5693, 2876, 4501, 4785, 3012, 2742, 5261, 5938], [7868, 5262, 3012, 7910, 7885, 7883, 461, 7891], [7866, 7910, 7904, 7444, 7861, 6146, 5292, 6396], [316, 5953, 6495, 4423, 4426, 5973, 1055, 772]]}, "num_translations": 1, "text_top1": 0.019230769230769232, "text_top5": 0.17307692307692307, "text_top10": 0.3076923076923077}