{"num_src_sents": 461, "euripides_2_1884": {"tgt_lang": "fr", "transl_top1": 0.18004338394793926, "transl_top5": 0.31019522776572667, "transl_top10": 0.3796095444685466, "num_nulls": 0, "num_tgt_sents": 6695}, "euripides_1_1884": {"tgt_lang": "fr", "transl_top1": 0.015184381778741865, "transl_top5": 0.0455531453362256, "transl_top10": 0.08676789587852494, "num_nulls": 0, "num_tgt_sents": 6832}, "num_translations": 2, "text_top1": 0.09761388286334056, "text_top5": 0.17787418655097614, "text_top10": 0.23318872017353579}