{"num_src_sents": 419, "plutarch_3_1908": {"tgt_lang": "en", "transl_top1": 0.007159904534606206, "transl_top5": 0.03579952267303103, "transl_top10": 0.06682577565632458, "num_nulls": 0, "num_tgt_sents": 6633}, "plutarch_4_1908": {"tgt_lang": "en", "transl_top1": 0.5083532219570406, "transl_top5": 0.7255369928400954, "transl_top10": 0.7923627684964201, "num_nulls": 0, "num_tgt_sents": 13066}, "num_translations": 2, "text_top1": 0.2577565632458234, "text_top5": 0.3806682577565632, "text_top10": 0.42959427207637235}