{"num_src_sents": 655, "demosthenes_1856": {"tgt_lang": "en", "transl_top1": 0.48854961832061067, "transl_top5": 0.6641221374045801, "transl_top10": 0.751145038167939, "num_nulls": 0, "num_tgt_sents": 7116}, "demosthenes_aeschynes_1861": {"tgt_lang": "fr", "transl_top1": 0.07480916030534351, "transl_top5": 0.13435114503816795, "transl_top10": 0.16946564885496182, "num_nulls": 0, "num_tgt_sents": 36182}, "num_translations": 2, "text_top1": 0.2816793893129771, "text_top5": 0.39923664122137403, "text_top10": 0.4603053435114504}