{"num_src_sents": 31, "luciusSamosata_1_1869": {"tgt_lang": "fr", "transl_top1": 0.03225806451612903, "transl_top5": 0.0967741935483871, "transl_top10": 0.1935483870967742, "num_nulls": 0, "num_tgt_sents": 14187, "retrieval_preds": [[506, 9099, 5791, 7337, 9186, 7367, 12312, 5840], [508, 506, 10284, 1294, 5826, 1123, 775, 5516], [1294, 4496, 8203, 10390, 8925, 3924, 6413, 12260], [513, 10515, 7193, 512, 5826, 10390, 7196, 7669], [10730, 513, 10616, 10752, 7531, 7811, 3549, 1865], [7923, 7286, 4382, 7960, 5529, 11141, 9163, 174], [520, 7657, 8141, 521, 14054, 13520, 11804, 13707], [7513, 513, 11698, 12659, 8060, 525, 2919, 5958], [8383, 10342, 5570, 4934, 526, 4088, 8823, 10714], [1317, 5529, 13520, 527, 4245, 2496, 13815, 13707], [775, 538, 506, 11775, 174, 7286, 11141, 13152], [538, 775, 11997, 14038, 5819, 1370, 13834, 2919], [775, 7286, 12144, 13846, 5821, 7285, 9218, 506], [1354, 6540, 1148, 993, 6163, 10741, 5691, 6781], [545, 556, 11741, 8620, 8997, 13415, 13757, 10886], [10560, 549, 11547, 9218, 12099, 7655, 7286, 4426], [13289, 741, 3840, 11853, 8549, 3398, 12089, 8772], [11045, 13782, 182, 5974, 990, 9726, 3580, 12293], [7993, 7953, 8000, 7960, 13757, 12661, 7974, 545], [556, 7513, 11707, 8141, 10344, 14127, 513, 545], [1438, 593, 7886, 571, 7768, 5691, 1148, 1200], [4075, 8179, 10655, 13620, 5545, 7533, 2762, 1909], [3817, 561, 10821, 10706, 563, 431, 1317, 9527], [433, 564, 2943, 5206, 5464, 2503, 13526, 6474], [565, 6574, 6719, 9525, 1000, 6457, 10964, 1794], [10616, 7923, 14142, 7248, 7097, 567, 12074, 8298], [569, 2031, 11348, 2320, 1166, 561, 2323, 8523], [711, 13906, 5902, 5172, 4170, 10936, 4651, 9212], [577, 4382, 573, 11775, 572, 12428, 11783, 8642], [575, 6053, 3623, 2957, 10397, 4548, 3527, 14162], [10285, 13226, 10535, 5558, 8552, 10446, 10757, 4143]]}, "num_translations": 1, "text_top1": 0.03225806451612903, "text_top5": 0.0967741935483871, "text_top10": 0.1935483870967742}