{"num_src_sents": 70, "sophistesGrecs_1842": {"tgt_lang": "fr", "transl_top1": 0.02857142857142857, "transl_top5": 0.11428571428571428, "transl_top10": 0.18571428571428572, "num_nulls": 0, "num_tgt_sents": 7988, "retrieval_preds": [[5012, 5100, 5030, 4796, 5013, 5024, 5119, 5443], [5027, 5015, 4632, 5030, 5100, 1183, 5552, 5578], [4796, 5037, 5030, 5024, 4592, 5017, 4672, 4678], [4796, 5030, 4692, 4678, 5024, 4509, 5017, 5043], [5091, 5797, 3874, 4748, 4640, 5092, 2400, 4692], [4431, 4796, 4678, 5030, 4592, 4675, 5092, 4438], [5100, 4796, 5041, 5030, 5034, 4578, 4615, 4747], [5253, 5038, 5034, 4863, 4990, 5412, 4592, 4923], [5026, 5014, 5092, 745, 4796, 5037, 5152, 5030], [7764, 7863, 6021, 5089, 194, 5288, 4920, 6032], [5000, 5960, 2612, 3372, 5910, 5227, 4371, 6970], [5231, 7359, 4619, 2177, 3838, 7414, 5056, 4118], [7547, 859, 4214, 3820, 5004, 5207, 3614, 4400], [5005, 6495, 4423, 4747, 5910, 4738, 5048, 4630], [5007, 4873, 5143, 5283, 4625, 4715, 5053, 4802], [3506, 3795, 2824, 3670, 7200, 693, 398, 1981], [4592, 4437, 4923, 4640, 5143, 5196, 5095, 4990], [2824, 2879, 7704, 1129, 1013, 693, 6299, 153], [7290, 5891, 1475, 6024, 945, 1519, 7064, 5443], [5012, 5030, 4796, 5017, 5100, 4794, 5769, 4640], [5013, 5100, 4796, 5034, 4543, 3912, 5030, 5092], [5572, 5027, 5015, 5092, 5459, 4692, 4640, 5400], [6457, 7422, 5797, 5016, 6263, 5663, 3787, 6270], [4796, 5017, 4640, 5030, 4678, 5013, 5046, 5100], [5143, 5054, 5147, 5871, 6122, 5674, 7774, 6340], [5024, 4778, 1477, 4799, 1562, 4651, 4427, 557], [5100, 5030, 4592, 4796, 5037, 5024, 4792, 5025], [4727, 1687, 1515, 418, 4964, 2693, 1314, 1153], [5030, 5100, 5037, 5369, 4963, 4672, 4592, 4747], [4456, 5034, 5031, 6495, 5038, 5253, 5950, 6449], [5973, 5033, 870, 1709, 6281, 6529, 3497, 250], [5034, 5037, 7866, 4523, 5219, 4729, 7444, 4578], [4873, 5053, 5292, 5195, 4715, 4803, 7979, 4625], [5037, 5035, 5026, 5034, 5014, 5039, 5030, 4747], [5782, 5283, 5151, 5084, 3134, 6631, 6346, 3147], [4923, 3468, 4738, 5013, 6858, 5950, 5198, 5278], [5062, 5274, 4423, 5283, 5143, 4873, 6495, 4592], [5046, 5054, 5189, 858, 5973, 5039, 5934, 6046], [5048, 4643, 4962, 4994, 2769, 5910, 4630, 4863], [7047, 7347, 2013, 1216, 5224, 793, 625, 2714], [4962, 4863, 4923, 5054, 4616, 5198, 4873, 4643], [6503, 2549, 404, 6507, 1728, 1124, 6213, 1119], [4569, 5910, 5057, 5100, 4615, 4963, 5959, 5173], [550, 919, 7784, 5215, 5059, 473, 2064, 5210], [3652, 6495, 5060, 5931, 5143, 4423, 168, 7558], [4592, 5062, 4747, 4962, 5034, 4873, 4702, 6111], [4779, 243, 6393, 5766, 4972, 5709, 3180, 7372], [5064, 4962, 2769, 6111, 4203, 7896, 4080, 4087], [6111, 3310, 5067, 4643, 4101, 5068, 3785, 2478], [4437, 7590, 4640, 6019, 147, 5070, 4607, 4087], [6046, 5080, 5082, 5071, 1754, 2011, 2318, 2527], [7866, 7868, 7888, 3652, 7884, 5292, 4240, 7904], [4502, 5074, 5052, 4526, 4514, 4643, 5054, 4431], [5052, 5076, 5074, 4370, 4502, 5674, 7882, 6871], [5078, 5005, 2516, 5071, 518, 3669, 7925, 5211], [230, 1334, 1332, 755, 3633, 3165, 6639, 4390], [7903, 7720, 2791, 4119, 4302, 7625, 113, 4528], [6503, 5081, 3468, 6495, 7868, 2130, 4990, 6046], [5082, 4363, 2581, 4517, 4713, 4396, 3352, 2412], [4525, 6602, 6521, 7246, 5356, 5295, 7341, 4966], [7866, 7980, 4863, 5292, 5283, 5278, 6495, 5931], [5143, 7866, 7149, 2771, 5205, 5303, 4812, 4465], [2884, 2242, 4998, 4493, 5162, 800, 113, 2815], [4501, 4754, 4442, 5089, 2310, 4924, 655, 5938], [5760, 5286, 5640, 6224, 5283, 6028, 4435, 5291], [4615, 5960, 7866, 5091, 3610, 4962, 4087, 4630], [5910, 6019, 4423, 4616, 4592, 5054, 6495, 4523], [6745, 4957, 6239, 6095, 6682, 473, 5166, 7197], [4777, 5924, 6529, 5173, 4778, 2246, 1648, 231], [5100, 5030, 4646, 5092, 5012, 4592, 4796, 4540]]}, "num_translations": 1, "text_top1": 0.02857142857142857, "text_top5": 0.11428571428571428, "text_top10": 0.18571428571428572}