{"num_src_sents": 2591, "aristotle_2_1902": {"tgt_lang": "en", "transl_top1": 0.0034735623311462757, "transl_top5": 0.012350443844075647, "transl_top10": 0.021999228097259745, "num_nulls": 0, "num_tgt_sents": 7716}, "aristotle_1_1908": {"tgt_lang": "en", "transl_top1": 0.0011578541103820917, "transl_top5": 0.011192589733693555, "transl_top10": 0.018139714395986106, "num_nulls": 2, "num_tgt_sents": 4899}, "num_translations": 2, "text_top1": 0.0023157082207641835, "text_top5": 0.011771516788884601, "text_top10": 0.020069471246622925}