{"num_src_sents": 440, "aeschylus_1909": {"tgt_lang": "en", "transl_top1": 0.22727272727272727, "transl_top5": 0.3886363636363636, "transl_top10": 0.4727272727272727, "num_nulls": 0, "num_tgt_sents": 5369}, "Aeschylus_1901": {"tgt_lang": "de", "transl_top1": 0.04772727272727273, "transl_top5": 0.10454545454545454, "transl_top10": 0.16136363636363638, "num_nulls": 1, "num_tgt_sents": 3392}, "aeschylus_1872": {"tgt_lang": "fr", "transl_top1": 0.125, "transl_top5": 0.21818181818181817, "transl_top10": 0.2840909090909091, "num_nulls": 0, "num_tgt_sents": 3725}, "aeschylus_1886": {"tgt_lang": "en", "transl_top1": 0.13863636363636364, "transl_top5": 0.2840909090909091, "transl_top10": 0.3659090909090909, "num_nulls": 1, "num_tgt_sents": 6446}, "aeschylus_1888": {"tgt_lang": "en", "transl_top1": 0.27954545454545454, "transl_top5": 0.4590909090909091, "transl_top10": 0.5522727272727272, "num_nulls": 0, "num_tgt_sents": 5644}, "aeschylus_1868": {"tgt_lang": "de", "transl_top1": 0.06136363636363636, "transl_top5": 0.13636363636363635, "transl_top10": 0.19318181818181818, "num_nulls": 0, "num_tgt_sents": 5499}, "aeschylus_1863": {"tgt_lang": "fr", "transl_top1": 0.05, "transl_top5": 0.10909090909090909, "transl_top10": 0.16818181818181818, "num_nulls": 0, "num_tgt_sents": 3471}, "num_translations": 7, "text_top1": 0.1327922077922078, "text_top5": 0.24285714285714288, "text_top10": 0.31396103896103894}