{"num_src_sents": 301, "cicero_1855-1895_16": {"tgt_lang": "de", "transl_top1": 0.6976744186046512, "transl_top5": 0.8504983388704319, "transl_top10": 0.9136212624584718, "num_nulls": 0, "num_tgt_sents": 5529}, "cicero_11_1826": {"tgt_lang": "fr", "transl_top1": 0.023255813953488372, "transl_top5": 0.059800664451827246, "transl_top10": 0.11960132890365449, "num_nulls": 0, "num_tgt_sents": 2759}, "cicero_1871_15": {"tgt_lang": "de", "transl_top1": 0.016611295681063124, "transl_top5": 0.07973421926910298, "transl_top10": 0.11295681063122924, "num_nulls": 0, "num_tgt_sents": 3588}, "num_translations": 3, "text_top1": 0.2458471760797342, "text_top5": 0.3300110741971207, "text_top10": 0.3820598006644518}