{"num_src_sents": 84, "xenophon_1_1872": {"tgt_lang": "fr", "transl_top1": 0.011904761904761904, "transl_top5": 0.07142857142857142, "transl_top10": 0.15476190476190477, "num_nulls": 0, "num_tgt_sents": 11058}, "xenophon_2_1872": {"tgt_lang": "fr", "transl_top1": 0.3333333333333333, "transl_top5": 0.47619047619047616, "transl_top10": 0.5595238095238095, "num_nulls": 0, "num_tgt_sents": 10554}, "xenophon_1898": {"tgt_lang": "en", "transl_top1": 0.4880952380952381, "transl_top5": 0.5952380952380952, "transl_top10": 0.6904761904761905, "num_nulls": 0, "num_tgt_sents": 5439}, "xenophon_3_1737": {"tgt_lang": "it", "transl_top1": 0.2261904761904762, "transl_top5": 0.2976190476190476, "transl_top10": 0.4166666666666667, "num_nulls": 0, "num_tgt_sents": 12015}, "num_translations": 4, "text_top1": 0.2648809523809524, "text_top5": 0.3601190476190476, "text_top10": 0.45535714285714285}