{"num_src_sents": 87, "sophistesGrecs_1842": {"tgt_lang": "fr", "transl_top1": 0.11494252873563218, "transl_top5": 0.1724137931034483, "transl_top10": 0.21839080459770116, "num_nulls": 0, "num_tgt_sents": 7988, "retrieval_preds": [[3564, 6998, 2401, 4819, 1795, 5369, 828, 4482], [2648, 4501, 4707, 2986, 3111, 2259, 3128, 5295], [1977, 4425, 4622, 2617, 3112, 2408, 2623, 2682], [4356, 5685, 854, 7375, 849, 5807, 4997, 3559], [2843, 5348, 417, 6497, 7467, 4191, 6270, 2845], [4371, 2610, 3107, 4360, 7187, 1879, 4359, 7444], [4371, 3107, 7866, 1879, 3782, 5950, 7147, 3646], [6543, 4960, 2401, 3450, 4792, 7822, 3107, 6804], [4371, 7866, 3383, 3782, 5173, 5071, 4703, 3044], [1411, 6155, 3838, 2823, 4620, 2177, 3763, 2898], [3934, 5292, 4174, 7866, 3034, 4781, 7910, 2596], [504, 6467, 5731, 2657, 2737, 4174, 3294, 3034], [3934, 4378, 3644, 4104, 7866, 3652, 6299, 316], [4380, 4370, 840, 5517, 7399, 5566, 838, 148], [773, 3179, 1588, 243, 7375, 5685, 1495, 1649], [5262, 4423, 4781, 7910, 2610, 7866, 4383, 1778], [4415, 3107, 4077, 4080, 7866, 4159, 4385, 3270], [7444, 4388, 4643, 5054, 4578, 504, 6257, 5219], [4390, 3408, 5189, 6468, 6514, 3314, 7868, 7256], [4391, 3107, 3103, 4415, 5071, 2465, 6238, 4386], [4394, 7866, 5082, 7881, 2625, 4159, 7910, 4393], [4396, 4631, 4690, 4564, 4369, 5934, 527, 7827], [4397, 4365, 4402, 4398, 6895, 4282, 2394, 885], [7886, 7887, 3825, 7885, 6191, 6179, 3147, 6105], [2400, 3678, 4384, 3563, 3599, 3929, 4055, 1], [3564, 4402, 4653, 3107, 4792, 7444, 6543, 7510], [4403, 4464, 5028, 1180, 666, 5325, 4902, 393], [4406, 4361, 4831, 482, 4987, 4413, 4726, 5100], [3934, 859, 5227, 5960, 6020, 3447, 5974, 3806], [4410, 4422, 6858, 5086, 4384, 4956, 1022, 1647], [4411, 5071, 4394, 4360, 4363, 3293, 2785, 1898], [1460, 4643, 7368, 4423, 4724, 6100, 5933, 3005], [4414, 6374, 1447, 3016, 6529, 2310, 313, 6140], [4643, 4415, 6987, 4080, 5071, 7910, 5910, 4159], [5955, 7372, 1728, 6601, 1475, 6420, 6400, 5812], [4418, 6862, 1013, 7773, 6228, 5360, 724, 6224], [5071, 7866, 2287, 4621, 4971, 3971, 4502, 7910], [4422, 6177, 3107, 6442, 4410, 2590, 6068, 3564], [7910, 7866, 4446, 7233, 7368, 6540, 1986, 3128], [2584, 4966, 728, 1998, 6507, 2096, 7900, 1500], [3564, 6053, 3559, 6276, 2401, 2596, 7137, 937], [5959, 5950, 4757, 3971, 221, 7980, 3806, 3646], [524, 2527, 6782, 527, 2584, 6343, 4990, 5261], [4500, 3440, 2164, 493, 4569, 3589, 5323, 3497], [7061, 5950, 6435, 6750, 2896, 6813, 3012, 6295], [6495, 5950, 6754, 6295, 7538, 7362, 5274, 3893], [4023, 4419, 3093, 4394, 4425, 4360, 4400, 4413], [1475, 7380, 6180, 659, 3531, 660, 3310, 5500], [3107, 4982, 3750, 5030, 6736, 3772, 3270, 7147], [1475, 2416, 7430, 3644, 4966, 2901, 2941, 340], [7866, 6468, 6284, 7868, 7881, 5931, 2737, 1207], [4267, 4507, 4704, 6105, 143, 2815, 2100, 3116], [3051, 6598, 6299, 5934, 4757, 4651, 4717, 5071], [4401, 4415, 4391, 3091, 4388, 175, 6404, 4384], [1563, 5693, 2815, 3128, 6486, 4019, 4722, 1588], [6883, 2409, 6423, 397, 1924, 4450, 2307, 7646], [3929, 3860, 6895, 3869, 7328, 5444, 5562, 3915], [6881, 6927, 1648, 6921, 3366, 1696, 442, 4984], [4403, 2693, 531, 427, 4727, 863, 393, 1687], [7149, 7380, 4501, 6046, 5189, 5071, 5995, 4159], [4571, 6559, 2681, 2737, 7868, 4063, 6395, 2588], [7866, 5910, 6495, 6482, 7669, 5950, 5959, 4423], [5910, 6495, 5950, 6820, 518, 4962, 4456, 4438], [7182, 7246, 5987, 3585, 3818, 6970, 841, 2066], [4962, 4863, 4360, 5081, 4836, 4965, 5064, 4422], [2687, 2166, 3261, 4832, 2335, 4564, 1084, 4639], [3529, 4863, 4640, 2339, 4642, 5110, 2370, 2466], [2975, 6526, 5782, 5686, 5082, 4639, 3121, 143], [264, 5959, 5950, 4423, 7910, 6482, 4159, 4643], [4962, 5910, 4643, 4863, 4948, 4792, 2401, 4077], [4703, 7368, 4720, 4863, 5278, 4873, 5292, 6495], [6436, 4705, 250, 3652, 7866, 4408, 5953, 6482], [7448, 4104, 6987, 7646, 5953, 5950, 3934, 7866], [1442, 7866, 2428, 3312, 1890, 4269, 2365, 3646], [6983, 2364, 3217, 2618, 7882, 7134, 7964, 2750], [250, 4569, 5272, 4738, 4927, 6436, 3319, 6245], [7822, 7868, 4792, 4387, 1060, 4411, 4863, 6998], [2988, 3673, 6593, 3512, 4233, 1889, 2942, 3818], [4863, 4962, 4643, 4640, 4947, 4411, 4360, 5081], [4962, 4640, 4643, 5057, 4514, 4360, 2422, 5219], [4640, 4643, 4569, 4863, 3988, 4923, 4639, 5304], [4643, 4640, 4159, 5219, 3971, 4863, 4812, 4080], [2937, 3646, 2920, 7190, 3312, 4831, 4408, 2819], [5950, 3107, 7866, 6495, 6519, 4102, 5910, 5960], [7866, 4371, 4971, 4962, 4360, 5272, 4621, 4438], [3633, 4208, 6239, 2177, 3003, 1574, 5269, 6022], [5950, 4423, 2591, 7866, 4159, 3094, 4371, 2520]]}, "num_translations": 1, "text_top1": 0.11494252873563218, "text_top5": 0.1724137931034483, "text_top10": 0.21839080459770116}