{"num_src_sents": 129, "demosthenes_1877": {"tgt_lang": "en", "transl_top1": 0.3798449612403101, "transl_top5": 0.6046511627906976, "transl_top10": 0.6589147286821705, "num_nulls": 0, "num_tgt_sents": 7775}, "demosthenes_aeschynes_1861": {"tgt_lang": "fr", "transl_top1": 0.007751937984496124, "transl_top5": 0.05426356589147287, "transl_top10": 0.06976744186046512, "num_nulls": 0, "num_tgt_sents": 36182}, "num_translations": 2, "text_top1": 0.1937984496124031, "text_top5": 0.32945736434108525, "text_top10": 0.3643410852713178}