{"num_src_sents": 89, "corneliusNepos_1856": {"tgt_lang": "de", "transl_top1": 0.7078651685393258, "transl_top5": 0.8651685393258427, "transl_top10": 0.9438202247191011, "num_nulls": 0, "num_tgt_sents": 2320, "retrieval_preds": [[1190, 1014, 2035, 715, 882, 1742, 701, 1763], [1191, 1542, 1643, 1197, 558, 70, 1541, 1280], [1194, 2244, 1202, 1402, 1655, 514, 1010, 461], [1195, 975, 1882, 1408, 1880, 2065, 171, 341], [1196, 1175, 1310, 743, 1542, 1934, 1306, 52], [1197, 2060, 2252, 826, 2282, 1068, 565, 204], [1201, 2064, 1817, 1200, 833, 1142, 678, 1861], [1202, 1203, 490, 77, 824, 837, 58, 823], [1204, 1964, 359, 1645, 571, 1762, 628, 380], [1626, 2151, 1584, 678, 931, 2053, 710, 647], [678, 1242, 1204, 2032, 1342, 931, 944, 168], [1205, 82, 87, 1882, 86, 1703, 568, 1195], [1205, 975, 1195, 1408, 170, 91, 984, 473], [1206, 2200, 705, 1343, 1456, 1166, 1507, 115], [1207, 1249, 1703, 896, 2200, 743, 2010, 187], [1208, 710, 1660, 322, 1393, 1956, 1396, 1487], [1209, 1961, 932, 187, 157, 743, 1613, 1390], [1213, 706, 2105, 1440, 1002, 1390, 403, 1212], [1214, 2013, 1016, 1216, 2187, 932, 958, 1486], [1215, 1628, 1280, 2212, 897, 49, 77, 2116], [131, 779, 1357, 2090, 2284, 1948, 1699, 608], [1217, 2097, 1464, 2250, 2318, 1808, 1708, 1197], [592, 889, 1701, 589, 477, 1307, 2303, 2232], [1219, 902, 2211, 591, 2178, 1216, 215, 829], [1220, 1146, 1316, 522, 2227, 92, 1125, 2111], [1221, 895, 2169, 470, 676, 38, 1068, 1436], [1222, 649, 1234, 1226, 857, 1684, 875, 858], [1223, 791, 1351, 947, 794, 542, 986, 336], [1224, 1460, 1225, 403, 2265, 464, 1319, 745], [1225, 949, 1190, 1222, 1351, 1105, 1680, 1261], [1229, 1226, 1227, 1234, 743, 1117, 2122, 1711], [1229, 1228, 2196, 505, 1235, 1171, 1021, 470], [1230, 660, 997, 1628, 718, 1711, 1772, 681], [1231, 2290, 1442, 2095, 2315, 1818, 801, 1594], [1232, 1594, 1492, 1870, 2172, 1069, 1301, 2122], [1233, 1235, 2125, 470, 465, 505, 471, 851], [1237, 1009, 680, 983, 379, 114, 57, 887], [1238, 2204, 530, 1860, 1861, 2288, 401, 73], [1239, 1068, 2268, 37, 38, 39, 1062, 74], [1242, 1216, 1708, 2134, 2228, 115, 2212, 1217], [1243, 1721, 1313, 1271, 1373, 1306, 1344, 1242], [1735, 2195, 2171, 1794, 706, 1682, 1097, 2254], [1244, 1268, 1303, 1283, 1154, 1537, 1932, 1159], [1246, 1207, 609, 264, 1134, 141, 1618, 1603], [752, 1247, 1158, 1957, 1778, 189, 1666, 1866], [1248, 1154, 663, 1247, 1244, 796, 1207, 141], [1249, 687, 1207, 1563, 1697, 265, 98, 734], [1251, 2111, 1438, 1282, 471, 1268, 1469, 353], [1251, 1252, 965, 1118, 471, 1813, 264, 1226], [1252, 2122, 1711, 1251, 136, 671, 886, 2055], [2294, 1691, 295, 485, 1380, 1416, 596, 1256], [1253, 1340, 1251, 1582, 1588, 371, 1586, 670], [1257, 2277, 686, 1021, 626, 2152, 2070, 1282], [1260, 2271, 579, 960, 359, 824, 986, 1257], [1262, 1261, 481, 364, 1303, 497, 318, 1299], [1263, 1327, 388, 1287, 1358, 1878, 1341, 930], [1264, 1925, 520, 299, 810, 303, 664, 1244], [1265, 949, 896, 620, 518, 608, 959, 2078], [1266, 636, 1628, 609, 1046, 1113, 1132, 900], [1267, 1146, 1391, 1055, 517, 1272, 1244, 112], [589, 204, 873, 187, 1158, 1984, 892, 1976], [1269, 1856, 1635, 1268, 1477, 1399, 1749, 1854], [1270, 1160, 1574, 1727, 1870, 753, 1699, 1349], [1271, 1483, 1344, 1341, 376, 2265, 1530, 1359], [1272, 1273, 1303, 1267, 1292, 1008, 520, 1168], [1274, 265, 1016, 1906, 1550, 1682, 112, 1532], [1275, 751, 1276, 203, 1217, 1720, 1307, 1997], [1276, 690, 205, 589, 367, 1604, 610, 1569], [1277, 316, 600, 1885, 498, 419, 1295, 1046], [1278, 1170, 1720, 1117, 2108, 1526, 1723, 1950], [1279, 1934, 2160, 230, 1268, 1261, 2161, 1749], [1280, 2212, 2152, 2097, 1117, 742, 1407, 364], [1282, 1283, 1339, 1303, 284, 1292, 725, 1350], [1284, 592, 1708, 762, 2168, 1175, 1635, 735], [779, 984, 401, 724, 1682, 1736, 1703, 187], [1292, 1282, 1303, 520, 318, 1339, 556, 620], [1293, 1493, 1398, 164, 281, 1471, 1500, 1770], [1294, 639, 259, 916, 456, 1485, 1339, 1306], [1295, 1102, 1814, 1590, 1709, 1618, 1722, 317], [1297, 844, 456, 1012, 1294, 607, 1010, 1666], [1298, 2097, 508, 2245, 1227, 1621, 2122, 672], [1299, 471, 1364, 1251, 432, 575, 899, 1204], [1301, 742, 2208, 1620, 508, 1175, 2226, 1794], [1302, 1364, 1544, 514, 1594, 1327, 1755, 1756], [1303, 1339, 1282, 1352, 1283, 1313, 725, 260], [1304, 1406, 643, 1803, 267, 157, 1207, 631], [1305, 1341, 542, 949, 1730, 1072, 608, 1721], [1306, 1339, 1606, 1605, 725, 1350, 1469, 1066], [1307, 1794, 2280, 2195, 1735, 889, 1861, 610]]}, "justin_cNepos_eutropius_1902": {"tgt_lang": "en", "transl_top1": 0.7640449438202247, "transl_top5": 0.8764044943820225, "transl_top10": 0.9325842696629213, "num_nulls": 0, "num_tgt_sents": 9841,