{"num_src_sents": 76, "demosthenes_1902": {"tgt_lang": "en", "transl_top1": 0.19736842105263158, "transl_top5": 0.27631578947368424, "transl_top10": 0.40789473684210525, "num_nulls": 0, "num_tgt_sents": 6778, "retrieval_preds": [[2383, 5469, 2701, 2768, 3225, 5228, 2972, 269], [2384, 597, 2485, 1878, 4641, 2766, 5542, 5126], [2385, 4187, 4902, 5137, 4860, 5128, 4554, 807], [2386, 3230, 5407, 1237, 4925, 5033, 4902, 2295], [2387, 791, 2637, 1003, 1860, 5399, 5005, 2269], [2388, 4371, 3781, 2555, 390, 2799, 604, 3974], [2390, 2435, 2445, 2374, 3950, 2411, 1888, 3956], [2392, 3276, 5219, 3741, 2432, 3287, 5220, 3272], [2445, 2760, 2393, 235, 4043, 1153, 2816, 4997], [2372, 2369, 2457, 2448, 2398, 2370, 2416, 3931], [2413, 1105, 2399, 909, 797, 2405, 1085, 1161], [2400, 1899, 198, 864, 740, 1907, 952, 6358], [3703, 2467, 952, 2762, 5187, 490, 1963, 5290], [972, 855, 2291, 2637, 1036, 2401, 5005, 2235], [2402, 2404, 2673, 2082, 1809, 3491, 2427, 1485], [2584, 454, 5423, 2572, 5507, 2574, 5409, 2570], [2405, 2399, 3077, 2079, 224, 86, 1063, 788], [2445, 2406, 2435, 333, 2837, 3871, 2490, 1307], [2445, 2435, 1866, 2374, 2390, 2541, 1429, 1282], [566, 1912, 974, 2415, 2570, 1860, 1375, 1487], [5007, 3632, 6646, 5584, 1018, 3255, 3597, 3613], [3162, 569, 5414, 224, 645, 2990, 1043, 5456], [2416, 2398, 2483, 2490, 2381, 2372, 2374, 2858], [2417, 1139, 1177, 1147, 837, 6379, 797, 1212], [1792, 2489, 2982, 1565, 52, 3466, 100, 1117], [4101, 754, 5420, 1061, 2275, 5509, 5513, 3334], [2419, 2982, 3425, 5550, 5393, 3417, 108, 4076], [2421, 2810, 3431, 5510, 1551, 1770, 1721, 2982], [2422, 1389, 2397, 5463, 2575, 1799, 1981, 544], [319, 2936, 5237, 2732, 5390, 5465, 5520, 4906], [2425, 4086, 754, 5576, 3486, 1987, 2222, 2135], [2426, 3340, 807, 3434, 1698, 2345, 3264, 2627], [2428, 2982, 2490, 2479, 2485, 414, 2484, 2862], [2429, 2982, 5553, 672, 484, 649, 4999, 266], [2431, 2425, 4977, 3024, 3285, 2985, 5456, 1106], [2432, 1429, 451, 369, 2510, 2490, 672, 3587], [2435, 179, 5478, 2837, 2760, 390, 2445, 181], [2436, 484, 579, 376, 2377, 474, 472, 558], [2437, 2484, 484, 453, 609, 649, 226, 3022], [2439, 4133, 181, 2438, 176, 179, 173, 143], [2760, 2441, 5573, 406, 3591, 564, 1292, 4902], [5007, 3632, 5584, 368, 3959, 1018, 3255, 3597], [2443, 2871, 1153, 1139, 1138, 1301, 1159, 843], [2444, 2445, 390, 181, 179, 2435, 2490, 175], [5007, 3632, 6646, 5584, 1018, 3255, 3597, 3613], [3656, 253, 1180, 6143, 1018, 3255, 3597, 3613], [2446, 1869, 406, 5462, 2447, 2483, 2411, 3690], [2448, 3649, 1990, 4042, 1981, 3961, 3781, 4036], [2450, 2453, 2372, 2457, 2398, 145, 2140, 2445], [2452, 2945, 978, 3944, 2570, 2580, 3972, 3464], [3632, 5584, 6646, 284, 1018, 3255, 3597, 3613], [2475, 5458, 5419, 2490, 2457, 2445, 3618, 2453], [3467, 4901, 1127, 1726, 4157, 4962, 2489, 644], [2457, 2475, 5439, 5458, 2372, 2445, 4206, 3637], [2765, 3784, 971, 5582, 1780, 2292, 2764, 5381], [1522, 2459, 5510, 2784, 5367, 5407, 1138, 3442], [2479, 2475, 2982, 2490, 2483, 2837, 5555, 5439], [2485, 5040, 5137, 4524, 842, 4491, 226, 4921], [2469, 2468, 1550, 734, 5477, 1783, 4627, 5207], [2470, 1975, 5676, 166, 688, 1534, 3681, 1669], [2471, 1126, 3189, 5314, 4547, 2485, 932, 1543], [2908, 2874, 1971, 164, 166, 165, 4211, 5339], [2473, 3413, 511, 2025, 269, 1967, 282, 1294], [5152, 2811, 2716, 608, 2899, 3353, 4564, 3054], [2475, 2445, 2490, 2435, 4133, 2457, 5439, 564], [2476, 2425, 724, 836, 2429, 6071, 797, 1072], [269, 3768, 2477, 3413, 3644, 347, 3676, 5213], [2479, 2862, 5356, 145, 2982, 4742, 4980, 2470], [2481, 2441, 406, 2760, 3675, 1429, 333, 3591], [2484, 409, 524, 247, 3642, 3303, 1226, 1185], [2485, 1104, 4732, 396, 1567, 907, 2248, 4178], [3954, 566, 2487, 3464, 2570, 2580, 2583, 1430], [5007, 3632, 5584, 368, 3959, 1018, 3255, 3597], [2488, 2483, 1126, 677, 3533, 147, 2982, 224], [2489, 1138, 2760, 2445, 5588, 3879, 1836, 2490], [4073, 1199, 4187, 2386, 2982, 310, 5441, 3896]]}, "demosthenes_aeschynes_1861": {"tgt_lang": "fr", "transl_top1": 0.0, "transl_top5": 0.013157894736842105, "transl_top10": 0.039473684210526314, "num_nulls": 0, "num_tgt_sents": 36182,