{"num_src_sents": 1775, "boethius_1895": {"tgt_lang": "en", "transl_top1": 0.14985915492957746, "transl_top5": 0.28225352112676055, "transl_top10": 0.3611267605633803, "num_nulls": 1, "num_tgt_sents": 3626}, "Boethius-consolationofphi00boetiala": {"tgt_lang": "en", "transl_top1": 0.6642253521126761, "transl_top5": 0.8309859154929577, "transl_top10": 0.8963380281690141, "num_nulls": 0, "num_tgt_sents": 2552}, "num_translations": 2, "text_top1": 0.4070422535211268, "text_top5": 0.5566197183098591, "text_top10": 0.6287323943661972}