{"num_src_sents": 213, "lucian_1888": {"tgt_lang": "en", "transl_top1": 0.5539906103286385, "transl_top5": 0.7746478873239436, "transl_top10": 0.8591549295774648, "num_nulls": 0, "num_tgt_sents": 6788}, "lucian_1867_3": {"tgt_lang": "de", "transl_top1": 0.023474178403755867, "transl_top5": 0.0892018779342723, "transl_top10": 0.14084507042253522, "num_nulls": 0, "num_tgt_sents": 3614}, "lucian_1866_1": {"tgt_lang": "de", "transl_top1": 0.48826291079812206, "transl_top5": 0.6666666666666666, "transl_top10": 0.7276995305164319, "num_nulls": 0, "num_tgt_sents": 4624}, "luciusSamosata_1_1869": {"tgt_lang": "fr", "transl_top1": 0.22535211267605634, "transl_top5": 0.3427230046948357, "transl_top10": 0.4084507042253521, "num_nulls": 0, "num_tgt_sents": 14187}, "num_translations": 4, "text_top1": 0.3227699530516432, "text_top5": 0.46830985915492956, "text_top10": 0.534037558685446}