{"num_src_sents": 258, "demosthenes_1902": {"tgt_lang": "en", "transl_top1": 0.41472868217054265, "transl_top5": 0.5891472868217055, "transl_top10": 0.689922480620155, "num_nulls": 0, "num_tgt_sents": 6778}, "demosthenes_aeschynes_1861": {"tgt_lang": "fr", "transl_top1": 0.06976744186046512, "transl_top5": 0.09689922480620156, "transl_top10": 0.11627906976744186, "num_nulls": 0, "num_tgt_sents": 36182}, "num_translations": 2, "text_top1": 0.2422480620155039, "text_top5": 0.34302325581395354, "text_top10": 0.40310077519379844}