{"num_src_sents": 89, "corneliusNepos_1856": {"tgt_lang": "de", "transl_top1": 0.6404494382022472, "transl_top5": 0.7752808988764045, "transl_top10": 0.8539325842696629, "num_nulls": 0, "num_tgt_sents": 2320, "retrieval_preds": [[823, 824, 2265, 882, 1729, 858, 825, 856], [824, 825, 107, 2265, 823, 1753, 882, 864], [826, 204, 1243, 2220, 565, 3, 958, 2183], [827, 828, 837, 836, 832, 849, 332, 1697], [828, 198, 1685, 838, 1681, 881, 832, 827], [829, 792, 1696, 1501, 403, 610, 138, 360], [830, 1226, 252, 877, 258, 858, 1927, 1680], [830, 1778, 898, 1615, 2230, 1467, 2081, 1115], [831, 2063, 1398, 129, 1462, 72, 519, 948], [1685, 881, 842, 837, 888, 832, 545, 1681], [779, 187, 1357, 1882, 401, 641, 1703, 610], [833, 964, 836, 2235, 1697, 1589, 1300, 1175], [834, 851, 854, 1685, 837, 667, 574, 899], [835, 684, 2297, 779, 455, 547, 1703, 984], [836, 862, 832, 1680, 833, 444, 710, 830], [837, 832, 887, 851, 1574, 845, 1735, 1634], [838, 1685, 834, 887, 828, 868, 862, 115], [839, 857, 1746, 878, 1679, 881, 849, 60], [840, 1561, 1181, 451, 505, 325, 1234, 868], [841, 796, 1079, 384, 2269, 1360, 360, 1758], [842, 857, 888, 882, 825, 849, 1680, 843], [843, 545, 1685, 873, 2139, 320, 857, 851], [508, 157, 984, 2179, 1006, 401, 637, 919], [849, 836, 857, 881, 825, 1746, 862, 823], [850, 1160, 1134, 1866, 1406, 1173, 210, 1357], [851, 1685, 860, 834, 837, 2152, 854, 864], [852, 856, 827, 124, 269, 342, 1189, 854], [853, 2258, 18, 70, 1962, 93, 16, 1462], [854, 1695, 845, 1685, 1352, 838, 851, 1369], [855, 158, 360, 267, 2297, 2143, 1134, 1082], [860, 861, 1681, 570, 2246, 2086, 1505, 943], [862, 838, 868, 1685, 836, 873, 924, 887], [863, 1175, 1314, 205, 524, 1703, 1603, 214], [864, 318, 805, 1257, 620, 1653, 825, 1369], [865, 2199, 1452, 834, 1293, 1217, 1482, 950], [866, 367, 498, 1497, 784, 1627, 465, 2149], [675, 867, 1543, 1160, 1402, 874, 46, 1574], [868, 1684, 1418, 1679, 634, 838, 1681, 126], [869, 1634, 2143, 1574, 1327, 1323, 1727, 1979], [187, 1192, 158, 1121, 589, 1703, 1794, 2092], [870, 661, 875, 520, 725, 227, 2152, 1895], [872, 889, 1748, 2232, 2303, 1682, 1016, 1515], [873, 879, 1684, 783, 857, 1915, 1377, 645], [1357, 733, 1574, 2155, 1618, 1160, 743, 2154], [875, 1695, 1670, 1771, 1693, 877, 1694, 1679], [877, 1680, 1746, 825, 1704, 882, 986, 849], [883, 907, 881, 631, 2147, 209, 862, 624], [884, 1361, 703, 1358, 1863, 1142, 1197, 15], [885, 1737, 2176, 841, 2269, 1756, 319, 651], [886, 987, 1470, 1358, 1079, 422, 1796, 986], [887, 115, 944, 134, 2087, 1488, 678, 1560], [888, 1261, 891, 1273, 887, 2055, 47, 842], [889, 1145, 45, 2311, 1574, 1427, 2097, 1652], [984, 779, 1357, 975, 1665, 231, 568, 996], [563, 890, 287, 267, 1947, 1473, 2054, 1720], [891, 835, 987, 680, 1500, 1688, 886, 974], [904, 893, 717, 593, 1719, 2160, 1598, 2154], [646, 2097, 1621, 2122, 508, 1574, 1357, 1699], [894, 1134, 901, 1076, 1550, 1772, 497, 1869], [895, 2178, 2048, 505, 1218, 383, 2118, 1221], [896, 1390, 2053, 1919, 1207, 1154, 1770, 2118], [897, 115, 668, 1192, 713, 1585, 2283, 1114], [523, 1603, 1550, 1635, 1057, 898, 663, 1576], [899, 606, 834, 2276, 570, 95, 1451, 686], [900, 1353, 1175, 2168, 2178, 1146, 1884, 1479], [901, 894, 1432, 497, 1168, 1132, 1938, 1568], [1685, 902, 905, 881, 1222, 887, 858, 857], [1134, 1568, 1545, 894, 901, 142, 1219, 1101], [903, 824, 359, 825, 986, 1260, 2271, 1335], [904, 340, 1430, 1011, 1585, 1084, 1134, 1785], [905, 2172, 667, 1278, 753, 1796, 1280, 2239], [906, 538, 917, 233, 1398, 845, 1279, 922], [907, 214, 436, 1935, 1500, 414, 2247, 1479], [909, 910, 1186, 1064, 899, 605, 1633, 653], [911, 830, 1062, 825, 857, 1224, 95, 1040], [912, 797, 603, 340, 1136, 1185, 190, 401], [913, 1393, 1134, 693, 820, 458, 745, 1831], [914, 1921, 1176, 779, 1099, 1835, 1831, 1114], [915, 590, 2268, 710, 2280, 1585, 200, 169], [916, 1132, 1937, 1316, 1562, 127, 734, 1477], [917, 858, 832, 845, 1701, 124, 877, 1188], [923, 924, 591, 1189, 2161, 1090, 1324, 1504], [924, 862, 849, 2000, 1114, 1476, 903, 1907], [300, 904, 1135, 1011, 1114, 1082, 924, 462], [925, 157, 512, 883, 2147, 1060, 267, 1082], [926, 719, 203, 665, 135, 733, 424, 1076], [927, 1576, 1525, 1674, 1864, 1807, 1737, 308], [928, 1034, 779, 1152, 1032, 1998, 1724, 1033], [929, 0, 385, 108, 1990, 776, 1444, 1800]]}, "justin_cNepos_eutropius_1902": {"tgt_lang": "en", "transl_top1": 0.5730337078651685, "transl_top5": 0.6741573033707865, "transl_top10": 0.6966292134831461, "num_nulls": 0, "num_tgt_sents": 9841,