{"num_src_sents": 133, "plutarch_nd": {"tgt_lang": "de", "transl_top1": 0.40601503759398494, "transl_top5": 0.556390977443609, "transl_top10": 0.6165413533834586, "num_nulls": 0, "num_tgt_sents": 10643, "retrieval_preds": [[6500, 15, 4517, 2643, 8259, 4234, 571, 3831], [5142, 2106, 2443, 149, 6559, 69, 10585, 6722], [6120, 6508, 2850, 29, 2763, 7527, 6133, 276], [6509, 3768, 1350, 4697, 3819, 1033, 289, 2298], [6510, 6120, 6178, 6532, 5413, 9318, 2464, 4956], [2850, 2903, 2400, 3281, 2033, 9968, 1568, 1018], [6512, 8370, 1358, 6991, 1884, 5195, 437, 2129], [6513, 8994, 7545, 8924, 6850, 6641, 3900, 8926], [6515, 8842, 1811, 1866, 2270, 8899, 8300, 7940], [3147, 5452, 7949, 6516, 9643, 6163, 10320, 545], [7115, 4676, 8154, 2848, 6013, 5331, 3793, 7288], [4187, 2485, 4160, 4152, 7295, 8597, 4519, 4156], [6523, 10413, 7462, 6992, 5760, 6508, 998, 978], [2382, 8852, 6524, 5636, 2041, 119, 6402, 10201], [2352, 471, 10600, 9271, 4159, 1180, 9364, 6650], [2217, 2329, 6559, 4861, 5248, 7295, 7947, 7684], [4227, 5239, 553, 530, 4340, 4157, 6882, 9027], [6535, 527, 9584, 9246, 1188, 9641, 5770, 1023], [6536, 10419, 8379, 2419, 7951, 7089, 6269, 4041], [4997, 2180, 6445, 5239, 9409, 474, 6708, 7518], [6541, 6385, 9274, 2430, 6445, 7519, 4227, 5604], [6544, 5667, 1472, 815, 5991, 1835, 2400, 1583], [6546, 1799, 6722, 6931, 6109, 3890, 316, 2241], [2763, 6549, 5947, 5697, 10094, 1060, 5381, 2640], [7240, 7223, 7040, 10, 9522, 6550, 8320, 7769], [6514, 2489, 407, 6511, 3882, 887, 6039, 10001], [5484, 9283, 2041, 6931, 4346, 4640, 1852, 8760], [6559, 10415, 30, 254, 487, 6558, 6126, 10199], [10505, 8253, 8584, 8502, 1983, 5925, 1626, 6871], [6560, 6653, 2911, 10459, 7719, 7295, 3189, 5819], [6562, 10633, 8855, 1612, 908, 1043, 8657, 8871], [9085, 4224, 5542, 8013, 1572, 5304, 9532, 6563], [6563, 9504, 8657, 1255, 10176, 7658, 4723, 1881], [6564, 9945, 6559, 10076, 6333, 10538, 6973, 7656], [6567, 5821, 582, 7387, 6562, 2033, 7755, 10301], [6568, 4523, 2795, 1229, 9289, 2288, 3707, 10220], [10523, 2041, 1212, 4967, 3437, 2872, 9281, 2365], [6574, 4159, 9971, 10556, 4227, 3863, 1013, 310], [2599, 6583, 7563, 8082, 2181, 7630, 2134, 2541], [7295, 3919, 4160, 7300, 2472, 2443, 553, 10541], [6882, 5821, 908, 7067, 30, 5730, 1606, 1981], [60, 2385, 6536, 2522, 4666, 1952, 5423, 6585], [6588, 6670, 2033, 8843, 9271, 9317, 7387, 2428], [5821, 2763, 622, 2033, 6622, 5697, 7387, 2640], [9923, 482, 9071, 9939, 10154, 8415, 2079, 9845], [6593, 6670, 2033, 5678, 2849, 2550, 7, 1756], [6595, 1717, 1606, 2400, 3900, 1859, 5678, 9185], [721, 6598, 5730, 1082, 2283, 2410, 8319, 5821], [6599, 4223, 159, 721, 10199, 7529, 5854, 937], [471, 5702, 3669, 2032, 9364, 548, 5807, 5320], [5821, 6559, 6604, 5730, 1606, 9705, 622, 8545], [6606, 6669, 60, 8843, 2765, 5825, 9474, 7905], [6609, 890, 2129, 6610, 8012, 3409, 5336, 4717], [6611, 8514, 917, 2546, 10176, 9857, 8657, 3436], [6612, 5821, 553, 1018, 4157, 6882, 1606, 6126], [5730, 9757, 9316, 6655, 2765, 5821, 1193, 1847], [10445, 1105, 7500, 9004, 5558, 3605, 2765, 10412], [6628, 15, 6052, 7133, 449, 8623, 6501, 2228], [6630, 9004, 10104, 9628, 5381, 2890, 1704, 3278], [5522, 344, 5324, 6419, 2382, 4069, 9004, 3163], [5678, 6655, 6445, 6632, 5679, 2033, 24, 9444], [6630, 9971, 7062, 10585, 10329, 10059, 8754, 6515], [8785, 8542, 9532, 7968, 6415, 1781, 6969, 2885], [9747, 899, 5604, 1700, 1652, 9518, 2763, 9346], [5821, 9522, 6641, 10538, 10315, 7010, 30, 4227], [3370, 6630, 3176, 5786, 7364, 4402, 9001, 6333], [6645, 149, 349, 5740, 5239, 4658, 6445, 6567], [4837, 5517, 8705, 8320, 8785, 9974, 7908, 1107], [6648, 1408, 5826, 215, 9403, 10476, 6385, 6670], [9364, 1784, 407, 10217, 4223, 9271, 9126, 649], [6651, 2821, 4956, 9360, 139, 7068, 1784, 9611], [6652, 1228, 1179, 6126, 2763, 30, 3173, 721], [6655, 5730, 6445, 24, 2400, 1180, 10295, 6722], [2849, 2754, 7067, 6630, 1479, 5821, 2640, 1083], [6658, 6670, 5584, 1652, 6659, 9791, 9271, 1784], [6563, 6659, 2849, 8963, 6580, 10220, 5504, 3436], [6661, 8313, 1843, 2419, 10106, 10412, 10220, 318], [6445, 1787, 254, 10199, 5604, 7519, 7864, 10608], [9639, 2033, 3062, 2763, 543, 1526, 5231, 5959], [6668, 1086, 2903, 2546, 5262, 7, 2763, 1791], [6669, 6670, 2763, 2849, 6677, 6630, 5697, 9316], [6671, 6670, 5959, 2634, 5976, 6163, 9443, 5745], [6672, 4582, 374, 65, 4956, 6651, 158, 7508], [6674, 9275, 1791, 9199, 5810, 937, 3166, 1786], [24, 6655, 474, 6676, 9333, 937, 7387, 7], [6678, 8401, 4440, 1801, 2872, 10412, 2352, 6781], [2745, 6680, 8189, 1179, 2823, 5727, 1479, 8843], [349, 4340, 5821, 1606, 4519, 7728, 310, 8924], [5118, 6491, 3427, 9965, 8404, 6733, 7973, 8303], [6694, 1291, 1464, 8320, 1601, 1062, 4157, 9027], [6787, 7461, 6126, 9791, 8948, 6694, 8972, 1309], [6699, 6701, 4803, 5234, 479, 6473, 4130, 10264], [6700, 2499, 5583, 6712, 6663, 10435, 3522, 6675], [10259, 6708, 9027, 2180, 5854, 7529, 4641, 553], [6707, 10456, 6708, 1873, 10395, 10301, 3551, 6693], [6708, 1849, 6559, 10448, 5807, 1347, 9658, 9361], [6711, 6419, 5991, 6670, 6440, 6425, 6376, 4069], [6712, 4039, 9527, 10201, 316, 10220, 103, 2850], [6714, 4516, 6781, 3176, 8217, 8155, 7218, 4350], [6330, 9675, 5865, 660, 1388, 2187, 6769, 7759], [6716, 9901, 1859, 3981, 147, 6558, 9001, 2252], [6630, 9382, 3181, 10149, 10297, 6721, 9462, 9316], [4227, 6723, 6655, 10295, 8492, 5604, 7864, 553], [2556, 5050, 9640, 8930, 6531, 7906, 4997, 9847], [6228, 5821, 5942, 8707, 5825, 7273, 10026, 5890], [6733, 4568, 3230, 4310, 9899, 10445, 1859, 1603], [6735, 6590, 9218, 3719, 3188, 75, 2925, 7250], [6736, 8653, 8618, 10096, 8552, 1935, 716, 4956], [6738, 6740, 9206, 9522, 2188, 1018, 4286, 5697], [2879, 10505, 3622, 9970, 10042, 847, 8789, 8675], [3261, 6742, 3642, 6735, 890, 4697, 9283, 3104], [6743, 9891, 9881, 3759, 4771, 4770, 7544, 4331], [6747, 9295, 1837, 5605, 9832, 7769, 2900, 10472], [6748, 10538, 6563, 8657, 10176, 4841, 9750, 3996], [6748, 5898, 4011, 5266, 2470, 6722, 3877, 7554], [1849, 5604, 5422, 9270, 10220, 10424, 2687, 6312], [2352, 471, 1801, 9271, 10419, 9364, 6670, 8401], [4315, 2203, 7718, 9126, 9314, 6013, 209, 9452], [6760, 6013, 5449, 2802, 9343, 4878, 4327, 4904], [4783, 2981, 8983, 1768, 5088, 2385, 7922, 7892], [10445, 3981, 6764, 4519, 2989, 6655, 5605, 10600], [5004, 2385, 6766, 3135, 2732, 5639, 4668, 2983], [10419, 10509, 8636, 6445, 5731, 2352, 4227, 7887], [2385, 6708, 10351, 6630, 6419, 5104, 7864, 6722], [6771, 1855, 9587, 7938, 3604, 6251, 2333, 10268], [3884, 6772, 6449, 9667, 6304, 6593, 915, 2849], [6773, 873, 5821, 4227, 6559, 3605, 4841, 2400], [6777, 2763, 2890, 7492, 6622, 6388, 5667, 5921], [1, 7225, 1023, 81, 6376, 5864, 9583, 7219], [6779, 6333, 8719, 6781, 6040, 9396, 10478, 9941], [622, 10162, 721, 7387, 6563, 10259, 978, 7417], [7086, 1193, 10445, 10629, 6310, 6785, 1479, 5121], [6787, 5831, 1127, 1731, 1291, 5883, 7640, 1849]]}, "num_translations": 1, "text_top1": 0.40601503759398494, "text_top5": 0.556390977443609, "text_top10": 0.6165413533834586}