{"num_src_sents": 6554, "cicero_1855-1892_13": {"tgt_lang": "de", "transl_top1": 0.0016783643576441867, "transl_top5": 0.006560878852609094, "transl_top10": 0.01190112908147696, "num_nulls": 694, "num_tgt_sents": 5014}, "cicero_1855-1892_14": {"tgt_lang": "de", "transl_top1": 0.6084833689350015, "transl_top5": 0.7131522734208117, "transl_top10": 0.7490082392432102, "num_nulls": 941, "num_tgt_sents": 6557}, "num_translations": 2, "text_top1": 0.3050808666463229, "text_top5": 0.3598565761367104, "text_top10": 0.3804546841623436}