{"num_src_sents": 192, "lysias_1902": {"tgt_lang": "it", "transl_top1": 0.078125, "transl_top5": 0.20833333333333334, "transl_top10": 0.28125, "num_nulls": 0, "num_tgt_sents": 3788, "retrieval_preds": [[1887, 1777, 2103, 1776, 1733, 2324, 3235, 1892], [2998, 3235, 1778, 3620, 1777, 1733, 3691, 1795], [1776, 2103, 1777, 2180, 65, 2599, 2774, 1767], [3433, 2103, 122, 3627, 660, 740, 3588, 371], [1887, 1884, 3721, 1892, 749, 1455, 900, 1777], [3592, 1763, 1722, 155, 1409, 2874, 56, 3422], [2137, 3134, 2497, 2797, 256, 3620, 3312, 222], [155, 56, 1171, 1297, 1741, 2314, 59, 78], [2314, 2801, 1933, 1785, 3243, 1201, 2983, 814], [1892, 3687, 3396, 221, 2222, 122, 229, 550], [740, 900, 2059, 2998, 624, 1841, 223, 806], [2081, 1284, 2370, 1976, 1918, 2372, 1537, 2625], [1171, 3592, 56, 2331, 1977, 3594, 155, 18], [1171, 1275, 2027, 1169, 56, 1634, 1167, 37], [3512, 1214, 2397, 2996, 883, 1176, 1766, 132], [56, 37, 39, 1163, 3592, 71, 1261, 2990], [1297, 1354, 1763, 2222, 147, 127, 33, 26], [2222, 2477, 2412, 624, 2519, 1943, 900, 2392], [2092, 1365, 1301, 2286, 2527, 2446, 2027, 981], [2103, 1776, 1767, 1234, 2098, 22, 1747, 852], [2743, 65, 283, 2797, 966, 80, 89, 92], [1171, 1987, 1787, 371, 56, 2180, 1302, 1588], [56, 59, 1275, 3594, 104, 42, 1133, 3592], [740, 806, 1875, 2771, 2998, 278, 900, 2059], [56, 1756, 142, 1722, 1275, 3592, 1455, 104], [2239, 2410, 920, 2255, 2694, 1380, 1843, 2224], [1777, 3594, 1733, 3395, 1133, 3359, 1275, 1756], [1873, 1508, 2025, 3191, 2798, 3087, 284, 1570], [3134, 900, 2718, 1841, 1244, 1415, 3620, 898], [126, 1737, 2599, 1233, 768, 1205, 2294, 105], [1244, 1050, 966, 1873, 963, 835, 2091, 65], [2599, 2241, 1873, 2227, 2571, 562, 1093, 1654], [2252, 3775, 2216, 207, 2066, 3074, 1257, 627], [122, 2283, 3687, 1534, 916, 1634, 66, 2838], [722, 3235, 2998, 1381, 725, 2279, 1866, 622], [2928, 1070, 2279, 1955, 2103, 1156, 806, 3620], [2279, 2993, 2677, 3397, 2103, 1775, 3291, 2845], [2409, 2293, 3221, 1446, 1016, 3041, 1624, 1843], [1855, 3460, 2514, 3235, 66, 1276, 3592, 842], [1756, 1747, 78, 56, 283, 122, 105, 1892], [3710, 2222, 1915, 1550, 326, 2421, 2928, 1244], [55, 2412, 2638, 2222, 2998, 2331, 1302, 722], [56, 155, 1756, 1777, 1133, 1747, 3592, 3422], [2998, 2294, 2412, 2638, 942, 2339, 2222, 81], [3512, 1257, 3594, 2352, 745, 2363, 985, 749], [514, 1356, 3134, 2239, 696, 707, 930, 1841], [2857, 696, 3442, 975, 3517, 2356, 3379, 2912], [89, 2059, 3592, 3040, 1455, 62, 283, 3320], [3512, 2363, 3592, 985, 449, 1791, 3071, 2978], [1718, 2059, 539, 1867, 1654, 365, 2995, 759], [3191, 898, 900, 3588, 2718, 2397, 3001, 1841], [3460, 1754, 3592, 2838, 55, 2283, 2412, 3032], [2294, 2475, 157, 1751, 3170, 1747, 3460, 852], [2589, 956, 1510, 3058, 1513, 1402, 2912, 3769], [2279, 900, 3191, 2928, 1156, 3484, 3326, 3710], [2140, 2815, 1016, 3041, 992, 3734, 948, 1438], [2279, 169, 3620, 1955, 660, 1729, 806, 1531], [2402, 3651, 1132, 3560, 2421, 2831, 690, 349], [3421, 2830, 1266, 2730, 904, 3773, 3437, 3540], [1534, 268, 155, 2180, 251, 1516, 80, 157], [1607, 2998, 2995, 3320, 1790, 3497, 786, 3690], [3687, 494, 2427, 2280, 2996, 66, 2838, 3191], [1777, 1784, 1756, 1733, 3395, 3247, 1751, 3235], [56, 1301, 1930, 1171, 1018, 54, 2027, 59], [1887, 2085, 1534, 2838, 1728, 1787, 66, 3160], [3221, 2293, 1429, 3141, 3134, 1302, 930, 514], [122, 1205, 2283, 702, 456, 3592, 1409, 1021], [3058, 2718, 1572, 1513, 2555, 3620, 696, 1841], [456, 2619, 2614, 3395, 1727, 2579, 2048, 3590], [2838, 1775, 3460, 55, 122, 1756, 1729, 155], [1777, 3146, 1729, 1776, 326, 142, 2499, 1754], [3710, 1786, 1429, 2127, 1970, 566, 1042, 1776], [740, 1244, 2334, 806, 673, 3191, 2718, 2041], [1777, 1776, 1733, 154, 142, 160, 3594, 3235], [2511, 1400, 1551, 3463, 2192, 1784, 900, 1523], [1133, 786, 1733, 3592, 2283, 3620, 1777, 3201], [3427, 1733, 3512, 2663, 2283, 71, 2377, 3032], [83, 56, 1729, 1018, 3592, 22, 142, 97], [61, 80, 1995, 56, 1998, 1171, 1999, 1302], [3320, 1, 81, 98, 1841, 2801, 802, 117], [1729, 1887, 1133, 3235, 1733, 54, 3592, 3620], [966, 766, 221, 2222, 1172, 2392, 70, 2555], [3512, 806, 1791, 169, 3592, 229, 2772, 80], [2412, 66, 3460, 2294, 3461, 2514, 1724, 1722], [1381, 3291, 3132, 1745, 1244, 966, 3137, 3238], [3141, 930, 267, 927, 636, 3078, 328, 2266], [1843, 2293, 2255, 924, 2409, 2694, 3293, 962], [2865, 762, 1890, 2046, 2999, 1081, 1438, 1287], [1791, 1887, 2339, 3492, 985, 1534, 229, 1813], [2849, 3512, 2104, 1508, 3617, 546, 2119, 1151], [1957, 2283, 530, 3594, 1275, 89, 985, 122], [2912, 2356, 1867, 3436, 3379, 1058, 177, 2206], [3512, 1892, 1887, 229, 2743, 237, 2010, 3620], [3592, 2331, 3460, 3032, 1795, 2283, 122, 2338], [1756, 3592, 2103, 2, 3395, 1775, 42, 157], [3512, 806, 2886, 1508, 229, 740, 1813, 1892], [21, 56, 42, 142, 1018, 83, 1724, 2926], [2538, 3169, 722, 3646, 2414, 2192, 3584, 2788], [2472, 544, 2719, 2012, 1296, 2918, 2185, 547], [1795, 1161, 126, 98, 1737, 2926, 2294, 1250], [2472, 2331, 3592, 2948, 55, 56, 2180, 1754], [2091, 3191, 568, 2996, 3433, 1573, 3200, 268], [1747, 1733, 1777, 1795, 155, 1018, 1455, 122], [1778, 3489, 3170, 2948, 3247, 3427, 1797, 1756], [3246, 3240, 588, 2331, 1245, 865, 3212, 1191], [3592, 2363, 3170, 1892, 3489, 1787, 3512, 985], [2059, 2995, 3191, 3040, 2166, 3461, 2164, 3315], [3592, 806, 2363, 3235, 2998, 841, 1790, 2339], [1892, 2363, 229, 1887, 3170, 26, 1791, 2059], [1841, 2177, 1244, 2966, 2194, 766, 107, 1077], [3201, 3592, 1957, 1747, 1697, 1133, 1191, 2349], [2439, 2010, 2663, 1812, 296, 2338, 900, 2412], [3022, 3643, 696, 971, 246, 2836, 1896, 2367], [1737, 71, 561, 914, 1958, 1957, 89, 2051], [1729, 1234, 80, 3071, 1724, 2324, 1756, 2103], [2998, 3620, 1943, 1156, 745, 3179, 3235, 3427], [2203, 3620, 740, 1812, 2507, 1683, 802, 1244], [3095, 1199, 2499, 2048, 3134, 645, 23, 1245], [2511, 930, 3463, 267, 3134, 1302, 3141, 1429], [296, 802, 1093, 745, 2756, 1767, 2663, 3100], [83, 1234, 1018, 56, 21, 1756, 3592, 54], [900, 1244, 3191, 2408, 1429, 1400, 1915, 1550], [2695, 745, 1887, 749, 2663, 1892, 2998, 1531], [1756, 1455, 1784, 1529, 2324, 1163, 185, 1787], [593, 283, 2743, 2757, 766, 80, 2170, 2956], [2511, 3463, 1551, 2130, 588, 639, 2783, 3134], [1457, 627, 2066, 1812, 3770, 938, 1873, 674], [1409, 1504, 1733, 80, 1722, 1793, 1756, 122], [78, 1171, 3592, 3320, 1634, 56, 3512, 1887], [3212, 123, 101, 22, 56, 3235, 1018, 21], [1892, 2363, 2936, 2402, 1813, 1006, 3686, 1790], [2409, 898, 3191, 2293, 926, 639, 2996, 2087], [3242, 3287, 1089, 3240, 1250, 1778, 3460, 702], [3235, 3361, 1236, 1234, 852, 2156, 3363, 1133], [2409, 3191, 2293, 898, 1458, 188, 1843, 1429], [2059, 2514, 1133, 2997, 157, 593, 3746, 1733], [1089, 151, 3291, 2059, 3683, 1715, 3240, 3407], [3290, 65, 1562, 3217, 92, 2679, 1205, 2599], [3290, 1455, 1050, 1409, 122, 627, 1787, 59], [3370, 2266, 3307, 3621, 2641, 1579, 1506, 1679], [42, 56, 1756, 3594, 985, 1409, 3592, 1275], [3326, 740, 3620, 3592, 985, 1154, 3691, 1153], [3170, 3500, 1778, 89, 3489, 985, 98, 1791], [3191, 3341, 3725, 1, 3558, 2041, 2010, 2871], [3382, 1215, 807, 2542, 749, 2048, 1873, 349], [740, 1943, 1841, 802, 1093, 2059, 690, 3661], [2695, 1892, 1787, 2998, 3592, 1006, 2123, 740], [1023, 985, 806, 1923, 1989, 786, 2156, 352], [3370, 740, 1943, 1507, 1911, 1849, 2886, 3326], [3590, 1049, 3357, 1070, 806, 3725, 2077, 1307], [3396, 1892, 229, 2743, 3512, 2334, 2499, 2103], [3134, 1956, 1302, 1429, 1080, 3141, 930, 2308], [56, 2283, 914, 3592, 107, 11, 3460, 3422], [3592, 56, 89, 1018, 841, 1354, 100, 73], [2530, 349, 3744, 229, 740, 3396, 1216, 2230], [1272, 690, 3771, 2087, 547, 1510, 2024, 1513], [2511, 3463, 2130, 302, 1551, 938, 900, 2718], [1887, 1892, 3166, 3359, 1455, 3363, 1754, 2334], [3489, 42, 3592, 788, 1756, 56, 841, 967], [1508, 3270, 3514, 1791, 317, 3326, 1155, 3620], [229, 1455, 1507, 952, 1871, 3136, 1791, 1887], [2995, 2998, 806, 1892, 2059, 1607, 229, 740], [1887, 3691, 1893, 1572, 1214, 952, 1409, 1070], [3592, 2041, 3512, 3620, 2456, 1154, 2503, 806], [1892, 1006, 3592, 3560, 2679, 985, 2191, 1813], 