{"num_src_sents": 36, "theocritus_1855": {"tgt_lang": "de", "transl_top1": 0.027777777777777776, "transl_top5": 0.08333333333333333, "transl_top10": 0.1388888888888889, "num_nulls": 0, "num_tgt_sents": 4249}, "hesiod_nd": {"tgt_lang": "fr", "transl_top1": 0.027777777777777776, "transl_top5": 0.1111111111111111, "transl_top10": 0.1388888888888889, "num_nulls": 0, "num_tgt_sents": 3571}, "theocritus_1878": {"tgt_lang": "en", "transl_top1": 0.05555555555555555, "transl_top5": 0.1111111111111111, "transl_top10": 0.1388888888888889, "num_nulls": 0, "num_tgt_sents": 6617}, "num_translations": 3, "text_top1": 0.037037037037037035, "text_top5": 0.10185185185185185, "text_top10": 0.1388888888888889}