{"num_src_sents": 38, "plutarch_1898_ethical": {"tgt_lang": "en", "transl_top1": 0.05263157894736842, "transl_top5": 0.13157894736842105, "transl_top10": 0.34210526315789475, "num_nulls": 0, "num_tgt_sents": 5242, "retrieval_preds": [[349, 3991, 3957, 3980, 3938, 3983, 1508, 3602], [3939, 4212, 1977, 2211, 3463, 4501, 3537, 1452], [3940, 2967, 1492, 2715, 3678, 2870, 3101, 1838], [3941, 2310, 2085, 1973, 442, 2697, 2074, 3989], [3942, 1427, 3969, 2490, 3941, 3693, 1533, 4862], [3945, 3953, 3619, 3985, 1744, 1534, 3743, 3921], [3947, 2569, 3220, 3959, 3989, 3496, 3906, 2057], [917, 3950, 727, 3517, 550, 508, 562, 3487], [3011, 1339, 2858, 3894, 3729, 4899, 1338, 4697], [3951, 724, 852, 507, 3946, 2813, 2030, 3392], [4445, 3953, 1452, 1857, 1532, 3985, 1508, 3983], [3954, 814, 1979, 2232, 4041, 2632, 3820, 3522], [1339, 1338, 477, 226, 2240, 4895, 1333, 4662], [3619, 3955, 3909, 1761, 2232, 4326, 609, 3487], [3959, 4357, 3960, 3534, 4090, 4185, 1995, 3990], [3961, 3017, 2761, 4757, 3135, 3982, 1960, 128], [3963, 609, 2131, 930, 4267, 422, 3783, 803], [3964, 4429, 1378, 2346, 3585, 3044, 4837, 2357], [3966, 3093, 2194, 2957, 2216, 4323, 4457, 3133], [3743, 3048, 620, 4436, 4260, 4514, 1554, 3168], [1984, 4319, 1936, 3702, 2590, 308, 717, 511], [3972, 2648, 4703, 3511, 1759, 533, 4291, 4289], [3973, 2173, 4121, 3381, 3990, 2539, 1348, 1349], [3101, 3974, 128, 2148, 3988, 3132, 4289, 1139], [3975, 2984, 1979, 3446, 3865, 3183, 3555, 2539], [3976, 3704, 128, 4171, 620, 3857, 127, 1838], [4788, 3977, 4953, 4280, 645, 3979, 4074, 2438], [3978, 882, 4484, 4485, 1637, 4964, 1043, 873], [2624, 222, 3008, 3457, 591, 1806, 3831, 385], [3979, 3582, 2438, 4974, 4074, 4289, 4888, 3822], [2331, 2679, 3381, 3983, 270, 3980, 4666, 3679], [2085, 1625, 3960, 1500, 3385, 4206, 1555, 2211], [2657, 155, 3790, 2094, 2988, 3789, 2187, 3960], [4251, 4460, 3577, 2194, 2056, 4437, 2099, 4357], [969, 3983, 3960, 1611, 1554, 3991, 1470, 1548], [3992, 3101, 1559, 672, 2184, 4120, 4867, 2187], [3990, 1425, 2507, 3941, 3486, 3217, 1604, 3989], [1637, 3381, 4499, 2378, 4251, 1978, 1979, 4929]]}, "plutarch_2_1844": {"tgt_lang": "fr", "transl_top1": 0.02631578947368421, "transl_top5": 0.07894736842105263, "transl_top10": 0.15789473684210525, "num_nulls": 0, "num_tgt_sents": 7523, "retrieval_preds": [[7243, 7270, 7274, 7222, 4599, 4567, 7253, 7294], [7219, 7218, 6836, 1667, 4343, 2891, 7256, 4695], [4601, 4917, 7381, 365, 7294, 6100, 2100, 3384], [7221, 5834, 5590, 6600, 4607, 7308, 5012, 4551], [7222, 4450, 3035, 4287, 4104, 2968, 5403, 4443], [7256, 7275, 4153, 4599, 7218, 7274, 4970, 7008], [3791, 779, 4141, 6600, 4918, 4389, 7267, 3107], [759, 3460, 3660, 179, 7008, 4838, 7230, 607], [6566, 6299, 6110, 6028, 6505, 6476, 2918, 6031], [7235, 6005, 2824, 2500, 6920, 2449, 3910, 6360], [7274, 4599, 7237, 5157, 3497, 4238, 6670, 3658], [7240, 1123, 2431, 4599, 5746, 1855, 3460, 4617], [3685, 630, 5175, 2888, 6299, 2735, 6298, 6264], [4550, 5916, 7008, 5896, 7241, 7005, 1151, 2510], [5690, 7127, 4918, 7084, 5553, 2749, 7406, 7467], [3491, 3895, 7248, 2983, 3682, 7401, 6832, 7509], [7250, 4681, 450, 267, 663, 2368, 6187, 2288], [970, 1672, 7252, 2469, 6612, 6991, 5714, 6995], [7008, 7256, 3488, 5916, 88, 4757, 3791, 6763], [3805, 5665, 5204, 649, 490, 5746, 7283, 3763], [6553, 6947, 5982, 5022, 4567, 7294, 3579, 1129], [5962, 7259, 7359, 5804, 1852, 7232, 6875, 1004], [7261, 2510, 3486, 502, 3791, 7008, 6562, 5979], [7226, 4065, 5811, 776, 5323, 4644, 4667, 3800], [7263, 4983, 3805, 7008, 204, 5701, 5159, 844], [512, 1662, 1808, 7096, 7493, 6055, 4846, 1639], [5357, 7265, 1919, 2066, 1968, 2472, 2321, 2511], [4141, 4153, 596, 4184, 3645, 3791, 594, 3699], [7268, 5659, 4704, 1851, 4728, 1887, 4837, 2261], [7269, 2336, 2304, 2503, 2459, 5139, 2361, 2528], [5982, 4918, 6050, 3805, 5229, 7274, 4846, 5161], [4650, 4113, 3658, 7274, 4651, 4973, 4564, 4037], [5429, 7136, 3188, 7242, 4298, 2886, 3547, 2223], [5847, 7418, 5562, 7008, 2262, 5553, 179, 6531], [7274, 7283, 7256, 5003, 6678, 7218, 5013, 7243], [5323, 5041, 4298, 7343, 4521, 1567, 4527, 1639], [2244, 7281, 4918, 4843, 4951, 7210, 7005, 7406], [7008, 7467, 7218, 5125, 7319, 3805, 6734, 2510]]}, "plutarch_1_1844": {"tgt_lang": "fr", "transl_top1": 0.0, "transl_top5": 0.10526315789473684, "transl_top10": 0.21052631578947367, "num_nulls": 0, "num_tgt_sents": 8121, "retrieval_preds": [[2463, 1901, 394, 1530, 667, 1137, 6281, 2744], [923, 4901, 2757, 4800, 3265, 4794, 4872, 8043], [4388, 7013, 1114, 1901, 3878, 752, 717, 1385], [2929, 1359, 3770, 1429, 988, 1376, 1090, 4868], [859, 3020, 3266, 7516, 1530, 1317, 2772, 1425], [2384, 640, 956, 3008, 1364, 2882, 1286, 1811], [2292, 1489, 1088, 923, 2125, 762, 1781, 4494], [1850, 4825, 4755, 2841, 558, 4915, 1455, 7578], [2168, 6190, 4304, 2088, 4300, 4306, 4296, 4294], [6671, 5661, 4798, 3274, 6637, 2160, 2788, 7080], [3881, 640, 988, 1568, 2120, 2332, 6910, 3548], [3192, 2536, 3592, 1850, 7725, 7568, 4544, 844], [4300, 4296, 4306, 4294, 4308, 4298, 4304, 4302], [4864, 4861, 4000, 1907, 865, 2308, 925, 1361], [1364, 956, 640, 1286, 2622, 2362, 1048, 779], [7258, 175, 4667, 1670, 1699, 127, 1696, 1564], [7399, 2766, 551, 7025, 7074, 3909, 4877, 4970], [7926, 551, 1907, 4970, 3000, 6106, 7838, 870], [6910, 2384, 1258, 777, 1570, 4888, 3642, 2112], [4789, 3722, 3015, 4700, 2313, 2709, 4870, 2506], [923, 2602, 388, 1409, 453, 282, 1761, 310], [3745, 5393, 4371, 5679, 6702, 4746, 6815, 4096], [1369, 3375, 2362, 2953, 1649, 919, 4099, 779], [175, 203, 1699, 1670, 1884, 4386, 5382, 1846], [7725, 7377, 2566, 7568, 4902, 4985, 4825, 2536], [708, 2141, 3263, 2794, 2440, 2950, 281, 696], [3553, 5949, 744, 5196, 7972, 4914, 4392, 837], [3841, 1640, 4886, 4503, 4583, 2124, 4144, 4607], [191, 2568, 3656, 1223, 2858, 7164, 5191, 6637], [5246, 5196, 6201, 5517, 5208, 6194, 6554, 1602], [1286, 7367, 2506, 2536, 1369, 4806, 5933, 2723], [1361, 4990, 1531, 779, 3203, 2594, 2403, 2135], [1538, 3184, 5382, 4522, 172, 1978, 1117, 3315], [1669, 1286, 6910, 945, 2384, 2135, 3642, 4825], [1919, 419, 919, 2883, 2004, 1568, 4688, 3168], [4513, 3397, 3077, 7226, 4180, 941, 303, 2330], [2066, 956, 2673, 409, 919, 2398, 2299, 4868], [1871, 1640, 2362, 2384, 3726, 2370, 1749, 4906]]}, "num_translations": 3, "text_top1": 0.02631578947368421, "text_top5": 0.10526315789473684, "text_top10": 0.2368421052631579}