{"num_src_sents": 978, "aristophanes_1_1858": {"tgt_lang": "en", "transl_top1": 0.012269938650306749, "transl_top5": 0.026584867075664622, "transl_top10": 0.0541922290388548, "num_nulls": 0, "num_tgt_sents": 10625}, "aristophanes_3_1830": {"tgt_lang": "fr", "transl_top1": 0.006134969325153374, "transl_top5": 0.03578732106339468, "transl_top10": 0.06952965235173825, "num_nulls": 0, "num_tgt_sents": 4330}, "aristophanes_1_1830": {"tgt_lang": "fr", "transl_top1": 0.006134969325153374, "transl_top5": 0.03374233128834356, "transl_top10": 0.0541922290388548, "num_nulls": 1, "num_tgt_sents": 2544}, "tlg0019.tlg009.ogl-eng3": {"tgt_lang": "en", "transl_top1": 0.19427402862985685, "transl_top5": 0.3619631901840491, "transl_top10": 0.45194274028629855, "num_nulls": 0, "num_tgt_sents": 7687}, "aristophanes_1873": {"tgt_lang": "fr", "transl_top1": 0.14519427402862986, "transl_top5": 0.2607361963190184, "transl_top10": 0.30879345603271985, "num_nulls": 0, "num_tgt_sents": 14269}, "tlg0019.tlg009.ogl-eng4": {"tgt_lang": "en", "transl_top1": 0.24335378323108384, "transl_top5": 0.3895705521472393, "transl_top10": 0.46932515337423314, "num_nulls": 2, "num_tgt_sents": 2064}, "aristophanes_1907_1": {"tgt_lang": "en", "transl_top1": 0.3149284253578732, "transl_top5": 0.4662576687116564, "transl_top10": 0.5480572597137015, "num_nulls": 0, "num_tgt_sents": 8398}, "num_translations": 7, "text_top1": 0.13175576979257958, "text_top5": 0.22494887525562374, "text_top10": 0.2794332456909144}