{"num_src_sents": 321, "plutarch_4_1908": {"tgt_lang": "en", "transl_top1": 0.006230529595015576, "transl_top5": 0.03426791277258567, "transl_top10": 0.04361370716510903, "num_nulls": 0, "num_tgt_sents": 13066}, "plutarch_3_1908": {"tgt_lang": "en", "transl_top1": 0.470404984423676, "transl_top5": 0.6386292834890965, "transl_top10": 0.719626168224299, "num_nulls": 1, "num_tgt_sents": 6633}, "num_translations": 2, "text_top1": 0.2383177570093458, "text_top5": 0.3364485981308411, "text_top10": 0.38161993769470404}