{"num_src_sents": 549, "sophocles_1913": {"tgt_lang": "it", "transl_top1": 0.4080145719489982, "transl_top5": 0.6484517304189436, "transl_top10": 0.7377049180327869, "num_nulls": 0, "num_tgt_sents": 655}, "sophocles_1873_1": {"tgt_lang": "de", "transl_top1": 0.06375227686703097, "transl_top5": 0.12932604735883424, "transl_top10": 0.1785063752276867, "num_nulls": 0, "num_tgt_sents": 5570}, "sophocles_1804": {"tgt_lang": "de", "transl_top1": 0.0947176684881603, "transl_top5": 0.1894353369763206, "transl_top10": 0.2604735883424408, "num_nulls": 2, "num_tgt_sents": 1282}, "sophocles_1906": {"tgt_lang": "de", "transl_top1": 0.15482695810564662, "transl_top5": 0.3296903460837887, "transl_top10": 0.39344262295081966, "num_nulls": 9, "num_tgt_sents": 462}, "sophocles_1905_de": {"tgt_lang": "de", "transl_top1": 0.08378870673952642, "transl_top5": 0.14571948998178508, "transl_top10": 0.19489981785063754, "num_nulls": 27, "num_tgt_sents": 505}, "greekDramas_1912": {"tgt_lang": "en", "transl_top1": 0.23132969034608378, "transl_top5": 0.3825136612021858, "transl_top10": 0.4553734061930783, "num_nulls": 0, "num_tgt_sents": 8924}, "sophocles_1905_en": {"tgt_lang": "en", "transl_top1": 0.2568306010928962, "transl_top5": 0.4225865209471767, "transl_top10": 0.5063752276867031, "num_nulls": 0, "num_tgt_sents": 10564}, "sophocles_1919": {"tgt_lang": "it", "transl_top1": 0.42805100182149364, "transl_top5": 0.663023679417122, "transl_top10": 0.7686703096539163, "num_nulls": 0, "num_tgt_sents": 797}, "num_translations": 8, "text_top1": 0.21516393442622953, "text_top5": 0.3638433515482696, "text_top10": 0.43693078324225865}