{"num_src_sents": 146, "plutarch_1_1844": {"tgt_lang": "fr", "transl_top1": 0.02054794520547945, "transl_top5": 0.0547945205479452, "transl_top10": 0.10273972602739725, "num_nulls": 0, "num_tgt_sents": 8121}, "plutarch_1898_theosophical": {"tgt_lang": "en", "transl_top1": 0.4863013698630137, "transl_top5": 0.6438356164383562, "transl_top10": 0.7534246575342466, "num_nulls": 0, "num_tgt_sents": 3608}, "plutarch_2_1844": {"tgt_lang": "fr", "transl_top1": 0.2465753424657534, "transl_top5": 0.4863013698630137, "transl_top10": 0.5616438356164384, "num_nulls": 0, "num_tgt_sents": 7523}, "num_translations": 3, "text_top1": 0.2511415525114155, "text_top5": 0.3949771689497717, "text_top10": 0.4726027397260274}