{"num_src_sents": 375, "philo_2_1854": {"tgt_lang": "en", "transl_top1": 0.5466666666666666, "transl_top5": 0.7466666666666667, "transl_top10": 0.832, "num_nulls": 0, "num_tgt_sents": 7912}, "philo_4_1855": {"tgt_lang": "en", "transl_top1": 0.016, "transl_top5": 0.050666666666666665, "transl_top10": 0.08266666666666667, "num_nulls": 0, "num_tgt_sents": 7517}, "philo_1_1854": {"tgt_lang": "en", "transl_top1": 0.021333333333333333, "transl_top5": 0.06133333333333333, "transl_top10": 0.112, "num_nulls": 0, "num_tgt_sents": 8507}, "num_translations": 3, "text_top1": 0.19466666666666665, "text_top5": 0.2862222222222222, "text_top10": 0.3422222222222222}