{"num_src_sents": 275, "aristotle_1_1908": {"tgt_lang": "en", "transl_top1": 0.10181818181818182, "transl_top5": 0.2, "transl_top10": 0.24, "num_nulls": 0, "num_tgt_sents": 4899}, "aristotle_1855-1907_5": {"tgt_lang": "de", "transl_top1": 0.03272727272727273, "transl_top5": 0.13454545454545455, "transl_top10": 0.1781818181818182, "num_nulls": 0, "num_tgt_sents": 6432}, "aristotle_2_1902": {"tgt_lang": "en", "transl_top1": 0.007272727272727273, "transl_top5": 0.04727272727272727, "transl_top10": 0.06545454545454546, "num_nulls": 0, "num_tgt_sents": 7716}, "num_translations": 3, "text_top1": 0.04727272727272728, "text_top5": 0.12727272727272726, "text_top10": 0.16121212121212122}