{"num_src_sents": 131, "sophistesGrecs_1842": {"tgt_lang": "fr", "transl_top1": 0.16030534351145037, "transl_top5": 0.26717557251908397, "transl_top10": 0.366412213740458, "num_nulls": 0, "num_tgt_sents": 7988}, "num_translations": 1, "text_top1": 0.16030534351145037, "text_top5": 0.26717557251908397, "text_top10": 0.366412213740458}