{"num_src_sents": 174, "luca_siliusItalicus_claudius_1842": {"tgt_lang": "fr", "transl_top1": 0.3045977011494253, "transl_top5": 0.47126436781609193, "transl_top10": 0.5402298850574713, "num_nulls": 0, "num_tgt_sents": 20880}, "num_translations": 1, "text_top1": 0.3045977011494253, "text_top5": 0.47126436781609193, "text_top10": 0.5402298850574713}