{"num_src_sents": 129, "luca_siliusItalicus_claudius_1842": {"tgt_lang": "fr", "transl_top1": 0.13953488372093023, "transl_top5": 0.21705426356589147, "transl_top10": 0.26356589147286824, "num_nulls": 0, "num_tgt_sents": 20880}, "num_translations": 1, "text_top1": 0.13953488372093023, "text_top5": 0.21705426356589147, "text_top10": 0.26356589147286824}