{"num_src_sents": 416, "euripides_2_1884": {"tgt_lang": "fr", "transl_top1": 0.014423076923076924, "transl_top5": 0.04567307692307692, "transl_top10": 0.08413461538461539, "num_nulls": 0, "num_tgt_sents": 6695}, "euripides_1857_1": {"tgt_lang": "de", "transl_top1": 0.06971153846153846, "transl_top5": 0.16105769230769232, "transl_top10": 0.21153846153846154, "num_nulls": 0, "num_tgt_sents": 2920}, "euripides_1906_3": {"tgt_lang": "de", "transl_top1": 0.01201923076923077, "transl_top5": 0.06009615384615385, "transl_top10": 0.10096153846153846, "num_nulls": 0, "num_tgt_sents": 4200}, "euripides_1911": {"tgt_lang": "it", "transl_top1": 0.28125, "transl_top5": 0.43509615384615385, "transl_top10": 0.5072115384615384, "num_nulls": 1, "num_tgt_sents": 481}, "euripides_1_1884": {"tgt_lang": "fr", "transl_top1": 0.009615384615384616, "transl_top5": 0.05048076923076923, "transl_top10": 0.07932692307692307, "num_nulls": 0, "num_tgt_sents": 6832}, "num_translations": 5, "text_top1": 0.07740384615384616, "text_top5": 0.15048076923076922, "text_top10": 0.1966346153846154}