{"num_src_sents": 79, "justin_cNepos_eutropius_1902": {"tgt_lang": "en", "transl_top1": 0.4936708860759494, "transl_top5": 0.5949367088607594, "transl_top10": 0.6329113924050633, "num_nulls": 0, "num_tgt_sents": 9841}, "corneliusNepos_1856": {"tgt_lang": "de", "transl_top1": 0.6835443037974683, "transl_top5": 0.7974683544303798, "transl_top10": 0.8481012658227848, "num_nulls": 0, "num_tgt_sents": 2320}, "num_translations": 2, "text_top1": 0.5886075949367089, "text_top5": 0.6962025316455696, "text_top10": 0.740506329113924}