{"num_src_sents": 142, "plutarch_2_1908": {"tgt_lang": "en", "transl_top1": 0.44366197183098594, "transl_top5": 0.6408450704225352, "transl_top10": 0.7816901408450704, "num_nulls": 0, "num_tgt_sents": 5773}, "plutarch_1_1906": {"tgt_lang": "en", "transl_top1": 0.007042253521126761, "transl_top5": 0.035211267605633804, "transl_top10": 0.09154929577464789, "num_nulls": 0, "num_tgt_sents": 6800}, "num_translations": 2, "text_top1": 0.22535211267605634, "text_top5": 0.3380281690140845, "text_top10": 0.43661971830985913}