{"num_src_sents": 36, "plutarch_1_1906": {"tgt_lang": "en", "transl_top1": 0.08333333333333333, "transl_top5": 0.08333333333333333, "transl_top10": 0.08333333333333333, "num_nulls": 0, "num_tgt_sents": 6800, "retrieval_preds": [[2147, 2160, 2144, 1336, 2111, 1791, 1341, 1794], [2632, 4488, 4414, 5848, 5298, 4713, 1645, 4601], [260, 5883, 1815, 2506, 882, 2078, 5835, 857], [2099, 1637, 3288, 1706, 2100, 1275, 3540, 5557], [6767, 3570, 6142, 5984, 2101, 594, 1186, 4821], [2103, 6766, 6355, 1218, 6680, 741, 1156, 1637], [293, 2106, 4618, 1637, 1994, 5902, 3507, 1156], [2107, 2160, 2470, 6635, 1719, 3061, 2117, 6109], [2109, 5986, 1962, 789, 1994, 4425, 3540, 858], [1465, 2111, 2459, 6247, 5571, 1198, 293, 1341], [2113, 2114, 2356, 1832, 1205, 2060, 1164, 6509], [4780, 3006, 5598, 3905, 1450, 4985, 538, 5328], [1637, 293, 5804, 6316, 741, 6414, 1217, 6661], [4032, 2441, 789, 4108, 6355, 2457, 1616, 6421], [2121, 1217, 2384, 1637, 2356, 6316, 4613, 6712], [2356, 2384, 1217, 1359, 2150, 4119, 6316, 1482], [2473, 2144, 1465, 1341, 1336, 1460, 1156, 1217], [2128, 6786, 6250, 1528, 1502, 3986, 1817, 2439], [3438, 5843, 6414, 4374, 2249, 4076, 1134, 1818], [1372, 1039, 6661, 4983, 1678, 2105, 1680, 1532], [2133, 2036, 1446, 6617, 5023, 1176, 1781, 3121], [1951, 1048, 2703, 2135, 1006, 1639, 5250, 4523], [2298, 2297, 4327, 639, 6571, 1251, 2731, 5953], [1968, 1637, 293, 5511, 1156, 1962, 1806, 751], [2139, 2015, 836, 1017, 1784, 1526, 1652, 1196], [2140, 714, 1450, 66, 6676, 255, 738, 575], [2141, 1233, 1234, 3574, 6180, 920, 2142, 6109], [1380, 1156, 1341, 1968, 1806, 1782, 2144, 1465], [1203, 1564, 1581, 2146, 2099, 51, 2493, 1151], [2147, 1482, 1217, 1156, 2473, 2153, 1637, 2459], [1650, 1962, 1637, 1217, 2153, 6316, 293, 1465], [2152, 1344, 4962, 5437, 2570, 714, 2011, 2609], [2153, 1637, 2061, 1416, 1694, 2147, 3475, 489], [1234, 2153, 5478, 1260, 1637, 1817, 3388, 6103], [2158, 3064, 583, 5311, 4947, 5829, 3663, 6175], [1336, 1968, 2121, 6661, 2160, 1341, 2061, 1156]]}, "plutarch_2_1908": {"tgt_lang": "en", "transl_top1": 0.05555555555555555, "transl_top5": 0.19444444444444445, "transl_top10": 0.2222222222222222, "num_nulls": 0, "num_tgt_sents": 5773, "retrieval_preds": [[5648, 5650, 3632, 3480, 5697, 1697, 903, 1700], [3796, 4199, 159, 4057, 5415, 2301, 4318, 5273], [3796, 3847, 2309, 2133, 4617, 5315, 159, 5436], [2319, 3841, 3253, 1573, 4982, 2895, 1764, 962], [56, 2436, 151, 1077, 3137, 3296, 5206, 3628], [1582, 4231, 391, 392, 5630, 4333, 691, 1343], [4097, 4747, 5496, 1225, 5557, 3497, 3048, 4128], [5740, 2665, 2164, 2165, 368, 5019, 1288, 5187], [2890, 4094, 944, 2492, 212, 1743, 68, 2940], [2155, 213, 1351, 206, 963, 1868, 1743, 3975], [5136, 5603, 500, 5626, 5760, 5585, 4105, 5159], [1124, 1176, 3593, 3181, 3137, 199, 4284, 2837], [3020, 4231, 4832, 3133, 5628, 339, 2142, 3527], [1962, 3874, 3708, 885, 356, 1343, 4832, 4508], [4832, 5582, 3145, 2957, 5628, 3343, 4097, 1673], [4636, 3761, 5239, 5393, 405, 15, 1112, 963], [4636, 4576, 3343, 3874, 2155, 1764, 633, 2948], [8, 3890, 1351, 1573, 2627, 1612, 1260, 43], [3255, 5241, 3020, 153, 4018, 5557, 5496, 403], [5472, 3561, 4970, 5640, 5021, 3963, 5159, 5606], [151, 5583, 2187, 891, 1008, 2890, 2334, 669], [4269, 3765, 3234, 381, 614, 5211, 3154, 4907], [5368, 3552, 3539, 793, 4970, 2885, 288, 4980], [3604, 3247, 339, 3133, 5741, 3343, 3286, 687], [3240, 3423, 1574, 1612, 1500, 3841, 4049, 3685], [3512, 879, 1513, 1062, 1266, 4543, 3449, 5354], [467, 895, 191, 1705, 4248, 3773, 853, 4396], [4576, 339, 1314, 214, 633, 4636, 4231, 5650], [5723, 527, 2300, 2301, 5354, 2314, 1724, 4679], [3343, 4508, 3286, 405, 4832, 1764, 5720, 3145], [405, 3343, 1764, 4396, 3677, 1665, 4636, 2610], [4996, 5604, 1401, 716, 270, 3796, 862, 2344], [2028, 3286, 1368, 1514, 2319, 5295, 3480, 4018], [4681, 3318, 4018, 3869, 453, 2730, 3343, 4080], [3126, 2113, 434, 2836, 4663, 1430, 4227, 1472], [3343, 2611, 5024, 3247, 2258, 5017, 1876, 29]]}, "num_translations": 2, "text_top1": 0.06944444444444445, "text_top5": 0.1388888888888889, "text_top10": 0.15277777777777776}