{"num_src_sents": 84, "luciusSamosata_1_1869": {"tgt_lang": "fr", "transl_top1": 0.19047619047619047, "transl_top5": 0.30952380952380953, "transl_top10": 0.40476190476190477, "num_nulls": 0, "num_tgt_sents": 14187, "retrieval_preds": [[10884, 7478, 10998, 11005, 10921, 10886, 11435, 11133], [10886, 5826, 13843, 5516, 11009, 5889, 3491, 5508], [10888, 7615, 981, 4999, 12418, 8491, 7754, 1512], [10519, 14010, 9245, 1370, 7396, 8148, 14082, 1353], [11009, 10365, 7286, 13843, 2496, 5821, 10390, 8741], [3573, 9771, 4289, 992, 1975, 8714, 11855, 8239], [11009, 11015, 13843, 11141, 11492, 7286, 10365, 10779], [8839, 10227, 13193, 9610, 6393, 12805, 10321, 6582], [13834, 10771, 11634, 2041, 13835, 5978, 10903, 7267], [255, 1060, 8587, 2306, 3526, 3085, 3099, 694], [970, 893, 9129, 8913, 457, 9509, 598, 4702], [4382, 2919, 775, 6576, 11775, 11015, 10911, 10365], [10553, 8141, 2455, 8213, 11141, 8189, 10953, 13869], [11791, 8828, 3427, 11812, 11683, 11141, 5565, 7513], [13970, 9540, 11632, 4215, 13835, 13751, 457, 3047], [11486, 2041, 13704, 7787, 11023, 9982, 11018, 11373], [10921, 13779, 1060, 10284, 7478, 8148, 10884, 13590], [10923, 11025, 11226, 4288, 8977, 8239, 10255, 2727], [6839, 404, 9070, 8844, 4317, 4586, 8388, 7615], [5053, 7656, 10926, 11609, 2073, 2808, 2071, 2048], [7730, 10664, 11955, 9079, 13864, 13591, 7670, 10365], [3783, 3697, 12353, 9637, 10621, 8441, 9001, 7503], [10877, 11438, 4979, 10931, 6248, 10741, 10676, 143], [3417, 8148, 8213, 1317, 7373, 2455, 7960, 4382], [3532, 11855, 5284, 5065, 13309, 5335, 565, 10759], [10940, 7923, 8141, 13843, 4382, 2919, 11683, 3530], [12418, 6751, 6857, 7754, 2953, 10960, 8714, 8491], [775, 5853, 13707, 11938, 11141, 10942, 13843, 11955], [10945, 8828, 918, 11133, 11795, 3554, 11015, 2971], [7248, 7801, 7669, 6404, 10948, 8148, 2115, 8542], [11016, 5821, 13843, 9119, 7285, 9163, 13850, 7286], [11019, 8997, 6633, 14043, 1665, 8358, 4922, 2754], [5043, 3268, 11603, 10954, 13591, 8945, 2194, 5563], [10956, 7032, 13864, 893, 715, 10365, 10937, 13943], [6104, 10452, 6406, 4746, 457, 1666, 12294, 11109], [7837, 5548, 8212, 9577, 9245, 6762, 482, 5549], [10960, 5611, 6726, 10734, 9185, 10958, 5888, 783], [10962, 10960, 10958, 12200, 5110, 5888, 5988, 1313], [10963, 10959, 7579, 716, 10962, 9219, 13839, 66], [10964, 5705, 650, 4836, 8110, 543, 12808, 12464], [10965, 13532, 9996, 11795, 4352, 988, 9926, 1164], [10966, 10252, 2571, 10967, 7805, 6202, 11532, 10920], [5508, 775, 174, 13843, 11348, 3578, 7337, 12582], [10971, 13844, 711, 10390, 12225, 10378, 4091, 11994], [5549, 10972, 10757, 7408, 1561, 9185, 5548, 10730], [11009, 2919, 13598, 5517, 7204, 10390, 13680, 1123], [5851, 10286, 13861, 391, 13413, 715, 3207, 8481], [10339, 6005, 5323, 7010, 151, 11023, 7931, 8941], [4112, 13725, 9806, 4321, 3452, 4439, 14104, 204], [5131, 10602, 7350, 10988, 5782, 144, 7581, 7638], [10985, 4382, 11141, 8644, 8308, 13787, 6654, 8342], [11015, 10997, 5826, 10987, 5821, 4303, 7286, 10577], [10992, 10988, 11707, 14054, 13907, 5638, 8444, 11583], [772, 12953, 12954, 13787, 4248, 12952, 2160, 12221], [10997, 8669, 9925, 11775, 11716, 11903, 13703, 11803], [10998, 7478, 11017, 10886, 5517, 7513, 6123, 10365], [11001, 5529, 8460, 11072, 10997, 8491, 11938, 11571], [14042, 4934, 819, 11001, 8077, 8682, 12418, 8729], [10886, 10960, 5517, 5826, 5888, 6926, 7804, 11038], [11009, 13851, 775, 13847, 3530, 10940, 11015, 5188], [11010, 6930, 11683, 11997, 11009, 3529, 7805, 5669], [5529, 11015, 7286, 6930, 775, 11009, 8405, 11141], [5826, 1317, 10866, 11016, 7286, 7593, 5821, 10553], [11017, 7286, 13520, 2496, 11009, 13843, 5826, 1317], [11019, 11348, 11016, 5529, 9247, 13707, 11814, 9301], [5464, 5707, 7522, 2827, 6677, 11410, 2516, 11568], [13520, 7923, 10940, 13787, 7513, 11023, 513, 13907], [13843, 3995, 14127, 775, 13591, 8642, 4839, 8741], [11027, 8113, 5563, 7593, 7373, 7811, 11101, 10721], [11029, 11030, 2496, 13815, 13631, 13846, 1973, 4908], [1317, 7918, 8141, 7810, 11683, 13713, 8520, 772], [11039, 775, 11814, 11808, 3491, 14054, 2919, 9347], [7531, 11054, 14042, 10127, 419, 11180, 6834, 12786], [1338, 6665, 10721, 13815, 7531, 10818, 5199, 1357], [11042, 382, 717, 894, 683, 2608, 7565, 12624], [11467, 11043, 10755, 10428, 13815, 9219, 1353, 10560], [5826, 14054, 11015, 1317, 8141, 2496, 13520, 13815], [11054, 13707, 7923, 5262, 11052, 9925, 8141, 13713], [11056, 1368, 7238, 3716, 7387, 8029, 10708, 7768], [11057, 4053, 583, 2637, 11056, 3122, 6834, 13040], [11036, 11683, 7518, 11058, 8007, 338, 10365, 2971], [611, 11012, 170, 13520, 13707, 10553, 7513, 10771], [8148, 10616, 10553, 5821, 5548, 10365, 8242, 6654], [13620, 454, 11603, 4121, 7387, 5556, 10602, 7989]]}, "lucian_1827_7": {"tgt_lang": "de", "transl_top1": 0.32142857142857145, "transl_top5": 0.5119047619047619, "transl_top10": 0.5833333333333334, "num_nulls": 0, "num_tgt_sents": 4692,