{"num_src_sents": 46, "lucian_1866_1": {"tgt_lang": "de", "transl_top1": 0.0, "transl_top5": 0.10869565217391304, "transl_top10": 0.15217391304347827, "num_nulls": 0, "num_tgt_sents": 4624, "retrieval_preds": [[4171, 3098, 1198, 267, 2924, 3894, 1386, 3584], [1175, 3643, 1439, 129, 1579, 141, 463, 3507], [1957, 1400, 677, 1983, 1589, 3069, 3241, 2788], [169, 913, 367, 4110, 4227, 248, 4531, 227], [454, 2470, 267, 3473, 428, 3067, 2829, 344], [2419, 4171, 3019, 444, 461, 344, 3473, 90], [3426, 957, 2911, 2916, 2966, 4426, 1959, 4409], [4425, 3940, 1549, 4239, 3969, 4068, 4531, 248], [3503, 4235, 3594, 50, 3154, 2730, 3741, 4437], [2651, 4461, 1967, 4017, 3875, 1507, 782, 1932], [4269, 3691, 1744, 673, 3777, 3154, 3665, 49], [3381, 1925, 3680, 2502, 361, 3738, 3051, 3435], [350, 3905, 3910, 4488, 2692, 1549, 15, 4508], [2576, 540, 372, 2572, 1631, 1955, 4351, 416], [2968, 3241, 811, 792, 2882, 891, 4179, 1866], [3153, 2696, 4208, 3029, 3738, 3632, 2651, 146], [2968, 3241, 811, 792, 2882, 891, 4179, 1866], [3153, 2696, 4208, 3029, 3738, 3632, 2651, 146], [1792, 2345, 1746, 2519, 3231, 1470, 1824, 4536], [3154, 1935, 78, 4436, 4300, 2502, 3930, 4531], [4300, 4436, 4611, 4615, 960, 4254, 3777, 2839], [1473, 4460, 2916, 437, 2486, 4489, 4483, 2904], [4425, 2710, 248, 4068, 86, 959, 88, 296], [1921, 3047, 2644, 2162, 3661, 3053, 267, 3336], [382, 813, 4567, 350, 472, 4158, 4254, 546], [4370, 4261, 2830, 2736, 961, 1744, 1793, 3777], [1814, 2459, 2892, 4130, 1844, 1983, 778, 1599], [1055, 823, 878, 527, 762, 741, 303, 2340], [2843, 1626, 345, 3894, 1223, 1993, 462, 2195], [4307, 4158, 4311, 1549, 4239, 15, 472, 4293], [813, 4250, 944, 4567, 4260, 28, 237, 4240], [14, 4567, 350, 88, 4158, 3940, 367, 4049], [4512, 4200, 3148, 3731, 3619, 4614, 2676, 4300], [3990, 1955, 944, 390, 479, 4197, 395, 378], [3530, 382, 4545, 100, 355, 782, 395, 677], [350, 185, 4162, 296, 4260, 4158, 3331, 3055], [4538, 4535, 361, 2590, 4489, 4413, 3959, 3990], [429, 4621, 1433, 144, 4236, 1965, 2709, 3320], [3331, 4509, 4158, 3955, 4407, 4033, 435, 232], [2382, 2459, 4171, 1599, 716, 3545, 2513, 2901], [2332, 1100, 1091, 1661, 1943, 2928, 462, 1346], [3530, 3985, 1549, 4531, 4158, 4567, 546, 355], [2082, 2362, 336, 2845, 1600, 4123, 4207, 3270], [350, 4158, 4545, 84, 3879, 546, 2602, 382], [3036, 456, 951, 69, 1626, 1514, 3069, 3106], [1953, 62, 3873, 2238, 416, 3290, 1059, 4460]]}, "lucian_1867_3": {"tgt_lang": "de", "transl_top1": 0.06521739130434782, "transl_top5": 0.13043478260869565, "transl_top10": 0.21739130434782608, "num_nulls": 0, "num_tgt_sents": 3614, "retrieval_preds": [[1730, 619, 1806, 1903, 450, 2581, 1567, 2516], [1108, 2415, 2369, 993, 2171, 1674, 997, 1396], [2165, 1733, 1152, 956, 1143, 673, 1133, 2668], [2205, 1706, 790, 1669, 852, 1497, 1173, 1168], [1740, 2467, 36, 2699, 1555, 1567, 2353, 2563], [1742, 1730, 1567, 1571, 6, 485, 464, 36], [2102, 768, 1730, 681, 3396, 3080, 1108, 1109], [1747, 2153, 1153, 789, 1205, 2641, 1182, 65], [1751, 2245, 19, 2985, 1733, 15, 2165, 1631], [2524, 773, 2011, 1364, 2128, 494, 3488, 1412], [2032, 3502, 2552, 365, 1753, 1537, 1319, 1365], [1756, 3230, 2312, 3245, 768, 699, 3504, 1704], [1758, 837, 580, 853, 2711, 261, 2224, 2049], [1760, 1667, 1405, 1323, 78, 1497, 1353, 1485], [2870, 2373, 2698, 1823, 1739, 1750, 1857, 2206], [1763, 2941, 556, 3280, 1558, 441, 185, 499], [2870, 2373, 2698, 1823, 1739, 1750, 1857, 2206], [1763, 2941, 556, 3280, 1558, 441, 185, 499], [1764, 454, 3089, 1233, 2612, 1627, 1451, 2947], [1765, 3268, 1530, 333, 3294, 3529, 2317, 3314], [581, 1766, 1765, 1470, 3516, 2707, 3396, 65], [2816, 476, 1768, 2810, 2812, 3409, 3037, 1769], [1182, 1175, 789, 787, 950, 1208, 786, 1773], [2373, 2658, 2661, 450, 1806, 1094, 1822, 2162], [581, 493, 778, 785, 789, 580, 88, 2569], [1778, 1108, 864, 1930, 2233, 1992, 1909, 2398], [220, 3080, 1806, 1781, 2668, 6, 1249, 1133], [1279, 1618, 2338, 1869, 1270, 1872, 2176, 2674], [1782, 1935, 22, 3367, 6, 1730, 114, 728], [581, 683, 2711, 601, 206, 2559, 853, 261], [1788, 581, 2711, 750, 1366, 1590, 601, 2778], [493, 789, 575, 683, 261, 2153, 950, 1153], [1793, 2560, 2914, 1602, 2556, 1590, 3294, 227], [1794, 1065, 1662, 78, 779, 2880, 1150, 1182], [1662, 581, 2641, 509, 950, 1669, 1172, 1065], [789, 2153, 1175, 1168, 2086, 1153, 1670, 785], [2415, 1800, 1669, 1747, 1182, 1172, 65, 2860], [681, 2658, 2463, 922, 3206, 1276, 2681, 3553], [1557, 1961, 1943, 88, 1491, 110, 2222, 976], [1806, 1276, 3416, 2174, 945, 220, 2746, 1730], [1807, 22, 1002, 842, 1789, 2616, 2947, 3324], [2711, 2641, 1747, 683, 575, 341, 1175, 1669], [74, 1812, 2815, 86, 77, 65, 571, 3095], [2637, 1813, 789, 1175, 2349, 2641, 575, 1205], [1815, 1485, 1537, 977, 58, 2668, 1472, 1108], [1816, 923, 1537, 621, 1079, 1143, 1485, 1611]]}, "Lucian_1827_ht8": {"tgt_lang": "de", "transl_top1": 0.043478260869565216, "transl_top5": 0.2826086956521739, "transl_top10": 0.34782608695652173, "num_nulls": 0, "num_tgt_sents": 1131, "retrieval_preds": [[342, 251, 376, 33, 430, 274, 784, 306], [769, 805, 682, 649, 804, 632, 514, 869], [942, 918, 938, 873, 707, 202, 910, 745], [982, 493, 202, 707, 969, 937, 970, 1020], [104, 92, 96, 175, 621, 873, 711, 919], [104, 914, 376, 346, 919, 1081, 710, 711], [20, 1047, 1119, 401, 463, 459, 513, 525], [887, 961, 1033, 761, 974, 259, 982, 948], [899, 1069, 710, 476, 1081, 974, 1088, 1090], [759, 422, 461, 539, 341, 498, 1037, 947], [838, 701, 942, 490, 839, 1058, 463, 419], [1035, 32, 216, 360, 57, 102, 179, 415], [567, 234, 259, 729, 817, 1127, 1067, 492], [705, 1011, 1018, 1067, 707, 911, 693, 533], [63, 456, 429, 347, 932, 1108, 430, 911], [863, 1097, 463, 681, 470, 99, 1064, 415], [63, 456, 429, 347, 932, 1108, 430, 911], [863, 1097, 463, 681, 470, 99, 1064, 415], [720, 79, 6, 1038, 160, 295, 139, 323], [202, 698, 459, 1088, 469, 564, 906, 838], [492, 1072, 463, 1089, 459, 469, 493, 1000], [651, 944, 839, 522, 513, 539, 562, 831], [982, 493, 1047, 1032, 974, 544, 476, 693], [648, 668, 399, 932, 950, 346, 425, 718], [887, 492, 259, 465, 495, 1127, 490, 1032], [838, 577, 490, 942, 520, 974, 935, 775], [357, 32, 982, 192, 971, 44, 257, 1020], [373, 78, 31, 498, 115, 679, 442, 783], [1104, 183, 33, 765, 227, 432, 922, 539], [887, 1032, 1076, 567, 885, 544, 1127, 969], [1102, 887, 545, 1024, 259, 969, 1069, 1068], [847, 982, 887, 492, 1102, 961, 729, 1032], [1068, 1096, 1101, 1090, 969, 409, 1055, 939], [948, 883, 496, 701, 1069, 1046, 485, 944], [887, 909, 948, 946, 492, 493, 463, 755], [982, 1032, 674, 961, 831, 1069, 974, 567], [483, 517, 964, 709, 463, 1037, 404, 633], [435, 577, 848, 688, 759, 1035, 584, 1041], [1102, 871, 495, 240, 847, 729, 492, 674], [916, 476, 486, 159, 346, 805, 276, 251], [783, 68, 442, 921, 80, 256, 33, 43], [887, 847, 259, 948, 755, 404, 974, 478], [463, 896, 682, 461, 485, 559, 405, 486], [982, 544, 909, 887, 969, 1102, 591, 259], [730, 710, 924, 869, 845, 564, 851, 964], [701, 658, 1113, 924, 1047, 550, 974, 850]]}, "lucian_1827_7": {"tgt_lang": "de", "transl_top1": 0.021739130434782608, "transl_top5": 0.15217391304347827, "transl_top10": 0.2391304347826087, "num_nulls": 0, "num_tgt_sents": 4692,