{"num_src_sents": 33, "plutarch_4_1844": {"tgt_lang": "fr", "transl_top1": 0.030303030303030304, "transl_top5": 0.06060606060606061, "transl_top10": 0.2727272727272727, "num_nulls": 0, "num_tgt_sents": 6665, "retrieval_preds": [[6398, 6324, 6584, 6521, 2858, 6378, 6318, 6663], [6432, 6480, 3120, 6441, 2912, 2821, 3824, 4692], [6432, 3168, 6480, 3797, 4400, 3019, 3502, 4544], [4692, 6377, 6441, 3019, 3797, 6236, 4615, 6378], [3019, 6441, 6413, 3017, 4143, 4502, 4316, 6432], [4693, 3112, 2954, 2936, 3514, 3521, 2996, 3931], [5123, 3860, 3502, 5290, 5213, 5157, 5211, 4160], [3938, 6391, 4893, 4085, 4008, 3887, 6277, 4076], [6430, 1152, 6404, 6432, 1199, 4659, 6378, 6423], [6543, 4316, 4485, 4692, 6377, 6547, 4615, 4150], [2051, 2863, 2865, 1469, 1750, 5189, 1316, 954], [5212, 5269, 4268, 2881, 5213, 5116, 6558, 4613], [6434, 3000, 6239, 6433, 4499, 3001, 6337, 4164], [6507, 1421, 1527, 1779, 1902, 2084, 1733, 1586], [6479, 5157, 4718, 5155, 6238, 148, 5426, 6337], [6543, 6432, 4316, 4692, 4661, 4615, 6377, 6378], [6441, 6493, 5060, 627, 1073, 4648, 6578, 4287], [1152, 6543, 4316, 4881, 6566, 6550, 4720, 164], [6544, 3122, 3175, 6531, 3083, 6592, 3222, 6480], [4645, 4692, 3181, 3452, 5116, 4558, 6543, 6441], [4316, 6441, 6543, 6435, 5213, 4109, 5116, 4613], [735, 3965, 6495, 1115, 2260, 1136, 51, 5641], [4983, 4252, 2757, 6597, 4116, 6583, 4138, 4284], [6558, 6441, 6566, 3824, 4268, 5212, 4166, 4316], [5097, 6399, 5075, 5133, 4612, 3189, 4921, 4631], [3101, 28, 5090, 3537, 5093, 2910, 3100, 5525], [5213, 6558, 6561, 1152, 6571, 6562, 6584, 6479], [6391, 3887, 6114, 4059, 4108, 3890, 3984, 3516], [5213, 5156, 6584, 3128, 4612, 3538, 4316, 6479], [3166, 2949, 2993, 3165, 4936, 3146, 6389, 4493], [3050, 6336, 3510, 3854, 1096, 3032, 4693, 3688], [4692, 4648, 4645, 4615, 4457, 4268, 3448, 3452], [2924, 4692, 4287, 4672, 4268, 3793, 4612, 4618]]}, "plutarch_5_1844": {"tgt_lang": "fr", "transl_top1": 0.09090909090909091, "transl_top5": 0.2727272727272727, "transl_top10": 0.36363636363636365, "num_nulls": 0, "num_tgt_sents": 5916, "retrieval_preds": [[117, 427, 30, 2730, 77, 296, 314, 3458], [98, 100, 464, 976, 637, 395, 123, 1106], [296, 314, 1897, 5753, 468, 100, 2820, 457], [100, 298, 98, 468, 2, 4237, 294, 107], [4218, 359, 114, 1933, 101, 2743, 2669, 53], [302, 25, 459, 1309, 294, 291, 84, 891], [303, 1795, 5271, 2825, 65, 3492, 5770, 133], [1427, 5388, 1502, 5276, 2942, 5890, 1681, 785], [305, 314, 5637, 2652, 2168, 2966, 1279, 1897], [1110, 1619, 1108, 12, 1716, 114, 17, 314], [894, 1154, 683, 252, 3349, 5342, 2983, 3991], [310, 1220, 1767, 1404, 311, 2902, 1835, 2892], [1654, 1799, 5793, 1716, 5202, 1748, 2633, 4960], [2425, 2457, 2465, 5607, 5288, 5306, 1855, 1678], [313, 2164, 5885, 4384, 1599, 785, 687, 5873], [2519, 314, 2756, 98, 117, 112, 2820, 1748], [12, 114, 1942, 329, 98, 52, 2741, 316], [1269, 2820, 314, 51, 98, 470, 468, 2768], [276, 321, 459, 34, 3945, 457, 4253, 291], [123, 98, 5427, 3162, 4237, 1124, 1041, 326], [81, 12, 5554, 2743, 30, 345, 1110, 4322], [2373, 5480, 2702, 3180, 4163, 2449, 5519, 4326], [367, 2648, 476, 403, 11, 333, 2968, 5832], [453, 12, 1885, 1110, 5758, 5721, 364, 335], [197, 338, 339, 1647, 428, 453, 5082, 877], [1391, 1145, 342, 2739, 4151, 243, 1512, 1721], [364, 1897, 342, 637, 197, 320, 1381, 1292], [5388, 5387, 2835, 1681, 5071, 1326, 5870, 1650], [345, 364, 2936, 1897, 314, 341, 2078, 330], [2836, 349, 4224, 466, 5694, 35, 42, 5443], [3149, 3860, 2225, 389, 59, 3947, 2499, 1050], [1735, 1835, 1781, 100, 1885, 1770, 107, 453], [353, 12, 1936, 2641, 354, 98, 470, 100]]}, "num_translations": 2, "text_top1": 0.06060606060606061, "text_top5": 0.16666666666666666, "text_top10": 0.3181818181818182}