{"num_src_sents": 215, "demosthenes_1902": {"tgt_lang": "en", "transl_top1": 0.4232558139534884, "transl_top5": 0.6046511627906976, "transl_top10": 0.6604651162790698, "num_nulls": 0, "num_tgt_sents": 6778}, "demosthenes_aeschynes_1861": {"tgt_lang": "fr", "transl_top1": 0.027906976744186046, "transl_top5": 0.05581395348837209, "transl_top10": 0.08372093023255814, "num_nulls": 0, "num_tgt_sents": 36182}, "num_translations": 2, "text_top1": 0.2255813953488372, "text_top5": 0.3302325581395349, "text_top10": 0.37209302325581395}