{"num_src_sents": 143, "plutarch_4_1844": {"tgt_lang": "fr", "transl_top1": 0.34965034965034963, "transl_top5": 0.5034965034965035, "transl_top10": 0.5804195804195804, "num_nulls": 0, "num_tgt_sents": 6665}, "plutarch_5_1844": {"tgt_lang": "fr", "transl_top1": 0.013986013986013986, "transl_top5": 0.04895104895104895, "transl_top10": 0.08391608391608392, "num_nulls": 0, "num_tgt_sents": 5916}, "num_translations": 2, "text_top1": 0.18181818181818182, "text_top5": 0.27622377622377625, "text_top10": 0.3321678321678322}