{"num_src_sents": 3217, "cicero_1861_6": {"tgt_lang": "de", "transl_top1": 0.0034193347839602114, "transl_top5": 0.012433944668946224, "transl_top10": 0.023313646254274168, "num_nulls": 0, "num_tgt_sents": 8951}, "cicero_1863_7": {"tgt_lang": "de", "transl_top1": 0.003108486167236556, "transl_top5": 0.009014609884986011, "transl_top10": 0.017096673919801058, "num_nulls": 0, "num_tgt_sents": 5622}, "cicero_1855-1892_5": {"tgt_lang": "de", "transl_top1": 0.729250854833696, "transl_top5": 0.8797015853279453, "transl_top10": 0.9288156667702828, "num_nulls": 0, "num_tgt_sents": 4818}, "cicero_1896": {"tgt_lang": "en", "transl_top1": 0.7622008082064035, "transl_top5": 0.9014609884986012, "transl_top10": 0.9437364003730183, "num_nulls": 0, "num_tgt_sents": 10330}, "cicero_1878_8": {"tgt_lang": "de", "transl_top1": 0.0024867889337892445, "transl_top5": 0.009636307118433322, "transl_top10": 0.016474976686353747, "num_nulls": 0, "num_tgt_sents": 5042}, "num_translations": 5, "text_top1": 0.3000932545850171, "text_top5": 0.36244948709978236, "text_top10": 0.385887472800746}