{"num_src_sents": 166, "plutarch_4_1908": {"tgt_lang": "en", "transl_top1": 0.012048192771084338, "transl_top5": 0.04819277108433735, "transl_top10": 0.12650602409638553, "num_nulls": 0, "num_tgt_sents": 13066, "retrieval_preds": [[5796, 1228, 1618, 3490, 5169, 7421, 2380, 5277], [1228, 2173, 3181, 3713, 6668, 4752, 5032, 1162], [4570, 4408, 374, 6024, 3388, 4109, 6300, 380], [6099, 6192, 657, 4206, 4403, 380, 4570, 3606], [5395, 2049, 4585, 5877, 6530, 6313, 6575, 10536], [1740, 2136, 1408, 1997, 4458, 849, 5259, 2463], [3530, 4782, 2928, 6086, 1124, 4570, 672, 3213], [3606, 6300, 1773, 6734, 1699, 5170, 2060, 1728], [2087, 696, 6523, 702, 2656, 1377, 2966, 2874], [4376, 4675, 3369, 3335, 5095, 736, 6756, 1773], [2543, 5407, 5035, 3496, 873, 6428, 6818, 5098], [3508, 3729, 5146, 3907, 2222, 615, 191, 6753], [3408, 5602, 3615, 2174, 3415, 6612, 1128, 1280], [4925, 2544, 2211, 6053, 3262, 1955, 2928, 3707], [2740, 2890, 2900, 3345, 5170, 5192, 5441, 5053], [6739, 2397, 133, 443, 5613, 5978, 9, 1405], [3865, 5472, 4475, 1268, 1132, 1395, 3578, 6736], [764, 5979, 3388, 4004, 2838, 2164, 563, 221], [4563, 3113, 5110, 3865, 5472, 1353, 3565, 5870], [5098, 1701, 5087, 4789, 4989, 5004, 6299, 3913], [1138, 3318, 2576, 1496, 3580, 5140, 894, 4243], [1867, 3606, 3431, 8082, 2070, 3172, 8320, 6560], [1651, 5851, 5561, 1773, 5935, 6024, 6040, 3552], [6343, 1636, 3606, 6560, 1627, 1884, 726, 6138], [4935, 6471, 5171, 3606, 3071, 5278, 5050, 4852], [1884, 2060, 1636, 1717, 4852, 4849, 3606, 1954], [3606, 2060, 6300, 1773, 4852, 4935, 3650, 5157], [1773, 3284, 3606, 3354, 6756, 6300, 1656, 6560], [2060, 4526, 4489, 1984, 2914, 6413, 6560, 664], [733, 6369, 1006, 1158, 1052, 5052, 4815, 3032], [6300, 3632, 4648, 1912, 2093, 380, 144, 736], [6024, 3335, 3369, 5613, 3337, 6297, 5328, 3327], [5613, 1052, 6102, 6300, 3758, 2965, 3606, 4702], [6560, 126, 3172, 2060, 6024, 6679, 433, 6099], [2101, 3273, 1482, 364, 390, 527, 3214, 2070], [2936, 5812, 948, 3493, 2074, 5999, 424, 4870], [2938, 6560, 517, 6178, 2928, 433, 1124, 3172], [2938, 3639, 3634, 3669, 4109, 5370, 3688, 4203], [2087, 5812, 5809, 3269, 1504, 5978, 3758, 6606], [5812, 1844, 2852, 6659, 4883, 424, 1385, 6804], [757, 4958, 5613, 2164, 764, 3764, 6086, 1052], [5523, 6024, 757, 1052, 1773, 6086, 3725, 5859], [3837, 6171, 1988, 5416, 3284, 3052, 4907, 2793], [571, 3151, 2736, 947, 61, 2397, 2139, 1614], [3650, 1636, 6137, 3606, 1728, 4852, 5086, 4301], [6040, 427, 126, 1984, 5950, 1507, 5935, 2433], [4822, 3788, 5731, 5595, 824, 5946, 2892, 1425], [4541, 4012, 107, 2548, 2314, 6100, 3768, 2649], [3064, 5658, 3867, 2137, 3868, 1526, 12746, 923], [1601, 5156, 2714, 3968, 4839, 5247, 1773, 5228], [2535, 4067, 5191, 690, 4319, 60, 10, 6625], [4359, 5652, 5228, 5274, 4931, 3302, 1347, 3141], [6280, 3135, 4359, 4563, 4057, 2446, 927, 2147], [5652, 3998, 1291, 6081, 4695, 3505, 3713, 2173], [6191, 2690, 1354, 5451, 4896, 6442, 1786, 6122], [1906, 3632, 4234, 4406, 4349, 4717, 4567, 6847], [3048, 2930, 4786, 1229, 4008, 1694, 686, 4651], [1865, 3621, 6658, 3891, 4786, 4198, 497, 12102], [5403, 2155, 3029, 6471, 1052, 663, 1125, 5421], [6606, 4950, 5053, 3789, 6458, 6624, 4958, 1600], [867, 5848, 6236, 5328, 928, 2202, 5415, 5120], [1425, 3401, 4334, 4529, 757, 4675, 6099, 5228], [5788, 3300, 837, 73, 5033, 10, 301, 3833], [2504, 3550, 2722, 3658, 6304, 3309, 4203, 1025], [510, 1403, 2564, 1347, 1389, 3981, 6024, 5788], [5613, 6294, 1403, 6739, 6293, 5170, 4927, 3354], [5721, 6081, 3087, 2890, 1564, 5415, 5613, 1728], [6756, 5613, 3764, 5924, 4958, 3337, 4887, 4446], [2174, 5190, 1144, 3415, 2779, 5093, 3383, 4449], [6756, 6024, 6413, 3369, 2324, 3452, 5170, 6008], [5155, 6333, 4580, 6690, 5228, 757, 6256, 1347], [1635, 6208, 589, 5168, 3509, 6541, 3366, 6532], [4897, 5416, 5387, 2082, 6054, 5960, 3496, 6191], [6560, 6374, 1052, 6812, 1722, 2965, 5329, 5921], [4881, 6525, 3329, 5082, 725, 2207, 430, 1436], [884, 1585, 5403, 4353, 2098, 3653, 2082, 5415], [2655, 2261, 2578, 2805, 5756, 2341, 2668, 2416], [6761, 3284, 3321, 1773, 5415, 548, 6739, 1920], [723, 3829, 380, 4958, 5979, 4962, 3199, 3508], [4206, 6187, 3305, 2275, 6192, 2150, 1289, 3271], [2965, 1153, 1728, 6468, 6187, 3019, 3089, 2961], [5346, 721, 5389, 6231, 3296, 6560, 2726, 3309], [6606, 884, 1747, 4821, 1786, 3797, 989, 723], [3309, 4961, 972, 6208, 2397, 5857, 3534, 3623], [3172, 5889, 2912, 1773, 3249, 3262, 553, 3725], [4567, 1403, 1984, 6099, 2928, 3425, 138, 2044], [2229, 5831, 5666, 2578, 1496, 4903, 4682, 6139], [5613, 755, 5053, 999, 4931, 6236, 5159, 4359], [3337, 1190, 6756, 3379, 3333, 3412, 6763, 4376], [5142, 3555, 4801, 3020, 172, 5098, 5146, 6851], [2060, 5378, 4109, 5613, 4440, 1403, 6033, 48], [1728, 1773, 3284, 6374, 928, 5053, 3388, 6300], [6081, 2873, 6026, 3179, 2184, 6159, 367, 515], [1302, 3541, 1354, 6140, 4627, 3032, 6171, 6191], [529, 5564, 2238, 1073, 3326, 1189, 6208, 3757], [5613, 6756, 1347, 5785, 4927, 757, 3354, 6668], [6024, 6099, 5095, 1984, 3425, 1347, 2093, 3343], [3426, 5087, 1166, 221, 6035, 5422, 4006, 5600], [3799, 5523, 6756, 3764, 3343, 5530, 3407, 4887], [873, 5928, 3284, 5732, 1693, 6703, 3362, 2246], [6756, 3407, 6002, 4109, 4234, 5170, 3337, 3369], [6030, 3764, 2089, 6033, 5927, 3799, 5921, 3688], [6299, 3992, 6602, 6490, 2728, 2463, 5920, 6558], [1347, 5170, 6024, 1403, 4567, 1344, 6099, 591], [6415, 4913, 6575, 2716, 2223, 6613, 6380, 4037], [1050, 5509, 4389, 6340, 2832, 6771, 2977, 2107], [4194, 4980, 618, 4417, 2095, 4913, 4705, 1131], [816, 2928, 3172, 2211, 2044, 1938, 1984, 2846], [609, 2660, 6847, 4529, 1930, 4913, 1672, 4037], [3329, 1052, 4284, 3407, 6583, 6779, 2004, 1521], [1638, 1961, 1984, 4980, 1971, 4567, 1959, 865], [757, 1971, 6236, 1403, 2118, 3425, 3972, 1961], [2465, 1347, 1961, 69, 591, 3388, 1344, 3606], [912, 10536, 2852, 9070, 662, 2716, 4581, 2326], [2456, 2211, 6095, 2329, 2928, 1938, 2793, 2667], [3172, 2928, 2949, 1381, 2211, 5186, 5178, 3974], [1124, 1984, 2928, 6537, 1052, 4348, 4984, 1971], [3704, 6761, 2772, 5335, 774, 1733, 5459, 4099], [3172, 6084, 3314, 6209, 2826, 3346, 5950, 2914], [6779, 3328, 5187, 3485, 1144, 5099, 5088, 6024], [3050, 6558, 3419, 6280, 1052, 5098, 3833, 5228], [1773, 3284, 4231, 4839, 6374, 1409, 3343, 5523], [5676, 5186, 5939, 5770, 882, 6128, 4782, 2246], [6256, 2093, 1969, 4628, 3033, 1728, 727, 5053], [6761, 209, 5161, 1947, 6060, 1436, 3472, 4456], [4881, 2733, 816, 2220, 1920, 2928, 2456, 1499], [275, 6452, 2924, 6081, 13, 338, 942, 305], [6818, 6851, 5453, 2811, 174, 2363, 5113, 875], [757, 6024, 2060, 2890, 3120, 5788, 5095, 6236], [440, 5278, 398, 548, 3739, 4882, 4920, 5983], [5342, 6569, 5155, 6413, 2087, 6099, 6024, 6209], [3530, 2928, 4585, 2879, 3707, 1786, 4617, 3233], [6092, 6110, 4466, 1707, 1706, 2341, 78, 3338], [4907, 2735, 4652, 1986, 548, 6818, 4839, 1928], [6274, 2965, 3764, 3123, 2961, 4223, 1153, 3199], [662, 4628, 3877, 6779, 664, 4631, 6606, 6102], [723, 6300, 6531, 5543, 4057, 1773, 757, 3120], [1719, 1347, 4359, 591, 1971, 6236, 1961, 4509], [1077, 6380, 166, 71, 5536, 5319, 4316, 1747], [4302, 3467, 6794, 723, 4799, 1060, 3701, 6785], [5992, 5170, 2743, 2745, 5086, 3369, 5798, 3327], [6024, 2564, 1636, 4359, 3606, 2156, 4109, 3120], [5326, 3145, 5447, 1409, 5353, 3556, 2564, 6661], [757, 591, 1884, 2060, 1347, 1717, 4567, 6535], [1435, 5478, 3452, 3722, 2087, 6209, 6176, 2074], [3309, 3658, 1945, 2726, 1778, 801, 3620, 3308], [259, 6176, 1944, 2074, 4870, 4881, 415, 4469], [2060, 5415, 5274, 5629, 3956, 4852, 3606, 2912], [757, 3388, 4570, 6300, 4359, 5370, 723, 6236], [3352, 6664, 3089, 5405, 6556, 4319, 4695, 5971], [3113, 3565, 4920, 3043, 2568, 1694, 3210, 3600], [6300, 4057, 3292, 4570, 4471, 6734, 4368, 3120], [6374, 1636, 6201, 1937, 1333, 144, 3553, 2914], [33, 3857, 6608, 6220, 1392, 2351, 4435, 1364], [6413, 6024, 3688, 1403, 6043, 1728, 6099, 6236], [6437, 894, 6851, 6818, 4903, 5193, 2724, 2811], [1984, 1773, 1920, 721, 3284, 3806, 5088, 5166], [4839, 1728, 3632, 4301, 1986, 3799, 4376, 4852], [5098, 4789,