{"num_src_sents": 338, "plutarch_1898_ethical": {"tgt_lang": "en", "transl_top1": 0.46449704142011833, "transl_top5": 0.6420118343195266, "transl_top10": 0.7011834319526628, "num_nulls": 0, "num_tgt_sents": 5242}, "num_translations": 1, "text_top1": 0.46449704142011833, "text_top5": 0.6420118343195266, "text_top10": 0.7011834319526628}