{"num_src_sents": 82, "luca_siliusItalicus_claudius_1842": {"tgt_lang": "fr", "transl_top1": 0.036585365853658534, "transl_top5": 0.0975609756097561, "transl_top10": 0.15853658536585366, "num_nulls": 0, "num_tgt_sents": 20880, "retrieval_preds": [[16751, 6474, 4430, 12404, 4322, 16563, 1877, 8479], [16564, 10617, 2729, 16856, 1198, 7365, 12898, 20315], [349, 1746, 12987, 10503, 16720, 13902, 19597, 13114], [9280, 17622, 18253, 16101, 11246, 11164, 10831, 7896], [13764, 2109, 17969, 20293, 3264, 551, 16377, 1375], [16568, 16036, 9220, 8921, 17298, 593, 1726, 9512], [16326, 699, 16570, 15397, 832, 16663, 16569, 9996], [19477, 1826, 15830, 16571, 7584, 12437, 8000, 14663], [16573, 18899, 15937, 17344, 17161, 19046, 17776, 15484], [18952, 19460, 17093, 3581, 16045, 16693, 18405, 16652], [8238, 5537, 16581, 4721, 13114, 7331, 14252, 19341], [6548, 17156, 18312, 7823, 6373, 19465, 10012, 5245], [18457, 758, 18244, 750, 15206, 12965, 797, 15874], [18952, 15652, 17037, 16595, 6197, 16693, 18867, 11376], [8909, 7724, 2764, 15197, 16859, 9973, 19134, 13301], [16592, 19313, 7812, 2670, 18952, 17037, 19526, 16693], [16594, 16157, 18257, 3796, 17546, 8809, 7338, 8876], [16595, 15929, 1202, 5478, 14906, 12113, 11099, 15172], [16598, 16128, 2944, 2276, 7265, 19076, 16365, 16542], [16599, 4125, 474, 3294, 6783, 6764, 6372, 4285], [19531, 17798, 13465, 16600, 16768, 16597, 8980, 17128], [16601, 11347, 10570, 17697, 315, 14333, 17546, 16098], [255, 16604, 3600, 506, 751, 5763, 12183, 1222], [876, 2881, 20685, 880, 16516, 18304, 12249, 5799], [16607, 15480, 720, 12279, 18645, 5561, 7515, 11660], [16608, 1370, 16015, 1579, 9996, 18936, 20223, 16045], [16609, 1576, 19524, 11513, 16862, 3878, 13882, 14928], [7968, 20565, 2009, 19851, 16319, 17111, 19859, 5088], [16610, 19231, 3474, 17565, 9888, 2819, 15344, 2450], [16612, 19611, 13578, 2049, 2187, 2186, 7744, 7468], [12814, 11123, 18163, 15938, 8972, 15587, 14970, 15277], [16614, 2556, 14756, 4139, 6358, 19016, 14772, 10904], [3211, 16615, 1401, 16791, 4012, 17725, 2129, 12768], [6420, 14730, 13080, 13106, 3964, 17289, 13063, 8647], [8808, 4930, 17052, 4503, 11482, 3163, 7988, 11130], [16619, 7758, 832, 1528, 9844, 10302, 12297, 18874], [16620, 16621, 2592, 3092, 4978, 20422, 19140, 17083], [16622, 8656, 20471, 19718, 10102, 15928, 12077, 12291], [8689, 2729, 1255, 11682, 7667, 15711, 8730, 1783], [18983, 1731, 14788, 478, 18286, 1603, 19483, 2784], [16008, 2642, 2101, 270, 6889, 10808, 19119, 5147], [15904, 16549, 4096, 8544, 9246, 15651, 14818, 1819], [19365, 5192, 19486, 20204, 17560, 10997, 15483, 20634], [20182, 15985, 12236, 14018, 9017, 1542, 7131, 7449], [6630, 17538, 4599, 8812, 18317, 4574, 7737, 15536], [16633, 19465, 15945, 19272, 18757, 1544, 19046, 16632], [7930, 17098, 4963, 9780, 18270, 14519, 1208, 15384], [16634, 16232, 1548, 9912, 16224, 16230, 14589, 19097], [8097, 12670, 9997, 17164, 15118, 16143, 8521, 9709], [15929, 16637, 17432, 19526, 17836, 17595, 19140, 19982], [386, 16638, 19005, 11453, 19880, 9032, 1882, 18550], [6838, 13131, 6908, 16633, 3104, 16640, 7999, 8670], [12544, 20293, 12475, 18019, 18542, 15717, 13764, 19223], [6548, 16646, 16313, 11894, 5338, 15960, 16016, 5707], [15021, 16252, 15249, 4032, 2387, 5258, 7162, 2272], [3997, 16204, 16647, 18131, 18845, 6287, 16145, 16289], [5966, 19925, 17054, 8506, 3696, 4485, 2788, 7799], [16648, 20585, 1464, 15795, 14320, 5501, 17250, 4343], [16649, 6240, 16401, 2445, 20730, 18461, 16622, 10102], [16651, 16408, 5519, 7519, 5572, 16621, 13732, 4224], [17007, 19730, 7792, 15771, 19962, 1014, 14816, 7769], [16652, 12058, 15863, 8936, 17952, 19880, 3400, 14919], [16575, 16937, 17812, 14679, 14680, 7207, 16791, 14682], [16657, 6783, 19317, 17711, 16314, 12458, 16002, 1195], [18983, 2931, 18982, 11495, 12774, 5655, 11478, 11463], [508, 3337, 13089, 17348, 18640, 1964, 3264, 6719], [20225, 2827, 12408, 6957, 10479, 17593, 10987, 2870], [2879, 3342, 9146, 13663, 1098, 15001, 14704, 3108], [16664, 14787, 3092, 2185, 3215, 10707, 1220, 18966], [5333, 18702, 15940, 16698, 19980, 8995, 16774, 477], [17224, 4324, 16668, 9787, 14034, 16127, 2366, 16459], [19101, 17902, 10615, 17942, 7516, 20485, 16669, 14671], [16670, 10722, 18918, 11807, 11862, 16923, 14259, 10720], [832, 18137, 1365, 20332, 15578, 815, 16015, 16573], [8035, 12616, 16216, 341, 14643, 19403, 16881, 3172], [3169, 16675, 18114, 15030, 20121, 1659, 20414, 13829], [15707, 4979, 16676, 2251, 3856, 8614, 2648, 13018], [16693, 19066, 8058, 7823, 16595, 18291, 10194, 5396], [16682, 13654, 7388, 6388, 13543, 7543, 17661, 4437], [16683, 16684, 5211, 15885, 8053, 16692, 17625, 19410], [16685, 16314, 16015, 20015, 14896, 8977, 462, 19310], [16104, 20618, 16688, 17150, 16977, 14751, 15080, 16609]]}, "num_translations": 1, "text_top1": 0.036585365853658534, "text_top5": 0.0975609756097561, "text_top10": 0.15853658536585366}