{"num_src_sents": 1221, "cicero_1855-1897_2": {"tgt_lang": "de", "transl_top1": 0.001638001638001638, "transl_top5": 0.0171990171990172, "transl_top10": 0.0343980343980344, "num_nulls": 0, "num_tgt_sents": 5940}, "cicero_1896": {"tgt_lang": "en", "transl_top1": 0.6904176904176904, "transl_top5": 0.8665028665028665, "transl_top10": 0.914004914004914, "num_nulls": 0, "num_tgt_sents": 10330}, "cicero_1874": {"tgt_lang": "en", "transl_top1": 0.004095004095004095, "transl_top5": 0.020475020475020474, "transl_top10": 0.03767403767403767, "num_nulls": 0, "num_tgt_sents": 5692}, "cicero_1855-1903_1": {"tgt_lang": "de", "transl_top1": 0.2841932841932842, "transl_top5": 0.3538083538083538, "transl_top10": 0.37919737919737917, "num_nulls": 0, "num_tgt_sents": 5426}, "num_translations": 4, "text_top1": 0.2450859950859951, "text_top5": 0.3144963144963145, "text_top10": 0.3413185913185913}