{"num_src_sents": 2621, "babrius_1890": {"tgt_lang": "fr", "transl_top1": 0.019839755818389926, "transl_top5": 0.04044257916825639, "transl_top10": 0.05532239603204884, "num_nulls": 5, "num_tgt_sents": 3037}, "num_translations": 1, "text_top1": 0.019839755818389926, "text_top5": 0.04044257916825639, "text_top10": 0.05532239603204884}