{"num_src_sents": 34, "isocrates_1832_1": {"tgt_lang": "de", "transl_top1": 0.029411764705882353, "transl_top5": 0.14705882352941177, "transl_top10": 0.29411764705882354, "num_nulls": 0, "num_tgt_sents": 3528, "retrieval_preds": [[669, 971, 2306, 2242, 1724, 2869, 634, 2765], [3447, 2107, 589, 1840, 3393, 3350, 2769, 1780], [1409, 682, 949, 641, 2208, 3162, 1917, 418], [2280, 954, 1162, 2238, 162, 2277, 2765, 2303], [658, 1798, 2017, 3418, 1924, 1254, 2776, 3413], [2298, 1710, 1362, 1256, 2753, 1443, 1234, 2236], [2785, 2280, 2842, 1739, 1930, 1321, 455, 395], [279, 2531, 3221, 2307, 257, 1783, 678, 2461], [2958, 1371, 1695, 1374, 1511, 2964, 1482, 1270], [1929, 1886, 1717, 1665, 1400, 1882, 729, 1411], [823, 3173, 3213, 622, 849, 954, 1314, 2833], [2185, 2514, 2956, 621, 1398, 3436, 1457, 2973], [2277, 1425, 445, 1798, 2969, 1902, 2833, 395], [440, 589, 3447, 247, 3351, 1662, 2762, 1790], [976, 664, 475, 1257, 669, 3023, 154, 1691], [935, 1720, 1923, 1443, 1874, 963, 2182, 1234], [2353, 609, 1395, 915, 811, 2565, 1918, 1943], [230, 448, 310, 309, 2826, 3013, 1161, 475], [3406, 1156, 3085, 3496, 589, 1914, 412, 726], [2317, 591, 3355, 2227, 1325, 281, 245, 1777], [2769, 3447, 2622, 1889, 2825, 2107, 1644, 1322], [1675, 2267, 1943, 1939, 1948, 1717, 2978, 1882], [247, 443, 1457, 1227, 2197, 292, 891, 2785], [1330, 2238, 3356, 279, 2876, 1698, 1892, 2470], [1930, 1944, 2990, 1367, 1739, 2442, 2584, 1644], [407, 2594, 797, 976, 477, 1954, 433, 1797], [2145, 1263, 2756, 2785, 2163, 703, 1643, 2114], [275, 2513, 333, 3386, 2516, 1094, 1274, 1092], [1227, 301, 2531, 811, 661, 879, 678, 279], [589, 1234, 3351, 3404, 1675, 2688, 1939, 1038], [963, 150, 1889, 2601, 2869, 1916, 2978, 570], [1246, 1187, 2245, 636, 1180, 946, 1173, 2612], [2178, 1901, 1282, 977, 1749, 3429, 1689, 247], [647, 2561, 2286, 1491, 1585, 1918, 1656, 2887]]}, "isocrates_1835_5": {"tgt_lang": "de", "transl_top1": 0.0, "transl_top5": 0.14705882352941177, "transl_top10": 0.17647058823529413, "num_nulls": 0, "num_tgt_sents": 4051, "retrieval_preds": [[2723, 1600, 1670, 1763, 995, 213, 3163, 757], [3029, 634, 619, 2413, 3396, 2281, 2578, 3048], [3030, 306, 3000, 1031, 1084, 1537, 2993, 1519], [3031, 815, 810, 3138, 2413, 820, 311, 1804], [3032, 2650, 610, 620, 2578, 391, 1126, 1834], [457, 1470, 1129, 1438, 504, 1427, 118, 789], [3034, 1255, 1193, 3232, 1274, 776, 2006, 3141], [3035, 511, 1343, 1508, 768, 3034, 3046, 2336], [3036, 3066, 2006, 746, 1141, 766, 335, 285], [3037, 3104, 1469, 824, 1369, 742, 497, 3000], [305, 354, 442, 1113, 250, 275, 1245, 1244], [3040, 3066, 3276, 3399, 1955, 717, 483, 257], [3138, 275, 488, 513, 462, 311, 153, 2413], [619, 1043, 598, 634, 2360, 3048, 2982, 1495], [1839, 1290, 1398, 2673, 1293, 296, 3416, 232], [1243, 379, 1859, 2409, 3052, 2073, 1554, 2388], [575, 318, 219, 3231, 1809, 1377, 343, 1001], [2319, 213, 3074, 643, 717, 297, 1084, 1095], [2464, 361, 1657, 1780, 3057, 1792, 617, 1383], [3058, 1802, 2645, 2464, 280, 2360, 820, 1198], [361, 1383, 1244, 1201, 278, 776, 1236, 494], [3062, 1759, 521, 1634, 303, 160, 1469, 318], [3031, 1508, 3072, 2024, 1581, 311, 1032, 2077], [3065, 1992, 2007, 2754, 3046, 566, 2806, 3150], [3066, 3280, 276, 776, 1477, 769, 620, 3400], [3068, 3074, 2362, 1567, 1369, 3151, 2650, 1223], [3069, 1269, 1660, 445, 715, 3057, 246, 367], [3071, 3392, 1144, 2003, 209, 1954, 737, 1730], [3072, 575, 1790, 1809, 1758, 2398, 1639, 1488], [3074, 619, 1043, 548, 1383, 488, 1201, 154], [3075, 3130, 3074, 488, 1301, 1030, 1523, 592], [819, 287, 3076, 280, 2346, 1221, 1754, 219], [1519, 1152, 2356, 3077, 1313, 3178, 3074, 343], [3078, 238, 1367, 3422, 3062, 1369, 624, 1341]]}, "num_translations": 2, "text_top1": 0.014705882352941176, "text_top5": 0.14705882352941177, "text_top10": 0.23529411764705882}