{"num_src_sents": 3431, "cicero_1855-1892_5": {"tgt_lang": "de", "transl_top1": 0.0017487612940833576, "transl_top5": 0.010492567764500145, "transl_top10": 0.016904692509472456, "num_nulls": 1, "num_tgt_sents": 4818}, "cicero_1861_6": {"tgt_lang": "de", "transl_top1": 0.6884290294374817, "transl_top5": 0.8268726318857476, "transl_top10": 0.8799183911396095, "num_nulls": 0, "num_tgt_sents": 8951}, "cicero_1878_8": {"tgt_lang": "de", "transl_top1": 0.0034975225881667153, "transl_top5": 0.011949868842902944, "transl_top10": 0.01632177207811134, "num_nulls": 1, "num_tgt_sents": 5042}, "cicero_1863_7": {"tgt_lang": "de", "transl_top1": 0.002914602156805596, "transl_top5": 0.012824249489944622, "transl_top10": 0.018070533372194695, "num_nulls": 0, "num_tgt_sents": 5622}, "num_translations": 4, "text_top1": 0.17414747886913437, "text_top5": 0.21553482949577382, "text_top10": 0.232803847274847}