{"num_src_sents": 4047, "cicero_1868_12": {"tgt_lang": "de", "transl_top1": 0.00024709661477637757, "transl_top5": 0.004694835680751174, "transl_top10": 0.0076599950580677045, "num_nulls": 2, "num_tgt_sents": 4651}, "cicero_1855-1892_11": {"tgt_lang": "de", "transl_top1": 0.001235483073881888, "transl_top5": 0.005930318754633061, "transl_top10": 0.009883864591055103, "num_nulls": 8, "num_tgt_sents": 4565}, "num_translations": 2, "text_top1": 0.0007412898443291328, "text_top5": 0.0053125772176921176, "text_top10": 0.008771929824561403}