{"num_src_sents": 33, "theocritus_1878": {"tgt_lang": "en", "transl_top1": 0.09090909090909091, "transl_top5": 0.3333333333333333, "transl_top10": 0.42424242424242425, "num_nulls": 0, "num_tgt_sents": 6617, "retrieval_preds": [[2862, 5387, 5377, 2370, 1829, 5485, 2287, 1349], [1402, 80, 3067, 2403, 6180, 4409, 6600, 1714], [728, 3334, 4075, 1090, 3122, 4510, 2305, 6484], [2868, 5580, 6422, 2071, 5647, 6029, 1201, 438], [2869, 4861, 6022, 609, 3214, 5637, 3190, 4948], [2321, 2190, 6025, 2177, 2871, 252, 890, 507], [3650, 2875, 1348, 4632, 3158, 2873, 3511, 2879], [2875, 4409, 5508, 3197, 5377, 1348, 4912, 2876], [2878, 400, 6037, 3363, 370, 2444, 1923, 1261], [6499, 2879, 2919, 3280, 3638, 2210, 4012, 3480], [2880, 6041, 3407, 6042, 344, 2881, 6551, 6313], [896, 4176, 2635, 2165, 6025, 3192, 6042, 6465], [1215, 4507, 1495, 2047, 5991, 2984, 898, 5051], [6045, 2884, 2885, 2948, 1921, 5509, 135, 370], [5653, 107, 802, 5352, 1275, 5628, 1640, 4901], [6050, 2940, 1093, 3192, 2635, 6047, 2888, 2889], [3595, 2890, 2885, 3184, 2891, 1274, 6388, 6025], [2891, 2890, 2722, 123, 438, 6052, 5092, 3184], [2894, 3242, 2891, 2898, 1465, 1959, 6470, 6591], [5157, 2919, 5863, 3987, 4400, 4692, 2037, 1495], [2920, 5905, 1402, 2830, 222, 1669, 371, 2805], [4981, 6403, 6080, 4727, 2921, 5727, 6405, 2723], [1790, 1325, 2922, 4727, 6081, 942, 4821, 4382], [2962, 4726, 1646, 6140, 1179, 1650, 6130, 411], [2177, 3655, 1923, 4461, 1118, 2420, 1280, 6465], [2968, 6140, 3357, 6144, 4817, 411, 3206, 5388], [2970, 2713, 2165, 5025, 3282, 1174, 6144, 6104], [3242, 5025, 6144, 6053, 5015, 2898, 2971, 3240], [3102, 6315, 371, 2864, 2453, 3174, 6291, 2276], [260, 3133, 3019, 5752, 414, 2190, 1667, 2649], [2927, 6089, 3192, 4246, 1446, 2844, 1146, 804], [2929, 5521, 1176, 4264, 5904, 5738, 2321, 1975], [1820, 1281, 1648, 1215, 1410, 1381, 2927, 6025]]}, "hesiod_nd": {"tgt_lang": "fr", "transl_top1": 0.18181818181818182, "transl_top5": 0.30303030303030304, "transl_top10": 0.3939393939393939, "num_nulls": 0, "num_tgt_sents": 3571, "retrieval_preds": [[363, 1890, 2516, 241, 2205, 2232, 155, 376], [2426, 1457, 2748, 2109, 167, 1451, 2982, 155], [1282, 1978, 3143, 1205, 457, 2428, 3289, 1414], [3545, 2249, 2238, 1358, 481, 2287, 723, 2479], [995, 708, 736, 2688, 883, 3568, 988, 957], [2829, 2946, 2340, 1329, 2442, 2547, 1858, 2775], [2947, 3501, 3257, 2232, 528, 3313, 680, 3471], [2950, 1890, 3257, 1011, 364, 1888, 572, 41], [1329, 2952, 3367, 1308, 3391, 2396, 240, 104], [3251, 3248, 2953, 2980, 3501, 3247, 1590, 1676], [2954, 3130, 617, 3262, 2678, 1676, 1304, 3268], [1856, 1152, 779, 2955, 1525, 1791, 657, 1847], [1592, 208, 2836, 758, 2033, 1812, 2254, 1371], [2957, 2958, 740, 2422, 1847, 1791, 431, 3153], [1200, 1507, 2074, 954, 3153, 3101, 438, 949], [1853, 1206, 1444, 3307, 1791, 3391, 2691, 2959], [2960, 2963, 2748, 252, 1815, 2958, 3445, 2399], [2961, 3391, 3169, 1084, 657, 3187, 261, 88], [2963, 2961, 1198, 1936, 104, 276, 132, 1875], [2402, 1734, 3253, 3111, 2806, 136, 2980, 748], [2981, 555, 3498, 1445, 3177, 2093, 2132, 2557], [2981, 12, 446, 34, 392, 107, 3021, 2391], [2597, 2165, 3160, 369, 3353, 2353, 2982, 2391], [2989, 2080, 3373, 1010, 1110, 1055, 2063, 1966], [2991, 1758, 3367, 2340, 1527, 2996, 1443, 3359], [1046, 1338, 520, 1169, 208, 2900, 1189, 3187], [1798, 1329, 3479, 1966, 3353, 2016, 1140, 1457], [3215, 2296, 2961, 1798, 595, 2068, 3089, 3169], [3163, 3375, 1678, 141, 3496, 2672, 1571, 2941], [1142, 3497, 1027, 1110, 1063, 1105, 1016, 1008], [2980, 1444, 1791, 3171, 1911, 1707, 2985, 1294], [2830, 1798, 1805, 2314, 2988, 1615, 1205, 1829], [3093, 727, 779, 2729, 3171, 2970, 292, 2985]]}, "num_translations": 2, "text_top1": 0.13636363636363635, "text_top5": 0.3181818181818182, "text_top10": 0.40909090909090906}