{"num_src_sents": 223, "plutarch_1898_ethical": {"tgt_lang": "en", "transl_top1": 0.4170403587443946, "transl_top5": 0.5739910313901345, "transl_top10": 0.6547085201793722, "num_nulls": 0, "num_tgt_sents": 5242}, "plutarch_1_1844": {"tgt_lang": "fr", "transl_top1": 0.017937219730941704, "transl_top5": 0.053811659192825115, "transl_top10": 0.09417040358744394, "num_nulls": 0, "num_tgt_sents": 8121}, "plutarch_2_1844": {"tgt_lang": "fr", "transl_top1": 0.16143497757847533, "transl_top5": 0.2914798206278027, "transl_top10": 0.3183856502242152, "num_nulls": 0, "num_tgt_sents": 7523}, "num_translations": 3, "text_top1": 0.19880418535127053, "text_top5": 0.3064275037369208, "text_top10": 0.35575485799701045}