{"num_src_sents": 44, "demosthenes_aeschynes_1861": {"tgt_lang": "fr", "transl_top1": 0.022727272727272728, "transl_top5": 0.06818181818181818, "transl_top10": 0.13636363636363635, "num_nulls": 0, "num_tgt_sents": 36182, "retrieval_preds": [[24573, 8816, 22790, 18438, 11432, 20524, 25354, 4187], [16207, 25134, 4560, 34513, 24187, 12670, 18689, 25308], [2570, 32856, 9238, 4560, 15798, 8816, 4472, 25671], [9214, 23003, 20591, 24745, 4263, 15774, 21459, 23433], [25365, 6062, 29153, 12866, 30069, 28553, 7031, 24569], [9773, 25366, 32310, 17398, 24602, 21551, 27381, 28528], [8933, 11292, 14702, 20603, 22841, 19250, 9015, 7062], [28386, 31956, 32387, 32588, 27969, 12062, 24826, 29403], [31956, 13208, 13241, 25329, 24916, 12417, 28859, 30330], [20283, 1070, 1242, 3520, 23653, 23137, 20384, 18064], [23615, 28636, 25211, 6619, 24166, 23667, 26932, 26764], [21373, 4659, 1837, 21380, 29794, 21612, 31891, 3628], [11882, 21108, 4127, 9798, 32280, 21099, 2755, 18958], [7217, 19029, 32170, 18383, 11432, 7491, 10846, 9003], [26049, 9383, 25380, 16493, 15569, 7318, 3628, 26701], [9238, 9383, 4219, 8470, 15821, 6028, 1446, 3052], [15637, 6831, 23076, 7881, 5822, 25335, 5198, 17885], [2373, 34597, 7217, 14702, 3628, 21556, 2443, 12023], [5037, 16243, 2141, 13843, 21551, 6828, 7393, 15158], [19944, 22923, 5524, 30853, 10851, 24296, 21200, 29869], [20572, 34782, 21768, 17411, 32554, 23508, 32763, 12267], [15726, 19180, 22923, 14499, 15882, 5146, 5994, 21942], [6564, 17002, 6315, 1931, 20518, 28719, 22560, 21551], [20572, 15330, 25780, 7504, 23508, 11749, 21027, 24301], [32816, 28733, 15622, 22923, 29948, 17411, 25284, 34249], [2381, 34414, 14647, 9798, 4215, 11882, 21108, 17580], [25410, 23245, 16261, 20815, 30811, 29531, 25117, 24060], [14814, 25412, 16411, 25410, 24321, 24435, 25025, 26726], [11952, 9830, 9269, 9323, 9238, 8746, 9049, 9245], [20958, 1547, 20837, 22059, 15704, 23934, 1563, 33679], [8933, 21101, 34965, 8266, 22560, 7473, 9980, 7479], [6, 24096, 26189, 24371, 15155, 26651, 7187, 14805], [8750, 13085, 11482, 30931, 20818, 32376, 18366, 8266], [26729, 3956, 19248, 16209, 21845, 8803, 20518, 22560], [20029, 18040, 27242, 12806, 5933, 16220, 24955, 30795], [35020, 13683, 4202, 3942, 9782, 18834, 3329, 6046], [16232, 17058, 2435, 15691, 2413, 8569, 11802, 10200], [11483, 14290, 10878, 9712, 11471, 29051, 13376, 22923], [8470, 23214, 4372, 9539, 16154, 7431, 11314, 9008], [5095, 3582, 9782, 35109, 11292, 35615, 20966, 5890], [23110, 22923, 9386, 36110, 8053, 26145, 24985, 23195], [17847, 25618, 8036, 14800, 25436, 35142, 34126, 27323], [31718, 11471, 25437, 15808, 14696, 14080, 29348, 15720], [15871, 9238, 9539, 9830, 9269, 10851, 12413, 9931]]}, "demosthenes_1877": {"tgt_lang": "en", "transl_top1": 0.022727272727272728, "transl_top5": 0.18181818181818182, "transl_top10": 0.22727272727272727, "num_nulls": 0, "num_tgt_sents": 7775, "retrieval_preds": [[2484, 2205, 1023, 3867, 2042, 3266, 4597, 2099], [2486, 3536, 4779, 2546, 2161, 2104, 4192, 42], [2161, 2157, 2511, 3455, 2489, 533, 3796, 2903], [1161, 2490, 707, 3951, 1334, 526, 735, 4428], [2491, 2231, 3432, 1903, 1815, 1914, 2053, 2688], [3852, 3534, 2492, 1254, 329, 3544, 328, 4576], [2080, 964, 631, 227, 286, 853, 2858, 2142], [2858, 4677, 3090, 2065, 2500, 4950, 2482, 4885], [2456, 6520, 295, 1004, 2340, 1508, 3157, 2268], [7737, 7773, 260, 4220, 5758, 5316, 2, 3633], [2500, 2502, 2491, 6554, 4901, 1871, 3698, 1942], [1226, 4370, 1286, 1423, 1749, 2180, 1837, 3031], [3879, 3610, 3401, 6599, 6553, 3728, 6337, 3754], [358, 2219, 1072, 94, 828, 2549, 4937, 537], [880, 2508, 2510, 2191, 2511, 479, 767, 538], [2511, 2510, 2546, 875, 4884, 3038, 4779, 3796], [2512, 2520, 1079, 4021, 6916, 1249, 976, 2889], [227, 3532, 1264, 124, 687, 3288, 3200, 1203], [2517, 1377, 6554, 234, 4546, 1781, 3903, 6803], [2518, 880, 1844, 2020, 2549, 3988, 4471, 4791], [272, 7699, 1273, 1352, 1735, 6519, 2180, 3616], [6516, 1315, 873, 4490, 880, 3093, 1428, 2549], [1120, 1328, 2942, 5003, 575, 3646, 687, 227], [6757, 3963, 4347, 1754, 1315, 2181, 3959, 3958], [2525, 2549, 2181, 861, 4791, 6617, 3875, 273], [1364, 3610, 6624, 2526, 3629, 6880, 3401, 410], [2426, 1100, 6339, 2351, 1091, 2577, 2262, 5195], [2528, 2341, 4306, 2468, 1612, 2251, 1799, 2361], [2529, 3499, 497, 374, 1121, 3629, 2202, 2276], [1310, 7450, 2140, 1190, 4050, 684, 1141, 4495], [1249, 2368, 3090, 3161, 1364, 3879, 4821, 3340], [1738, 3302, 4507, 2781, 4566, 1990, 94, 3024], [922, 130, 318, 2293, 5516, 660, 1822, 2533], [2536, 2739, 2128, 7262, 3522, 3656, 1375, 4457], [1035, 89, 2538, 4391, 5201, 827, 1011, 4514], [2540, 1023, 3796, 1022, 4794, 4563, 2065, 4055], [1561, 3873, 1820, 1590, 2447, 3055, 6315, 2268], [880, 2543, 1274, 1031, 4620, 1716, 425, 306], [2546, 3038, 2008, 859, 1367, 3161, 3649, 3487], [3954, 2010, 4477, 227, 4090, 4542, 321, 1444], [2549, 3093, 4955, 3305, 4054, 2219, 538, 3907], [4050, 2536, 6516, 111, 3618, 1273, 1141, 3623], [2552, 4404, 1345, 2536, 7071, 3932, 4190, 2181], [2553, 875, 1367, 4794, 3629, 406, 631, 4004]]}, "num_translations": 2, "text_top1": 0.022727272727272728, "text_top5": 0.125, "text_top10": 0.18181818181818182}