{"num_src_sents": 72, "demosthenes_aeschynes_1861": {"tgt_lang": "fr", "transl_top1": 0.0, "transl_top5": 0.041666666666666664, "transl_top10": 0.09722222222222222, "num_nulls": 0, "num_tgt_sents": 36182}, "demosthenes_2_1861": {"tgt_lang": "fr", "transl_top1": 0.1527777777777778, "transl_top5": 0.2777777777777778, "transl_top10": 0.3888888888888889, "num_nulls": 0, "num_tgt_sents": 2969}, "demosthenes_1902": {"tgt_lang": "en", "transl_top1": 0.0, "transl_top5": 0.09722222222222222, "transl_top10": 0.16666666666666666, "num_nulls": 0, "num_tgt_sents": 6778}, "demosthenes_1856_1": {"tgt_lang": "de", "transl_top1": 0.2222222222222222, "transl_top5": 0.3472222222222222, "transl_top10": 0.4027777777777778, "num_nulls": 0, "num_tgt_sents": 4305}, "demosthenes_1_1863": {"tgt_lang": "fr", "transl_top1": 0.027777777777777776, "transl_top5": 0.16666666666666666, "transl_top10": 0.2916666666666667, "num_nulls": 0, "num_tgt_sents": 3406}, "num_translations": 5, "text_top1": 0.08055555555555555, "text_top5": 0.18611111111111112, "text_top10": 0.2694444444444445}