{"num_src_sents": 201, "demosthenes_1877": {"tgt_lang": "en", "transl_top1": 0.2736318407960199, "transl_top5": 0.4925373134328358, "transl_top10": 0.5920398009950248, "num_nulls": 0, "num_tgt_sents": 7775}, "demosthenes_aeschynes_1861": {"tgt_lang": "fr", "transl_top1": 0.009950248756218905, "transl_top5": 0.03980099502487562, "transl_top10": 0.06467661691542288, "num_nulls": 0, "num_tgt_sents": 36182}, "num_translations": 2, "text_top1": 0.1417910447761194, "text_top5": 0.26616915422885573, "text_top10": 0.3283582089552239}