{"num_src_sents": 201, "isocrates_1832_1": {"tgt_lang": "de", "transl_top1": 0.5323383084577115, "transl_top5": 0.6517412935323383, "transl_top10": 0.7562189054726368, "num_nulls": 0, "num_tgt_sents": 3528, "retrieval_preds": [[494, 2622, 1156, 3516, 3351, 1654, 3512, 3490], [2746, 2207, 1498, 1656, 1323, 3228, 436, 1408], [2747, 1207, 1265, 62, 1359, 1258, 1485, 1460], [2748, 1911, 286, 2849, 489, 968, 1684, 665], [1955, 1779, 2250, 2750, 153, 240, 3431, 217], [251, 1926, 244, 1115, 3082, 878, 2612, 2149], [1790, 2751, 658, 971, 1654, 494, 386, 412], [2752, 1955, 240, 3231, 2202, 1202, 709, 2988], [1836, 284, 3044, 1718, 1209, 899, 2040, 918], [2753, 1905, 2668, 1648, 2171, 2663, 3426, 1787], [2756, 2842, 1368, 1334, 2893, 1459, 445, 2833], [2756, 2238, 2956, 2173, 1368, 445, 1283, 2755], [1902, 2833, 2758, 2766, 1889, 2785, 2124, 1311], [2759, 443, 2167, 2762, 3492, 3351, 2180, 257], [205, 1779, 2760, 3439, 2898, 977, 209, 2753], [2761, 2762, 3355, 1951, 1148, 2752, 2826, 3195], [2762, 3447, 1644, 2769, 2989, 455, 1924, 2767], [2764, 2105, 485, 422, 1244, 569, 573, 2455], [2765, 2451, 3447, 1902, 2825, 2990, 2622, 1322], [2766, 2833, 2782, 2267, 2622, 1902, 2785, 2822], [2767, 1924, 1654, 412, 2622, 456, 2769, 1644], [1705, 2233, 2475, 433, 2768, 2543, 993, 1936], [2769, 2767, 1924, 1644, 455, 1656, 3447, 2990], [2770, 807, 1395, 2849, 1320, 3401, 1444, 1343], [2771, 3447, 473, 2124, 3350, 1234, 2765, 1276], [2773, 2006, 1314, 2833, 3232, 1889, 1924, 823], [2774, 2458, 1294, 2344, 1643, 2149, 2894, 2565], [2775, 1644, 2769, 2776, 2451, 2622, 1322, 1889], [2777, 2202, 318, 1174, 2126, 719, 1196, 2771], [2243, 1495, 2778, 2202, 2811, 3138, 1188, 1180], [2778, 2927, 1259, 2622, 1325, 2245, 2594, 2226], [2168, 1733, 585, 2849, 2125, 2779, 666, 2106], [2781, 2808, 2780, 2832, 642, 2145, 3225, 2163], [2782, 2833, 2275, 1902, 1889, 575, 1739, 2277], [2783, 1482, 2551, 3322, 2237, 2492, 2903, 1169], [2785, 2238, 445, 2315, 3003, 2836, 2275, 292], [2786, 2807, 1387, 2300, 2895, 2284, 2619, 2108], [2787, 1638, 77, 1262, 2946, 1886, 2306, 1403], [2833, 2451, 2280, 1311, 2121, 1902, 1368, 1334], [2791, 2934, 2286, 1765, 2579, 1943, 898, 2693], [2792, 1339, 1387, 1468, 1390, 2291, 2244, 1860], [2793, 1509, 1454, 1511, 1902, 1857, 1387, 1468], [2622, 1889, 1519, 726, 88, 589, 2861, 2107], [2797, 2984, 2755, 661, 2863, 879, 186, 2446], [448, 298, 288, 443, 3355, 2826, 3215, 3404], [3447, 3350, 1654, 494, 440, 473, 1840, 2767], [1836, 846, 1272, 2802, 617, 1791, 3151, 1831], [2494, 277, 2474, 613, 2815, 494, 2804, 300], [1906, 1836, 2923, 3127, 2805, 1362, 2617, 1149], [2806, 2272, 2619, 2580, 2229, 2935, 2224, 1730], [2808, 1902, 2451, 2833, 2990, 2765, 1367, 1254], [2809, 456, 2815, 2995, 3451, 247, 573, 655], [2958, 2833, 581, 3245, 3243, 2145, 2756, 2275], [2813, 1889, 2815, 279, 660, 2594, 2592, 2769], [2814, 2799, 1228, 3343, 2849, 700, 878, 489], [2815, 1425, 698, 2341, 395, 3384, 2995, 1790], [2816, 1423, 2511, 595, 304, 1178, 2963, 2208], [2817, 2202, 1353, 240, 281, 1703, 3431, 1475], [2818, 3481, 3169, 1921, 280, 565, 281, 279], [1671, 214, 286, 1785, 195, 1686, 1197, 2472], [2121, 2833, 2990, 1368, 1902, 1184, 2808, 1367], [2823, 2112, 1717, 2145, 1445, 2941, 1787, 2927], [2825, 2833, 2107, 3447, 1902, 2267, 589, 2861], [2826, 450, 2961, 281, 243, 3169, 478, 673], [1897, 2827, 2334, 2685, 1899, 2490, 888, 2668], [1889, 2995, 494, 412, 1790, 2494, 575, 839], [669, 1684, 1639, 2771, 3521, 1174, 2826, 2750], [2831, 2834, 2107, 2833, 589, 1902, 3243, 2990], [2833, 1367, 1314, 2291, 2578, 1739, 1902, 2451], [2834, 3243, 2825, 2990, 3417, 2833, 1902, 2594], [2835, 1175, 1898, 1344, 1466, 2782, 2833, 3382], [2836, 2833, 1339, 2990, 1924, 1889, 1254, 1902], [2837, 2833, 2943, 2578, 1310, 1254, 1339, 1314], [2838, 422, 281, 2814, 3421, 1943, 3486, 392], [2839, 2833, 1339, 1644, 1334, 2622, 1344, 2990], [2846, 2622, 1334, 1644, 1328, 2839, 2990, 2767], [2848, 1644, 2846, 1924, 1902, 622, 3447, 2833], [2849, 489, 2596, 3521, 1918, 590, 2798, 475], [406, 1707, 281, 305, 2750, 1500, 240, 1936], [2852, 1330, 2959, 2870, 2280, 3203, 2927, 1318], [2853, 2268, 1660, 2240, 1235, 625, 2242, 309], [2854, 1731, 2833, 2578, 924, 1314, 2451, 1254], [2855, 2145, 1169, 3013, 2155, 2334, 2958, 263], [3513, 1325, 1224, 622, 2292, 2622, 1712, 2276], [2833, 2622, 1889, 698, 2451, 2280, 1902, 2815], [2861, 3351, 3447, 589, 3492, 494, 2107, 1654], [2862, 1278, 2849, 3521, 2770, 901, 1806, 1395], [2797, 698, 2863, 1232, 2815, 412, 1761, 2107], [2268, 2227, 2953, 2276, 2299, 2771, 2343, 2272], [2866, 2839, 1765, 1898, 2561, 2808, 2451, 1213], [2868, 2769, 1656, 3447, 589, 3355, 3350, 3351], [2208, 590, 3014, 678, 2869, 2594, 2918, 687], [2565, 1660, 205, 1115, 498, 3401, 153, 1816], [2870, 1371, 2964, 2935, 1335, 1273, 1717, 1259], [2871, 2945, 2946, 1430, 1324, 1509, 2252, 2223], [2872, 1541, 2870, 3225, 3299, 1490, 1586, 1366], [2873, 2808, 1454, 2958, 1302, 2275, 1716, 2906], [2540, 1335, 2808, 2144, 589, 2873, 2451, 1330], [2876, 2280, 2833, 2238, 1330, 2958, 2831, 1184], [1444, 595, 2148, 2877, 2351, 1192, 298, 2189], [2540, 1234, 1256, 2771, 2267, 2607, 1278, 2974], [2769, 2124, 1939, 1656, 1234, 1790, 589, 1882], [3169, 1379, 1797, 1921, 2882, 3199, 3491, 880], [2883, 2762, 3447, 2767, 1924, 440, 456, 455], [2885, 669, 2607, 1874, 1937, 3424, 2868, 2178], [1732, 1895, 589, 1780, 2555, 2280, 2769, 1644], [823, 1314, 817, 1739, 1208, 1310, 2578, 3268], [2833, 2578, 1739, 1944, 2277, 1644, 1334, 1902], [2833, 1902, 1254, 2451, 2990, 2836, 2896, 2622], [2897, 3444, 3417, 3355, 2868, 977, 1379, 2107], [672, 2770, 298, 587, 1807, 3422, 1923, 3355], [2900, 288, 2771, 589, 1161, 1467, 977, 230], [2584, 1254, 2902, 2580, 2504, 1383, 1519, 1456], [2905, 2989, 1790, 3393, 2473, 1665, 839, 2474], [2906, 1310, 1311, 2833, 1644, 1241, 2578, 1314], [2907, 2811, 2103, 1228, 1921, 1712, 1345, 3491], [2908, 821, 1422, 1454, 862, 648, 2903, 1280], [2910, 2909, 2324, 1314, 1208, 34, 823, 1739], [2911, 2306, 1236, 1319, 1512, 2529, 2580, 485], [2912, 1765, 1943, 2534, 954, 1233, 823, 1208], [2913, 2254, 2459, 1324, 2528, 2462, 1839, 1802], [2915, 1184, 2833, 2275, 1367, 2958, 2343, 1511], [209, 1228, 3521, 1329, 3425, 2317, 571, 3227], [2917, 1334, 2928, 455, 3021, 2474, 2494, 893], [455, 1656, 1739, 954, 1425, 2833, 1244, 3198], [162, 2526, 2494, 1383, 2492, 2995, 1889, 879], [2922, 243, 3499, 653, 2804, 572, 452, 1950], [1739, 1208, 2833, 2274, 3198, 1314, 658, 823], [2927, 2622, 2831, 2297, 1330, 947, 2223, 2105], [2928, 3162, 2531, 2809, 308, 2797, 2490, 2455], [1695, 2903, 1324, 3257, 2949, 2929, 3246, 1863], [2930, 3375, 243, 2299, 2866, 2280, 2791, 572], [1765, 2990, 1339, 1335, 1334, 2935, 1889, 2989], [2937, 2808, 2905, 2455, 2949, 1732, 879, 1641], [2541, 2940, 2133, 2494, 1289, 2528, 1334, 1298], [2941, 1456, 1237, 619, 2832, 1208, 1738, 1525], [2943, 2833, 2906, 1415, 823, 1310, 1254, 1314], [2944, 1752, 1852, 2906, 3232, 2488, 1739, 2947], [2945, 1430, 1346, 2946, 2892, 1324, 1402, 1431], [1430, 1012, 1346, 1343, 2946, 1342, 2963, 3234], [2947, 898, 1273, 2578, 1944, 1429, 1371, 2584], [2949, 3414, 879, 935, 1428, 3155, 2531, 1467], [2950, 279, 291, 3169, 450, 281, 686, 280], [1766, 2951, 2233, 1471, 1396, 1146, 602, 2163], [2952, 920, 2384, 3188, 301, 2949, 2688, 1766], [2953, 308, 392, 2180, 2503, 2920, 2487, 2455], [2954, 678, 573, 2978, 247, 445, 1889, 243], [2956, 1371, 1180, 407, 1454, 2185, 1726, 622], [1889, 2995, 2989, 1739, 2017, 2541, 2531, 2957], [2958, 1482, 2145, 1728, 1726, 2833, 1249, 2808], [2963, 1836, 1292, 2959, 2264, 1826, 2228, 2470], [1343, 2959, 1347, 1318, 1324, 3230, 2470, 1512], [3447, 2451, 1902, 2825, 2833, 2990, 1798, 2769], [224, 2816, 2973, 2963, 1781, 1749, 2260, 2251], [2964, 2808, 2451, 1765, 1502, 2332, 1902, 1327], [2965, 1324, 1513, 1730, 2254, 2947, 2515, 1667], [2966, 2580, 2229, 2935, 2392, 1410, 2595, 2688], [2967, 1425, 2809, 2815, 1889, 1919, 2622, 2995], [2968, 1512, 2622, 485, 2973, 954, 2180, 3389], [1852, 2275, 2617, 2968, 1667, 2531, 