{"num_src_sents": 39, "justin_cNepos_eutropius_1902": {"tgt_lang": "en", "transl_top1": 0.4358974358974359, "transl_top5": 0.5897435897435898, "transl_top10": 0.6666666666666666, "num_nulls": 0, "num_tgt_sents": 9841}, "corneliusNepos_1856": {"tgt_lang": "de", "transl_top1": 0.4358974358974359, "transl_top5": 0.5128205128205128, "transl_top10": 0.6153846153846154, "num_nulls": 0, "num_tgt_sents": 2320}, "num_translations": 2, "text_top1": 0.4358974358974359, "text_top5": 0.5512820512820513, "text_top10": 0.641025641025641}