{"num_src_sents": 61, "theocritus_1878": {"tgt_lang": "en", "transl_top1": 0.08196721311475409, "transl_top5": 0.18032786885245902, "transl_top10": 0.2459016393442623, "num_nulls": 0, "num_tgt_sents": 6617, "retrieval_preds": [[6176, 1319, 260, 4768, 6173, 1375, 4836, 3314], [942, 3048, 2349, 274, 2713, 3192, 2689, 80], [6460, 1077, 1017, 4387, 5154, 4733, 5108, 4731], [6104, 2838, 1154, 3270, 6187, 5011, 2223, 6178], [3027, 919, 886, 420, 263, 4799, 2797, 3011], [3012, 6591, 6186, 3206, 6187, 3192, 6011, 3014], [3013, 6188, 6187, 6186, 3014, 6450, 3956, 158], [3016, 914, 859, 2814, 1146, 3095, 3060, 1292], [1104, 778, 5462, 6191, 804, 6343, 1142, 5254], [4726, 3019, 46, 4739, 1349, 2890, 3183, 6194], [3067, 4356, 3133, 2015, 3274, 4739, 1857, 1093], [3022, 4052, 4740, 5508, 1667, 3024, 4632, 3994], [1734, 4834, 4474, 1019, 1359, 3041, 6201, 5650], [3027, 4433, 4901, 3480, 1428, 4979, 2444, 547], [6204, 1286, 3327, 3603, 3029, 974, 6255, 3924], [2228, 5289, 1018, 3606, 1025, 4733, 3261, 1654], [6605, 2723, 4896, 4352, 1855, 974, 3031, 2611], [1165, 6207, 5897, 4368, 4211, 4372, 2849, 1120], [3036, 2208, 6209, 4820, 3116, 3696, 2254, 1017], [3037, 1364, 2696, 978, 4370, 3050, 2033, 1148], [6214, 3038, 6035, 1389, 4626, 6287, 4679, 5873], [2358, 2119, 1131, 4254, 2460, 2130, 2103, 5461], [2901, 3040, 4238, 2689, 5942, 2357, 5297, 2016], [4726, 2617, 4051, 1642, 1027, 1786, 1650, 4409], [3047, 3048, 1700, 2357, 2206, 1347, 4176, 1280], [3650, 4662, 6224, 1718, 4980, 2723, 6605, 5229], [3048, 1975, 4912, 1667, 5387, 4739, 3047, 2434], [5542, 2358, 2245, 4799, 2100, 3040, 2848, 6217], [3050, 2963, 2840, 4829, 886, 6209, 3150, 2994], [1176, 4181, 3048, 507, 388, 2321, 3047, 942], [3054, 1930, 4347, 6234, 2114, 2743, 5523, 2204], [1812, 2204, 479, 2422, 388, 2172, 1016, 2992], [6238, 4979, 3057, 3545, 3651, 942, 4432, 3652], [3201, 835, 2052, 5537, 4680, 5764, 485, 1285], [1975, 3067, 6574, 2015, 6565, 272, 2321, 2283], [2631, 2460, 5328, 5148, 2710, 5542, 4166, 4034], [1998, 1175, 1176, 3687, 357, 3131, 5991, 1700], [3122, 2971, 5030, 2425, 5593, 2204, 3498, 1988], [2505, 1019, 3076, 638, 4667, 3083, 1664, 1321], [3067, 1369, 4739, 1295, 1728, 4377, 3274, 3072], [3069, 4740, 2686, 1650, 1148, 2268, 2617, 5727], [3048, 2349, 1176, 5810, 2695, 6423, 3045, 4740], [6198, 3071, 4347, 3009, 6405, 6293, 4932, 6224], [3072, 6256, 5521, 2321, 6045, 2177, 2190, 2884], [3865, 6322, 5013, 1397, 4405, 1316, 6409, 3424], [3075, 3078, 6407, 382, 4281, 2826, 4301, 3081], [3076, 4101, 6271, 3285, 892, 398, 3905, 3065], [3657, 4301, 3424, 3074, 6101, 6265, 6274, 4622], [4584, 1316, 4301, 6409, 5014, 5774, 5965, 2674], [4798, 2347, 2703, 5863, 1688, 3007, 288, 4722], [3048, 3047, 1176, 6226, 2418, 4181, 3192, 286], [258, 2208, 2294, 2373, 1475, 1025, 5571, 2414], [3218, 3208, 3249, 2820, 3086, 3013, 1295, 3258], [1994, 3087, 3223, 3805, 731, 761, 4347, 2820], [2633, 2045, 533, 2050, 1221, 2673, 2585, 3655], [4181, 2976, 5593, 4346, 1347, 4433, 357, 1494], [3093, 2983, 6282, 369, 4878, 3499, 5610, 3975], [3096, 6286, 2177, 3700, 3655, 457, 3738, 1276], [4226, 3445, 3965, 5256, 5667, 1884, 6103, 1120], [6206, 5199, 3101, 2662, 3096, 5810, 2666, 4387], [4607, 1873, 1078, 6605, 2968, 1077, 1146, 5350]]}, "theocritus_1855": {"tgt_lang": "de", "transl_top1": 0.21311475409836064, "transl_top5": 0.2786885245901639, "transl_top10": 0.4098360655737705, "num_nulls": 0, "num_tgt_sents": 4249, "retrieval_preds": [[1995, 2088, 942, 551, 232, 1843, 814, 1662], [1616, 3188, 329, 2457, 1887, 1708, 2350, 1373], [2102, 1205, 1637, 394, 558, 1999, 1574, 945], [1998, 2001, 2174, 358, 1496, 2182, 1716, 489], [1102, 1748, 442, 697, 1760, 1639, 1248, 459], [2135, 1630, 1278, 1637, 1723, 2136, 1615, 860], [2001, 2002, 857, 1373, 286, 2161, 1723, 349], [2003, 1954, 2138, 1690, 1966, 396, 1497, 716], [475, 3079, 1784, 702, 631, 3123, 439, 1076], [1956, 1568, 2117, 1808, 1418, 2945, 3400, 551], [171, 1396, 1557, 1834, 1663, 1271, 975, 2189], [1217, 2007, 4030, 1205, 551, 1284, 2088, 2009], [267, 4085, 662, 2246, 3641, 545, 459, 537], [2011, 807, 1102, 2015, 88, 1855, 1639, 1692], [286, 2012, 892, 1269, 704, 2054, 910, 1968], [1537, 1496, 741, 1552, 1444, 726, 1884, 188], [2014, 2015, 1293, 1311, 1484, 947, 2011, 1746], [2015, 1936, 1102, 2014, 4036, 1154, 305, 3330], [2017, 1581, 4010, 3996, 2148, 4033, 1653, 723], [2018, 792, 962, 1340, 1793, 1794, 976, 815], [332, 3341, 2076, 2950, 4076, 2969, 2536, 3924], [1665, 533, 1613, 1621, 1469, 279, 2302, 775], [1887, 816, 1794, 682, 1397, 2021, 1919, 3968], [1217, 1741, 793, 962, 1147, 1196, 874, 1834], [959, 746, 1413, 1613, 1895, 1477, 1637, 857], [2025, 1855, 2014, 1345, 1146, 3501, 1997, 1203], [2026, 2088, 1808, 1418, 551, 1714, 1196, 1579], [1434, 507, 1470, 1996, 1680, 430, 1891, 1681], [2029, 3636, 3429, 2015, 3395, 2305, 2856, 3230], [1708, 856, 1254, 1714, 1943, 2058, 1720, 329], [1876, 2013, 646, 1852, 777, 1801, 2031, 3785], [1497, 2246, 1924, 507, 313, 1535, 986, 1496], [302, 2120, 2033, 3091, 358, 1671, 4053, 313], [672, 1621, 2034, 498, 432, 1820, 2061, 1143], [1662, 1418, 1808, 1589, 2152, 1834, 1420, 1625], [533, 1699, 279, 697, 2099, 1621, 2302, 2021], [2132, 1391, 1597, 825, 1976, 308, 588, 1413], [968, 2142, 3240, 1783, 1747, 1373, 2414, 1685], [1621, 1359, 2059, 2061, 2054, 2902, 4001, 4010], [2044, 2184, 1271, 1398, 1810, 1837, 970, 2058], [1793, 1240, 1205, 3461, 3330, 1484, 793, 1147], [329, 324, 1625, 1662, 1810, 1373, 2301, 1644], [1909, 1089, 1855, 1217, 318, 1973, 1817, 1876], [2050, 1728, 1953, 1741, 1662, 1612, 1980, 2127], [352, 1828, 560, 1098, 549, 1734, 3046, 1364], [2053, 1391, 910, 286, 856, 1373, 718, 1386], [2054, 1269, 1359, 910, 286, 892, 704, 2187], [1828, 1411, 1734, 1130, 1920, 930, 352, 637], [930, 2053, 1920, 1447, 457, 2056, 2153, 1097], [1070, 1615, 1818, 1526, 1193, 1185, 1248, 969], [2058, 598, 746, 3333, 2431, 1413, 1910, 1625], [741, 2017, 982, 1476, 1278, 313, 726, 1960], [2060, 2174, 671, 2147, 1095, 991, 523, 534], [2061, 915, 1757, 716, 949, 1677, 539, 4016], [1517, 1415, 1413, 543, 1417, 598, 1500, 532], [1976, 358, 1737, 1778, 1664, 1613, 1245, 598], [2065, 1868, 1987, 2025, 2579, 159, 415, 630], [2068, 1721, 860, 2168, 1810, 1664, 547, 1741], [1427, 888, 1709, 1100, 1994, 390, 1307, 3454], [583, 2068, 1996, 507, 2071, 4065, 1872, 1261], [64, 1464, 837, 2015, 1560, 3810, 833, 2069]]}, "hesiod_nd": {"tgt_lang": "fr", "transl_top1": 0.01639344262295082, "transl_top5": 0.09836065573770492, "transl_top10": 0.13114754098360656, "num_nulls": 0, "num_tgt_sents": 3571,