{"num_src_sents": 41, "plutarch_1898_ethical": {"tgt_lang": "en", "transl_top1": 0.3170731707317073, "transl_top5": 0.4878048780487805, "transl_top10": 0.5609756097560976, "num_nulls": 0, "num_tgt_sents": 5242}, "plutarch_1_1844": {"tgt_lang": "fr", "transl_top1": 0.024390243902439025, "transl_top5": 0.12195121951219512, "transl_top10": 0.14634146341463414, "num_nulls": 0, "num_tgt_sents": 8121}, "plutarch_2_1844": {"tgt_lang": "fr", "transl_top1": 0.024390243902439025, "transl_top5": 0.07317073170731707, "transl_top10": 0.17073170731707318, "num_nulls": 0, "num_tgt_sents": 7523}, "num_translations": 3, "text_top1": 0.12195121951219513, "text_top5": 0.22764227642276422, "text_top10": 0.29268292682926833}