{"num_src_sents": 126, "lucian_1829_10": {"tgt_lang": "de", "transl_top1": 0.07142857142857142, "transl_top5": 0.1349206349206349, "transl_top10": 0.1984126984126984, "num_nulls": 0, "num_tgt_sents": 4222, "retrieval_preds": [[987, 968, 3186, 1586, 3103, 1718, 3045, 2059], [1866, 2701, 3097, 346, 91, 3085, 2143, 1846], [3344, 330, 1718, 1846, 3760, 105, 1788, 2709], [270, 1969, 2897, 2621, 4130, 224, 1584, 1191], [1791, 4007, 1801, 2990, 1644, 2019, 1080, 2002], [2621, 117, 224, 2606, 270, 346, 3643, 991], [3049, 968, 334, 1149, 1677, 2289, 2701, 433], [1718, 332, 2339, 68, 2745, 1866, 1005, 2473], [1970, 3754, 771, 4210, 2837, 3307, 26, 1799], [379, 3831, 1051, 1852, 1195, 46, 1506, 600], [1800, 494, 1694, 2722, 3930, 1741, 430, 3215], [3781, 1801, 2602, 2002, 3887, 181, 3861, 3147], [1802, 2822, 1437, 3026, 631, 818, 819, 3538], [1804, 1803, 1806, 4070, 3215, 631, 3804, 1084], [1805, 3026, 2822, 3141, 3114, 618, 1437, 3016], [1806, 3922, 4072, 4070, 1807, 3714, 3914, 85], [1807, 851, 30, 3916, 3173, 2499, 2698, 550], [3815, 1808, 3800, 2342, 2033, 1826, 3447, 1541], [1809, 3023, 1534, 2005, 1829, 2819, 667, 3633], [2961, 3436, 1972, 1994, 3065, 994, 4091, 1283], [1811, 1479, 1807, 3151, 3318, 3174, 3267, 3755], [1812, 1822, 2409, 3261, 3757, 2740, 787, 2904], [1813, 3144, 4042, 1099, 3653, 489, 1887, 2375], [103, 3663, 4157, 3962, 1769, 3101, 2118, 3755], [1816, 68, 3242, 3936, 47, 1988, 2580, 1773], [1818, 2687, 82, 604, 2858, 61, 2982, 3145], [1820, 334, 514, 2723, 494, 3174, 1853, 3790], [3750, 3258, 1655, 1920, 2803, 1822, 786, 1819], [1952, 1822, 3819, 2085, 232, 2487, 1878, 3032], [3076, 1340, 1100, 102, 1069, 1823, 1826, 26], [3102, 3178, 2592, 2482, 899, 3156, 282, 1826], [1340, 1732, 2017, 966, 114, 3887, 331, 1157], [1829, 29, 270, 3364, 1969, 2497, 173, 3708], [2845, 771, 65, 1791, 1469, 2570, 1831, 458], [3401, 74, 3145, 558, 1556, 3919, 1340, 102], [77, 74, 332, 735, 1952, 3144, 1340, 3737], [4132, 1885, 2593, 1748, 3109, 2390, 1139, 469], [2846, 1836, 1818, 4164, 73, 221, 1741, 369], [1718, 1838, 430, 1846, 580, 2018, 334, 3144], [1841, 1986, 2850, 1694, 1586, 3504, 532, 1992], [1886, 3695, 2621, 1340, 3786, 422, 1842, 3704], [1843, 772, 3517, 3261, 2450, 1795, 1866, 715], [1329, 2980, 1417, 270, 282, 1441, 3356, 1650], [1846, 334, 532, 2400, 1586, 956, 3144, 1005], [2894, 224, 1849, 2606, 8, 1598, 1488, 1591], [1853, 3394, 2701, 2807, 3790, 1850, 2989, 2805], [1853, 2745, 221, 2900, 1988, 2464, 2463, 2807], [772, 3135, 1546, 2782, 101, 3147, 1854, 1021], [1856, 1767, 1888, 2372, 3256, 3242, 2807, 2729], [1858, 3518, 1451, 819, 4117, 2246, 967, 3014], [2740, 3075, 3219, 3188, 1952, 2481, 114, 213], [334, 221, 1718, 2701, 1988, 430, 987, 2723], [1865, 1473, 2860, 813, 3135, 819, 2822, 2297], [772, 1866, 2925, 346, 1584, 2451, 252, 2816], [3150, 1988, 3752, 1011, 2320, 2603, 319, 1479], [1212, 1788, 2858, 1870, 102, 361, 105, 160], [3156, 3049, 260, 338, 3650, 52, 2886, 1884], [3756, 2807, 1875, 3151, 3752, 2709, 1479, 1397], [407, 1876, 3243, 1788, 1939, 852, 1839, 3776], [489, 1877, 604, 1341, 369, 1340, 483, 3776], [2965, 1878, 1814, 2976, 3307, 3603, 2977, 2925], [3107, 1677, 224, 3957, 2700, 1597, 1488, 3756], [169, 1403, 29, 2785, 1130, 1021, 251, 3765], [93, 275, 1889, 3162, 31, 1826, 1886, 3448], [221, 223, 1458, 1479, 78, 1988, 1992, 2215], [2861, 2905, 958, 3401, 700, 2956, 160, 3291], [1952, 2652, 332, 1100, 1340, 2899, 1888, 3032], [3847, 3144, 494, 430, 1853, 3611, 230, 2059], [1607, 1897, 1851, 1101, 1177, 4149, 3773, 3793], [3371, 3765, 1881, 3356, 649, 3361, 159, 3364], [3010, 2761, 1557, 3, 15, 2949, 21, 1347], [321, 2019, 425, 172, 1866, 51, 2713, 73], [1621, 1451, 1862, 3607, 3323, 294, 3691, 2925], [2059, 3185, 2806, 3242, 2807, 1677, 148, 230], [2018, 1838, 3752, 1846, 1694, 1522, 3148, 3174], [3486, 146, 1117, 3106, 118, 3102, 1390, 102], [3075, 3045, 686, 3752, 2612, 230, 2807, 260], [1708, 851, 2782, 1884, 607, 1505, 3922, 3144], [1885, 2017, 1386, 2593, 3494, 2404, 671, 563], [1887, 3986, 541, 471, 631, 669, 532, 3847], [1100, 1918, 3524, 4157, 178, 3518, 2019, 1959], [1889, 3637, 2708, 154, 4197, 3919, 1930, 2537], [939, 954, 3746, 794, 118, 3219, 160, 150], [1100, 3021, 1896, 988, 2339, 1081, 2300, 2925], [1677, 312, 2526, 3332, 15, 290, 335, 3755], [1470, 2910, 3290, 2372, 1498, 3414, 1900, 3936], [1901, 2860, 3019, 3332, 3425, 3755, 755, 3043], [1903, 1937, 2846, 772, 3516, 77, 3695, 1100], [1875, 114, 1677, 3756, 2807, 1907, 332, 2886], [737, 15, 1908, 1818, 1703, 215, 3045, 2225], [3447, 3763, 242, 4146, 824, 103, 3278, 1372], [1910, 3195, 3763, 3248, 2853, 2479, 31, 4143], [1911, 1421, 3332, 2325, 3672, 3021, 15, 967], [2252, 1758, 184, 3872, 1912, 3831, 1724, 1855], [272, 1826, 3367, 2022, 313, 1495, 1773, 3178], [2970, 1686, 1304, 848, 687, 3616, 2975, 3704], [312, 3332, 1889, 3092, 3836, 739, 102, 4006], [1918, 683, 1718, 847, 682, 178, 1887, 335], [3307, 142, 3756, 268, 1919, 1845, 3788, 1920], [3747, 4149, 739, 2861, 3431, 11, 1333, 2836], [1577, 1957, 1817, 994, 1815, 2593, 3328, 4115], [2464, 1589, 3034, 3695, 3847, 3382, 3752, 1937], [1924, 599, 4117, 313, 1886, 1826, 2169, 3313], [3242, 1875, 2806, 1925, 114, 1888, 2372, 2904], [344, 1787, 3559, 2624, 3760, 2869, 26, 1933], [1928, 338, 3097, 2320, 2124, 335, 3754, 1900], [1488, 1329, 201, 3755, 15, 3032, 1930, 3019], [2965, 4165, 2977, 1932, 1878, 4144, 1589, 310], [1933, 2498, 2821, 599, 2140, 685, 1757, 728], [1930, 4219, 1577, 2, 453, 4076, 3, 2647], [739, 3836, 1889, 1729, 3307, 3747, 2415, 331], [1769, 2453, 195, 1936, 3256, 689, 1686, 3727], [1937, 2946, 2816, 1851, 1925, 3047, 1677, 3053], [3742, 4167, 2635, 1087, 1748, 1085, 3732, 503], [1743, 3755, 1939, 3756, 3754, 102, 268, 3156], [3919, 3093, 2769, 158, 1849, 2886, 298, 1940], [1942, 104, 1079, 2320, 1479, 2019, 252, 3008], [332, 2985, 1598, 59, 2925, 1340, 1331, 3385], [3144, 77, 1818, 3986, 1887, 3695, 3045, 2246], [1947, 1341, 4, 2828, 424, 3406, 4206, 1080], [668, 270, 1949, 3107, 103, 2667, 3406, 487], [2179, 11, 2058, 2860, 2500, 1950, 2010, 3156], [4042, 1866, 1300, 1128, 1005, 3186, 686, 604], [1959, 1677, 686, 1821, 3075, 65, 1952, 201], [2602, 3220, 142, 1189, 2810, 4030, 3401, 2905], [1964, 1846, 3790, 3752, 2843, 3075, 1009, 2714]]}, "lucian_1866_1": {"tgt_lang": "de", "transl_top1": 0.023809523809523808, "transl_top5": 0.0873015873015873, "transl_top10": 0.14285714285714285, "num_nulls": 0, "num_tgt_sents": 4624,