{"num_src_sents": 106, "lucian_1866_1": {"tgt_lang": "de", "transl_top1": 0.009433962264150943, "transl_top5": 0.04716981132075472, "transl_top10": 0.10377358490566038, "num_nulls": 0, "num_tgt_sents": 4624, "retrieval_preds": [[2736, 4239, 3200, 4293, 447, 1744, 14, 4260], [4235, 4427, 342, 1249, 281, 4310, 3723, 15], [296, 228, 4567, 4250, 813, 4068, 88, 27], [4199, 1301, 552, 95, 3529, 3777, 2485, 4495], [3200, 416, 3940, 813, 4239, 4509, 3331, 3204], [281, 339, 662, 342, 629, 46, 3999, 4158], [4465, 4509, 15, 14, 3940, 1549, 296, 174], [502, 4045, 4250, 416, 350, 662, 4159, 472], [2572, 2736, 3331, 4527, 4619, 4580, 339, 2830], [350, 3924, 447, 4527, 168, 339, 508, 4158], [4300, 4489, 324, 44, 442, 3838, 4124, 1549], [4612, 1626, 4548, 4314, 2607, 4158, 81, 376], [168, 2860, 373, 4601, 466, 4556, 296, 4527], [1275, 4004, 4300, 2590, 336, 3154, 4322, 1477], [3961, 2486, 2350, 4372, 1505, 4300, 226, 3199], [4068, 4425, 447, 4300, 15, 3940, 382, 974], [296, 4616, 4239, 4068, 3530, 813, 382, 4567], [361, 184, 313, 196, 2930, 478, 3990, 3381], [4332, 1508, 296, 350, 1549, 434, 382, 4320], [3116, 2720, 715, 2965, 4281, 867, 1849, 52], [3500, 891, 1728, 1660, 2122, 771, 1420, 657], [3524, 2910, 677, 3744, 504, 1111, 4484, 2792], [1168, 1439, 3990, 78, 3319, 3530, 4484, 233], [14, 4307, 4508, 4351, 296, 61, 416, 4159], [1989, 3381, 545, 158, 51, 2014, 4205, 3461], [4572, 198, 4298, 2359, 4320, 2312, 4324, 4434], [1919, 4478, 1015, 1224, 89, 983, 504, 3756], [3450, 2042, 3524, 2061, 2495, 1839, 3376, 2680], [3316, 4508, 3200, 3437, 1549, 4106, 4568, 813], [1275, 1473, 174, 1549, 382, 3884, 342, 544], [1476, 2283, 3591, 3943, 1432, 636, 3134, 1902], [174, 2990, 2965, 3964, 800, 1585, 1500, 813], [3895, 3365, 3721, 1094, 3731, 1977, 3835, 1477], [3930, 1993, 337, 2576, 395, 3530, 4527, 961], [3775, 667, 3244, 316, 786, 3074, 4150, 2655], [993, 3805, 3176, 4467, 4472, 3919, 889, 4118], [158, 3533, 3879, 2740, 78, 3252, 234, 4577], [993, 4116, 907, 4106, 1975, 3377, 1038, 3943], [546, 944, 350, 339, 4049, 4580, 466, 3905], [3252, 4299, 158, 3154, 4300, 2990, 4307, 4311], [715, 2167, 3466, 4614, 3879, 3437, 3910, 1849], [285, 1326, 3607, 511, 1007, 3196, 1216, 2283], [1953, 2618, 778, 2839, 1197, 4455, 3720, 4574], [4464, 3331, 3930, 282, 3803, 1796, 3507, 1771], [3200, 3660, 248, 294, 211, 913, 213, 1631], [1896, 3437, 3902, 3744, 274, 3986, 715, 3512], [4601, 510, 868, 4589, 4067, 168, 4128, 4019], [3347, 4611, 4250, 3331, 4577, 4509, 4574, 4620], [4436, 1838, 4309, 4576, 1473, 2692, 4242, 1506], [4512, 4505, 479, 3323, 4252, 3154, 1477, 27], [3466, 3965, 3663, 4437, 3437, 4434, 1530, 4300], [3377, 2629, 629, 3691, 4346, 1937, 2607, 1130], [27, 4481, 4351, 3331, 629, 254, 4235, 4507], [4300, 4614, 2076, 4293, 226, 4004, 4322, 3154], [2376, 2195, 2367, 1439, 4578, 2860, 2862, 2286], [2667, 782, 1680, 1507, 4107, 1499, 1189, 1203], [1367, 778, 1157, 2255, 128, 137, 1173, 4019], [4043, 3316, 3530, 546, 3912, 4076, 2386, 370], [3473, 454, 1111, 715, 1671, 3262, 1038, 2896], [1364, 3582, 3015, 1030, 1289, 1883, 1676, 2569], [4467, 1191, 997, 3133, 2049, 842, 1232, 715], [3034, 2429, 2425, 2219, 3348, 2430, 880, 627], [1744, 4614, 1102, 3221, 3965, 4437, 1177, 1969], [3896, 237, 4124, 2620, 1835, 3432, 3879, 2963], [1367, 3377, 3391, 3318, 1173, 3381, 1110, 2049], [3168, 3702, 3034, 1104, 3504, 3511, 303, 4456], [2404, 1739, 1696, 2382, 703, 3078, 1178, 3801], [4239, 4315, 4220, 3316, 3, 4446, 4230, 1249], [181, 3324, 3245, 2318, 3365, 3670, 3437, 1849], [3551, 1167, 701, 1670, 624, 1721, 605, 2014], [715, 2318, 4439, 2963, 2697, 2312, 1844, 3437], [2241, 2238, 1589, 2090, 1402, 2284, 2193, 2083], [382, 4159, 4619, 3530, 3316, 4567, 4408, 4250], [4489, 4393, 407, 4019, 2975, 680, 4545, 388], [944, 546, 3879, 4322, 1249, 4260, 813, 465], [1305, 1963, 2207, 4426, 2788, 1723, 1730, 478], [3042, 4318, 4026, 3443, 3133, 2188, 3437, 181], [3258, 3757, 4437, 1671, 3636, 303, 4614, 3166], [1272, 2349, 141, 4499, 2158, 4615, 2653, 2958], [4479, 952, 4135, 3876, 1180, 3391, 2086, 3349], [2680, 2312, 1861, 3965, 3902, 1838, 1275, 275], [3679, 3695, 3704, 3701, 2920, 2937, 1984, 3526], [233, 2740, 552, 3884, 1631, 2362, 1186, 2702], [510, 512, 1421, 1549, 1473, 3884, 4300, 3879], [4300, 4511, 4205, 4614, 1585, 4239, 3745, 2096], [994, 4085, 1902, 4300, 1861, 3298, 3154, 3835], [3252, 3902, 2782, 1861, 3384, 4436, 4085, 3248], [4535, 375, 3936, 4537, 382, 388, 3969, 2614], [3384, 2871, 4169, 3152, 2415, 4236, 4546, 3323], [1053, 3859, 2361, 3627, 3147, 2676, 3434, 4318], [1844, 3276, 2502, 4575, 1275, 1944, 479, 3524], [1744, 15, 447, 2234, 1549, 3964, 546, 510], [2617, 1177, 4570, 382, 4516, 2963, 4434, 4538], [2082, 3908, 1503, 361, 3973, 3154, 649, 1367], [1551, 2016, 13, 1457, 154, 4300, 815, 2010], [1530, 4252, 2362, 4404, 4611, 3252, 237, 3530], [3530, 382, 546, 447, 4300, 4406, 350, 544], [1305, 4171, 3034, 2340, 3116, 941, 2331, 3209], [4008, 636, 1185, 1043, 1298, 1666, 308, 1652], [878, 741, 1209, 303, 855, 2931, 1198, 527], [1945, 1551, 1105, 1573, 3842, 3529, 3390, 2470], [2911, 972, 1723, 3277, 1367, 307, 3945, 2980], [3171, 234, 1837, 2688, 37, 4372, 4296, 552], [1378, 3585, 44, 4451, 4570, 3114, 4231, 2706], [3216, 4208, 4433, 1893, 864, 994, 3261, 4431], [3946, 3171, 1220, 3426, 196, 2465, 163, 1997]]}, "lucian_1867_3": {"tgt_lang": "de", "transl_top1": 0.2358490566037736, "transl_top5": 0.5094339622641509, "transl_top10": 0.5849056603773585, "num_nulls": 0, "num_tgt_sents": 3614,