{"num_src_sents": 3830, "homer_1805": {"tgt_lang": "it", "transl_top1": 0.0013054830287206266, "transl_top5": 0.004177545691906005, "transl_top10": 0.007571801566579634, "num_nulls": 1, "num_tgt_sents": 4605}, "homer_1843": {"tgt_lang": "en", "transl_top1": 0.07101827676240209, "transl_top5": 0.14177545691906004, "transl_top10": 0.18224543080939948, "num_nulls": 0, "num_tgt_sents": 14172}, "homer_1909": {"tgt_lang": "en", "transl_top1": 0.03577023498694517, "transl_top5": 0.07754569190600522, "transl_top10": 0.11383812010443864, "num_nulls": 0, "num_tgt_sents": 14763}, "homer_1864_1": {"tgt_lang": "de", "transl_top1": 0.14281984334203654, "transl_top5": 0.25535248041775455, "transl_top10": 0.3276762402088773, "num_nulls": 0, "num_tgt_sents": 9907}, "homer_3_1798": {"tgt_lang": "it", "transl_top1": 0.0020887728459530026, "transl_top5": 0.010443864229765013, "transl_top10": 0.02193211488250653, "num_nulls": 1303, "num_tgt_sents": 1790}, "homer_1908": {"tgt_lang": "fr", "transl_top1": 0.102088772845953, "transl_top5": 0.195822454308094, "transl_top10": 0.2566579634464752, "num_nulls": 1, "num_tgt_sents": 8637}, "homer_1_1798": {"tgt_lang": "it", "transl_top1": 0.0018276762402088772, "transl_top5": 0.0060052219321148825, "transl_top10": 0.010966057441253264, "num_nulls": 250, "num_tgt_sents": 3399}, "homer_6_1800": {"tgt_lang": "it", "transl_top1": 0.006266318537859008, "transl_top5": 0.016449086161879897, "transl_top10": 0.03342036553524804, "num_nulls": 1801, "num_tgt_sents": 1217}, "homer_1896": {"tgt_lang": "it", "transl_top1": 0.0060052219321148825, "transl_top5": 0.026631853785900782, "transl_top10": 0.03968668407310705, "num_nulls": 2348, "num_tgt_sents": 600}, "num_translations": 9, "text_top1": 0.04102117783579924, "text_top5": 0.08157818392805338, "text_top10": 0.11044386422976502}