{"num_src_sents": 55, "demosthenes_aeschynes_1861": {"tgt_lang": "fr", "transl_top1": 0.0, "transl_top5": 0.05454545454545454, "transl_top10": 0.07272727272727272, "num_nulls": 0, "num_tgt_sents": 36182, "retrieval_preds": [[9914, 22990, 34971, 19448, 19029, 15871, 6868, 4256], [7456, 7202, 15295, 7359, 9008, 16207, 10649, 17739], [18668, 15991, 23677, 1560, 13672, 24030, 19047, 26076], [27000, 36173, 34441, 33149, 24684, 34278, 9618, 33414], [3052, 3733, 2533, 3054, 3023, 15821, 6028, 7202], [6526, 12980, 23830, 4510, 83, 15083, 21067, 21079], [9944, 9008, 14381, 4202, 2550, 7062, 9914, 6589], [14809, 11248, 14702, 18389, 18910, 17040, 4661, 5481], [17715, 1364, 16393, 3851, 35925, 5882, 26071, 5883], [6526, 1089, 2138, 2259, 6536, 2109, 34459, 17495], [9726, 33914, 6539, 6883, 4343, 5559, 12487, 20194], [16544, 4533, 16887, 16537, 6705, 3184, 5358, 8903], [11380, 9088, 9108, 8981, 23110, 7459, 25803, 28272], [21246, 21409, 26453, 13306, 9914, 7616, 18401, 24698], [6549, 10547, 2992, 6868, 4662, 27964, 21405, 5896], [30371, 35071, 34585, 6366, 10486, 34691, 27939, 28048], [2520, 18796, 12884, 10684, 22281, 18165, 22947, 13548], [6551, 19442, 4325, 4525, 34605, 36023, 21246, 14741], [24673, 28346, 11780, 26829, 6552, 24354, 13487, 25582], [6554, 15422, 11352, 8622, 21409, 7105, 21857, 6583], [23975, 8950, 7060, 9059, 7359, 4587, 25908, 12062], [9015, 13144, 7224, 18160, 15370, 7359, 8003, 9539], [4202, 8819, 19029, 11696, 21513, 9383, 4169, 7456], [6568, 9323, 6947, 11874, 9238, 35589, 11248, 11501], [9507, 7294, 33620, 34327, 14856, 34723, 16138, 10800], [4101, 9105, 3694, 22066, 18759, 21336, 6314, 8457], [31956, 11796, 27170, 14960, 12179, 30708, 2372, 24165], [21336, 35238, 6632, 16913, 6572, 5583, 2210, 34911], [3266, 16873, 15272, 10166, 10052, 21131, 16182, 15870], [2210, 1910, 7176, 22025, 22947, 2090, 13926, 15272], [13683, 9238, 18223, 4110, 6582, 20519, 9914, 9323], [7294, 26723, 2490, 26294, 34327, 21611, 9507, 33620], [9392, 8933, 21419, 30931, 35371, 13156, 15927, 35507], [10686, 5548, 10806, 11182, 26409, 6586, 12264, 27674], [15274, 7105, 9088, 3062, 13376, 6122, 6827, 10778], [4661, 6589, 21783, 6632, 4586, 19387, 34728, 2968], [32856, 22974, 2194, 33808, 23615, 20521, 14822, 9944], [15352, 20241, 14746, 21246, 364, 17233, 3689, 6551], [6596, 15115, 33655, 3390, 35049, 9460, 28680, 6398], [8493, 7603, 7881, 34965, 28394, 22222, 18040, 21879], [28041, 9088, 21446, 25803, 12268, 7062, 13144, 22923], [29287, 9418, 18914, 7356, 4587, 9015, 12203, 14822], [35871, 25537, 14437, 6602, 7294, 9874, 30281, 33863], [3052, 3054, 6604, 16325, 9914, 7431, 7094, 3023], [9527, 27381, 28272, 15553, 6589, 3062, 12203, 6606], [6608, 16913, 21438, 9527, 19442, 3052, 3704, 4517], [15056, 33908, 16988, 21067, 23830, 16207, 9249, 17495], [16103, 20241, 7045, 17519, 6613, 9238, 13579, 3054], [3052, 15295, 9238, 26428, 15083, 21438, 20791, 20951], [6621, 9491, 11468, 22779, 20500, 27972, 789, 8118], [20241, 6947, 3052, 7431, 33914, 3072, 9238, 17445], [15870, 5168, 6122, 5902, 7234, 9078, 20241, 16312], [9914, 18427, 32058, 3733, 9592, 11698, 3023, 14098], [16913, 9773, 4219, 7456, 20529, 4202, 21438, 19029], [13550, 21686, 18704, 12450, 34858, 18887, 5260, 12315]]}, "num_translations": 1, "text_top1": 0.0, "text_top5": 0.05454545454545454, "text_top10": 0.07272727272727272}