{"num_src_sents": 271, "philo_2_1854": {"tgt_lang": "en", "transl_top1": 0.0036900369003690036, "transl_top5": 0.03690036900369004, "transl_top10": 0.07380073800738007, "num_nulls": 0, "num_tgt_sents": 7912}, "philo_4_1855": {"tgt_lang": "en", "transl_top1": 0.01107011070110701, "transl_top5": 0.05904059040590406, "transl_top10": 0.08487084870848709, "num_nulls": 0, "num_tgt_sents": 7517}, "philo_1_1854": {"tgt_lang": "en", "transl_top1": 0.36900369003690037, "transl_top5": 0.5830258302583026, "transl_top10": 0.6826568265682657, "num_nulls": 0, "num_tgt_sents": 8507}, "num_translations": 3, "text_top1": 0.12792127921279212, "text_top5": 0.22632226322263221, "text_top10": 0.28044280442804426}