{"num_src_sents": 138, "lucian_1827_7": {"tgt_lang": "de", "transl_top1": 0.2318840579710145, "transl_top5": 0.41304347826086957, "transl_top10": 0.5072463768115942, "num_nulls": 0, "num_tgt_sents": 4692}, "Lucian_1827_ht8": {"tgt_lang": "de", "transl_top1": 0.028985507246376812, "transl_top5": 0.14492753623188406, "transl_top10": 0.2318840579710145, "num_nulls": 0, "num_tgt_sents": 1131}, "lucian_1831_13": {"tgt_lang": "de", "transl_top1": 0.007246376811594203, "transl_top5": 0.09420289855072464, "transl_top10": 0.13768115942028986, "num_nulls": 0, "num_tgt_sents": 4049}, "num_translations": 3, "text_top1": 0.0893719806763285, "text_top5": 0.21739130434782608, "text_top10": 0.29227053140096615}