{"num_src_sents": 647, "cicero_1896": {"tgt_lang": "en", "transl_top1": 0.31375579598145287, "transl_top5": 0.3802163833075734, "transl_top10": 0.4188562596599691, "num_nulls": 0, "num_tgt_sents": 10330}, "cicero_1855-1897_2": {"tgt_lang": "de", "transl_top1": 0.00927357032457496, "transl_top5": 0.03863987635239567, "transl_top10": 0.0571870170015456, "num_nulls": 0, "num_tgt_sents": 5940}, "cicero_1855-1903_1": {"tgt_lang": "de", "transl_top1": 0.00927357032457496, "transl_top5": 0.03709428129829984, "transl_top10": 0.06027820710973725, "num_nulls": 0, "num_tgt_sents": 5426}, "num_translations": 3, "text_top1": 0.11076764554353427, "text_top5": 0.1519835136527563, "text_top10": 0.17877382792375066}