{"num_src_sents": 786, "plato_3_1826": {"tgt_lang": "fr", "transl_top1": 0.007633587786259542, "transl_top5": 0.029262086513994912, "transl_top10": 0.05343511450381679, "num_nulls": 0, "num_tgt_sents": 3903}, "plato_1_1848": {"tgt_lang": "en", "transl_top1": 0.010178117048346057, "transl_top5": 0.043256997455470736, "transl_top10": 0.06361323155216285, "num_nulls": 0, "num_tgt_sents": 12817}, "plato_1855-1903_2": {"tgt_lang": "de", "transl_top1": 0.006361323155216285, "transl_top5": 0.03816793893129771, "transl_top10": 0.05725190839694656, "num_nulls": 0, "num_tgt_sents": 6411}, "plato_1855-1903_4": {"tgt_lang": "de", "transl_top1": 0.006361323155216285, "transl_top5": 0.026717557251908396, "transl_top10": 0.05216284987277354, "num_nulls": 0, "num_tgt_sents": 7126}, "plato_5_1852": {"tgt_lang": "en", "transl_top1": 0.006361323155216285, "transl_top5": 0.02544529262086514, "transl_top10": 0.04834605597964377, "num_nulls": 0, "num_tgt_sents": 8721}, "plato_1855-1903_1": {"tgt_lang": "de", "transl_top1": 0.5432569974554707, "transl_top5": 0.7150127226463104, "transl_top10": 0.7798982188295165, "num_nulls": 0, "num_tgt_sents": 3965}, "plato_1855-1903_3": {"tgt_lang": "de", "transl_top1": 0.005089058524173028, "transl_top5": 0.024173027989821884, "transl_top10": 0.04580152671755725, "num_nulls": 0, "num_tgt_sents": 7777}, "plato_2_1849": {"tgt_lang": "en", "transl_top1": 0.006361323155216285, "transl_top5": 0.03307888040712468, "transl_top10": 0.05216284987277354, "num_nulls": 0, "num_tgt_sents": 9568}, "plato_1_1846": {"tgt_lang": "fr", "transl_top1": 0.007633587786259542, "transl_top5": 0.02544529262086514, "transl_top10": 0.04834605597964377, "num_nulls": 0, "num_tgt_sents": 3203}, "plato_6_1854": {"tgt_lang": "en", "transl_top1": 0.005089058524173028, "transl_top5": 0.022900763358778626, "transl_top10": 0.03689567430025445, "num_nulls": 0, "num_tgt_sents": 9064}, "plato_3_1850": {"tgt_lang": "en", "transl_top1": 0.37659033078880405, "transl_top5": 0.55470737913486, "transl_top10": 0.6335877862595419, "num_nulls": 0, "num_tgt_sents": 13689}, "num_translations": 14, "text_top1": 0.07006543075245365, "text_top5": 0.1098691384950927, "text_top10": 0.13367866230461647}