{"num_src_sents": 37, "isocrates_1832_1": {"tgt_lang": "de", "transl_top1": 0.08108108108108109, "transl_top5": 0.13513513513513514, "transl_top10": 0.21621621621621623, "num_nulls": 0, "num_tgt_sents": 3528, "retrieval_preds": [[2956, 2508, 25, 3258, 2485, 2510, 1237, 1482], [575, 1656, 2809, 971, 2110, 456, 494, 2006], [2975, 2956, 3439, 976, 1485, 1705, 3422, 2310], [179, 2517, 389, 271, 709, 188, 2810, 696], [1797, 2682, 3012, 657, 1218, 3169, 2861, 2531], [437, 3296, 2310, 1228, 2550, 1153, 35, 3403], [2508, 2481, 1482, 2752, 2533, 1488, 452, 2953], [3169, 1330, 3436, 452, 1325, 2470, 279, 1931], [1931, 1754, 593, 1280, 2823, 619, 1797, 722], [2260, 1183, 1043, 177, 623, 3169, 281, 685], [879, 1931, 1371, 1330, 2922, 1361, 1343, 2870], [2501, 2443, 3404, 2572, 1038, 1047, 2105, 733], [440, 3447, 2531, 2769, 247, 1889, 589, 1467], [2531, 456, 1889, 2482, 279, 440, 589, 685], [2455, 1732, 2494, 2107, 3351, 1241, 2167, 1063], [214, 209, 2868, 1707, 2826, 1684, 970, 1689], [3429, 1215, 2776, 1691, 1468, 2254, 2249, 1875], [1771, 2084, 2331, 1343, 712, 1363, 723, 1666], [1334, 575, 1215, 2833, 2494, 2839, 2808, 2541], [1149, 1085, 3427, 3154, 3428, 2932, 3394, 878], [595, 2908, 2609, 2550, 2540, 3361, 392, 1643], [2982, 1424, 436, 2239, 2392, 2588, 2580, 1304], [1924, 2531, 2883, 2989, 3447, 1889, 279, 2988], [443, 247, 440, 445, 2776, 2622, 2482, 1732], [3198, 573, 2769, 3351, 2969, 651, 2833, 1790], [443, 247, 456, 1924, 2767, 1889, 2978, 2167], [3502, 880, 437, 1482, 1519, 2568, 2318, 2178], [3447, 456, 2494, 698, 3406, 455, 2769, 1519], [3169, 880, 1379, 452, 3491, 2517, 399, 1172], [1229, 1206, 976, 2537, 672, 647, 3017, 1277], [2531, 279, 569, 647, 3169, 722, 573, 880], [438, 946, 1444, 1686, 1689, 1912, 251, 3439], [1334, 2990, 2833, 2622, 2107, 2839, 2917, 589], [3447, 494, 1960, 589, 422, 1924, 3355, 3412], [2517, 3517, 399, 452, 179, 2510, 2515, 2922], [188, 3417, 2510, 2180, 1196, 1797, 1960, 703], [2745, 2885, 2607, 1784, 669, 1159, 2897, 1807]]}, "isocrates_1835_5": {"tgt_lang": "de", "transl_top1": 0.10810810810810811, "transl_top5": 0.2702702702702703, "transl_top10": 0.35135135135135137, "num_nulls": 0, "num_tgt_sents": 4051, "retrieval_preds": [[2633, 1125, 1104, 1412, 1044, 2614, 1323, 341], [2634, 1513, 235, 1740, 3179, 1523, 1220, 1790], [2635, 1721, 3142, 1841, 1053, 3330, 2468, 2399], [2636, 2491, 470, 2486, 2577, 2672, 2896, 3760], [1878, 1724, 2122, 1530, 554, 2297, 348, 184], [2639, 1337, 1947, 2918, 1819, 2464, 2494, 1739], [2640, 2645, 1918, 2420, 2371, 2319, 1579, 2635], [2641, 2645, 2420, 1682, 1712, 2371, 2331, 1947], [2375, 2642, 1150, 2322, 1022, 743, 2012, 2399], [2643, 1533, 1321, 3046, 2319, 2463, 2420, 1947], [2645, 2375, 2376, 2746, 743, 826, 734, 564], [2646, 2326, 1048, 2650, 1015, 1013, 2651, 1046], [1513, 2648, 2024, 2413, 1407, 1400, 2649, 1084], [2649, 2650, 2024, 554, 1400, 2464, 2624, 2230], [2650, 1048, 1850, 2281, 2649, 554, 422, 1695], [2498, 2652, 2363, 1084, 1357, 2316, 1238, 2577], [2653, 3391, 1853, 1197, 485, 2398, 311, 814], [2654, 3526, 1548, 1615, 2944, 2343, 767, 2556], [2655, 285, 1740, 1245, 1027, 342, 1251, 332], [532, 2656, 970, 2289, 3984, 272, 414, 3606], [2657, 1578, 1472, 2002, 399, 1952, 1991, 434], [1131, 1964, 1943, 2658, 1176, 1853, 1431, 778], [2658, 1945, 2649, 1579, 1508, 2390, 810, 1021], [2659, 2649, 2650, 810, 2663, 619, 2464, 1021], [2660, 554, 2413, 1419, 1695, 2281, 1580, 417], [2661, 2413, 1508, 1579, 2381, 1492, 1803, 1021], [2354, 2662, 1792, 2464, 1000, 1580, 1009, 1819], [2663, 1831, 2464, 2413, 1804, 1027, 1400, 3179], [2665, 2403, 1024, 2728, 1772, 2420, 3151, 1323], [2666, 3030, 1062, 1421, 3325, 293, 310, 2496], [2667, 1945, 1519, 564, 2649, 2746, 948, 1508], [2668, 2586, 473, 1989, 2363, 2380, 1005, 3054], [2669, 1245, 1255, 235, 361, 1246, 276, 1251], [2670, 1495, 1579, 1201, 3074, 1513, 2649, 1819], [2672, 470, 2636, 2584, 2629, 2762, 1336, 1271], [2672, 2498, 2584, 2762, 2464, 1372, 1044, 2494], [2673, 1839, 3416, 3217, 2302, 1354, 149, 447]]}, "num_translations": 2, "text_top1": 0.0945945945945946, "text_top5": 0.20270270270270271, "text_top10": 0.28378378378378377}