{"num_src_sents": 24, "lysias_1856": {"tgt_lang": "de", "transl_top1": 0.08333333333333333, "transl_top5": 0.20833333333333334, "transl_top10": 0.3333333333333333, "num_nulls": 0, "num_tgt_sents": 5319, "retrieval_preds": [[4155, 3592, 878, 1143, 1662, 2002, 1848, 3914], [4539, 4401, 3185, 1302, 3767, 4156, 1510, 636], [4158, 4031, 3858, 4099, 1003, 4141, 2008, 1305], [644, 2120, 3937, 2145, 2643, 3939, 3126, 2481], [4163, 2687, 3868, 3858, 2118, 4589, 2169, 3937], [4159, 4168, 2440, 1325, 2243, 2369, 2173, 718], [2169, 2120, 2738, 1808, 2168, 2643, 4133, 4137], [1808, 2185, 4481, 4175, 4741, 1325, 1119, 2628], [4177, 3080, 2185, 4201, 4716, 3442, 4745, 1211], [4256, 4178, 449, 4137, 4102, 3946, 3409, 3893], [4179, 1128, 2616, 1265, 4745, 4044, 612, 4744], [2726, 4180, 2380, 2556, 2055, 649, 4053, 2695], [4159, 62, 2369, 579, 1325, 2972, 3039, 2440], [4183, 1927, 3893, 1994, 1435, 4589, 4548, 3991], [4185, 4744, 2243, 4064, 654, 2185, 1325, 2099], [3858, 4189, 3964, 4350, 4720, 4744, 3903, 765], [2168, 4133, 4104, 1998, 2643, 2125, 2439, 4741], [4195, 704, 3427, 3396, 657, 1955, 2181, 2928], [4196, 3908, 2405, 444, 2791, 3204, 2348, 3940], [4197, 4203, 4113, 2446, 2556, 3973, 1662, 2641], [4104, 1586, 956, 4236, 4388, 3858, 4126, 3399], [4201, 2433, 2558, 4102, 4133, 2439, 4122, 4126], [4203, 1848, 1994, 2687, 644, 2556, 2439, 3858], [2383, 4205, 3332, 2083, 2021, 1475, 1996, 2148]]}, "num_translations": 1, "text_top1": 0.08333333333333333, "text_top5": 0.20833333333333334, "text_top10": 0.3333333333333333}