{"num_src_sents": 282, "arrian_1860": {"tgt_lang": "fr", "transl_top1": 0.549645390070922, "transl_top5": 0.8723404255319149, "transl_top10": 0.9716312056737588, "num_nulls": 0, "num_tgt_sents": 3216, "retrieval_preds": [[1036, 2962, 3194, 1038, 1677, 1369, 2402, 1485], [151, 3022, 3023, 1647, 1836, 1425, 1215, 1617], [155, 482, 156, 35, 1558, 129, 681, 189], [157, 155, 482, 273, 265, 264, 206, 177], [699, 621, 158, 2252, 586, 499, 2766, 2789], [163, 2169, 1215, 1399, 189, 890, 166, 257], [164, 2169, 163, 3208, 2336, 836, 2731, 2200], [2171, 167, 3187, 109, 168, 2411, 2089, 444], [167, 2677, 168, 1850, 3021, 3022, 1945, 3059], [168, 3021, 170, 167, 484, 1923, 1850, 3022], [171, 1637, 1399, 1836, 2035, 1083, 1511, 2723], [184, 172, 2175, 110, 1003, 2618, 1742, 1619], [2177, 174, 173, 2176, 193, 2990, 3205, 1640], [174, 151, 423, 541, 2550, 2183, 185, 177], [1137, 2662, 2196, 2013, 154, 1042, 1336, 291], [177, 178, 2184, 2183, 1161, 1715, 99, 2189], [2185, 179, 200, 68, 2857, 184, 2578, 2618], [180, 2191, 193, 2190, 2189, 177, 181, 2714], [2285, 2877, 2662, 136, 2339, 1042, 1097, 879], [185, 2191, 1935, 1673, 94, 1065, 2085, 192], [1198, 185, 3124, 186, 2820, 562, 2244, 2817], [2342, 272, 1003, 2618, 1706, 2283, 1662, 2101], [35, 189, 2662, 1713, 1640, 586, 2524, 1357], [190, 2766, 474, 721, 2187, 192, 180, 1140], [193, 177, 2252, 2525, 2189, 2988, 550, 2789], [2597, 209, 1709, 560, 86, 1585, 1811, 2140], [487, 1042, 195, 2618, 644, 2548, 2617, 177], [196, 546, 268, 99, 2252, 2191, 1511, 199], [1375, 193, 1626, 195, 773, 177, 487, 1338], [203, 226, 214, 507, 279, 442, 2311, 509], [2277, 205, 2197, 2892, 1003, 280, 177, 2449], [206, 1573, 456, 2341, 52, 482, 155, 31], [207, 2199, 208, 2789, 2141, 2151, 1948, 3141], [210, 2741, 975, 3124, 1933, 854, 1682, 1459], [212, 213, 530, 461, 2130, 1694, 1613, 1440], [214, 215, 473, 2765, 216, 235, 274, 212], [215, 216, 214, 2683, 465, 381, 392, 2757], [216, 215, 324, 331, 274, 406, 384, 844], [217, 2137, 343, 463, 406, 410, 461, 1803], [220, 2148, 222, 2139, 1238, 227, 2524, 2137], [221, 1318, 1198, 185, 305, 1673, 1668, 1324], [222, 219, 436, 229, 2916, 2353, 218, 882], [215, 749, 223, 406, 349, 2757, 217, 343], [225, 226, 2352, 277, 2253, 410, 218, 2353], [226, 279, 218, 2958, 271, 203, 274, 2141], [433, 2301, 842, 227, 228, 2352, 406, 229], [230, 438, 2524, 819, 2227, 1512, 1837, 98], [1204, 235, 232, 2128, 2113, 1664, 2869, 1631], [233, 276, 270, 2691, 366, 235, 2914, 1686], [420, 329, 521, 1222, 512, 1827, 846, 2211], [174, 177, 271, 235, 2290, 279, 1439, 184], [1469, 1460, 2525, 1459, 2741, 44, 2536, 1192], [2208, 240, 239, 244, 177, 2207, 3078, 2211], [2209, 606, 816, 181, 2524, 2189, 241, 2522], [2211, 499, 2210, 243, 244, 247, 2252, 621], [247, 2524, 2093, 2662, 291, 189, 2210, 268], [2216, 251, 2524, 1782, 2209, 2217, 738, 1950], [2217, 252, 2154, 397, 1945, 2335, 3021, 1242], [254, 2221, 166, 1945, 1694, 185, 1819, 2741], [2222, 255, 260, 208, 2145, 1965, 2699, 434], [256, 257, 721, 2223, 2224, 653, 606, 258], [2225, 260, 2224, 259, 2605, 2252, 208, 482], [2226, 261, 2413, 1400, 2872, 2615, 2606, 1738], [262, 2648, 268, 2649, 187, 2611, 776, 161], [460, 3033, 218, 463, 2411, 2799, 468, 321], [264, 153, 196, 268, 265, 162, 2789, 266], [268, 262, 193, 189, 521, 2898, 1640, 196], [1681, 2898, 268, 2521, 1222, 1868, 749, 3125], [3038, 406, 515, 212, 397, 410, 279, 384], [271, 357, 386, 869, 406, 392, 1031, 2757], [2618, 272, 482, 1003, 833, 3108, 638, 1188], [274, 279, 271, 308, 2644, 2073, 282, 212], [217, 215, 2754, 394, 2755, 463, 381, 457], [277, 507, 215, 217, 2755, 410, 461, 406], [2890, 278, 2979, 226, 1694, 962, 283, 2725], [283, 461, 2644, 282, 277, 1385, 3036, 2916], [2228, 2974, 1242, 3131, 284, 3140, 2092, 466], [2720, 1003, 2608, 1190, 2989, 2530, 1742, 451], [1852, 1792, 2114, 287, 3023, 2029, 286, 2464], [287, 2421, 2080, 3023, 952, 1794, 1601, 2773], [288, 1089, 289, 291, 1065, 104, 287, 560], [293, 2232, 2704, 2170, 1212, 1461, 797, 2594], [294, 2254, 2113, 295, 1315, 2464, 2029, 2508], [295, 2113, 3151, 2029, 1315, 294, 3148, 1836], [298, 299, 438, 303, 300, 302, 297, 2122], [299, 298, 300, 438, 294, 303, 2307, 1529], [438, 2307, 303, 305, 302, 298, 300, 294], [305, 304, 438, 1335, 2422, 1463, 1424, 299], [832, 2253, 2243, 313, 2137, 307, 1215, 3158], [308, 274, 307, 305, 2898, 396, 1335, 1463], [309, 2238, 279, 2130, 2095, 2701, 2718, 1998], [2092, 1804, 2238, 2083, 1948, 2628, 2693, 1950], [312, 283, 831, 3175, 460, 2673, 55, 439], [313, 2817, 2879, 3072, 1459, 3137, 2727, 975], [1688, 398, 3064, 3066, 3068, 1192, 1358, 317], [1335, 315, 2898, 2951, 1439, 1318, 2879, 2817], [70, 316, 366, 538, 470, 2762, 233, 3038], [317, 2765, 473, 750, 507, 1681, 1856, 506], [318, 489, 273, 1190, 953, 668, 710, 206], [2757, 406, 465, 270, 840, 217, 392, 215], [465, 2310, 442, 2311, 508, 2916, 2757, 441], [406, 1945, 322, 841, 1238, 843, 861, 1198], [323, 843, 390, 391, 406, 213, 461, 465], [324, 326, 3036, 330, 2916, 270, 515, 852], [325, 849, 2083, 2694, 2464, 1200, 2686, 1208], [326, 324, 844, 336, 2721, 3036, 3149, 384], [328, 386, 2387, 2809, 279, 366, 225, 1388], [528, 523, 2093, 385, 379, 1868, 2951, 512], [330, 436, 218, 468, 509, 224, 1301, 229], [406, 331, 215, 843, 443, 2757, 381, 213], [357, 366, 225, 332, 2959, 2410, 386, 463], [334, 277, 2916, 410, 279, 1101, 3059, 855], [335, 367, 386, 511, 357, 2959, 380, 869], [337, 1149, 348, 1306, 1209, 2465, 1966, 391], [339, 337, 391, 3145, 1883, 2411, 482, 338], [2313, 444, 410, 461, 1101, 3059, 361, 2643], [343, 392, 2352, 2757, 432, 2353, 2253, 468], [344, 218, 2760, 460, 343, 525, 436, 229], [345, 344, 2078, 919, 1272, 359, 1277, 1218], [357, 869, 346, 536, 229, 419, 407, 218], [357, 536, 460, 461, 3038, 869, 347, 400], [348, 455, 1149, 1080, 389, 3126, 2868, 337], [400, 349, 2119, 3049, 465, 330, 517, 350], [350, 465, 2757, 349, 2119, 843, 2916, 331], [353, 3022, 2449, 2141, 189, 1318, 1363, 2252], [940, 407, 1930, 1801, 857, 441, 1637, 1487], [354, 861, 867, 373, 3038, 443, 2312, 843], [356, 334, 357, 218, 388, 229, 536, 1283], [357, 869, 1306, 1924, 1315, 2898, 2113, 1314], [403, 387, 357, 536, 358, 863, 2297, 518], [359, 1340, 2886, 1853, 1639, 528, 523, 469], [871, 334, 218, 360, 2916, 2760, 229, 864], [342, 388, 343, 357, 361, 536, 2417, 872], [361, 357, 882, 869, 460, 229, 2916, 525], [1471, 362, 1483, 334, 412, 342, 3201, 320], [363, 410, 362, 459, 444, 2649, 226, 3043], [366, 225, 2352, 229, 2916, 218, 332, 2959], [367, 357, 869, 386, 1462, 2410, 3129, 116], [368, 229, 357, 334, 1658, 525, 2641, 465], [444, 530, 387, 436, 376, 2114, 401, 2000], [371, 283, 392, 397, 372, 530, 398, 2914], [334, 372, 332, 2417, 283, 361, 2914, 536], [372, 373, 356, 464, 2756, 2760, 410, 460], [357, 564, 869, 208, 218, 343, 3201, 2249], [376, 3142, 283, 459, 444, 3040, 218, 1792], [376, 378, 387, 444, 401, 536, 461, 460], [380, 357, 2959, 463, 386, 3033, 366, 511], [392, 465, 2757, 394, 416, 343, 350, 336], [381, 2130, 2897, 382, 189, 1450, 1453, 1837], [383, 1345, 3022, 2154, 2964, 1416, 1789, 1232], [384, 406, 343, 843, 2757, 841, 861, 432], [386, 1681, 116, 357, 325, 1979, 1200, 2400], [387, 527, 229, 401, 517, 525, 536, 3040], [388, 334, 218, 229, 2417, 1699, 361, 525], [389, 1425, 1149, 348, 2465, 482, 1374, 354], [390, 354, 348, 520, 229, 861, 366, 218], [391, 460, 2353, 2756, 464, 410, 439, 339], [392, 1827, 393, 394, 2757, 343, 1593, 460], [393, 1441, 1485, 1121, 1574, 963, 564, 1729], [392, 3038, 515, 421, 2757, 2914, 393, 460], [1593, 394, 1827, 395, 392, 1356, 1884, 1624], [395, 536, 394, 392, 468, 460, 1849, 2756], [343, 396, 392, 2757, 398, 2756, 464, 2119], [397, 2649, 407, 539, 3033, 1945, 228, 1101], [398, 2914, 330, 399, 224, 472, 2764, 276], [399, 398, 2916, 371, 527, 517, 3040, 2765], [229, 2297, 330, 3128, 400, 224, 3033, 865], [401, 400, 508, 398, 2352, 465, 2916, 1101], [402, 469, 2761, 374, 523, 528, 1892, 355], [403, 2297, 536, 358, 330, 357, 387, 518], [404, 2630, 1792, 3201, 409, 1321, 2443, 3022], [406, 3036, 515, 3038, 2916, 