{"num_src_sents": 11, "lysias_1856": {"tgt_lang": "de", "transl_top1": 0.2727272727272727, "transl_top5": 0.36363636363636365, "transl_top10": 0.6363636363636364, "num_nulls": 0, "num_tgt_sents": 5319, "retrieval_preds": [[4701, 793, 654, 54, 4149, 2268, 3887, 4155], [4704, 710, 4739, 4145, 75, 727, 78, 2945], [1516, 624, 966, 489, 2704, 1101, 2791, 1771], [4709, 2177, 2185, 3868, 1300, 2378, 1470, 1106], [1515, 3427, 4713, 2815, 2945, 1632, 1647, 4508], [4716, 4709, 2381, 787, 738, 5041, 4163, 1229], [4718, 2175, 774, 796, 2177, 765, 1211, 2055], [4720, 765, 710, 2185, 1470, 727, 4772, 4350], [4724, 2185, 2769, 2142, 3964, 4582, 4481, 2168], [4726, 3337, 4365, 2010, 3303, 4545, 1805, 3797], [447, 644, 4155, 3874, 569, 3764, 1168, 3914]]}, "num_translations": 1, "text_top1": 0.2727272727272727, "text_top5": 0.36363636363636365, "text_top10": 0.6363636363636364}