{"num_src_sents": 37, "lysias_1856": {"tgt_lang": "de", "transl_top1": 0.32432432432432434, "transl_top5": 0.6216216216216216, "transl_top10": 0.7027027027027027, "num_nulls": 0, "num_tgt_sents": 5319}, "num_translations": 1, "text_top1": 0.32432432432432434, "text_top5": 0.6216216216216216, "text_top10": 0.7027027027027027}