{"num_src_sents": 418, "demosthenes_aeschynes_1861": {"tgt_lang": "fr", "transl_top1": 0.2751196172248804, "transl_top5": 0.44976076555023925, "transl_top10": 0.5239234449760766, "num_nulls": 1, "num_tgt_sents": 36182}, "num_translations": 1, "text_top1": 0.2751196172248804, "text_top5": 0.44976076555023925, "text_top10": 0.5239234449760766}