{"num_src_sents": 496, "suetonius_1855-1897": {"tgt_lang": "de", "transl_top1": 0.6995967741935484, "transl_top5": 0.8568548387096774, "transl_top10": 0.9112903225806451, "num_nulls": 0, "num_tgt_sents": 5120}, "num_translations": 1, "text_top1": 0.6995967741935484, "text_top5": 0.8568548387096774, "text_top10": 0.9112903225806451}