{"num_src_sents": 155, "appian_1832_10": {"tgt_lang": "de", "transl_top1": 0.01935483870967742, "transl_top5": 0.07096774193548387, "transl_top10": 0.10967741935483871, "num_nulls": 0, "num_tgt_sents": 12614}, "Appianus_1828": {"tgt_lang": "de", "transl_top1": 0.09032258064516129, "transl_top5": 0.15483870967741936, "transl_top10": 0.23225806451612904, "num_nulls": 0, "num_tgt_sents": 6120}, "appian_1830_5": {"tgt_lang": "de", "transl_top1": 0.0, "transl_top5": 0.07096774193548387, "transl_top10": 0.16129032258064516, "num_nulls": 0, "num_tgt_sents": 7584}, "num_translations": 3, "text_top1": 0.03655913978494624, "text_top5": 0.0989247311827957, "text_top10": 0.16774193548387098}