{"num_src_sents": 2538, "plato_1_1848": {"tgt_lang": "en", "transl_top1": 0.235618597320725, "transl_top5": 0.3798266351457841, "transl_top10": 0.42592592592592593, "num_nulls": 0, "num_tgt_sents": 12817}, "plato_5_1852": {"tgt_lang": "en", "transl_top1": 0.003940110323089046, "transl_top5": 0.008668242710795903, "transl_top10": 0.014184397163120567, "num_nulls": 0, "num_tgt_sents": 8721}, "plato_2_1849": {"tgt_lang": "en", "transl_top1": 0.0035460992907801418, "transl_top5": 0.023246650906225373, "transl_top10": 0.031126871552403467, "num_nulls": 0, "num_tgt_sents": 9568}, "plato_6_1854": {"tgt_lang": "en", "transl_top1": 0.007486209613869189, "transl_top5": 0.011426319936958234, "transl_top10": 0.01773049645390071, "num_nulls": 0, "num_tgt_sents": 9064}, "plato_3_1850": {"tgt_lang": "en", "transl_top1": 0.004728132387706856, "transl_top5": 0.02364066193853428, "transl_top10": 0.031914893617021274, "num_nulls": 0, "num_tgt_sents": 13689}, "num_translations": 5, "text_top1": 0.05106382978723405, "text_top5": 0.08936170212765959, "text_top10": 0.10417651694247439}