{"num_src_sents": 396, "plato_3_1826": {"tgt_lang": "fr", "transl_top1": 0.025252525252525252, "transl_top5": 0.06565656565656566, "transl_top10": 0.09343434343434344, "num_nulls": 0, "num_tgt_sents": 3903}, "plato_1_1846": {"tgt_lang": "fr", "transl_top1": 0.012626262626262626, "transl_top5": 0.05808080808080808, "transl_top10": 0.10353535353535354, "num_nulls": 0, "num_tgt_sents": 3203}, "num_translations": 2, "text_top1": 0.01893939393939394, "text_top5": 0.06186868686868687, "text_top10": 0.09848484848484848}