{"num_src_sents": 177, "suetonius_1855-1897": {"tgt_lang": "de", "transl_top1": 0.5310734463276836, "transl_top5": 0.7175141242937854, "transl_top10": 0.7966101694915254, "num_nulls": 0, "num_tgt_sents": 5120, "retrieval_preds": [[4436, 4765, 1136, 4474, 4236, 885, 2073, 2573], [4437, 30, 546, 3148, 2604, 4406, 542, 4293], [4438, 2260, 1908, 1026, 3219, 4789, 35, 4122], [711, 2498, 3001, 3270, 3872, 1563, 2677, 2874], [3794, 3435, 855, 4193, 4090, 3427, 3885, 261], [4440, 444, 3749, 2663, 3280, 2198, 1912, 358], [4442, 30, 3249, 4299, 4842, 4440, 1902, 2769], [4443, 3991, 4447, 4299, 2769, 1924, 4440, 2004], [4445, 4289, 962, 4170, 3994, 4420, 1111, 2797], [4195, 1595, 4664, 4986, 5068, 96, 827, 3731], [873, 4446, 3629, 5033, 2658, 3127, 3014, 234], [4447, 4440, 4317, 1009, 3006, 1109, 30, 4299], [2495, 4447, 2501, 1184, 4317, 3781, 2522, 1367], [4521, 1606, 3182, 3312, 5047, 1354, 3653, 1205], [1564, 467, 1612, 3593, 4560, 643, 4783, 1450], [4449, 2441, 2882, 4806, 1938, 2322, 2093, 1258], [4450, 1518, 2119, 4097, 4521, 5026, 2824, 774], [5061, 1939, 3158, 836, 3144, 3580, 4451, 594], [4451, 406, 1094, 1499, 4826, 1934, 409, 2721], [4452, 3338, 2443, 4021, 3614, 805, 4837, 4726], [4453, 2258, 1532, 2200, 4362, 3540, 4765, 4554], [4454, 1049, 2932, 850, 3451, 2017, 3049, 2737], [3251, 3749, 1485, 5069, 4456, 4986, 4791, 3246], [4465, 3805, 2424, 4070, 806, 558, 3840, 2654], [3217, 2572, 1434, 2417, 4294, 3208, 1161, 3138], [4456, 3537, 3431, 3418, 2989, 624, 3005, 3260], [4457, 2330, 2657, 1482, 2668, 2392, 474, 3280], [4458, 4184, 2535, 4877, 3452, 4873, 3759, 1474], [4459, 2558, 1939, 4308, 2010, 4461, 3272, 491], [4308, 471, 660, 3238, 4126, 4459, 748, 4195], [4460, 4461, 4306, 1887, 2558, 4308, 1113, 1474], [4462, 3107, 3549, 2032, 2102, 3213, 4325, 4463], [4464, 3385, 1481, 1502, 1501, 1938, 2061, 2264], [4465, 2136, 4174, 4044, 2590, 2009, 1371, 2400], [2103, 4333, 4521, 1034, 3149, 4466, 1319, 1072], [3175, 1896, 1846, 4581, 2509, 827, 1475, 3116], [4467, 1110, 3473, 1099, 3138, 3412, 2294, 4912], [4468, 2398, 4359, 2573, 4765, 4322, 3654, 2482], [4471, 4704, 2171, 4472, 4803, 1750, 3805, 1298], [4472, 349, 4976, 4873, 2839, 3787, 2463, 3272], [4474, 137, 3037, 4714, 4717, 154, 3278, 4765], [4476, 4212, 645, 1082, 3583, 4086, 770, 1046], [4477, 547, 3385, 2622, 3266, 4236, 287, 3104], [4478, 4075, 1223, 3987, 4961, 3980, 2016, 2483], [4479, 4452, 765, 2668, 4492, 4480, 3757, 4372], [4482, 938, 3262, 2460, 3216, 1901, 1787, 3749], [4485, 2672, 4180, 3065, 1775, 1975, 1116, 3145], [4486, 3797, 2931, 2369, 3596, 3315, 4409, 1908], [4488, 3914, 2320, 3310, 4899, 4126, 1406, 2351], [4490, 2443, 754, 4350, 2104, 4995, 1769, 3989], [4492, 3724, 4487, 1769, 4988, 1786, 1964, 1661], [1759, 4493, 2009, 1497, 3266, 3385, 1760, 3821], [4494, 1774, 2513, 3248, 3551, 3720, 3127, 398], [4496, 4495, 1986, 386, 4732, 1392, 3860, 2944], [4496, 2104, 811, 3261, 4591, 2348, 1740, 438], [4656, 2520, 1137, 1369, 3776, 1781, 3854, 1934], [4500, 1771, 2444, 1372, 3410, 1778, 1913, 2920], [4501, 4502, 3180, 4348, 770, 1796, 2935, 1861], [3113, 773, 4383, 2757, 4503, 774, 3182, 3848], [4504, 3336, 1091, 1796, 3896, 770, 1046, 2895], [4506, 2166, 4864, 1236, 2935, 2153, 2165, 632], [4507, 2896, 1379, 881, 717, 1119, 3147, 710], [4508, 4227, 1912, 4438, 1985, 3772, 4293, 4186], [3901, 1777, 438, 4509, 4037, 1127, 2009, 278], [4510, 988, 5086, 1998, 4486, 225, 34, 4613], [4512, 3820, 5020, 4472, 5086, 5089, 4232, 544], [4515, 3100, 333, 4877, 998, 2179, 1062, 4514], [4517, 565, 1998, 3675, 1872, 1873, 4030, 2851], [4518, 1094, 4901, 1922, 3590, 1123, 3949, 881], [4519, 4142, 4409, 4218, 4177, 2074, 4406, 4138], [4755, 325, 4521, 4492, 632, 1299, 4339, 3554], [4520, 4720, 34, 3238, 3840, 1749, 2090, 2558], [4521, 738, 2378, 327, 3113, 4285, 2207, 2953], [4522, 2531, 3796, 1801, 1573, 855, 2726, 4785], [4523, 223, 1931, 4411, 3588, 1541, 1259, 1852], [1644, 1437, 4524, 174, 1024, 589, 1630, 2491], [1235, 915, 4150, 2802, 1630, 4888, 4087, 4259], [4525, 817, 4765, 1519, 2030, 794, 763, 4570], [4526, 3989, 3242, 133, 1468, 4486, 4229, 4694], [886, 3330, 4097, 4961, 1402, 448, 2846, 3548], [4970, 2183, 3806, 3192, 4867, 3314, 3135, 612], [4529, 741, 4685, 4281, 4564, 3774, 978, 1525], [4530, 2473, 1369, 3136, 1156, 3791, 3537, 1439], [4236, 4531, 614, 4532, 3283, 2835, 2814, 33], [4534, 2752, 3391, 4521, 873, 1049, 3745, 4560], [725, 1579, 4757, 211, 4793, 4730, 876, 2798], [4536, 1961, 4299, 440, 3200, 2680, 2942, 2758], [4522, 3625, 2299, 3796, 4673, 2954, 4736, 4754], [4539, 1922, 3260, 152, 3005, 1942, 2558, 540], [4540, 3856, 4743, 1909, 4044, 1028, 1205, 4744], [4542, 566, 1234, 2896, 4858, 682, 1522, 1155], [4543, 5015, 1777, 732, 1521, 4431, 3845, 3858], [4544, 1275, 4240, 1931, 1403, 1121, 3423, 1558], [49, 4545, 4072, 5056, 2127, 2123, 3854, 632], [4547, 2615, 4838, 1468, 1861, 2193, 622, 3241], [4548, 1468, 1391, 1023, 1758, 1859, 2061, 5068], [4549, 3314, 5056, 2166, 2564, 4236, 3698, 4865], [4550, 4919, 4976, 632, 1347, 2166, 1343, 3215], [4553, 589, 1107, 3236, 1232, 1229, 4521, 23], [1236, 4554, 4532, 4751, 1373, 2155, 1445, 493], [2658, 905, 1425, 325, 1598, 4686, 967, 3240], [1515, 2560, 3356, 3263, 2331, 915, 4600, 4975], [4556, 1529, 4562, 1252, 3349, 1527, 976, 4949], [4557, 4553, 3113, 3653, 4766, 2814, 2153, 803], [4559, 1880, 676, 1338, 2283, 229, 1370, 1907], [4560, 4562, 4247, 1356, 1955, 1280, 3605, 1528], [2384, 4563, 2100, 2006, 3575, 4018, 389, 3229], [4693, 2352, 2739, 4612, 1855, 3849, 3598, 4852], [4564, 812, 2473, 274, 4229, 2283, 1360, 1670], [4565, 1519, 2573, 1528, 647, 2723, 2525, 2183], [4567, 3795, 2121, 1584, 3719, 3876, 890, 2080], [4568, 4809, 4652, 3142, 2363, 2761, 760, 2813], [4569, 4765, 373, 2089, 3788, 5015, 806, 823], [4570, 4875, 2263, 4264, 824, 4873, 4235, 2164], [4571, 4077, 4572, 1812, 4065, 4712, 4468, 4076], [1731, 474, 1583, 3420, 89, 3674, 1316, 132], [4575, 420, 1441, 2003, 4650, 3285, 4506, 1152], [4577, 1116, 3321, 325, 5026, 838, 487, 782], [4578, 2573, 4726, 2767, 1607, 3192, 1066, 2369], [4626, 1385, 4091, 4579, 763, 4799, 4452, 840], [4580, 2802, 1630, 4581, 4339, 438, 5054, 4400], [1425, 325, 3674, 4755, 3269, 2772, 3748, 2341], [4583, 3671, 487, 2217, 4205, 2219, 4917, 4266], [4584, 3279, 1955, 4765, 2814, 4086, 4549, 3314], [4585, 4376, 850, 4469, 4938, 2737, 2006, 410], [850, 2157, 4532, 4586, 1445, 2763, 4534, 2736], [2645, 4588, 4339, 327, 635, 4487, 1784, 3710], [3504, 1294, 4534, 1823, 5012, 5000, 4640, 4591], [515, 2315, 4236, 3111, 3134, 2832, 4506, 4424], [4676, 1646, 4683, 132, 4481, 3335, 1782, 325], [4601, 3278, 3203, 4549, 2695, 3953, 1642, 490], [4603, 4029, 558, 462, 7, 619, 897, 46], [4605, 4604, 4826, 1611, 4610, 4606, 2332, 2283], [4606, 706, 2980, 2944, 3091, 874, 2166, 1614], [4608, 1338, 3091, 3242, 3235, 1717, 617, 2173], [4609, 3675, 1238, 1275, 576, 2792, 797, 4379], [5032, 2397, 1993, 3113, 5046, 3175, 3136, 729], [4611, 1070, 4847, 1848, 1149, 1758, 1150, 3508], [3629, 4612, 1425, 3730, 2658, 325, 3321, 3058], [4613, 3667, 4292, 1467, 2765, 1825, 4645, 3483], [4614, 4336, 4357, 4633, 3282, 2210, 3596, 1523], [4684, 2391, 4618, 3685, 2392, 4480, 1378, 3773], [430, 654, 3397, 3403, 4656, 4444, 1832, 870], [4620, 4757, 3283, 4730, 4668, 2162, 1258, 794], [4621, 3431, 767, 1015, 4290, 1573, 4257, 2362], [1242, 967, 1639, 3165, 429, 2630, 2592, 1997], [4263, 4622, 3858, 4338, 1525, 2771, 5039, 806], [4624, 2822, 1216, 3651, 3860, 430, 4234, 365], [1911, 3781, 3406, 3441, 1867, 4937, 224, 4788], [4626, 2243, 752, 2089, 2742, 412, 3834, 4755], [5046, 3296, 4610, 3291, 1354, 4379, 1616, 4377], [4628, 325, 4492, 4339, 2334, 873, 2207, 789], [4629, 705, 711, 1071, 1264, 4415, 1731, 2095], [4632, 2108, 4450, 4630, 3766, 5003, 786, 4244], [2104, 456, 4633, 2752, 2713, 2437, 3236, 4534], [1163, 3288, 1833, 4591, 4988, 4486, 3283, 4010], [4640, 4101, 1099, 607, 4077, 2935, 2680, 1338], [4641, 670, 3527, 3809, 4038, 4156, 1630, 74], [2340, 4362, 1614, 4528, 1583, 4799, 4487, 2409], [2104, 2103, 