{"num_src_sents": 32, "corneliusNepos_1856": {"tgt_lang": "de", "transl_top1": 0.78125, "transl_top5": 0.875, "transl_top10": 0.90625, "num_nulls": 0, "num_tgt_sents": 2320, "retrieval_preds": [[464, 1460, 359, 1014, 108, 95, 58, 2038], [465, 2112, 2092, 2141, 1997, 1220, 2111, 1282], [466, 856, 827, 824, 2041, 2271, 579, 1756], [467, 2271, 81, 1752, 170, 518, 96, 308], [468, 469, 551, 1021, 1448, 2272, 2196, 1438], [470, 2118, 1221, 1229, 445, 1928, 419, 1233], [471, 1057, 618, 1771, 680, 973, 2042, 667], [475, 542, 1914, 681, 731, 896, 1553, 1343], [476, 2013, 1016, 2030, 204, 958, 565, 345], [477, 1462, 202, 654, 1916, 650, 817, 541], [478, 246, 140, 981, 249, 947, 492, 1030], [479, 490, 402, 808, 120, 1255, 623, 1917], [480, 1938, 1272, 1076, 1008, 112, 159, 946], [481, 137, 1045, 178, 792, 177, 390, 1932], [482, 1303, 1021, 178, 1030, 1038, 909, 180], [483, 1667, 2082, 1017, 1006, 455, 2114, 1750], [484, 104, 976, 1036, 1335, 518, 699, 153], [494, 1438, 999, 358, 704, 2143, 114, 1335], [495, 363, 498, 1222, 2150, 201, 2006, 1666], [496, 518, 984, 114, 170, 199, 2075, 163], [497, 673, 520, 318, 1109, 620, 898, 790], [498, 367, 1886, 929, 1823, 681, 1890, 275], [499, 1283, 286, 497, 520, 1374, 1264, 1640], [500, 765, 983, 1045, 812, 763, 645, 1094], [503, 224, 281, 1398, 813, 663, 235, 981], [504, 1723, 2270, 1665, 2168, 566, 505, 592], [505, 1485, 2168, 1723, 1935, 783, 944, 2230], [506, 1349, 1161, 1942, 742, 111, 1662, 1766], [507, 592, 1950, 1602, 326, 1925, 1952, 2270], [509, 217, 742, 444, 1175, 743, 1464, 2226], [511, 458, 1434, 383, 457, 733, 5, 1585], [512, 419, 1285, 1583, 2167, 1492, 511, 1678]]}, "justin_cNepos_eutropius_1902": {"tgt_lang": "en", "transl_top1": 0.5, "transl_top5": 0.5625, "transl_top10": 0.5625, "num_nulls": 0, "num_tgt_sents": 9841, "retrieval_preds": [[4983, 725, 5068, 5505, 5967, 8190, 1264, 2369], [4984, 6153, 8061, 4253, 4112, 5781, 3752, 4659], [4985, 6530, 3955, 1731, 9244, 1288, 5081, 1947], [4986, 3436, 8028, 4224, 9531, 1030, 657, 4905], [4987, 4659, 774, 4225, 6402, 6825, 6565, 3769], [7888, 5156, 4757, 1102, 4932, 4029, 4662, 959], [4988, 8202, 5166, 7306, 3489, 3577, 1489, 3558], [4991, 8408, 7463, 1562, 3287, 4006, 7418, 970], [4992, 6483, 7865, 1230, 5506, 8260, 8236, 8444], [4993, 6957, 375, 2129, 2772, 4731, 1059, 4763], [4994, 4804, 2187, 3958, 7162, 4719, 906, 5440], [4996, 7447, 4922, 3564, 979, 7412, 7071, 7034], [4997, 3790, 5496, 3788, 7470, 5572, 569, 3684], [4999, 5106, 1987, 1155, 5534, 1357, 1265, 5128], [5000, 6189, 7995, 7961, 1625, 1359, 7523, 3222], [5001, 7029, 2068, 6, 7075, 696, 4564, 3287], [5002, 5473, 1162, 7512, 983, 2262, 5030, 5217], [5004, 5191, 940, 2454, 5486, 3948, 5217, 4079], [5005, 4890, 5008, 7309, 4762, 4893, 5537, 6561], [5006, 5473, 983, 4829, 1030, 9699, 5030, 1162], [5007, 1155, 4854, 4828, 5032, 5160, 1439, 984], [5008, 4370, 5417, 471, 4935, 6830, 6942, 6331], [5009, 5032, 2459, 939, 3491, 5007, 5152, 1441], [5010, 7405, 1025, 7218, 7494, 3461, 7080, 7322], [5012, 715, 690, 2083, 4579, 2296, 1030, 704], [5013, 6729, 4765, 7907, 6536, 6580, 381, 6204], [5014, 4932, 3751, 3278, 5243, 6536, 6647, 2346], [5015, 6430, 7174, 8388, 4308, 5391, 5726, 5093], [5016, 3743, 7908, 5094, 5017, 247, 6563, 243], [8446, 5385, 5425, 5034, 9119, 1652, 1452, 5611], [5020, 4582, 6999, 564, 3453, 8446, 6002, 7088], [5021, 4402, 5172, 4618, 1044, 6083, 2049, 2907]]}, "num_translations": 2, "text_top1": 0.640625, "text_top5": 0.71875, "text_top10": 0.734375}