{"num_src_sents": 41, "plutarch_5_1844": {"tgt_lang": "fr", "transl_top1": 0.04878048780487805, "transl_top5": 0.14634146341463414, "transl_top10": 0.24390243902439024, "num_nulls": 0, "num_tgt_sents": 5916}, "plutarch_4_1844": {"tgt_lang": "fr", "transl_top1": 0.21951219512195122, "transl_top5": 0.43902439024390244, "transl_top10": 0.5121951219512195, "num_nulls": 0, "num_tgt_sents": 6665}, "num_translations": 2, "text_top1": 0.13414634146341464, "text_top5": 0.2926829268292683, "text_top10": 0.3780487804878049}