{"num_src_sents": 33, "lysias_1856": {"tgt_lang": "de", "transl_top1": 0.09090909090909091, "transl_top5": 0.2727272727272727, "transl_top10": 0.36363636363636365, "num_nulls": 0, "num_tgt_sents": 5319, "retrieval_preds": [[3628, 2563, 4582, 3542, 878, 4741, 3187, 1679], [3630, 584, 3362, 2416, 2513, 3702, 1579, 2516], [3631, 3633, 3779, 3638, 4463, 915, 768, 4023], [3633, 2662, 3626, 1131, 2223, 765, 4691, 3641], [528, 3651, 1763, 3662, 1816, 2725, 2609, 2498], [3638, 3654, 1445, 1574, 3250, 1489, 2138, 2924], [4636, 500, 486, 1095, 2570, 2572, 1314, 714], [3626, 2687, 1808, 1435, 1460, 4481, 3641, 4589], [3644, 3779, 3643, 2468, 2776, 3460, 2767, 3654], [817, 3649, 2046, 805, 3631, 3651, 659, 2468], [3651, 2295, 3644, 3643, 2275, 2776, 3342, 3108], [3654, 3638, 2026, 3779, 2324, 4689, 1445, 3126], [4636, 500, 486, 1095, 2570, 2572, 1314, 714], [3656, 4327, 3051, 2969, 3264, 3626, 3662, 3638], [3658, 2725, 2571, 2967, 1120, 2026, 4010, 1921], [3661, 3638, 2844, 3654, 1445, 2203, 4032, 1857], [3662, 528, 970, 1055, 3643, 2498, 2776, 4659], [3666, 1003, 1394, 1143, 3662, 4589, 1129, 2513], [2324, 1525, 1467, 3878, 2726, 3667, 3031, 2244], [4636, 500, 486, 1095, 2570, 2572, 1314, 714], [3669, 1980, 3759, 3629, 3672, 1219, 3626, 3880], [3670, 4108, 1686, 1692, 802, 433, 2630, 4325], [956, 4116, 2513, 3508, 2026, 4104, 613, 1679], [3673, 329, 1143, 4678, 2587, 671, 423, 3627], [896, 1205, 1209, 3676, 2589, 982, 1183, 4317], [2726, 3310, 1467, 2215, 2740, 2156, 4344, 3288], [3878, 929, 3103, 2852, 3383, 1525, 4376, 1088], [4636, 500, 486, 1095, 2570, 2572, 1314, 714], [2324, 2415, 1192, 3206, 1760, 2440, 3887, 2400], [1561, 4467, 2423, 2181, 3681, 1055, 2348, 4481], [3682, 929, 3878, 1525, 2852, 1762, 2324, 984], [4636, 500, 486, 1095, 2570, 2572, 1314, 714], [3202, 3599, 2563, 3250, 3783, 2242, 3684, 2324]]}, "num_translations": 1, "text_top1": 0.09090909090909091, "text_top5": 0.2727272727272727, "text_top10": 0.36363636363636365}