{"num_src_sents": 143, "lucian_1829_10": {"tgt_lang": "de", "transl_top1": 0.32167832167832167, "transl_top5": 0.5454545454545454, "transl_top10": 0.6363636363636364, "num_nulls": 0, "num_tgt_sents": 4222, "retrieval_preds": [[3741, 3629, 1729, 1930, 3324, 3370, 3161, 3675], [2707, 2100, 2692, 2796, 2708, 2852, 2704, 2322], [2849, 2687, 2707, 2850, 2898, 2816, 2715, 270], [2688, 2821, 4021, 2806, 3043, 3242, 1191, 1255], [3069, 416, 1435, 1321, 1677, 3697, 952, 36], [3242, 1708, 2843, 2805, 334, 77, 68, 1988], [2059, 3242, 2714, 2694, 2867, 1010, 987, 1964], [1051, 1195, 3831, 1506, 933, 379, 3991, 1852], [2094, 2361, 3393, 3187, 3872, 2696, 2373, 3313], [3313, 1345, 2697, 3739, 1757, 1659, 762, 2847], [2061, 4036, 999, 183, 3111, 2532, 851, 3762], [430, 221, 1718, 987, 494, 1988, 2124, 68], [2702, 2806, 2816, 3242, 2703, 2807, 1191, 2815], [2704, 2789, 2708, 2865, 2817, 2883, 2692, 2684], [2706, 3144, 1846, 3986, 1305, 2918, 2796, 2843], [1029, 2034, 1031, 1620, 3684, 1039, 1040, 2057], [2708, 3242, 1875, 2902, 3755, 2806, 2709, 2898], [2711, 1800, 2712, 2806, 2687, 1644, 2805, 1584], [2712, 1483, 2852, 2715, 2722, 2163, 2726, 2887], [276, 3756, 3158, 1406, 2873, 327, 3932, 3307], [1021, 3283, 2688, 2714, 999, 2019, 2925, 1881], [3755, 801, 3198, 2714, 4040, 4143, 1826, 214], [2715, 2706, 2712, 2833, 2691, 2852, 2726, 3650], [312, 2717, 3332, 3836, 1756, 3043, 120, 2120], [2718, 1305, 2723, 3290, 3936, 3381, 2320, 4217], [2721, 3325, 394, 3788, 183, 1576, 3754, 3793], [26, 2742, 2722, 3067, 1970, 2159, 2139, 2744], [1852, 3831, 46, 2695, 2880, 1077, 2797, 1200], [2094, 3069, 4160, 2055, 3614, 3136, 2690, 1200], [3553, 3800, 242, 1541, 1270, 2033, 508, 2861], [2723, 114, 2745, 987, 580, 2805, 2843, 4021], [2704, 2692, 2902, 3242, 2811, 2726, 2865, 3261], [2695, 1528, 379, 2797, 3831, 46, 1759, 2880], [1757, 368, 731, 1353, 1447, 4048, 1150, 3776], [3026, 1741, 1801, 3215, 3817, 3264, 3552, 2815], [2899, 3021, 2458, 2568, 3071, 2992, 1213, 3755], [2736, 1213, 3844, 2837, 2859, 2762, 2088, 2503], [2821, 2739, 344, 28, 114, 2400, 26, 329], [2740, 2339, 761, 2653, 666, 3752, 2018, 2211], [334, 2744, 1305, 2742, 1500, 2843, 3027, 2775], [2745, 52, 1718, 1725, 1011, 2473, 215, 78], [2745, 3242, 2796, 2806, 2843, 2898, 2807, 1718], [1535, 2746, 3305, 1833, 2122, 1940, 3082, 355], [2747, 818, 3530, 2371, 3477, 2919, 526, 2916], [332, 73, 3087, 95, 1718, 1340, 52, 3043], [2751, 2796, 532, 2750, 1585, 2755, 4004, 772], [1798, 763, 1030, 2467, 4046, 2278, 3575, 3105], [1694, 3186, 1522, 2473, 2751, 674, 631, 3847], [2759, 1718, 151, 202, 682, 532, 334, 1964], [3611, 1846, 2374, 2766, 3211, 3144, 3532, 532], [1969, 3096, 2858, 4146, 346, 1866, 3755, 3257], [2768, 282, 736, 3143, 2915, 2127, 3225, 3216], [2769, 2602, 3766, 2514, 3097, 3977, 3279, 3891], [2771, 2770, 3135, 527, 3114, 2775, 1993, 1800], [2775, 2784, 532, 3536, 2918, 3539, 3114, 1490], [2777, 1005, 3186, 3276, 3064, 2780, 968, 2775], [2781, 2601, 1374, 3847, 3150, 1191, 1370, 2612], [2782, 607, 36, 385, 2372, 3527, 3151, 1479], [2783, 3736, 3397, 1829, 3340, 2212, 78, 2555], [2784, 1718, 2745, 956, 3027, 1964, 1011, 682], [1620, 2187, 834, 2500, 1369, 1621, 6, 1699], [1547, 3607, 2787, 2958, 1469, 2300, 1863, 1425], [2788, 1009, 1425, 1846, 2516, 2503, 1800, 1500], [605, 2792, 1215, 76, 2931, 2352, 3406, 2766], [1714, 4219, 2772, 2127, 1577, 2314, 4195, 1826], [3746, 3456, 1641, 3755, 1960, 2795, 2602, 992], [2796, 2707, 2805, 3242, 2806, 4131, 2807, 3751], [3242, 2807, 2818, 2904, 2798, 2714, 2806, 987], [1011, 1718, 987, 2805, 52, 1010, 334, 2400], [58, 3313, 3629, 243, 1919, 1889, 3357, 1930], [2806, 2807, 3242, 2691, 2805, 2849, 2843, 2796], [2807, 2796, 1413, 2744, 1470, 2865, 2697, 4187], [2302, 532, 3114, 1988, 3540, 2809, 3581, 3144], [3242, 1586, 2806, 1988, 2805, 2807, 2745, 3790], [2814, 4019, 1333, 2897, 3188, 2785, 4023, 2898], [2815, 3242, 3156, 2807, 1875, 181, 3755, 1928], [2816, 2400, 2849, 2806, 772, 2850, 2796, 2687], [1340, 71, 4182, 4025, 667, 1493, 3053, 28], [2687, 2059, 2819, 4154, 3219, 3064, 3760, 2339], [2821, 3144, 2339, 532, 2822, 3186, 3045, 3150], [2823, 1437, 2822, 2189, 3465, 1498, 2915, 2781], [407, 2120, 753, 2825, 3166, 3401, 2374, 102], [3064, 2827, 340, 1649, 2822, 2540, 761, 1340], [2828, 2822, 2246, 1437, 3598, 3541, 4038, 532], [114, 2698, 4034, 2374, 2860, 3225, 1212, 335], [2584, 1149, 2602, 3736, 2837, 2603, 1649, 2119], [1724, 1855, 3204, 3872, 3831, 2834, 4141, 46], [2837, 2714, 2806, 2687, 2807, 1939, 1875, 2059], [2840, 772, 1888, 2709, 2821, 578, 114, 2807], [2841, 3911, 2738, 1459, 4038, 2140, 731, 3612], [2714, 3043, 222, 3045, 3242, 1677, 218, 1329], [2373, 2366, 2876, 1019, 3420, 3320, 2848, 2842], [2843, 1846, 2850, 3144, 221, 2400, 4212, 1964], [1051, 3888, 397, 1336, 908, 4099, 3697, 1278], [3893, 1930, 2844, 1182, 1395, 1047, 3252, 3324], [2846, 294, 3847, 114, 2813, 1923, 221, 3144], [767, 3977, 2847, 2726, 3889, 1008, 2807, 3427], [1966, 2848, 2690, 1494, 3752, 2799, 1444, 1406], [579, 772, 2601, 3318, 4177, 1584, 3093, 1413], [2850, 2877, 2712, 2852, 2404, 1534, 2227, 839], [2805, 2807, 2851, 3242, 2473, 2850, 151, 737], [2852, 2796, 2707, 2857, 3242, 2688, 2429, 4019], [4036, 1102, 93, 1170, 1886, 1053, 1330, 119], [2179, 1369, 2855, 2618, 926, 2111, 3727, 3263], [987, 3053, 2059, 334, 2745, 1005, 221, 2049], [2339, 3219, 1866, 3456, 68, 1767, 3613, 852], [1748, 2862, 266, 3760, 792, 181, 4052, 2947], [2863, 4160, 242, 2869, 2163, 1852, 1599, 3189], [3592, 3766, 1220, 3919, 3252, 3712, 3762, 1202], [2865, 2495, 3752, 2803, 2887, 2852, 2857, 2817], [1244, 2868, 2278, 157, 2866, 2394, 2514, 917], [389, 1746, 3314, 3919, 3326, 3320, 3741, 1821], [2867, 3178, 3516, 3504, 2806, 1479, 1622, 2019], [4146, 2533, 1591, 1969, 2869, 1609, 4152, 3451], [2706, 2715, 2801, 2902, 2704, 2876, 2865, 2811], [2871, 1261, 2227, 1483, 2882, 3991, 2877, 3976], [3759, 2882, 3697, 3991, 614, 126, 618, 2872], [3991, 3759, 3697, 2871, 2882, 2877, 2317, 614], [3759, 2882, 2558, 614, 3697, 3991, 2877, 2871], [3992, 2880, 2876, 2873, 3755, 3187, 1488, 3281], [2874, 1505, 4103, 3277, 4074, 4095, 2278, 3977], [2877, 3277, 2220, 2872, 2876, 3139, 3281, 272], [1019, 2867, 2877, 3574, 2876, 2891, 3158, 2088], [2878, 2876, 3187, 3958, 2696, 2094, 3157, 3158], [2902, 2704, 2692, 2857, 2865, 2684, 2801, 2879], [2881, 600, 3877, 1852, 789, 3831, 2878, 2727], [2882, 2884, 3991, 3831, 3697, 1278, 600, 2140], [1830, 1729, 943, 476, 2883, 903, 1886, 2685], [2884, 1724, 1855, 3204, 809, 3991, 1483, 1729], [416, 2876, 615, 2878, 3934, 250, 757, 839], [2892, 2902, 2857, 1729, 2707, 3307, 2865, 2789], [2889, 3352, 3135, 1470, 288, 335, 583, 3027], [2805, 2892, 3636, 2953, 2712, 2707, 2796, 1166], [3982, 1291, 1388, 1046, 3447, 358, 3815, 3287], [2894, 2769, 3178, 3768, 1752, 3242, 2946, 332], [2897, 3504, 2302, 4042, 3242, 3764, 1584, 2805], [2745, 2898, 1011, 1005, 987, 2900, 3242, 2805], [2084, 78, 138, 4131, 273, 348, 2900, 424], [2841, 2019, 1100, 4023, 4027, 3930, 752, 2894], [202, 668, 899, 3704, 65, 1130, 849, 56], [2902, 2865, 2708, 2704, 2801, 1366, 2684, 3242], [3242, 2904, 2806, 2902, 2898, 3752, 3756, 1875], [2902, 1177, 2904, 2905, 2857, 2865, 2689, 2692]]}, "num_translations": 1, "text_top1": 0.32167832167832167, "text_top5": 0.5454545454545454, "text_top10": 0.6363636363636364}