{"num_src_sents": 841, "plautus_1862_1": {"tgt_lang": "de", "transl_top1": 0.011890606420927468, "transl_top5": 0.0535077288941736, "transl_top10": 0.07728894173602854, "num_nulls": 0, "num_tgt_sents": 4446}, "plautus_1866_2": {"tgt_lang": "de", "transl_top1": 0.007134363852556481, "transl_top5": 0.034482758620689655, "transl_top10": 0.054696789536266346, "num_nulls": 0, "num_tgt_sents": 4445}, "plautus_3_1855": {"tgt_lang": "de", "transl_top1": 0.04042806183115339, "transl_top5": 0.10107015457788347, "transl_top10": 0.1367419738406659, "num_nulls": 0, "num_tgt_sents": 5003}, "plautus_4_1855": {"tgt_lang": "de", "transl_top1": 0.009512485136741973, "transl_top5": 0.04518430439952437, "transl_top10": 0.07847800237812129, "num_nulls": 0, "num_tgt_sents": 5818}, "num_translations": 4, "text_top1": 0.017241379310344827, "text_top5": 0.058561236623067774, "text_top10": 0.08680142687277052}