{"num_src_sents": 720, "sophocles_1873_1": {"tgt_lang": "de", "transl_top1": 0.043055555555555555, "transl_top5": 0.09861111111111111, "transl_top10": 0.12638888888888888, "num_nulls": 0, "num_tgt_sents": 5570}, "sophocles_1804": {"tgt_lang": "de", "transl_top1": 0.0375, "transl_top5": 0.07083333333333333, "transl_top10": 0.1, "num_nulls": 0, "num_tgt_sents": 1282}, "sophocles_1811": {"tgt_lang": "it", "transl_top1": 0.009722222222222222, "transl_top5": 0.075, "transl_top10": 0.14166666666666666, "num_nulls": 389, "num_tgt_sents": 153}, "sophocles_1907": {"tgt_lang": "it", "transl_top1": 0.043055555555555555, "transl_top5": 0.1125, "transl_top10": 0.16111111111111112, "num_nulls": 0, "num_tgt_sents": 11699}, "greekDramas_1912": {"tgt_lang": "en", "transl_top1": 0.0625, "transl_top5": 0.13055555555555556, "transl_top10": 0.1597222222222222, "num_nulls": 0, "num_tgt_sents": 8924}, "sophocles_1905_en": {"tgt_lang": "en", "transl_top1": 0.2638888888888889, "transl_top5": 0.4166666666666667, "transl_top10": 0.49166666666666664, "num_nulls": 0, "num_tgt_sents": 10564}, "num_translations": 6, "text_top1": 0.07662037037037037, "text_top5": 0.15069444444444444, "text_top10": 0.19675925925925924}