{"num_src_sents": 275, "philo_4_1855": {"tgt_lang": "en", "transl_top1": 0.02181818181818182, "transl_top5": 0.06545454545454546, "transl_top10": 0.09454545454545454, "num_nulls": 0, "num_tgt_sents": 7517}, "philo_2_1854": {"tgt_lang": "en", "transl_top1": 0.01090909090909091, "transl_top5": 0.06181818181818182, "transl_top10": 0.09454545454545454, "num_nulls": 0, "num_tgt_sents": 7912}, "philo_1_1854": {"tgt_lang": "en", "transl_top1": 0.4290909090909091, "transl_top5": 0.6509090909090909, "transl_top10": 0.7418181818181818, "num_nulls": 0, "num_tgt_sents": 8507}, "num_translations": 3, "text_top1": 0.15393939393939393, "text_top5": 0.2593939393939394, "text_top10": 0.3103030303030303}