{"num_src_sents": 22, "plutarch_2_1908": {"tgt_lang": "en", "transl_top1": 0.13636363636363635, "transl_top5": 0.18181818181818182, "transl_top10": 0.36363636363636365, "num_nulls": 0, "num_tgt_sents": 5773}, "plutarch_1_1906": {"tgt_lang": "en", "transl_top1": 0.045454545454545456, "transl_top5": 0.18181818181818182, "transl_top10": 0.22727272727272727, "num_nulls": 0, "num_tgt_sents": 6800}, "num_translations": 2, "text_top1": 0.09090909090909091, "text_top5": 0.18181818181818182, "text_top10": 0.29545454545454547}