{"num_src_sents": 8249, "strabo_1856": {"tgt_lang": "de", "transl_top1": 0.24039277488180386, "transl_top5": 0.30840101830524913, "transl_top10": 0.3347072372408777, "num_nulls": 585, "num_tgt_sents": 9048}, "strabo_1858": {"tgt_lang": "de", "transl_top1": 0.0008485877076009214, "transl_top5": 0.003151897199660565, "transl_top10": 0.0052127530609770885, "num_nulls": 1, "num_tgt_sents": 14926}, "num_translations": 4, "text_top1": 0.0603103406473512, "text_top5": 0.07788822887622743, "text_top10": 0.08497999757546369}