{"num_src_sents": 611, "luciusSamosata_1824": {"tgt_lang": "fr", "transl_top1": 0.20949263502454993, "transl_top5": 0.37479541734860883, "transl_top10": 0.469721767594108, "num_nulls": 0, "num_tgt_sents": 4164}, "xenophon_1863": {"tgt_lang": "it", "transl_top1": 0.5319148936170213, "transl_top5": 0.7725040916530278, "transl_top10": 0.8788870703764321, "num_nulls": 0, "num_tgt_sents": 1501}, "num_translations": 2, "text_top1": 0.3707037643207856, "text_top5": 0.5736497545008183, "text_top10": 0.67430441898527}