{"num_src_sents": 445, "aeschylus_1909": {"tgt_lang": "en", "transl_top1": 0.31235955056179776, "transl_top5": 0.47191011235955055, "transl_top10": 0.5550561797752809, "num_nulls": 0, "num_tgt_sents": 5369}, "greekDramas_1912": {"tgt_lang": "en", "transl_top1": 0.07640449438202247, "transl_top5": 0.14157303370786517, "transl_top10": 0.18651685393258427, "num_nulls": 0, "num_tgt_sents": 8924}, "aeschylus_1872": {"tgt_lang": "fr", "transl_top1": 0.1146067415730337, "transl_top5": 0.20898876404494382, "transl_top10": 0.2651685393258427, "num_nulls": 1, "num_tgt_sents": 3725}, "aeschylus_1886": {"tgt_lang": "en", "transl_top1": 0.19775280898876405, "transl_top5": 0.3595505617977528, "transl_top10": 0.4404494382022472, "num_nulls": 0, "num_tgt_sents": 6446}, "aeschylus_1888": {"tgt_lang": "en", "transl_top1": 0.2943820224719101, "transl_top5": 0.46292134831460674, "transl_top10": 0.5528089887640449, "num_nulls": 0, "num_tgt_sents": 5644}, "aeschylus_1868": {"tgt_lang": "de", "transl_top1": 0.0449438202247191, "transl_top5": 0.10561797752808989, "transl_top10": 0.1348314606741573, "num_nulls": 0, "num_tgt_sents": 5499}, "num_translations": 6, "text_top1": 0.17340823970037453, "text_top5": 0.2917602996254682, "text_top10": 0.35580524344569286}