{"num_src_sents": 555, "virgil_1_1855": {"tgt_lang": "de", "transl_top1": 0.4540540540540541, "transl_top5": 0.6306306306306306, "transl_top10": 0.6864864864864865, "num_nulls": 0, "num_tgt_sents": 8279}, "lucretius_virgil_valeriusFlaccus_1857": {"tgt_lang": "fr", "transl_top1": 0.518918918918919, "transl_top5": 0.6972972972972973, "transl_top10": 0.7621621621621621, "num_nulls": 0, "num_tgt_sents": 19813}, "virgil_1_nd": {"tgt_lang": "fr", "transl_top1": 0.5927927927927928, "transl_top5": 0.7603603603603604, "transl_top10": 0.8378378378378378, "num_nulls": 0, "num_tgt_sents": 4216}, "virgil_2_nd": {"tgt_lang": "fr", "transl_top1": 0.012612612612612612, "transl_top5": 0.04504504504504504, "transl_top10": 0.07387387387387387, "num_nulls": 0, "num_tgt_sents": 4960}, "num_translations": 4, "text_top1": 0.3945945945945946, "text_top5": 0.5333333333333333, "text_top10": 0.5900900900900901}