{"num_src_sents": 48, "plutarch_1898_ethical": {"tgt_lang": "en", "transl_top1": 0.3541666666666667, "transl_top5": 0.4375, "transl_top10": 0.5208333333333334, "num_nulls": 0, "num_tgt_sents": 5242, "retrieval_preds": [[1883, 2056, 1660, 3902, 1762, 1978, 4890, 1119], [1884, 3531, 2008, 1913, 2298, 4264, 3536, 3960], [1885, 860, 1491, 858, 1805, 4195, 4950, 3634], [1767, 1705, 1009, 4251, 3467, 874, 2520, 1889], [1890, 953, 1705, 3643, 1653, 867, 2060, 726], [1892, 89, 4708, 1907, 3568, 3307, 4627, 2907], [1893, 4708, 591, 4899, 3894, 5028, 2579, 194], [1894, 2145, 2187, 1370, 4609, 406, 2657, 144], [1896, 3492, 1637, 1979, 4326, 3939, 874, 1278], [1897, 976, 706, 819, 3827, 1236, 1182, 4006], [1898, 3310, 3616, 4138, 1950, 587, 3850, 3570], [1899, 2173, 4292, 1838, 2214, 4575, 620, 1130], [2988, 3789, 364, 4282, 3066, 362, 144, 1521], [3457, 2661, 3066, 4319, 2657, 4949, 1805, 1838], [1898, 4339, 2099, 2056, 2231, 2378, 748, 2015], [2116, 1805, 2253, 1986, 2483, 1547, 3914, 2194], [1913, 1508, 3602, 349, 3996, 465, 2685, 3395], [3457, 349, 1513, 2577, 1518, 343, 4607, 3066], [1916, 4775, 4515, 1444, 1878, 2507, 4436, 3552], [1917, 1680, 1537, 4090, 3818, 4949, 1913, 1508], [1919, 3087, 2157, 4085, 2984, 769, 1536, 1988], [1920, 1884, 1895, 2679, 2792, 2154, 1981, 1578], [953, 1767, 1009, 1923, 812, 2056, 557, 744], [1926, 1009, 1713, 2232, 1962, 1637, 2016, 889], [3602, 3983, 1604, 3315, 1508, 3598, 2623, 1928], [417, 3752, 855, 4435, 4457, 1931, 3337, 1543], [947, 2072, 1599, 3597, 2270, 1913, 814, 1534], [1653, 2194, 2232, 2056, 1466, 3911, 2378, 1788], [1942, 1888, 2116, 4600, 3543, 2292, 1936, 3293], [1943, 2250, 2253, 2158, 2483, 4480, 2015, 2738], [1944, 708, 2432, 1987, 905, 1986, 1889, 1761], [2378, 4146, 1944, 4251, 2253, 3616, 744, 1751], [1950, 814, 4666, 1927, 1961, 3996, 1986, 2252], [2893, 4217, 847, 4972, 4587, 2440, 3296, 2039], [1952, 345, 948, 1970, 2907, 2083, 1914, 2490], [1953, 2624, 2907, 2630, 100, 1859, 1950, 345], [1954, 2060, 818, 206, 2317, 2404, 817, 4883], [1955, 1761, 1950, 657, 905, 2539, 1986, 1466], [1956, 866, 1537, 2120, 2062, 1076, 2407, 1653], [1959, 1927, 1913, 1917, 4138, 2957, 2314, 1961], [1960, 1905, 961, 568, 1451, 1377, 3941, 965], [1961, 2194, 1653, 1713, 2232, 1745, 3616, 888], [1962, 1393, 1395, 1495, 1461, 1394, 1466, 1400], [1964, 2584, 4629, 4231, 3087, 736, 4146, 5025], [1966, 3476, 4499, 1745, 3093, 889, 418, 1501], [2056, 1472, 2297, 2016, 3820, 1466, 2031, 4090], [1968, 1637, 3024, 1911, 1745, 2539, 1495, 1870], [1969, 3742, 2562, 557, 2622, 2061, 1986, 2151]]}, "plutarch_2_1844": {"tgt_lang": "fr", "transl_top1": 0.0, "transl_top5": 0.0625, "transl_top10": 0.125, "num_nulls": 0, "num_tgt_sents": 7523, "retrieval_preds": [[2002, 6954, 3736, 5562, 7418, 4506, 2208, 978], [5984, 753, 2544, 7192, 5580, 5571, 5128, 87], [3798, 5222, 7013, 2078, 5445, 7438, 645, 2511], [5847, 2868, 5594, 2262, 3619, 5916, 5685, 4506], [3693, 5562, 5641, 5731, 2561, 2785, 5601, 1653], [6880, 7288, 5590, 5539, 4609, 6977, 759, 7438], [6566, 6081, 5733, 4690, 887, 5596, 2161, 5556], [4115, 5990, 2831, 5258, 5114, 4503, 4781, 5129], [3791, 3500, 4289, 4262, 5943, 2995, 5503, 4201], [1540, 2790, 1554, 4020, 7418, 3280, 894, 2877], [5601, 4973, 7462, 5684, 5834, 5731, 7240, 5847], [1659, 5370, 7517, 4822, 5371, 6632, 5979, 6812], [6540, 5323, 4646, 7223, 3858, 2499, 2827, 5769], [7294, 3762, 7272, 6666, 5405, 2333, 790, 4115], [5847, 5562, 5682, 7008, 6896, 2468, 5685, 4890], [5847, 5445, 4983, 5159, 7272, 7127, 4973, 5503], [4548, 4562, 7497, 5017, 7462, 5791, 7406, 5604], [7272, 3709, 6941, 5983, 3928, 6471, 7294, 829], [4261, 2900, 5024, 4975, 5555, 1137, 1142, 5052], [7462, 4862, 4918, 7086, 7087, 7497, 6630, 7328], [2071, 7475, 3492, 2782, 3674, 4426, 648, 2608], [5984, 5818, 6573, 4632, 5539, 3967, 3803, 366], [5847, 5601, 2670, 5571, 5834, 5641, 5590, 4981], [4544, 1653, 7008, 5643, 4262, 5601, 2881, 5834], [2078, 4698, 6898, 5547, 7096, 4951, 7264, 4691], [5225, 5483, 5876, 5887, 4035, 2225, 502, 5552], [5596, 4454, 5590, 5826, 5834, 6880, 7455, 5445], [5847, 7055, 6838, 5979, 2431, 2262, 7008, 794], [2983, 3658, 3803, 4113, 3632, 7320, 5382, 7105], [2879, 2510, 779, 188, 3170, 5526, 5806, 3967], [7013, 4698, 5000, 5596, 5483, 5562, 3419, 7462], [3660, 2510, 5847, 4973, 5601, 2021, 5701, 2081], [5590, 7240, 6409, 5979, 5710, 5601, 5847, 5382], [1161, 504, 981, 66, 666, 400, 7452, 5350], [5811, 6405, 71, 5583, 5161, 384, 5590, 6409], [5811, 6409, 5590, 5990, 5836, 5636, 5831, 4603], [2561, 2553, 4800, 3356, 1569, 5673, 5701, 2252], [7240, 3805, 719, 5159, 2021, 7, 3248, 2508], [7008, 3660, 5847, 179, 238, 5979, 794, 648], [5527, 5834, 5831, 5641, 7320, 5667, 2439, 3791], [5571, 2931, 5834, 5831, 15, 4443, 2865, 4052], [7008, 5916, 5979, 5725, 6657, 5847, 5560, 5607], [5529, 4184, 4423, 4424, 3945, 4693, 4544, 5601], [4712, 3803, 3986, 7426, 2030, 7386, 3964, 4423], [2828, 3456, 4617, 4153, 5112, 4444, 3082, 6429], [5682, 5731, 5675, 3904, 3965, 3370, 3406, 7406], [7008, 3805, 7, 3052, 4096, 2996, 7240, 4423], [6081, 5445, 7467, 6265, 5114, 5826, 7195, 4609]]}, "plutarch_1_1844": {"tgt_lang": "fr", "transl_top1": 0.0625, "transl_top5": 0.16666666666666666, "transl_top10": 0.22916666666666666, "num_nulls": 0, "num_tgt_sents": 8121, "retrieval_preds": [[2630, 4898, 8012, 2200, 5315, 2370, 897, 2841], [2633, 6436, 2598, 2549, 4148, 2637, 1560, 1382], [2634, 919, 4746, 562, 126, 2374, 4949, 842], [4825, 7508, 7510, 1364, 8012, 239, 3874, 2638], [2643, 1669, 4059, 4114, 1355, 1413, 1547, 1455], [2646, 2712, 2714, 2655, 2746, 5981, 1943, 2615], [2647, 2964, 1586, 2567, 198, 1537, 1399, 1382], [1613, 3718, 2844, 878, 4554, 915, 2295, 3139], [3556, 2362, 2187, 981, 261, 4765, 923, 3685], [2653, 6781, 5253, 5344, 6821, 6779, 8069, 697], [1495, 2712, 1862, 2655, 2370, 2654, 1407, 3642], [1367, 1649, 1702, 2862, 1642, 708, 2855, 409], [1370, 848, 2035, 2806, 6991, 710, 556, 639], [5382, 6772, 1302, 979, 1754, 844, 1978, 6286], [1383, 1376, 2112, 2150, 3494, 1669, 1355, 3642], [1570, 2063, 919, 1302, 2384, 3320, 640, 1936], [2674, 395, 1956, 5056, 394, 6572, 1411, 409], [1490, 7144, 5382, 34, 172, 5647, 6301, 1446], [2676, 2862, 1868, 3593, 203, 817, 281, 6456], [717, 851, 2066, 2245, 1048, 2674, 1346, 1031], [7986, 2124, 6166, 419, 1764, 6976, 494, 4615], [2681, 2683, 2692, 2687, 2712, 2633, 2646, 2665], [2682, 1413, 1411, 4825, 1355, 2685, 1439, 1407], [4447, 2135, 1411, 3816, 2384, 2685, 1413, 1383], [1878, 919, 2686, 1885, 2687, 229, 1106, 1391], [640, 923, 2384, 1568, 2239, 6482, 4835, 397], [3868, 2744, 1833, 1969, 1891, 2625, 2491, 1943], [1570, 1669, 2190, 2384, 4825, 2063, 2112, 1547], [2701, 1978, 2194, 2142, 1062, 1910, 968, 2668], [2703, 1439, 2704, 5409, 4446, 3693, 2063, 7937], [1379, 1411, 2004, 1299, 1377, 4447, 2362, 1878], [1871, 2685, 1570, 2063, 3320, 2384, 2571, 2585], [1511, 1407, 2685, 7543, 6865, 2687, 2625, 2188], [3691, 6617, 6973, 6177, 6056, 6719, 1595, 6953], [1493, 2072, 2723, 2718, 1392, 5567, 1963, 2668], [2604, 2006, 2574, 2724, 2568, 1814, 5593, 2714], [2643, 2725, 1494, 1850, 4059, 2918, 377, 6418], [3021, 1383, 4002, 1379, 1439, 6910, 2714, 1850], [7614, 7928, 2242, 3000, 7555, 1455, 7540, 5858], [2685, 3879, 4114, 2674, 2736, 2677, 491, 1104], [1419, 2737, 1840, 2682, 2663, 4667, 1413, 2649], [4498, 1364, 1570, 1292, 2190, 1669, 2362, 2112], [1534, 1258, 4657, 3556, 3945, 2744, 2685, 4441], [2747, 1640, 3232, 1570, 4002, 1604, 1620, 2585], [2370, 2362, 4888, 1570, 1149, 4720, 1643, 2384], [3642, 1427, 1439, 1669, 4114, 905, 1833, 3370], [7339, 3726, 4002, 1871, 261, 3767, 4888, 3594], [2758, 1415, 2744, 1377, 1376, 1391, 2647, 1783]]}, "num_translations": 3, "text_top1": 0.1388888888888889, "text_top5": 0.22222222222222224, "text_top10": 0.2916666666666667}