{"num_src_sents": 94, "demosthenes_1902": {"tgt_lang": "en", "transl_top1": 0.3617021276595745, "transl_top5": 0.5638297872340425, "transl_top10": 0.6595744680851063, "num_nulls": 0, "num_tgt_sents": 6778, "retrieval_preds": [[5213, 3287, 5059, 2850, 5485, 4203, 5354, 4716], [2983, 2855, 3781, 4133, 2144, 2858, 2435, 1696], [2856, 4695, 1117, 4589, 2295, 4491, 4902, 5077], [2857, 2878, 4802, 3185, 1043, 3426, 3459, 2317], [2858, 484, 3781, 119, 76, 181, 439, 564], [2837, 2862, 145, 2858, 175, 2277, 396, 2954], [2863, 2202, 2212, 2483, 5847, 2416, 6758, 1875], [2864, 5187, 2777, 952, 2779, 1782, 2913, 1781], [4863, 5384, 5460, 2939, 4839, 1604, 5548, 5488], [2868, 5029, 4780, 2324, 503, 3741, 1950, 4715], [4946, 1691, 5363, 3315, 5224, 5513, 3304, 1507], [2871, 1333, 3605, 5160, 1153, 807, 4178, 5458], [4076, 2810, 5367, 5513, 1507, 5017, 5111, 3727], [842, 2882, 4885, 2873, 2876, 2335, 2782, 3426], [2874, 3315, 4178, 2485, 2651, 3310, 4742, 3307], [5384, 5033, 2876, 4925, 3425, 1107, 1117, 806], [4802, 3416, 3396, 5384, 2602, 842, 2630, 5507], [3386, 2531, 4544, 3415, 566, 5232, 974, 2934], [2894, 5149, 5180, 2309, 5112, 5234, 2295, 2784], [2882, 4885, 3139, 5213, 779, 3426, 5222, 2965], [2884, 2885, 2883, 2842, 2940, 2914, 208, 2834], [2885, 2330, 2844, 2919, 916, 2918, 2940, 4906], [2954, 4925, 396, 3230, 2939, 2982, 3587, 1185], [2889, 1480, 1408, 2680, 3293, 3287, 1770, 4237], [842, 2574, 2581, 2584, 2442, 3262, 3954, 2876], [2952, 2563, 2847, 2891, 5339, 2982, 1119, 2485], [3605, 5303, 2919, 5341, 5296, 2907, 3709, 1779], [2260, 2820, 2896, 5027, 3310, 1968, 4707, 245], [2897, 5362, 2899, 4854, 2783, 3064, 3448, 1886], [2898, 655, 2908, 602, 1968, 3306, 1967, 130], [2716, 608, 2899, 2897, 5152, 2783, 5519, 3448], [310, 2489, 60, 115, 369, 2902, 2432, 2954], [2903, 3459, 1102, 4802, 873, 228, 2794, 842], [756, 2984, 1540, 2740, 2904, 5109, 629, 5073], [3386, 2182, 5017, 940, 3492, 2742, 566, 4084], [5007, 3632, 6646, 5584, 1018, 3255, 3597, 3613], [3139, 2882, 2906, 5213, 5034, 4802, 5088, 3521], [2908, 2954, 155, 2907, 3296, 247, 4538, 932], [2909, 2966, 3331, 2483, 5418, 2388, 2982, 2488], [2910, 2269, 3315, 4851, 2651, 5090, 2158, 3842], [2918, 2919, 3446, 2911, 3715, 2939, 2907, 5296], [2908, 2919, 1332, 2912, 2913, 1098, 4180, 3274], [2646, 3310, 2874, 804, 2894, 2815, 3130, 3071], [2914, 2885, 3090, 2842, 2940, 256, 1721, 2844], [5466, 2907, 2256, 51, 4358, 2861, 4361, 89], [2791, 89, 2938, 2917, 4564, 1612, 3316, 210], [2918, 2919, 3446, 2819, 2917, 2911, 2089, 2885], [2919, 3466, 2918, 5547, 3310, 4508, 3316, 3715], [2920, 2852, 2891, 1818, 1346, 2836, 1585, 2976], [1117, 5403, 2921, 1537, 2894, 5197, 5507, 5100], [4925, 1107, 1890, 2080, 2954, 460, 3722, 2602], [2925, 3481, 1963, 530, 2955, 541, 2820, 2312], [2933, 1545, 2809, 2254, 5347, 1720, 2926, 415], [2930, 2982, 2844, 3651, 2837, 2833, 3649, 2439], [911, 2919, 4413, 2330, 208, 3172, 3466, 210], [2933, 5375, 1301, 808, 4652, 5384, 5480, 2939], [2677, 3237, 1686, 1719, 2670, 5152, 4448, 2723], [2937, 1132, 5234, 2933, 2810, 4959, 4691, 3991], [2938, 3253, 974, 5075, 1785, 1935, 1086, 2945], [5007, 3632, 6646, 5584, 1018, 3255, 3597, 3613], [2939, 2933, 5032, 5384, 2874, 5228, 2713, 3715], [2940, 5573, 2954, 5588, 5168, 2760, 4647, 4807], [3878, 3587, 1792, 369, 3425, 1429, 3675, 2760], [2951, 5354, 2985, 2630, 1785, 1431, 842, 2795], [2814, 5142, 4428, 5079, 1091, 2952, 5082, 2194], [1325, 4418, 3162, 2752, 2936, 4609, 370, 1317], [2954, 4925, 3296, 5207, 5160, 4807, 1836, 3763], [5358, 5510, 5370, 4742, 2874, 934, 5513, 4654], [2957, 2489, 1245, 3262, 1159, 4063, 2808, 1138], [5007, 3632, 6646, 5584, 1018, 3255, 3597, 3613], [5584, 1579, 1018, 3255, 3597, 3613, 368, 2992], [2939, 228, 3709, 2816, 5555, 5355, 2686, 5027], [2961, 2919, 1052, 4371, 3072, 5596, 3468, 3274], [4377, 269, 4885, 5029, 5234, 5149, 2919, 1241], [2964, 2732, 1572, 3458, 4502, 1610, 1126, 5506], [2966, 2177, 2982, 208, 2340, 2979, 4691, 2930], [2954, 3642, 2330, 2472, 2885, 2868, 2968, 572], [2969, 4564, 5494, 5152, 2811, 1241, 5579, 3410], [2936, 2516, 2971, 1126, 1610, 3589, 2696, 2819], [2972, 2985, 1828, 3699, 1716, 1785, 2317, 3676], [2983, 2974, 2855, 3274, 1658, 2808, 564, 2982], [2046, 4593, 413, 2936, 3120, 1853, 1380, 5046], [2908, 5546, 5542, 2977, 1061, 1104, 664, 2260], [2978, 2862, 3307, 2701, 1218, 1199, 2484, 210], [2982, 2979, 1107, 2980, 3605, 4742, 2694, 2760], [2982, 4925, 1429, 369, 3729, 5458, 4807, 3675], [2983, 406, 3411, 1330, 1869, 1762, 2246, 3591], [5007, 3632, 6646, 5584, 1018, 3255, 3597, 3613], [3466, 269, 4377, 2985, 5367, 4885, 3457, 95], [2987, 2936, 5358, 2939, 3538, 5507, 2646, 2256], [510, 3061, 4097, 3605, 1084, 4889, 1698, 5469], [3386, 2583, 3253, 1939, 3615, 2827, 978, 966], [5584, 1579, 1018, 3255, 3597, 3613, 368, 2992], [5007, 3632, 6646, 5584, 1018, 3255, 3597, 3613]]}, "demosthenes_aeschynes_1861": {"tgt_lang": "fr", "transl_top1": 0.02127659574468085, "transl_top5": 0.05319148936170213, "transl_top10": 0.1276595744680851, "num_nulls": 0, "num_tgt_sents": 36182,