{"num_src_sents": 83, "demosthenes_aeschynes_1861": {"tgt_lang": "fr", "transl_top1": 0.0, "transl_top5": 0.03614457831325301, "transl_top10": 0.07228915662650602, "num_nulls": 0, "num_tgt_sents": 36182, "retrieval_preds": [[31919, 28954, 27616, 28611, 27801, 27638, 27641, 30630], [19225, 18118, 27202, 20395, 11292, 31583, 13499, 34510], [30339, 35425, 35589, 13688, 3899, 13064, 16913, 8806], [9436, 3942, 34539, 8191, 34897, 2983, 8816, 15860], [28620, 14865, 31101, 5908, 12970, 701, 14918, 19498], [28621, 28279, 28173, 912, 28633, 27823, 28310, 13186], [28611, 28279, 27801, 28169, 28173, 27733, 27644, 28175], [28279, 28715, 27801, 27641, 28633, 27797, 25201, 13186], [28628, 28625, 28633, 16770, 3354, 23856, 17914, 15522], [28633, 28310, 17914, 28715, 15465, 16961, 20322, 4948], [29957, 26409, 34857, 10683, 9808, 26455, 9696, 25406], [28633, 12371, 28636, 14067, 28713, 27839, 13187, 12670], [28636, 28633, 18441, 21079, 12371, 4187, 23830, 26230], [31956, 32206, 25329, 25541, 24846, 28711, 23635, 30738], [20283, 30211, 1070, 4791, 3276, 3535, 4848, 20380], [28610, 31608, 16405, 17586, 16384, 9803, 28641, 31541], [28316, 7415, 9773, 6996, 9539, 18367, 18165, 7062], [7975, 9058, 4783, 27278, 1080, 12267, 28696, 26423], [16151, 9238, 20756, 14185, 9334, 4560, 34513, 26226], [16312, 4589, 15295, 3052, 15042, 17445, 5785, 7053], [29781, 9539, 22790, 9238, 6883, 9053, 9108, 6947], [12539, 13716, 19170, 16973, 10146, 12117, 18367, 17032], [18089, 11512, 3278, 20285, 8155, 28039, 11771, 3276], [20285, 3278, 30211, 16654, 3276, 3535, 4848, 20380], [20283, 1070, 1242, 3520, 23653, 23137, 18064, 20384], [8900, 31541, 8909, 35437, 34899, 6966, 27395, 35608], [4560, 19435, 19442, 7511, 35483, 16312, 34840, 22790], [32401, 4560, 10594, 32871, 23780, 92, 762, 10842], [33933, 29007, 24787, 23637, 5987, 9391, 32741, 28927], [20283, 1070, 23653, 3520, 1242, 18064, 20384, 27860], [15056, 9238, 21541, 20756, 6028, 16312, 23745, 7456], [21785, 9914, 9238, 14381, 15370, 8816, 19029, 9008], [9122, 15850, 16907, 13688, 13048, 34075, 4189, 34196], [13688, 15218, 17588, 14072, 24356, 15203, 30939, 15850], [7062, 30827, 9245, 18107, 11698, 7359, 11292, 32455], [21099, 15747, 28482, 29794, 3956, 32280, 6046, 21380], [13711, 4187, 20519, 16913, 4472, 4202, 23025, 17472], [31038, 18465, 10541, 6876, 32212, 128, 28307, 9695], [8053, 23003, 10082, 31202, 20591, 18473, 5770, 34976], [3380, 35816, 2610, 19197, 6828, 13638, 21433, 22001], [35497, 19715, 15225, 26123, 29763, 14222, 4560, 7202], [4881, 21139, 25364, 12619, 20077, 5918, 29510, 32005], [28715, 21812, 6947, 17580, 5559, 4219, 35497, 18438], [16411, 32090, 20575, 28706, 8985, 4652, 35208, 31101], [34818, 7506, 28307, 23462, 13613, 3617, 19225, 13557], [8247, 26146, 25541, 8421, 9444, 13197, 26874, 6896], [31330, 3532, 27765, 27011, 23390, 12777, 25398, 20303], [20283, 30211, 1070, 4791, 3276, 3535, 4848, 20380], [13579, 3681, 17576, 5785, 4560, 28715, 16151, 7202], [30281, 4587, 6950, 32889, 9531, 9874, 35871, 25803], [24258, 8058, 7021, 19029, 13979, 29165, 7359, 5407], [26409, 30879, 26459, 2606, 34543, 15898, 11252, 35016], [8191, 14072, 15816, 35425, 4354, 7359, 17739, 14761], [28715, 26249, 17445, 20678, 5852, 33553, 5785, 4560], [12398, 13274, 33060, 7210, 33692, 32928, 23759, 31981], [28730, 28600, 23405, 24258, 28633, 25929, 26651, 24122], [28733, 31233, 22923, 30853, 14879, 26520, 8838, 7215], [15281, 25647, 34462, 2112, 29012, 13729, 21611, 14041], [10290, 29878, 18898, 8201, 21522, 34165, 7433, 32705], [9238, 15370, 21785, 20519, 9015, 15871, 5509, 8930], [7624, 20711, 21556, 4202, 5704, 16427, 28747, 6315], [25327, 15155, 35587, 20581, 6013, 13398, 22948, 7092], [28750, 6376, 32540, 27786, 31389, 33848, 32586, 29330], [20283, 1070, 1242, 3520, 23653, 23137, 18064, 20384], [9015, 31839, 29113, 9008, 32387, 7062, 13907, 29969], [9870, 1578, 17204, 14958, 14702, 9765, 9383, 25424], [9015, 9238, 15225, 4372, 9896, 29781, 28316, 10712], [33317, 28757, 20837, 25901, 35003, 17131, 25908, 29818], [30707, 31946, 15582, 25763, 21552, 23990, 10759, 29378], [20283, 1070, 1242, 3520, 23653, 23137, 18064, 20384], [24157, 24258, 10167, 16281, 14061, 11053, 26106, 9383], [13986, 5661, 3028, 25228, 3944, 12025, 14112, 28832], [3023, 6028, 4456, 3052, 7126, 8717, 7431, 35497], [6367, 28633, 28310, 28507, 15056, 13162, 28706, 7905], [24125, 26428, 26230, 28636, 14070, 25564, 13982, 17032], [31330, 3532, 27765, 27011, 23390, 12777, 25398, 20303], [3278, 3276, 3535, 4848, 20380, 4139, 13072, 29801], [20283, 1070, 1242, 3520, 23653, 23137, 18064, 20384], [9383, 15295, 9436, 26651, 14816, 16913, 15860, 21812], [15871, 5509, 15295, 34436, 15370, 35425, 29781, 8489], [17249, 13871, 28786, 16460, 30888, 17747, 10952, 5095], [32705, 18556, 7603, 13242, 26804, 11813, 32563, 21538], [17739, 17576, 13683, 8191, 24371, 21019, 9914, 32621]]}, "demosthenes_1877": {"tgt_lang": "en", "transl_top1": 0.24096385542168675, "transl_top5": 0.42168674698795183, "transl_top10": 0.5060240963855421, "num_nulls": 0, "num_tgt_sents": 7775,