{"num_src_sents": 33, "corneliusNepos_1856": {"tgt_lang": "de", "transl_top1": 0.42424242424242425, "transl_top5": 0.5454545454545454, "transl_top10": 0.6666666666666666, "num_nulls": 0, "num_tgt_sents": 2320, "retrieval_preds": [[969, 981, 1237, 992, 1335, 96, 1637, 680], [87, 970, 1192, 2046, 2057, 1173, 1015, 2150], [971, 745, 1263, 887, 2174, 1335, 458, 373], [972, 1419, 1353, 1092, 481, 974, 1494, 674], [974, 842, 1435, 2077, 1382, 972, 2181, 1394], [975, 976, 85, 2054, 378, 2075, 992, 171], [977, 980, 1152, 159, 1272, 896, 976, 1318], [981, 781, 626, 2061, 478, 377, 777, 627], [1481, 1453, 981, 1112, 985, 1444, 327, 585], [982, 1291, 942, 360, 1453, 541, 1927, 1652], [983, 981, 1237, 235, 1255, 783, 987, 999], [984, 779, 518, 2046, 467, 286, 930, 315], [985, 503, 235, 225, 1744, 487, 1917, 255], [986, 611, 786, 1530, 947, 286, 1612, 626], [987, 992, 2265, 981, 127, 972, 1377, 120], [992, 981, 378, 124, 947, 1530, 1093, 986], [993, 1657, 2075, 1891, 994, 2199, 992, 496], [994, 114, 2043, 2276, 2077, 2277, 1398, 496], [995, 709, 2168, 1479, 205, 2144, 610, 1576], [996, 41, 149, 995, 757, 2111, 589, 2205], [998, 1918, 1666, 15, 1927, 804, 496, 401], [999, 1474, 2152, 1628, 1109, 593, 2143, 378], [1000, 981, 1066, 968, 1672, 395, 626, 958], [1003, 157, 1888, 250, 1049, 1248, 2123, 1984], [1004, 1481, 249, 96, 235, 992, 518, 626], [1005, 2091, 590, 724, 311, 2172, 1400, 1243], [1357, 984, 2244, 419, 1285, 2167, 733, 1737], [1007, 117, 1397, 1581, 1927, 2100, 325, 1008], [989, 410, 1368, 1008, 2154, 1574, 797, 1157], [1938, 1134, 1008, 1103, 1550, 245, 1326, 1353], [1009, 1097, 324, 1146, 1045, 182, 127, 376], [1011, 1557, 741, 753, 2118, 437, 2162, 545], [1012, 1979, 157, 1103, 1550, 1165, 1134, 1010]]}, "justin_cNepos_eutropius_1902": {"tgt_lang": "en", "transl_top1": 0.21212121212121213, "transl_top5": 0.36363636363636365, "transl_top10": 0.48484848484848486, "num_nulls": 0, "num_tgt_sents": 9841, "retrieval_preds": [[983, 369, 922, 5491, 5478, 5068, 9721, 5744], [5701, 4501, 5550, 8458, 2914, 8295, 6495, 5507], [5461, 1078, 5844, 5652, 1169, 515, 837, 2209], [5462, 2273, 5898, 1151, 2484, 3539, 6008, 3373], [5463, 999, 4405, 1180, 7756, 8439, 6593, 3383], [5464, 6542, 6563, 2682, 3024, 4663, 3913, 1614], [5466, 5644, 2512, 1194, 485, 4685, 2703, 2326], [5468, 456, 3606, 524, 6244, 7139, 277, 5801], [5469, 3832, 4017, 3725, 3894, 2217, 5457, 7793], [5470, 3125, 4042, 4390, 8364, 7125, 7852, 8303], [5471, 5468, 5301, 5744, 125, 6265, 1025, 936], [5473, 7245, 2262, 7440, 983, 4851, 5438, 5128], [2205, 3127, 3722, 3782, 3592, 5474, 2439, 4190], [5474, 5111, 1175, 2206, 2656, 8121, 5126, 2187], [5475, 1478, 308, 5462, 5477, 3137, 5512, 7045], [5477, 3513, 1478, 4704, 2187, 3782, 1418, 4174], [5478, 6563, 2923, 1439, 716, 2190, 972, 6382], [5479, 5480, 4696, 2190, 152, 6666, 999, 1185], [5481, 1368, 7891, 348, 5482, 1455, 175, 4763], [5483, 1623, 1370, 3303, 4285, 2056, 6591, 3212], [5485, 837, 3164, 7220, 6156, 4609, 6478, 5704], [5486, 6629, 4104, 1810, 5666, 6224, 5979, 5605], [5487, 9789, 5549, 8861, 5581, 7929, 5488, 8827], [5490, 4917, 7465, 1429, 3061, 7874, 6985, 8113], [5491, 983, 1162, 9067, 9122, 977, 2085, 8654], [5492, 7897, 6194, 4302, 5092, 1339, 263, 3195], [6999, 9810, 8613, 9462, 163, 2554, 9331, 3835], [5495, 6829, 6417, 584, 5259, 7502, 582, 7698], [6545, 1461, 5443, 3181, 2839, 3186, 1395, 7171], [5496, 959, 5599, 8298, 3790, 1177, 662, 5900], [5497, 4860, 5160, 2273, 2484, 3006, 5594, 5496], [4843, 5788, 6067, 8015, 5498, 6201, 1842, 3181], [1335, 5499, 1868, 3884, 2049, 959, 2194, 1181]]}, "num_translations": 2, "text_top1": 0.3181818181818182, "text_top5": 0.45454545454545453, "text_top10": 0.5757575757575757}