{"num_src_sents": 201, "isocrates_1835_5": {"tgt_lang": "de", "transl_top1": 0.09950248756218906, "transl_top5": 0.14427860696517414, "transl_top10": 0.17412935323383086, "num_nulls": 0, "num_tgt_sents": 4051}, "isocrates_1832_1": {"tgt_lang": "de", "transl_top1": 0.5323383084577115, "transl_top5": 0.6517412935323383, "transl_top10": 0.7562189054726368, "num_nulls": 0, "num_tgt_sents": 3528}, "num_translations": 2, "text_top1": 0.31592039800995025, "text_top5": 0.39800995024875624, "text_top10": 0.4651741293532338}