{"num_src_sents": 307, "cicero_1868_12": {"tgt_lang": "de", "transl_top1": 0.03257328990228013, "transl_top5": 0.05863192182410423, "transl_top10": 0.11400651465798045, "num_nulls": 0, "num_tgt_sents": 4651}, "cicero_1855-1892_11": {"tgt_lang": "de", "transl_top1": 0.7915309446254072, "transl_top5": 0.8697068403908795, "transl_top10": 0.9055374592833876, "num_nulls": 0, "num_tgt_sents": 4565}, "num_translations": 2, "text_top1": 0.41205211726384366, "text_top5": 0.4641693811074919, "text_top10": 0.509771986970684}