{"num_src_sents": 62, "ovid_1866-1897_3": {"tgt_lang": "de", "transl_top1": 0.016129032258064516, "transl_top5": 0.06451612903225806, "transl_top10": 0.0967741935483871, "num_nulls": 0, "num_tgt_sents": 7793, "retrieval_preds": [[5088, 6587, 956, 5398, 923, 455, 2642, 3839], [4122, 2000, 345, 4980, 2476, 1054, 1969, 1711], [5040, 3811, 2655, 794, 4411, 6657, 2438, 4907], [4073, 5587, 5578, 5520, 7185, 6019, 316, 2230], [7444, 417, 1891, 1170, 6942, 1543, 5522, 4479], [2086, 3808, 1721, 4663, 4157, 4786, 3155, 7431], [246, 7158, 6056, 7063, 7560, 4905, 5836, 1835], [4369, 967, 1161, 3936, 911, 5027, 1223, 6522], [3946, 6594, 1800, 4887, 2855, 5123, 4489, 6582], [2532, 394, 3196, 1724, 4234, 493, 514, 6609], [4866, 4427, 4239, 6921, 7586, 4790, 1195, 4638], [4238, 877, 5700, 5322, 2521, 6357, 5387, 2754], [1392, 1483, 3330, 3693, 6629, 3368, 4749, 4683], [5569, 4176, 4637, 2649, 4953, 4907, 3817, 4909], [4583, 7102, 838, 4661, 1514, 4960, 3185, 1821], [688, 717, 4417, 6300, 5165, 6015, 254, 2338], [622, 7028, 2883, 2878, 3430, 365, 5097, 321], [2593, 798, 2122, 843, 539, 7611, 7715, 2372], [691, 7106, 5122, 4867, 5970, 441, 1466, 4668], [1354, 3069, 6594, 2543, 4286, 4497, 3139, 250], [4432, 5607, 306, 4275, 5440, 3440, 6950, 7006], [7108, 1481, 1733, 4543, 1443, 4553, 4687, 2216], [7150, 7396, 6887, 7234, 3579, 1893, 5428, 4679], [2994, 1470, 6657, 3199, 210, 2815, 7147, 4150], [4812, 744, 5478, 851, 1215, 221, 169, 2468], [747, 3573, 5000, 7107, 5346, 1414, 1428, 4489], [1076, 6511, 2590, 4389, 4451, 5042, 7487, 494], [552, 2442, 441, 1462, 5970, 3593, 1506, 7106], [946, 309, 1558, 4856, 1151, 1184, 5191, 2342], [1831, 3682, 4950, 4628, 1250, 3376, 4096, 2112], [6913, 4749, 6827, 1515, 7103, 246, 324, 5680], [4353, 7207, 3990, 3329, 4626, 5150, 4749, 5675], [824, 1885, 2616, 6579, 4120, 808, 3264, 4060], [6659, 866, 3311, 1728, 1229, 3552, 5728, 4116], [6564, 3872, 3897, 188, 2835, 2023, 7310, 2083], [7373, 2759, 2661, 3847, 4820, 234, 225, 2494], [4932, 2665, 6619, 6708, 6639, 3888, 2776, 5541], [345, 1801, 4050, 419, 7292, 411, 4790, 2654], [1131, 345, 5791, 1396, 7586, 6657, 1839, 5250], [5522, 5917, 571, 6948, 7517, 245, 7427, 2169], [7447, 5912, 3728, 4712, 6772, 3408, 4149, 4151], [4345, 5159, 490, 1012, 6885, 1514, 4799, 2663], [3211, 5901, 7150, 7486, 1893, 3981, 7433, 7434], [2542, 435, 3053, 198, 5385, 300, 2277, 7310], [7234, 3763, 1887, 851, 2845, 2371, 6882, 216], [6766, 2707, 6020, 5833, 6068, 3822, 628, 2260], [5192, 5338, 2282, 3510, 5862, 3054, 1905, 5197], [5063, 245, 5097, 2000, 3271, 1094, 879, 1306], [1434, 5565, 5033, 3777, 1544, 5613, 5632, 5501], [2220, 1409, 1932, 2292, 435, 7314, 1300, 5092], [2469, 1576, 5776, 6098, 7251, 5461, 5809, 4354], [3773, 4090, 2969, 5044, 5491, 6067, 4422, 403], [1982, 345, 1983, 419, 2796, 6513, 1797, 5408], [2481, 2703, 2480, 6787, 3000, 3850, 5560, 3236], [5424, 5314, 7512, 525, 1886, 740, 4298, 7141], [2670, 4270, 5713, 1228, 373, 2268, 888, 21], [2166, 3237, 6586, 3793, 198, 2192, 4894, 2649], [2469, 562, 1525, 2132, 1869, 2066, 3766, 2306], [7059, 5550, 1322, 872, 6179, 2141, 4998, 6659], [6567, 2493, 547, 1761, 1895, 4156, 4794, 450], [2662, 300, 3135, 4790, 4414, 4082, 3225, 1801], [7586, 3160, 4859, 7258, 5994, 7246, 2469, 5757]]}, "ovid_1855-1890_1": {"tgt_lang": "de", "transl_top1": 0.16129032258064516, "transl_top5": 0.3064516129032258, "transl_top10": 0.41935483870967744, "num_nulls": 0, "num_tgt_sents": 7974, "retrieval_preds": [[4680, 4264, 4243, 4566, 3440, 5668, 636, 937], [3580, 1984, 4721, 4725, 537, 4086, 771, 5183], [4683, 1830, 2006, 4161, 1356, 731, 1709, 2985], [4685, 6189, 3571, 1350, 2486, 2966, 3521, 4925], [4686, 2465, 4504, 4934, 3712, 1410, 1184, 3507], [4687, 7678, 5412, 529, 5541, 4770, 2381, 4682], [4688, 5157, 2313, 1903, 2108, 5043, 220, 1942], [4689, 4151, 5296, 891, 4156, 7362, 7202, 3950], [4690, 1198, 4587, 3281, 1614, 5813, 2691, 6351], [4691, 3593, 3720, 5034, 6824, 6760, 2931, 5625], [3497, 1934, 4693, 2869, 5808, 3604, 6186, 7334], [5160, 5017, 6835, 6677, 6740, 6608, 6768, 7249], [4695, 4839, 6139, 4709, 7053, 3396, 1012, 2111], [4696, 3517, 3214, 1706, 4808, 1705, 3726, 5779], [4507, 4024, 5456, 4539, 676, 4144, 4458, 642], [3575, 1247, 2859, 3460, 5905, 1139, 2189, 4651], [2754, 4321, 3024, 2921, 6389, 2909, 6699, 5979], [4700, 3183, 6891, 3110, 2834, 3466, 891, 6899], [7161, 4701, 2126, 594, 2736, 6831, 3848, 1372], [4702, 2737, 2640, 2546, 811, 1490, 2719, 800], [1112, 1009, 4703, 2642, 2131, 4311, 5039, 5683], [4705, 7041, 5382, 331, 5035, 705, 6223, 6780], [4706, 845, 964, 2931, 2857, 846, 3720, 4178], [4707, 2855, 1237, 3174, 4155, 5378, 7294, 6863], [4708, 4838, 5436, 1314, 4050, 4208, 6262, 5288], [4709, 1561, 4281, 2451, 3012, 3868, 5668, 2305], [3509, 2546, 997, 2431, 2737, 1570, 3831, 3655], [2042, 698, 5324, 7288, 2736, 1178, 2685, 2908], [979, 4711, 3304, 3514, 2234, 3325, 3359, 3321], [4712, 3359, 7194, 2342, 4713, 4166, 3925, 2020], [4714, 3430, 452, 1451, 3320, 4450, 4199, 3742], [876, 4715, 652, 4161, 3861, 318, 1113, 1097], [4663, 4716, 6109, 1366, 6272, 2923, 2295, 629], [4718, 2080, 1778, 3662, 2381, 1732, 4725, 2796], [4719, 2691, 2562, 1795, 5813, 5695, 6789, 7043], [5973, 2581, 3303, 4925, 4907, 1258, 5273, 204], [4722, 2573, 1311, 789, 38, 2600, 328, 1985], [4724, 4739, 205, 1215, 4157, 2128, 3486, 3437], [4725, 741, 3580, 7334, 3912, 1346, 3605, 3633], [5033, 4726, 2705, 1182, 2369, 5744, 3596, 1986], [3227, 4366, 7188, 6915, 4176, 1069, 3341, 7198], [4727, 4458, 3179, 5422, 4018, 4147, 4575, 2427], [2931, 3809, 5999, 3720, 5721, 3555, 6943, 1766], [4730, 4967, 821, 3663, 282, 3230, 1204, 2669], [4731, 4178, 3678, 2865, 3521, 3549, 2961, 4854], [2616, 5701, 1015, 5996, 962, 6594, 1975, 2017], [4719, 5016, 6351, 3061, 4860, 3754, 6153, 4733], [1167, 2369, 6307, 4157, 1300, 7412, 901, 5360], [4963, 7156, 6309, 7480, 2052, 7455, 3373, 4232], [4735, 4739, 4282, 714, 6883, 53, 5404, 1574], [7189, 3985, 3921, 2471, 6924, 5836, 1469, 1831], [5152, 4738, 4865, 7132, 351, 1132, 1073, 6864], [4739, 617, 3663, 4907, 3865, 3632, 3261, 4724], [4740, 4726, 1352, 2079, 450, 5571, 1710, 479], [4741, 4492, 4597, 3813, 1610, 1689, 1007, 201], [7368, 2973, 6257, 1735, 5053, 2014, 3599, 650], [4743, 257, 4825, 4740, 1806, 4726, 4725, 6548], [5597, 5226, 2154, 5734, 5808, 689, 4136, 5318], [1360, 4769, 2661, 6638, 2939, 4616, 5910, 5570], [3055, 4682, 5085, 4088, 4620, 3438, 3876, 597], [4747, 2351, 3430, 7310, 753, 1355, 826, 3574], [1130, 1325, 7189, 2679, 886, 4978, 3390, 1111]]}, "ovid_1850": {"tgt_lang": "fr", "transl_top1": 0.0, "transl_top5": 0.03225806451612903, "transl_top10": 0.04838709677419355, "num_nulls": 0, "num_tgt_sents": 27705,