{"num_src_sents": 409, "aristotle_1_1908": {"tgt_lang": "en", "transl_top1": 0.09290953545232274, "transl_top5": 0.1687041564792176, "transl_top10": 0.2200488997555012, "num_nulls": 0, "num_tgt_sents": 4899}, "aristotle_1855-1907_5": {"tgt_lang": "de", "transl_top1": 0.07579462102689487, "transl_top5": 0.16136919315403422, "transl_top10": 0.20537897310513448, "num_nulls": 0, "num_tgt_sents": 6432}, "aristotle_2_1902": {"tgt_lang": "en", "transl_top1": 0.0024449877750611247, "transl_top5": 0.02689486552567237, "transl_top10": 0.05134474327628362, "num_nulls": 0, "num_tgt_sents": 7716}, "num_translations": 3, "text_top1": 0.05704971475142624, "text_top5": 0.11898940505297474, "text_top10": 0.1589242053789731}