{"num_src_sents": 280, "plutarch_1_1844": {"tgt_lang": "fr", "transl_top1": 0.010714285714285714, "transl_top5": 0.05714285714285714, "transl_top10": 0.08214285714285714, "num_nulls": 0, "num_tgt_sents": 8121}, "plutarch_2_1844": {"tgt_lang": "fr", "transl_top1": 0.33214285714285713, "transl_top5": 0.5678571428571428, "transl_top10": 0.6535714285714286, "num_nulls": 1, "num_tgt_sents": 7523}, "num_translations": 2, "text_top1": 0.17142857142857143, "text_top5": 0.3125, "text_top10": 0.3678571428571429}