{"num_src_sents": 2023, "polybius_1836": {"tgt_lang": "fr", "transl_top1": 0.15521502718734553, "transl_top5": 0.2481463173504696, "transl_top10": 0.3025210084033613, "num_nulls": 10, "num_tgt_sents": 20303}, "herodian_1860": {"tgt_lang": "fr", "transl_top1": 0.42560553633217996, "transl_top5": 0.6317350469599604, "transl_top10": 0.7152743450321305, "num_nulls": 0, "num_tgt_sents": 3345}, "herodian_1858": {"tgt_lang": "de", "transl_top1": 0.5823035096391498, "transl_top5": 0.7577854671280276, "transl_top10": 0.8230350963914977, "num_nulls": 0, "num_tgt_sents": 2285}, "num_translations": 3, "text_top1": 0.3877080243862251, "text_top5": 0.5458889438128192, "text_top10": 0.6136101499423299}