{"num_src_sents": 895, "cicero_1871_15": {"tgt_lang": "de", "transl_top1": 0.7016759776536313, "transl_top5": 0.829050279329609, "transl_top10": 0.888268156424581, "num_nulls": 2, "num_tgt_sents": 3588}, "cicero_1855-1895_16": {"tgt_lang": "de", "transl_top1": 0.004469273743016759, "transl_top5": 0.024581005586592177, "transl_top10": 0.04357541899441341, "num_nulls": 0, "num_tgt_sents": 5529}, "num_translations": 2, "text_top1": 0.35307262569832404, "text_top5": 0.42681564245810055, "text_top10": 0.4659217877094972}