{"num_src_sents": 21, "lucian_1829_10": {"tgt_lang": "de", "transl_top1": 0.0, "transl_top5": 0.09523809523809523, "transl_top10": 0.14285714285714285, "num_nulls": 0, "num_tgt_sents": 4222}, "num_translations": 1, "text_top1": 0.0, "text_top5": 0.09523809523809523, "text_top10": 0.14285714285714285}