{"num_src_sents": 88, "lysias_1856": {"tgt_lang": "de", "transl_top1": 0.3068181818181818, "transl_top5": 0.5227272727272727, "transl_top10": 0.6590909090909091, "num_nulls": 0, "num_tgt_sents": 5319}, "num_translations": 1, "text_top1": 0.3068181818181818, "text_top5": 0.5227272727272727, "text_top10": 0.6590909090909091}