{"num_src_sents": 423, "plutarch_1864-1867_14-20": {"tgt_lang": "de", "transl_top1": 0.009456264775413711, "transl_top5": 0.04491725768321513, "transl_top10": 0.06619385342789598, "num_nulls": 0, "num_tgt_sents": 6866}, "plutarch_4_1908": {"tgt_lang": "en", "transl_top1": 0.6997635933806147, "transl_top5": 0.8723404255319149, "transl_top10": 0.9385342789598109, "num_nulls": 0, "num_tgt_sents": 13066}, "plutarch_3_1908": {"tgt_lang": "en", "transl_top1": 0.0070921985815602835, "transl_top5": 0.0425531914893617, "transl_top10": 0.0591016548463357, "num_nulls": 0, "num_tgt_sents": 6633}, "plutarch_1855-1903_4": {"tgt_lang": "de", "transl_top1": 0.014184397163120567, "transl_top5": 0.04491725768321513, "transl_top10": 0.0851063829787234, "num_nulls": 0, "num_tgt_sents": 5144}, "plutarch_1855-1897_1": {"tgt_lang": "de", "transl_top1": 0.4846335697399527, "transl_top5": 0.735224586288416, "transl_top10": 0.83451536643026, "num_nulls": 0, "num_tgt_sents": 7147}, "num_translations": 5, "text_top1": 0.2430260047281324, "text_top5": 0.34799054373522464, "text_top10": 0.39669030732860516}