{"num_src_sents": 256, "cicero_1855-1892_13": {"tgt_lang": "de", "transl_top1": 0.765625, "transl_top5": 0.87890625, "transl_top10": 0.91796875, "num_nulls": 0, "num_tgt_sents": 5014}, "cicero_1855-1892_14": {"tgt_lang": "de", "transl_top1": 0.015625, "transl_top5": 0.1015625, "transl_top10": 0.1640625, "num_nulls": 0, "num_tgt_sents": 6557}, "num_translations": 2, "text_top1": 0.390625, "text_top5": 0.490234375, "text_top10": 0.541015625}