{"num_src_sents": 834, "aristophanes_1_1858": {"tgt_lang": "en", "transl_top1": 0.008393285371702638, "transl_top5": 0.0407673860911271, "transl_top10": 0.06474820143884892, "num_nulls": 0, "num_tgt_sents": 10625}, "aristophanes_1907_1": {"tgt_lang": "en", "transl_top1": 0.2745803357314149, "transl_top5": 0.44244604316546765, "transl_top10": 0.5143884892086331, "num_nulls": 0, "num_tgt_sents": 8398}, "aristophanes_1873": {"tgt_lang": "fr", "transl_top1": 0.11990407673860912, "transl_top5": 0.2278177458033573, "transl_top10": 0.2745803357314149, "num_nulls": 0, "num_tgt_sents": 14269}, "aristophanes_4_1911": {"tgt_lang": "en", "transl_top1": 0.06474820143884892, "transl_top5": 0.13309352517985612, "transl_top10": 0.18345323741007194, "num_nulls": 0, "num_tgt_sents": 13008}, "aristophanes_3_1830": {"tgt_lang": "fr", "transl_top1": 0.09832134292565947, "transl_top5": 0.19304556354916066, "transl_top10": 0.23741007194244604, "num_nulls": 2, "num_tgt_sents": 4330}, "aristophanes_1_1830": {"tgt_lang": "fr", "transl_top1": 0.008393285371702638, "transl_top5": 0.02877697841726619, "transl_top10": 0.06115107913669065, "num_nulls": 0, "num_tgt_sents": 2544}, "num_translations": 6, "text_top1": 0.09572342126298962, "text_top5": 0.17765787370103917, "text_top10": 0.2226219024780176}