{"num_src_sents": 19, "justin_cNepos_eutropius_1902": {"tgt_lang": "en", "transl_top1": 0.21052631578947367, "transl_top5": 0.3684210526315789, "transl_top10": 0.3684210526315789, "num_nulls": 0, "num_tgt_sents": 9841}, "corneliusNepos_1856": {"tgt_lang": "de", "transl_top1": 0.2631578947368421, "transl_top5": 0.5263157894736842, "transl_top10": 0.631578947368421, "num_nulls": 0, "num_tgt_sents": 2320}, "num_translations": 2, "text_top1": 0.23684210526315788, "text_top5": 0.4473684210526315, "text_top10": 0.5}