{"num_src_sents": 208, "plutarch_1_1844": {"tgt_lang": "fr", "transl_top1": 0.009615384615384616, "transl_top5": 0.04807692307692308, "transl_top10": 0.0673076923076923, "num_nulls": 0, "num_tgt_sents": 8121}, "plutarch_2_1844": {"tgt_lang": "fr", "transl_top1": 0.2548076923076923, "transl_top5": 0.44711538461538464, "transl_top10": 0.5048076923076923, "num_nulls": 0, "num_tgt_sents": 7523}, "num_translations": 2, "text_top1": 0.13221153846153846, "text_top5": 0.24759615384615385, "text_top10": 0.2860576923076923}