{"num_src_sents": 56, "theocritus_1855": {"tgt_lang": "de", "transl_top1": 0.05357142857142857, "transl_top5": 0.125, "transl_top10": 0.25, "num_nulls": 0, "num_tgt_sents": 4249}, "hesiod_nd": {"tgt_lang": "fr", "transl_top1": 0.017857142857142856, "transl_top5": 0.17857142857142858, "transl_top10": 0.3392857142857143, "num_nulls": 0, "num_tgt_sents": 3571}, "theocritus_1878": {"tgt_lang": "en", "transl_top1": 0.26785714285714285, "transl_top5": 0.48214285714285715, "transl_top10": 0.5892857142857143, "num_nulls": 0, "num_tgt_sents": 6617}, "num_translations": 3, "text_top1": 0.1130952380952381, "text_top5": 0.2619047619047619, "text_top10": 0.39285714285714285}