{"num_src_sents": 55, "demosthenes_aeschynes_1861": {"tgt_lang": "fr", "transl_top1": 0.0, "transl_top5": 0.05454545454545454, "transl_top10": 0.07272727272727272, "num_nulls": 0, "num_tgt_sents": 36182}, "num_translations": 1, "text_top1": 0.0, "text_top5": 0.05454545454545454, "text_top10": 0.07272727272727272}