{"num_src_sents": 191, "plutarch_1864-1867_14-20": {"tgt_lang": "de", "transl_top1": 0.418848167539267, "transl_top5": 0.5863874345549738, "transl_top10": 0.6963350785340314, "num_nulls": 0, "num_tgt_sents": 6866}, "plutarch_2_1908": {"tgt_lang": "en", "transl_top1": 0.005235602094240838, "transl_top5": 0.05235602094240838, "transl_top10": 0.1256544502617801, "num_nulls": 0, "num_tgt_sents": 5773}, "plutarch_1855-1903_4": {"tgt_lang": "de", "transl_top1": 0.43455497382198954, "transl_top5": 0.6387434554973822, "transl_top10": 0.7591623036649214, "num_nulls": 0, "num_tgt_sents": 5144}, "plutarch_1855-1897_1": {"tgt_lang": "de", "transl_top1": 0.015706806282722512, "transl_top5": 0.041884816753926704, "transl_top10": 0.08900523560209424, "num_nulls": 0, "num_tgt_sents": 7147}, "plutarch_1_1906": {"tgt_lang": "en", "transl_top1": 0.4397905759162304, "transl_top5": 0.6492146596858639, "transl_top10": 0.7329842931937173, "num_nulls": 0, "num_tgt_sents": 6800}, "num_translations": 5, "text_top1": 0.26282722513089, "text_top5": 0.39371727748691104, "text_top10": 0.4806282722513089}