{"num_src_sents": 406, "lycurgus_1869": {"tgt_lang": "de", "transl_top1": 0.6551724137931034, "transl_top5": 0.874384236453202, "transl_top10": 0.9630541871921182, "num_nulls": 0, "num_tgt_sents": 655}, "num_translations": 1, "text_top1": 0.6551724137931034, "text_top5": 0.874384236453202, "text_top10": 0.9630541871921182}