{"num_src_sents": 2259, "arrian_1_1802": {"tgt_lang": "fr", "transl_top1": 0.012837538733953076, "transl_top5": 0.027003098716246128, "transl_top10": 0.038069942452412575, "num_nulls": 18, "num_tgt_sents": 2491}, "arrian_1862": {"tgt_lang": "de", "transl_top1": 0.47941567065073043, "transl_top5": 0.6710934041611333, "transl_top10": 0.7436918990703851, "num_nulls": 0, "num_tgt_sents": 10359}, "num_translations": 3, "text_top1": 0.16408440312822783, "text_top5": 0.2326988342924598, "text_top10": 0.2605872805075993}