{"num_src_sents": 115, "isocrates_1832_1": {"tgt_lang": "de", "transl_top1": 0.46956521739130436, "transl_top5": 0.5826086956521739, "transl_top10": 0.6347826086956522, "num_nulls": 0, "num_tgt_sents": 3528, "retrieval_preds": [[564, 1874, 281, 2895, 3160, 3155, 3481, 811], [2861, 3404, 565, 2531, 485, 2825, 1379, 698], [568, 3243, 660, 3417, 2813, 2124, 3002, 2304], [569, 573, 3169, 2455, 2531, 448, 308, 2987], [570, 2748, 3164, 1804, 1393, 477, 1161, 565], [571, 1921, 243, 3148, 3429, 2531, 300, 2815], [573, 2531, 2474, 422, 2883, 569, 1939, 1889], [574, 454, 257, 879, 2251, 1921, 2907, 3404], [575, 1184, 2833, 1232, 1889, 1334, 1519, 2107], [576, 882, 450, 3169, 308, 2863, 2508, 2531], [577, 578, 450, 580, 2898, 3432, 213, 227], [579, 150, 698, 186, 1685, 494, 3279, 660], [581, 3417, 494, 2494, 2846, 1519, 2833, 3515], [3417, 3492, 622, 1232, 1889, 1654, 494, 3512], [584, 1889, 1656, 494, 589, 1924, 651, 3492], [586, 475, 509, 1819, 2267, 1951, 3447, 3412], [587, 1675, 2868, 3355, 1655, 1395, 247, 1162], [589, 1924, 3447, 2767, 1840, 2769, 2989, 1889], [591, 1060, 1897, 1409, 2022, 714, 485, 1794], [1889, 592, 2769, 2592, 2474, 804, 1251, 573], [593, 2590, 1334, 2474, 2372, 1656, 2568, 971], [595, 3176, 915, 2516, 2351, 2038, 1351, 2511], [418, 596, 2907, 2977, 1343, 869, 308, 2713], [597, 485, 1330, 2831, 2917, 1375, 422, 2959], [977, 3222, 3420, 1734, 1400, 422, 2978, 2455], [494, 2107, 1519, 622, 2568, 3351, 2105, 1244], [602, 3393, 2237, 392, 2995, 1761, 494, 1156], [2817, 2533, 2308, 2352, 393, 2250, 2469, 3431], [605, 392, 593, 2568, 2883, 400, 619, 2590], [609, 2843, 2486, 2534, 2455, 1739, 2121, 1241], [455, 2451, 2815, 1924, 622, 1490, 1840, 395], [497, 494, 698, 456, 257, 2494, 2995, 443], [614, 888, 661, 656, 1227, 392, 2197, 2511], [615, 1852, 1219, 243, 839, 2833, 1231, 436], [1343, 672, 2565, 244, 248, 1395, 1195, 1678], [1254, 1314, 1739, 1773, 948, 1208, 2578, 2833], [621, 1456, 1321, 2185, 1271, 1852, 1820, 1394], [943, 1343, 2162, 3031, 2764, 2470, 2959, 1002], [622, 494, 1930, 584, 2956, 971, 1858, 2982], [821, 179, 622, 625, 2233, 1201, 862, 1204], [1232, 2622, 622, 1244, 494, 2206, 3406, 2107], [393, 728, 392, 1190, 3215, 1294, 2759, 286], [630, 1128, 1183, 2162, 1207, 318, 1564, 2144], [631, 632, 2163, 1254, 2578, 3268, 2451, 823], [633, 1924, 2978, 1798, 971, 3355, 455, 77], [634, 657, 715, 670, 2975, 1888, 637, 158], [635, 575, 1889, 484, 445, 2785, 2834, 1334], [636, 3514, 623, 865, 2880, 2346, 481, 565], [637, 3430, 2063, 657, 1342, 251, 2565, 2531], [2815, 456, 2474, 1739, 1208, 698, 2809, 1425], [641, 2303, 1336, 2541, 2949, 2108, 2277, 954], [642, 2163, 2145, 2958, 2833, 2267, 1367, 1902], [643, 622, 2844, 1482, 1270, 437, 2956, 584], [645, 1656, 2590, 1334, 2815, 2990, 1739, 2995], [646, 2162, 712, 1012, 285, 1002, 1771, 723], [647, 641, 1656, 2994, 2006, 475, 1468, 2561], [2269, 1115, 3485, 2975, 3436, 436, 3493, 1205], [1128, 650, 813, 960, 1957, 961, 809, 2164], [651, 2989, 1889, 2990, 2769, 2815, 1790, 1656], [652, 392, 1482, 1852, 2968, 2917, 862, 2978], [658, 653, 1924, 494, 839, 473, 660, 796], [2622, 2995, 655, 2833, 2769, 3198, 2990, 1790], [1941, 3118, 2380, 31, 2924, 333, 1813, 464], [656, 2528, 2541, 2459, 3007, 429, 2978, 823], [658, 3213, 1914, 823, 1254, 1241, 1988, 817], [658, 2474, 2446, 2682, 2815, 2809, 2541, 3240], [1761, 443, 1190, 240, 497, 162, 2978, 279], [660, 659, 2813, 647, 652, 3418, 3240, 963], [661, 1227, 2503, 830, 696, 2540, 160, 1534], [662, 951, 871, 3147, 2931, 2593, 1419, 666], [651, 2769, 589, 3447, 2107, 1654, 664, 456], [456, 3447, 3243, 1156, 3492, 589, 445, 412], [669, 1639, 968, 966, 298, 3447, 971, 1675], [684, 1691, 2520, 281, 1707, 2804, 2868, 1196], [1282, 288, 1284, 3447, 240, 2208, 2531, 247], [674, 685, 1180, 453, 2960, 2304, 2496, 2487], [401, 1421, 2924, 890, 435, 2750, 1689, 1228], [1779, 3494, 1228, 706, 209, 2976, 3439, 1388], [675, 971, 1942, 934, 1798, 1283, 1204, 2981], [676, 281, 3185, 700, 1212, 290, 280, 2340], [443, 445, 279, 678, 430, 247, 208, 257], [674, 685, 682, 679, 214, 437, 431, 2496], [298, 470, 3355, 3447, 247, 257, 2622, 679], [682, 474, 2533, 187, 970, 879, 2330, 193], [683, 441, 2545, 2217, 2556, 2565, 185, 288], [684, 277, 443, 448, 685, 424, 436, 1807], [685, 443, 2826, 448, 288, 1379, 1444, 470], [686, 443, 2998, 288, 2759, 448, 230, 569], [688, 1351, 2771, 2516, 1284, 424, 392, 1759], [689, 2898, 3169, 700, 2998, 685, 3499, 880], [690, 1692, 1661, 695, 2088, 556, 1479, 1226], [691, 3230, 2528, 1367, 1321, 1732, 1324, 1352], [308, 2858, 2998, 2238, 573, 279, 1943, 310], [694, 287, 889, 205, 2898, 2333, 248, 2116], [711, 1951, 2472, 3522, 590, 2985, 695, 1686], [849, 2365, 429, 437, 2462, 3376, 188, 2170], [814, 689, 3169, 454, 176, 859, 448, 2520], [698, 257, 3490, 412, 2592, 3417, 800, 3492], [697, 2841, 698, 2956, 2975, 3397, 1408, 976], [699, 2969, 1798, 445, 2785, 1902, 1425, 245], [446, 281, 443, 686, 288, 2556, 240, 3414], [702, 443, 2208, 281, 2455, 440, 454, 240], [443, 288, 453, 685, 277, 1779, 977, 973], [704, 1854, 271, 976, 468, 1815, 929, 1834], [705, 1912, 2885, 1911, 3439, 666, 1159, 1803], [2149, 706, 304, 2116, 707, 285, 673, 694], [2976, 2750, 205, 209, 1228, 3185, 1779, 217], [707, 251, 1115, 248, 2898, 3436, 468, 3401], [708, 219, 2116, 1912, 672, 2184, 2139, 1329], [1779, 205, 3176, 1749, 689, 176, 2898, 185], [2953, 1196, 271, 3522, 2180, 2814, 709, 703], [431, 978, 1705, 976, 211, 2616, 2885, 448], [712, 1771, 2331, 1402, 3234, 1713, 2946, 960], [2815, 2178, 713, 2303, 1761, 1948, 2531, 2451], [445, 247, 2807, 3012, 279, 714, 715, 2785]]}, "isocrates_1835_5": {"tgt_lang": "de", "transl_top1": 0.017391304347826087, "transl_top5": 0.06086956521739131, "transl_top10": 0.13043478260869565, "num_nulls": 0, "num_tgt_sents": 4051,