{"num_src_sents": 665, "sophocles_1873_1": {"tgt_lang": "de", "transl_top1": 0.045112781954887216, "transl_top5": 0.09022556390977443, "transl_top10": 0.11729323308270677, "num_nulls": 0, "num_tgt_sents": 5570}, "sophocles_1905_en": {"tgt_lang": "en", "transl_top1": 0.21203007518796993, "transl_top5": 0.3548872180451128, "transl_top10": 0.4150375939849624, "num_nulls": 0, "num_tgt_sents": 10564}, "num_translations": 2, "text_top1": 0.12857142857142856, "text_top5": 0.22255639097744362, "text_top10": 0.2661654135338346}