{"num_src_sents": 116, "plutarch_1898_ethical": {"tgt_lang": "en", "transl_top1": 0.46551724137931033, "transl_top5": 0.6637931034482759, "transl_top10": 0.6810344827586207, "num_nulls": 0, "num_tgt_sents": 5242, "retrieval_preds": [[1615, 4036, 1360, 3654, 3761, 1821, 1650, 4376], [3869, 1618, 1601, 4237, 1532, 3756, 1393, 4448], [1618, 1625, 1621, 2455, 4251, 4229, 3892, 1632], [1619, 4263, 4229, 4214, 1636, 3534, 4212, 137], [1620, 2521, 1570, 2836, 4263, 3001, 1788, 4251], [1621, 1739, 1618, 4646, 4422, 3577, 4251, 889], [1621, 3892, 4964, 1063, 4454, 2455, 4437, 1225], [1623, 1625, 2056, 2124, 1009, 4263, 1618, 4229], [1624, 2036, 1954, 2060, 4385, 2124, 4409, 2056], [1625, 3700, 1618, 1653, 4251, 1446, 4743, 1393], [4311, 3241, 333, 2858, 1435, 2857, 3441, 727], [1627, 1637, 1632, 1738, 1645, 1745, 1304, 4251], [1653, 4229, 4251, 1637, 1466, 1692, 1762, 2056], [1632, 1618, 1629, 1627, 2269, 1637, 4098, 828], [1633, 4251, 4345, 3774, 2304, 1788, 4238, 1466], [4251, 1635, 3655, 4229, 4263, 4227, 4501, 1620], [1637, 1713, 4251, 4499, 4646, 1802, 1745, 1653], [3292, 1377, 428, 1505, 1553, 5019, 2040, 3249], [1640, 2056, 4732, 1761, 889, 1641, 1703, 2650], [1009, 4732, 1713, 1495, 80, 1788, 2253, 1637], [2056, 1642, 1466, 4345, 2232, 2304, 1517, 1761], [1643, 1654, 1862, 2715, 2569, 2590, 1755, 1430], [1645, 744, 1637, 4783, 3909, 4345, 1304, 4991], [1646, 3425, 1998, 4845, 411, 3677, 3757, 3592], [1647, 4670, 2036, 1883, 2971, 1673, 4252, 1254], [1648, 4409, 2036, 1762, 2404, 4092, 4857, 3854], [1649, 4543, 2416, 1741, 3499, 2809, 2607, 2219], [1650, 45, 737, 3761, 1742, 3792, 3768, 4389], [1651, 3381, 1548, 4506, 2211, 1713, 4040, 1535], [1653, 1688, 3854, 1642, 1705, 3820, 1009, 4448], [1654, 2356, 1862, 192, 1666, 185, 4018, 1974], [1655, 3960, 2676, 1895, 3987, 3959, 3579, 4007], [1656, 3381, 3701, 4185, 1995, 4027, 4096, 3945], [3517, 867, 4271, 1657, 4890, 1225, 4035, 4359], [1659, 4135, 4918, 4970, 4984, 3348, 3343, 3894], [3847, 4133, 1660, 4074, 1971, 3391, 2438, 4830], [4006, 4070, 1637, 1660, 2108, 2427, 1715, 2325], [1662, 1513, 1526, 3579, 3457, 4607, 4088, 1152], [4385, 2986, 1767, 4271, 1653, 914, 2056, 3854], [1670, 3212, 3548, 1669, 3632, 11, 4329, 844], [1632, 1671, 1401, 896, 1535, 1395, 1528, 1618], [1673, 1883, 2056, 1637, 4252, 1755, 4266, 1762], [1675, 1653, 2304, 1009, 3850, 1703, 2253, 4345], [1677, 1978, 4340, 539, 1762, 953, 2311, 2640], [1679, 744, 4466, 3093, 4709, 3517, 595, 2232], [1680, 2056, 4339, 4732, 3517, 2407, 1393, 3902], [1683, 2108, 3909, 4333, 3246, 4546, 4888, 4890], [2111, 2040, 1686, 4260, 3292, 3425, 2685, 2112], [1687, 4345, 2120, 2486, 4980, 2475, 4357, 4232], [1688, 1642, 1653, 4238, 4646, 3577, 4448, 2099], [2685, 2657, 2900, 3395, 1298, 1294, 3817, 1492], [1642, 1691, 4251, 4022, 1653, 2056, 3577, 2325], [1693, 106, 3766, 5026, 1298, 4970, 110, 4688], [4251, 4419, 3643, 1633, 4320, 4271, 2378, 4460], [1492, 4018, 3101, 3100, 1470, 201, 3425, 2715], [3017, 3445, 3433, 1699, 4167, 2735, 937, 2794], [4345, 744, 2650, 2231, 4251, 1703, 2232, 1745], [1703, 4437, 4345, 1720, 4448, 2650, 1718, 3577], [1705, 3854, 3820, 2056, 1225, 2304, 4146, 3352], [2506, 4041, 1707, 1978, 4251, 3487, 4385, 3902], [1708, 4251, 1304, 1713, 2506, 1637, 4646, 1581], [1709, 1688, 1632, 1543, 4357, 1537, 3990, 4098], [724, 477, 1710, 3894, 4608, 3034, 5068, 4887], [1712, 2056, 3632, 1709, 2232, 1883, 1705, 1762], [1713, 1637, 4251, 889, 1304, 2506, 1581, 1978], [4514, 4515, 2039, 1006, 2758, 1198, 36, 1878], [1715, 4070, 2420, 3212, 1883, 4050, 2745, 3860], [1716, 1804, 1738, 1744, 4499, 3577, 4345, 2116], [1717, 3381, 2620, 2516, 4231, 1598, 3743, 3945], [4345, 1995, 1718, 2650, 1761, 2116, 4096, 2328], [1719, 2509, 99, 1534, 2492, 4349, 2099, 1954], [4437, 4345, 2232, 1720, 3892, 3577, 1400, 4460], [1721, 4263, 3914, 1717, 4231, 4739, 3954, 2483], [1466, 198, 1452, 1508, 1583, 3743, 1443, 3983], [1723, 4802, 3571, 3865, 1816, 4655, 15, 1595], [1198, 3316, 4053, 3806, 404, 1492, 3959, 3702], [1729, 4460, 2056, 2195, 3902, 4251, 3874, 1971], [1730, 2213, 3997, 1294, 3791, 3309, 4319, 860], [4499, 2521, 1653, 4457, 1978, 1637, 3658, 1713], [5123, 101, 5207, 3712, 852, 4159, 1435, 3618], [1745, 3911, 1360, 4964, 1393, 1962, 1358, 1400], [1737, 4247, 2911, 4778, 4589, 581, 1563, 3881], [766, 2483, 592, 923, 1797, 4784, 4231, 3048], [1738, 3161, 4251, 4457, 3577, 1401, 3904, 1637], [1739, 1745, 2232, 1404, 1802, 2231, 1393, 3093], [1740, 3391, 1612, 3246, 1741, 284, 4516, 2769], [1742, 4588, 1573, 4974, 1491, 3792, 4612, 4490], [1743, 2840, 604, 4516, 2318, 815, 1820, 302], [1745, 2232, 4345, 3577, 4437, 3616, 3911, 1358], [1654, 1505, 2597, 1747, 3552, 4984, 3702, 3901], [4251, 1751, 4345, 3616, 4285, 2194, 1802, 3752], [1752, 1871, 3488, 3642, 1843, 1977, 4212, 511], [1637, 1653, 4251, 4457, 1418, 1751, 4041, 4385], [1549, 2899, 1702, 3340, 1533, 3702, 3566, 1515], [1757, 1852, 3314, 2114, 2674, 770, 1492, 4007], [1759, 4890, 4271, 4385, 484, 3517, 817, 790], [826, 3552, 3859, 533, 1505, 610, 2285, 49], [1761, 1466, 4738, 198, 1586, 1805, 1452, 1823], [1762, 2056, 842, 1496, 1767, 3904, 3909, 2978], [3941, 1763, 1761, 557, 3315, 2901, 1995, 1973], [1769, 1764, 4195, 2483, 4096, 1459, 1986, 2226], [1766, 1767, 4987, 2658, 1642, 2056, 1762, 595], [1767, 4251, 3517, 4385, 4271, 3850, 3558, 917], [1770, 4351, 4385, 2986, 3517, 1418, 3838, 2378], [1772, 3381, 3616, 1501, 508, 814, 3476, 4257], [1773, 2577, 2508, 3276, 3621, 4687, 1372, 612], [4090, 1775, 1508, 4398, 4656, 1718, 2483, 4435], [1776, 3277, 2206, 4133, 645, 4074, 4888, 3503], [3433, 3789, 2785, 2657, 3457, 1507, 3972, 3411], [4437, 3892, 3577, 4448, 2232, 3922, 4345, 2304], [1782, 2507, 2214, 3381, 2111, 3552, 4436, 240], [2123, 3596, 1297, 1844, 1977, 1785, 3425, 1605], [1786, 4229, 5021, 3953, 4472, 4335, 3922, 3579], [2116, 4251, 3902, 4229, 4385, 4212, 3750, 1620], [1791, 1792, 3577, 1978, 1637, 1653, 2455, 3237], [3986, 4848, 2709, 2681, 3511, 3383, 1755, 267]]}, "plutarch_2_1844": {"tgt_lang": "fr", "transl_top1": 0.017241379310344827, "transl_top5": 0.06896551724137931, "transl_top10": 0.14655172413793102, "num_nulls": 0, "num_tgt_sents": 7523,