{"num_src_sents": 337, "plutarch_1898_ethical": {"tgt_lang": "en", "transl_top1": 0.4540059347181009, "transl_top5": 0.6498516320474778, "transl_top10": 0.7477744807121661, "num_nulls": 0, "num_tgt_sents": 5242}, "plutarch_1_1844": {"tgt_lang": "fr", "transl_top1": 0.22255192878338279, "transl_top5": 0.4065281899109792, "transl_top10": 0.49258160237388726, "num_nulls": 0, "num_tgt_sents": 8121}, "plutarch_2_1844": {"tgt_lang": "fr", "transl_top1": 0.011869436201780416, "transl_top5": 0.026706231454005934, "transl_top10": 0.05637982195845697, "num_nulls": 0, "num_tgt_sents": 7523}, "num_translations": 3, "text_top1": 0.2294757665677547, "text_top5": 0.3610286844708209, "text_top10": 0.43224530168150344}