{"num_src_sents": 39, "corneliusNepos_1856": {"tgt_lang": "de", "transl_top1": 0.4358974358974359, "transl_top5": 0.5128205128205128, "transl_top10": 0.6153846153846154, "num_nulls": 0, "num_tgt_sents": 2320, "retrieval_preds": [[1309, 930, 1969, 60, 822, 939, 739, 998], [1310, 1311, 2316, 2277, 2134, 34, 2317, 24], [1312, 2201, 1189, 322, 1372, 1208, 998, 710], [1313, 145, 1303, 1328, 1282, 769, 1030, 661], [1315, 1316, 1436, 1283, 1303, 661, 303, 2048], [1317, 992, 1031, 242, 1352, 585, 284, 1316], [1318, 1272, 1916, 1076, 1219, 1673, 252, 1139], [1319, 979, 393, 1330, 2075, 568, 1299, 104], [1321, 1657, 999, 983, 308, 103, 927, 1560], [1322, 1627, 1093, 1339, 1221, 623, 1925, 1303], [1323, 1727, 1270, 29, 39, 1594, 2257, 164], [1324, 755, 1547, 1655, 240, 2160, 1151, 1785], [1325, 1264, 608, 542, 435, 541, 772, 661], [1326, 235, 393, 609, 251, 813, 950, 783], [1327, 1435, 164, 1864, 1755, 1065, 1782, 537], [1328, 145, 1313, 182, 1303, 1271, 674, 992], [1329, 1098, 2043, 820, 2276, 118, 117, 1585], [1331, 890, 872, 2101, 420, 2010, 1198, 2257], [1332, 1431, 449, 1373, 699, 794, 1657, 749], [2255, 1333, 1928, 592, 2139, 678, 1057, 444], [1334, 1948, 1176, 912, 610, 984, 1192, 1349], [1335, 1992, 613, 2061, 1981, 2279, 986, 259], [1925, 607, 1338, 1354, 624, 1329, 2149, 944], [1339, 1303, 813, 1283, 1030, 1670, 1494, 311], [1339, 1303, 1268, 1198, 624, 1276, 1261, 887], [1198, 1319, 252, 1344, 1287, 1340, 1309, 1471], [1341, 781, 1271, 949, 552, 542, 1305, 1282], [1342, 1283, 182, 376, 620, 1271, 1845, 1429], [1344, 1471, 701, 332, 359, 236, 1362, 1190], [1349, 2147, 1671, 883, 1650, 675, 1766, 723], [1350, 1030, 1339, 378, 786, 376, 520, 749], [1351, 562, 1340, 656, 1223, 1190, 986, 1742], [1298, 2097, 1631, 741, 2056, 1660, 1603, 1583], [1352, 247, 794, 854, 483, 745, 876, 775], [1353, 1550, 944, 1391, 783, 265, 1396, 551], [1354, 1294, 1104, 441, 1568, 694, 657, 1532], [527, 1533, 648, 356, 1406, 1375, 131, 277], [98, 1316, 1666, 1082, 1134, 306, 170, 1685], [1355, 171, 1255, 243, 329, 358, 407, 2018]]}, "justin_cNepos_eutropius_1902": {"tgt_lang": "en", "transl_top1": 0.4358974358974359, "transl_top5": 0.5897435897435898, "transl_top10": 0.6666666666666666, "num_nulls": 0, "num_tgt_sents": 9841, "retrieval_preds": [[5808, 8471, 21, 6519, 5704, 59, 4879, 5507], [5810, 4954, 6735, 29, 6484, 598, 6714, 6705], [5811, 2578, 6668, 6675, 1328, 5881, 6682, 1515], [5812, 5797, 1174, 1207, 5152, 4802, 5288, 1329], [5813, 948, 2506, 829, 2483, 1202, 6956, 5834], [5814, 5088, 1440, 814, 5910, 5518, 819, 2405], [5815, 1036, 5944, 1530, 2572, 2139, 833, 1520], [5816, 5139, 4920, 5261, 7632, 792, 2790, 2235], [5818, 5486, 1858, 3667, 1159, 7255, 4846, 5268], [5819, 1462, 2880, 5137, 3846, 2651, 2542, 2046], [5820, 5771, 4739, 6225, 6669, 5563, 5361, 499], [5821, 1431, 7095, 1210, 7096, 1058, 7659, 6098], [5822, 1167, 839, 809, 5437, 5030, 5261, 1113], [5823, 3657, 3271, 174, 4499, 4079, 6317, 4685], [5823, 5931, 8229, 7279, 643, 6256, 5648, 4432], [5824, 5797, 7761, 3284, 950, 4802, 4753, 2605], [5825, 1392, 2253, 1213, 1752, 6855, 4349, 5303], [5827, 7866, 3613, 4063, 8447, 834, 494, 6124], [5828, 7535, 6808, 792, 6829, 2514, 6418, 5851], [1354, 5356, 7088, 8488, 6635, 6193, 8446, 3085], [1390, 5829, 667, 4577, 2815, 3206, 2092, 6386], [5830, 7512, 513, 2656, 713, 664, 4804, 2189], [5831, 1614, 3004, 5832, 249, 4529, 1602, 5658], [5833, 5214, 1088, 803, 887, 5781, 1017, 5797], [5837, 5800, 1222, 1296, 3782, 1218, 7134, 5519], [5838, 5839, 1296, 647, 6428, 5800, 1400, 5816], [5840, 1172, 5262, 2887, 7623, 5772, 5765, 1847], [5782, 1564, 4970, 4195, 5843, 7428, 2508, 7588], [5844, 5800, 5689, 9129, 173, 243, 1493, 8949], [5846, 6853, 6623, 992, 5371, 8414, 6728, 941], [5848, 3556, 5270, 5032, 2189, 1088, 1846, 4197], [5849, 1892, 3309, 3310, 6241, 1822, 1958, 1969], [5850, 4932, 3085, 6695, 3290, 1524, 837, 5425], [5851, 515, 1077, 792, 954, 496, 1459, 5119], [5852, 1926, 5572, 2076, 1787, 7470, 6422, 7165], [5853, 2420, 2424, 1707, 1763, 1814, 2427, 2400], [6031, 9516, 6490, 6933, 5439, 6938, 4822, 1518], [5537, 6156, 2756, 4685, 5626, 4805, 3330, 264], [5855, 7701, 647, 3845, 7976, 3460, 1607, 7529]]}, "num_translations": 2, "text_top1": 0.4358974358974359, "text_top5": 0.5512820512820513, "text_top10": 0.641025641025641}