{"num_src_sents": 691, "plutarch_4_1908": {"tgt_lang": "en", "transl_top1": 0.6816208393632417, "transl_top5": 0.8668596237337193, "transl_top10": 0.9377713458755427, "num_nulls": 0, "num_tgt_sents": 13066}, "plutarch_nd": {"tgt_lang": "de", "transl_top1": 0.4240231548480463, "transl_top5": 0.6208393632416788, "transl_top10": 0.6888567293777135, "num_nulls": 0, "num_tgt_sents": 10643}, "plutarch_3_1908": {"tgt_lang": "en", "transl_top1": 0.011577424023154847, "transl_top5": 0.02894356005788712, "transl_top10": 0.041968162083936326, "num_nulls": 0, "num_tgt_sents": 6633}, "num_translations": 3, "text_top1": 0.37240713941148096, "text_top5": 0.5055475156777617, "text_top10": 0.5561987457790641}