{"num_src_sents": 124, "lysias_1856": {"tgt_lang": "de", "transl_top1": 0.43548387096774194, "transl_top5": 0.6209677419354839, "transl_top10": 0.6693548387096774, "num_nulls": 0, "num_tgt_sents": 5319, "retrieval_preds": [[4582, 3858, 878, 1710, 3351, 2242, 2828, 1614], [3013, 3083, 2242, 1668, 3418, 4193, 3213, 3733], [3901, 3300, 1682, 3356, 1569, 3015, 2157, 3611], [2880, 2242, 2894, 3733, 1106, 3018, 3171, 3685], [1790, 1697, 1784, 3020, 3318, 4417, 4260, 2005], [3021, 2626, 695, 926, 742, 679, 1120, 767], [931, 1608, 4370, 1540, 1576, 2032, 3230, 2613], [3024, 3025, 3599, 3194, 1662, 2446, 1614, 3542], [3027, 2324, 3171, 1710, 3028, 1366, 878, 2242], [3028, 912, 1309, 2782, 2826, 3329, 956, 2791], [3029, 2782, 2637, 953, 3608, 613, 1421, 4726], [3329, 3973, 3332, 2779, 3612, 1574, 704, 2782], [3033, 2973, 2406, 2468, 5126, 4327, 3170, 4420], [2530, 715, 3035, 1921, 2498, 2295, 704, 3338], [644, 2185, 1634, 3823, 4350, 3800, 765, 3964], [3042, 2928, 3418, 2954, 1211, 2967, 3412, 644], [3043, 1106, 4634, 1857, 2563, 1668, 3418, 2242], [3045, 4327, 2563, 4102, 449, 1679, 1855, 4184], [3868, 4327, 3893, 4102, 3964, 4649, 3858, 3900], [3049, 2242, 3424, 1009, 883, 2186, 2237, 3735], [1517, 3050, 629, 3543, 525, 1592, 2434, 1489], [3051, 2969, 3141, 3391, 2990, 3096, 2882, 4559], [2945, 68, 1119, 4508, 2643, 710, 4548, 1435], [3057, 3059, 3101, 3475, 4486, 3172, 3492, 2118], [3059, 2055, 2925, 765, 1129, 2063, 68, 2053], [4417, 1934, 2446, 3329, 1309, 2771, 1662, 2070], [3062, 2882, 3051, 2586, 2990, 3057, 2885, 3096], [3064, 2380, 2165, 2951, 4508, 3059, 2563, 949], [3066, 1972, 1557, 1410, 1784, 2464, 451, 1089], [1211, 3068, 1240, 2457, 3060, 2980, 1259, 2120], [3472, 3584, 888, 1088, 1539, 1314, 1560, 1517], [3071, 3005, 3051, 2970, 2969, 2268, 102, 2546], [3074, 4560, 2412, 2662, 2235, 162, 5177, 3075], [3075, 2343, 2273, 2809, 2546, 2068, 763, 1662], [3077, 789, 693, 3343, 783, 666, 3376, 763], [3329, 2960, 2569, 2060, 3338, 3887, 2446, 2057], [3080, 716, 3389, 4716, 1872, 3092, 4123, 4048], [3083, 3101, 3068, 3082, 4505, 3206, 3161, 551], [2648, 1674, 2654, 2653, 1767, 948, 2549, 2173], [662, 1027, 1555, 486, 692, 3107, 2571, 811], [1271, 1602, 1533, 2277, 3338, 1013, 2317, 3994], [1390, 4589, 3351, 4536, 2169, 1808, 4720, 4647], [2369, 1088, 1511, 4159, 3711, 3463, 2059, 3091], [2030, 2449, 931, 984, 4376, 3230, 2032, 3103], [3092, 2324, 4388, 3599, 3573, 1982, 2055, 2558], [4486, 4163, 3096, 4207, 3641, 710, 3126, 2118], [3101, 4589, 3206, 3126, 2503, 1927, 630, 1320], [3383, 929, 4376, 984, 2324, 3103, 4684, 598], [3105, 710, 4486, 2055, 3206, 2026, 1557, 1055], [702, 1540, 2432, 3338, 1577, 1784, 3616, 3109], [4327, 2969, 2340, 4163, 4350, 4259, 3475, 1686], [3112, 1846, 4782, 3107, 2194, 862, 3062, 1599], [3114, 68, 2839, 4686, 1435, 93, 1470, 2687], [3964, 4126, 3117, 3772, 4201, 1761, 3763, 3290], [4137, 3121, 4642, 2175, 3475, 4102, 4201, 1927], [2918, 3237, 1702, 2136, 4682, 1354, 3159, 3731], [3126, 3161, 4486, 3064, 3641, 4668, 2951, 4716], [1803, 2380, 2690, 1741, 3128, 1988, 2134, 829], [3129, 3144, 2403, 2136, 1784, 1180, 2002, 3064], [3131, 1239, 4159, 2689, 579, 546, 1511, 4632], [3132, 3064, 3475, 1998, 1808, 1003, 2120, 4642], [3135, 2725, 918, 2546, 2969, 3137, 3338, 4420], [3137, 3141, 4659, 2990, 2002, 2008, 4420, 3135], [4102, 3475, 1808, 4327, 4420, 710, 3007, 4137], [3144, 1686, 2521, 2646, 3964, 4634, 4126, 4666], [2380, 2482, 3149, 4481, 1998, 4536, 2687, 3132], [4347, 765, 2177, 2687, 4102, 2120, 2099, 4659], [2410, 2155, 3335, 4636, 653, 2060, 411, 3167], [1639, 1990, 2515, 4108, 3159, 1617, 1784, 1612], [3878, 3230, 2032, 3581, 2572, 984, 2030, 4636], [3137, 2563, 4201, 1908, 3599, 4327, 2928, 2433], [3161, 3114, 2986, 1860, 5279, 4657, 2862, 3175], [2704, 3181, 4333, 1159, 1421, 3448, 2060, 1926], [3164, 3372, 1535, 3098, 2060, 3443, 2918, 4687], [3165, 2972, 1887, 4071, 3155, 3443, 2343, 4613], [3167, 4687, 3163, 4682, 3224, 3157, 5123, 4863], [3169, 3437, 763, 4303, 3779, 1410, 1090, 3137], [3170, 3141, 2990, 3137, 4420, 1268, 3662, 2969], [2399, 3171, 1070, 2563, 3733, 4583, 1015, 2242], [3172, 1211, 2175, 3040, 2055, 1129, 675, 68], [3174, 3028, 1088, 2847, 619, 606, 241, 1159], [1883, 3288, 3448, 2704, 3174, 4333, 3197, 2407], [4657, 3175, 3537, 2871, 3984, 4659, 4655, 3167], [3178, 1159, 2184, 3224, 3137, 225, 2881, 4682], [3179, 4246, 4201, 4655, 3436, 4184, 4420, 1055], [3180, 26, 2406, 4659, 710, 84, 4716, 763], [2118, 1927, 2914, 3893, 1030, 3800, 2684, 3991], [3185, 2782, 3765, 3172, 3067, 2270, 1932, 2962], [3186, 3024, 2771, 2784, 3599, 4444, 2398, 1101], [3187, 1666, 1586, 2183, 3964, 1040, 624, 2324], [2118, 1030, 3858, 1887, 4486, 4381, 3988, 2185], [3192, 2482, 1986, 1669, 2481, 2339, 2433, 1308], [1189, 3193, 2041, 3983, 2111, 1123, 1068, 644], [3194, 1341, 3025, 3024, 4417, 3875, 1849, 3874], [3196, 2687, 4380, 3114, 1298, 4420, 1435, 2120], [1068, 2541, 2515, 1810, 1784, 1089, 2521, 949], [1211, 2516, 2340, 2227, 1153, 2779, 3803, 3185], [2439, 4647, 3427, 2967, 4137, 1746, 4256, 2242], [3205, 1686, 2242, 2928, 2695, 4350, 549, 561], [4102, 3988, 2340, 1769, 1808, 1153, 1129, 2186], [4064, 3903, 3210, 2776, 970, 1435, 926, 3800], [4582, 3213, 3858, 4589, 4064, 970, 1679, 2687], [2184, 3237, 4525, 3617, 3092, 2831, 2425, 3238], [3217, 2989, 2978, 2998, 1015, 3727, 3324, 644], [3218, 2405, 3318, 586, 3486, 3228, 3110, 2876], [3220, 599, 4685, 3379, 2689, 579, 1726, 448], [3221, 3055, 3240, 4655, 2911, 988, 619, 1302], [3094, 1053, 1353, 1430, 992, 3240, 3222, 4477], [2852, 1678, 2234, 3878, 3577, 3223, 984, 4376], [3224, 3448, 1656, 4657, 4600, 942, 1386, 2290], [3225, 672, 2173, 729, 4463, 740, 2165, 809], [1509, 3227, 1574, 1564, 1921, 2083, 3294, 2633], [2572, 3088, 3229, 2214, 2570, 4594, 2602, 1416], [2026, 4388, 3231, 4104, 4327, 1982, 2513, 3362], [3317, 3232, 1705, 1784, 2653, 1731, 3796, 3769], [3234, 1119, 1639, 2380, 289, 1808, 3986, 1070], [3237, 2435, 2403, 1632, 3236, 4498, 1692, 1055], [3238, 3398, 4137, 3080, 1983, 4246, 2324, 3396], [2185, 1435, 2945, 2687, 4481, 4462, 3858, 4064], [2710, 3247, 2770, 203, 122, 791, 3318, 2533], [3248, 1365, 2609, 3366, 3329, 2173, 2669, 1379], [3249, 3080, 4048, 3389, 2678, 2921, 1662, 4463], [3250, 1106, 2967, 2894, 2242, 3294, 4189, 1857], [4204, 2059, 4316, 2726, 2740, 662, 2824, 2778]]}, "num_translations": 1, "text_top1": 0.43548387096774194, "text_top5": 0.6209677419354839, "text_top10": 0.6693548387096774}