{"num_src_sents": 356, "philo_4_1855": {"tgt_lang": "en", "transl_top1": 0.016853932584269662, "transl_top5": 0.056179775280898875, "transl_top10": 0.08426966292134831, "num_nulls": 0, "num_tgt_sents": 7517}, "philo_2_1854": {"tgt_lang": "en", "transl_top1": 0.47752808988764045, "transl_top5": 0.702247191011236, "transl_top10": 0.797752808988764, "num_nulls": 0, "num_tgt_sents": 7912}, "philo_1_1854": {"tgt_lang": "en", "transl_top1": 0.025280898876404494, "transl_top5": 0.03932584269662921, "transl_top10": 0.08146067415730338, "num_nulls": 0, "num_tgt_sents": 8507}, "num_translations": 3, "text_top1": 0.17322097378277154, "text_top5": 0.26591760299625467, "text_top10": 0.3211610486891386}