{"num_src_sents": 44, "lysias_1856": {"tgt_lang": "de", "transl_top1": 0.29545454545454547, "transl_top5": 0.4772727272727273, "transl_top10": 0.5227272727272727, "num_nulls": 0, "num_tgt_sents": 5319, "retrieval_preds": [[3986, 2659, 4116, 4141, 999, 2732, 2186, 4417], [3988, 3858, 956, 2186, 4102, 4133, 4104, 2026], [3991, 2168, 1998, 4141, 4548, 2130, 3964, 2275], [3995, 4544, 4525, 704, 2513, 3983, 4497, 4246], [2485, 2120, 2118, 1845, 1735, 4589, 3858, 4647], [1435, 2185, 4003, 3964, 4064, 2130, 3823, 1119], [1185, 437, 4004, 1394, 1763, 3574, 1639, 3338], [4005, 1996, 2934, 1457, 4107, 4417, 1391, 2059], [4006, 1727, 4388, 2513, 3362, 2516, 1779, 3984], [4008, 352, 1761, 2609, 663, 1680, 447, 1614], [4010, 2380, 1505, 2648, 4469, 2484, 2041, 4508], [4011, 963, 3303, 1538, 4545, 1277, 1801, 4726], [1524, 1909, 1416, 1122, 1095, 2593, 1058, 2234], [4014, 2142, 2945, 3937, 3800, 4481, 2720, 783], [4018, 4352, 796, 3991, 2130, 3964, 2945, 4548], [2578, 2738, 1808, 3858, 3868, 3991, 3800, 4481], [4025, 1848, 710, 190, 4006, 2516, 2945, 2687], [4027, 4063, 2107, 2778, 268, 2005, 4019, 2425], [4521, 4028, 3613, 4053, 2696, 3337, 4756, 4099], [1958, 4028, 4365, 3983, 3600, 4140, 333, 1805], [4029, 778, 1261, 2648, 1753, 791, 1260, 2484], [4031, 2120, 2149, 2477, 4141, 1473, 3304, 1808], [4032, 2441, 1473, 61, 1003, 1686, 1735, 1435], [1803, 978, 4516, 834, 1705, 3792, 2214, 2830], [4036, 2633, 3597, 4116, 1180, 2732, 4551, 4388], [4037, 1310, 4111, 3424, 4063, 3405, 1284, 3414], [4038, 1268, 3662, 1808, 2815, 3909, 970, 1153], [2842, 475, 3878, 4244, 4017, 3718, 4060, 2487], [3351, 1793, 3920, 1808, 2558, 4536, 3929, 4582], [4044, 2324, 3988, 4102, 2340, 1129, 2967, 2558], [4045, 4044, 1128, 3779, 883, 3868, 3187, 3858], [4048, 2547, 1272, 2460, 2466, 2777, 2181, 2767], [3964, 3961, 3877, 2130, 3889, 802, 3959, 3284], [1994, 4053, 4054, 576, 3923, 2609, 2175, 1921], [4053, 123, 2177, 1293, 4175, 710, 1211, 4347], [1106, 3592, 1640, 4059, 727, 644, 808, 2914], [3329, 4061, 3592, 2791, 4015, 1341, 4417, 2568], [4039, 1358, 612, 902, 2234, 3868, 1373, 1668], [4063, 2380, 600, 4741, 4015, 2722, 1250, 1988], [3280, 4064, 1988, 3425, 1783, 2464, 3040, 225], [4064, 1808, 1298, 2120, 1240, 1751, 4481, 4672], [1298, 4066, 1983, 4067, 4548, 2101, 1971, 1744], [2118, 2951, 4070, 3475, 3959, 946, 4462, 2682], [4072, 2732, 2243, 2153, 3941, 3414, 3889, 3171]]}, "num_translations": 1, "text_top1": 0.29545454545454547, "text_top5": 0.4772727272727273, "text_top10": 0.5227272727272727}