{"num_src_sents": 77, "appian_1832_10": {"tgt_lang": "de", "transl_top1": 0.025974025974025976, "transl_top5": 0.06493506493506493, "transl_top10": 0.15584415584415584, "num_nulls": 0, "num_tgt_sents": 12614}, "Appianus_1828": {"tgt_lang": "de", "transl_top1": 0.18181818181818182, "transl_top5": 0.38961038961038963, "transl_top10": 0.45454545454545453, "num_nulls": 0, "num_tgt_sents": 6120}, "appian_1830_5": {"tgt_lang": "de", "transl_top1": 0.03896103896103896, "transl_top5": 0.11688311688311688, "transl_top10": 0.18181818181818182, "num_nulls": 0, "num_tgt_sents": 7584}, "num_translations": 3, "text_top1": 0.08225108225108226, "text_top5": 0.19047619047619047, "text_top10": 0.26406926406926406}