{"num_src_sents": 74, "suetonius_1855-1897": {"tgt_lang": "de", "transl_top1": 0.581081081081081, "transl_top5": 0.8108108108108109, "transl_top10": 0.918918918918919, "num_nulls": 0, "num_tgt_sents": 5120, "retrieval_preds": [[4674, 4436, 47, 50, 428, 2528, 44, 4122], [4677, 4709, 237, 4099, 3777, 1675, 4829, 3536], [4678, 225, 4043, 4459, 3452, 1192, 3159, 338], [4680, 4331, 4043, 4399, 1096, 1043, 3784, 1678], [4681, 1403, 1225, 1101, 3294, 942, 1223, 1097], [4682, 3008, 2391, 3955, 4944, 4967, 967, 1929], [4684, 699, 702, 5022, 267, 2391, 3287, 4474], [4685, 741, 3955, 2467, 265, 4602, 695, 2024], [4687, 140, 3113, 1721, 558, 1738, 2899, 2468], [4688, 2919, 2915, 234, 2413, 1611, 1690, 3619], [4689, 1689, 3648, 3194, 197, 1614, 1355, 2029], [4691, 3804, 1157, 2542, 2905, 2899, 4794, 4474], [4694, 4692, 3084, 1932, 340, 4001, 1158, 2729], [4695, 3272, 2667, 3457, 1482, 1476, 78, 1475], [5020, 1479, 5068, 1387, 1588, 3726, 3469, 4776], [4696, 3272, 2554, 2463, 1881, 1123, 2854, 4086], [3610, 4534, 4698, 3866, 3829, 2319, 3065, 1410], [4699, 3840, 4421, 4207, 879, 2367, 1994, 2009], [2369, 4409, 4702, 4765, 546, 2479, 1362, 4336], [4704, 3574, 4803, 489, 2269, 4758, 631, 4487], [4705, 3590, 2660, 4399, 359, 1481, 4575, 3826], [4859, 839, 234, 555, 1272, 990, 3629, 4884], [4706, 3147, 2767, 3134, 2636, 349, 1363, 2925], [4708, 4707, 2100, 4670, 4572, 3277, 1932, 3364], [4709, 4442, 3421, 4797, 4048, 4787, 2280, 1196], [4710, 428, 511, 1355, 2728, 3275, 486, 1364], [4712, 2104, 481, 2966, 3438, 1172, 4258, 4202], [4714, 4142, 3100, 763, 3321, 3666, 4790, 4151], [4715, 1110, 2394, 3605, 3102, 4270, 1115, 4191], [4570, 4715, 1564, 3318, 4521, 3467, 4560, 2909], [2501, 1110, 3247, 2378, 2355, 4562, 4482, 1252], [3912, 3821, 4058, 4716, 3974, 2494, 4128, 3713], [4717, 3015, 1583, 3046, 3778, 4807, 695, 267], [4718, 3171, 1847, 2139, 605, 4554, 608, 2184], [4719, 1385, 1525, 4795, 4386, 4748, 5039, 347], [4720, 4253, 521, 2194, 320, 438, 2131, 1479], [4721, 2469, 430, 3534, 2166, 2882, 2140, 396], [4728, 1315, 3705, 2658, 3118, 905, 2124, 4722], [2130, 174, 4728, 1630, 2798, 3118, 1354, 29], [3229, 143, 3904, 1978, 632, 2124, 4885, 3094], [4724, 4606, 3693, 1403, 850, 4532, 481, 3014], [4725, 578, 2035, 1873, 4213, 4816, 4379, 4961], [4726, 2088, 2797, 12, 3700, 2575, 200, 4077], [2798, 2344, 2437, 4728, 3595, 72, 437, 2450], [3145, 2207, 2103, 3359, 3132, 4731, 4765, 4929], [4732, 4560, 632, 2158, 2589, 4837, 2328, 1743], [4734, 756, 4733, 563, 2775, 727, 3283, 4252], [1801, 3561, 4754, 2954, 2299, 4736, 3796, 4673], [4737, 4755, 804, 4059, 1315, 3778, 3187, 2798], [4738, 772, 2780, 794, 2899, 2905, 4976, 4919], [3632, 4098, 3229, 4722, 4885, 632, 1436, 2223], [4740, 546, 1075, 2192, 2891, 2552, 1816, 1923], [1991, 13, 1100, 18, 487, 396, 3777, 2006], [4743, 2139, 4900, 3213, 3227, 2341, 3158, 2584], [4744, 4605, 1049, 4890, 3866, 1370, 931, 4532], [1205, 2098, 4746, 4870, 3856, 3045, 4241, 481], [4747, 3778, 1425, 3775, 3806, 4395, 270, 1116], [4748, 2232, 3217, 4217, 3340, 3393, 3782, 2332], [4749, 2833, 3658, 2624, 2901, 3179, 3174, 1123], [4751, 792, 2250, 21, 4672, 4350, 3721, 959], [4777, 4765, 1192, 2029, 5044, 2044, 458, 2339], [3700, 4111, 2087, 4758, 3081, 4919, 423, 2043], [4762, 2211, 646, 2800, 2252, 481, 2697, 3895], [4764, 2645, 2030, 2267, 1081, 5026, 4763, 4562], [4765, 2369, 1955, 1528, 2043, 1152, 3648, 2360], [1503, 4769, 1081, 977, 4893, 4876, 4757, 2946], [4770, 2074, 4282, 1339, 2483, 4529, 1541, 2323], [4771, 913, 4490, 4273, 1757, 4848, 1759, 754], [4772, 781, 4059, 325, 29, 1315, 2334, 3229], [1425, 3674, 147, 4098, 2772, 1116, 234, 4572], [4776, 870, 4774, 2434, 1126, 3397, 3403, 2331], [4777, 3321, 821, 4666, 632, 3046, 456, 386], [4778, 1849, 5018, 1175, 587, 4315, 1174, 2250], [4780, 428, 5056, 2781, 2976, 3650, 404, 3205]]}, "num_translations": 1, "text_top1": 0.581081081081081, "text_top5": 0.8108108108108109, "text_top10": 0.918918918918919}