{"num_src_sents": 963, "catullus_tibullus_propertius_nd": {"tgt_lang": "fr", "transl_top1": 0.4953271028037383, "transl_top5": 0.7372793354101765, "transl_top10": 0.8172377985462098, "num_nulls": 0, "num_tgt_sents": 6655}, "tibullus_1865": {"tgt_lang": "de", "transl_top1": 0.5794392523364486, "transl_top5": 0.8037383177570093, "transl_top10": 0.8753894080996885, "num_nulls": 0, "num_tgt_sents": 2917}, "catullus_tibullus_1910": {"tgt_lang": "en", "transl_top1": 0.6303219106957425, "transl_top5": 0.814122533748702, "transl_top10": 0.8598130841121495, "num_nulls": 20, "num_tgt_sents": 8438}, "num_translations": 3, "text_top1": 0.5683627552786431, "text_top5": 0.7850467289719627, "text_top10": 0.8508134302526826}