{"num_src_sents": 449, "seneca_1889": {"tgt_lang": "en", "transl_top1": 0.7461024498886414, "transl_top5": 0.89086859688196, "transl_top10": 0.9465478841870824, "num_nulls": 0, "num_tgt_sents": 6989}, "seneca_1877": {"tgt_lang": "fr", "transl_top1": 0.6614699331848553, "transl_top5": 0.8552338530066815, "transl_top10": 0.9086859688195991, "num_nulls": 0, "num_tgt_sents": 29079}, "num_translations": 2, "text_top1": 0.7037861915367483, "text_top5": 0.8730512249443207, "text_top10": 0.9276169265033407}