{"num_src_sents": 331, "plutarch_nd": {"tgt_lang": "de", "transl_top1": 0.3081570996978852, "transl_top5": 0.4743202416918429, "transl_top10": 0.5438066465256798, "num_nulls": 0, "num_tgt_sents": 10643, "retrieval_preds": [[5348, 1594, 1588, 9695, 6951, 9712, 3016, 1738], [5350, 10050, 10346, 8592, 5351, 10288, 9984, 928], [5353, 5355, 9971, 3187, 10445, 8513, 1361, 895], [10125, 10064, 5355, 8052, 7291, 4419, 9965, 2976], [5355, 9971, 10556, 10445, 1013, 9959, 6012, 2903], [582, 9757, 8320, 8545, 5362, 5821, 9579, 7656], [5364, 1043, 9545, 7155, 8414, 5942, 8319, 3412], [5365, 5882, 3298, 9493, 3742, 8550, 5915, 2601], [5366, 8757, 9949, 721, 631, 7992, 10247, 7474], [5369, 8025, 5573, 5764, 5367, 9983, 474, 5895], [5370, 5340, 9344, 631, 7864, 1771, 9656, 6460], [5371, 8254, 9078, 9667, 3011, 3584, 2805, 4436], [1013, 9052, 6884, 10581, 10319, 3884, 6336, 3000], [5374, 7155, 9949, 8513, 8855, 8514, 8883, 631], [5376, 7159, 8155, 8657, 5517, 4837, 933, 9489], [5377, 10378, 9757, 5959, 5947, 6228, 5657, 8994], [1606, 1548, 3514, 10315, 149, 1685, 4159, 10297], [5695, 5915, 5394, 5597, 2879, 1969, 8899, 5012], [5381, 5987, 5947, 1757, 6991, 8025, 5784, 8217], [8207, 5646, 5382, 5878, 6895, 2829, 10521, 1063], [5382, 4837, 7157, 5386, 9594, 7159, 9978, 1375], [1200, 5605, 3866, 1791, 5384, 2850, 2454, 1542], [1695, 5385, 5604, 10518, 2217, 631, 7085, 10295], [5391, 212, 3524, 10229, 5392, 5604, 631, 616], [6126, 2430, 5604, 5392, 212, 6385, 4159, 7155], [5395, 8246, 10386, 5467, 5396, 6429, 2805, 2763], [5398, 8561, 8173, 8424, 146, 1933, 3762, 5582], [5400, 5399, 6343, 1613, 10531, 263, 169, 1731], [9732, 2885, 9262, 6587, 432, 5400, 9388, 1792], [5401, 5131, 4529, 7469, 3669, 9091, 7816, 9747], [1173, 445, 4314, 2845, 1793, 3569, 10303, 1208], [10518, 721, 5370, 5604, 1606, 10266, 631, 10301], [1712, 1761, 5610, 9344, 1771, 1605, 9365, 541], [5413, 10229, 5730, 5604, 5693, 9382, 7881, 10276], [2643, 4985, 2198, 5189, 9196, 4015, 5191, 3309], [4611, 5750, 2443, 9271, 597, 2850, 2426, 10220], [5420, 4898, 2714, 7155, 8157, 6838, 6882, 8514], [6402, 5522, 6278, 3794, 1167, 4904, 1278, 8912], [5422, 1787, 10295, 1712, 631, 5604, 7519, 6445], [5425, 5420, 5605, 1762, 293, 9639, 7529, 5413], [5427, 5993, 451, 1638, 5018, 5808, 7482, 6263], [5428, 2440, 5299, 3343, 3635, 3716, 9685, 1566], [2106, 10360, 7385, 6311, 7643, 1383, 6255, 5041], [5430, 5453, 5604, 5427, 6385, 5255, 891, 3040], [3653, 3794, 7199, 6440, 9934, 4967, 4185, 6135], [8843, 5479, 1200, 1676, 1672, 545, 7466, 2464], [4568, 7037, 1799, 1787, 6514, 3605, 1809, 10487], [5601, 3669, 10546, 5604, 5613, 5239, 7816, 5458], [4704, 1631, 3822, 2032, 1837, 8023, 10129, 2385], [100, 1462, 2644, 96, 5886, 5456, 7623, 4762], [3547, 5613, 7728, 7472, 2488, 4802, 7085, 8319], [6540, 7188, 10303, 568, 10220, 9265, 10304, 5786], [8677, 9548, 9207, 6616, 8050, 8176, 2735, 5234], [10566, 5846, 1645, 9957, 5969, 5883, 5864, 1226], [10459, 1849, 1656, 3520, 10413, 10462, 1731, 1711], [5553, 567, 5648, 4069, 4904, 3359, 9264, 5483], [6722, 2439, 5299, 5195, 6630, 4568, 1523, 1603], [5884, 8172, 10198, 2269, 9224, 2375, 8289, 9701], [5605, 1784, 1606, 1791, 631, 5604, 2749, 4315], [4837, 1018, 5824, 8322, 7527, 7322, 8114, 834], [8223, 10226, 539, 7526, 1948, 1200, 2385, 3359], [310, 5821, 7010, 7527, 10556, 6882, 9971, 721], [5435, 5338, 5637, 569, 8003, 1389, 7270, 10124], [5821, 10556, 3949, 10558, 7545, 3514, 569, 9522], [5384, 5707, 2850, 435, 2041, 1841, 2272, 2800], [1787, 9755, 9971, 10556, 10059, 7864, 1013, 2972], [10001, 887, 512, 7009, 10049, 7230, 4351, 888], [5697, 5448, 721, 8298, 5821, 5959, 10556, 5370], [8348, 137, 5657, 5483, 1658, 5448, 5121, 727], [2144, 10030, 9344, 5796, 1083, 4340, 749, 908], [5452, 81, 7919, 5762, 7334, 90, 8543, 4195], [1179, 10229, 5457, 8414, 1228, 9063, 7067, 8223], [2728, 342, 9335, 2464, 4588, 1835, 1208, 8983], [5458, 5784, 10260, 5911, 5745, 818, 5866, 805], [5404, 5702, 10486, 1270, 2562, 4367, 5929, 2032], [5461, 5601, 5458, 2440, 10487, 5990, 6515, 5413], [5462, 4985, 5463, 10414, 9193, 4525, 8191, 7929], [5942, 721, 811, 582, 6882, 9706, 9245, 5821], [5467, 310, 10556, 7377, 1116, 5629, 6793, 1056], [1655, 5906, 1366, 5657, 6991, 1526, 5677, 3403], [1613, 1045, 7067, 3151, 9585, 8319, 10173, 10010], [5470, 5976, 5559, 5784, 9938, 7157, 5465, 7373], [5472, 9465, 844, 5508, 6781, 3063, 2191, 3096], [5476, 5657, 5474, 5911, 6049, 5508, 5697, 5871], [5478, 2308, 2493, 5631, 5643, 1653, 4972, 264], [1228, 5911, 9244, 6072, 5483, 7040, 104, 5657], [5483, 10109, 7527, 8995, 5484, 875, 10315, 4227], [5486, 3052, 1333, 2851, 4227, 7881, 5892, 2142], [7010, 10558, 1738, 310, 24, 10556, 5487, 30], [10112, 9027, 5504, 2691, 5493, 7010, 9757, 6332], [254, 1520, 10556, 6882, 4227, 9750, 10276, 5239], [5502, 3377, 6732, 7713, 1165, 2661, 4201, 5501], [5504, 8209, 6818, 6093, 1086, 5745, 2749, 539], [3777, 6009, 8354, 8418, 5993, 6818, 3792, 1131], [5507, 5506, 9757, 5697, 5959, 8320, 9596, 2546], [5508, 5517, 5911, 3151, 5821, 8065, 10390, 7085], [7056, 1228, 5959, 7067, 5192, 9189, 1526, 7010], [1228, 5821, 5512, 721, 530, 1333, 9747, 1193], [5924, 1060, 1717, 684, 983, 5842, 2307, 4159], [9757, 8513, 9750, 8157, 8414, 5517, 7656, 8514], [8897, 7052, 3831, 9775, 9058, 10026, 10030, 6195], [9158, 9841, 9166, 5527, 1114, 9757, 8198, 9949], [9592, 5607, 2907, 10268, 6819, 6409, 5645, 10231], [10538, 5821, 6385, 5370, 10558, 261, 5340, 8057], [5871, 6960, 5517, 5534, 4898, 8378, 4517, 5337], [5536, 9085, 5204, 5784, 5537, 828, 5871, 5517], [335, 5538, 7696, 3489, 4779, 2994, 1585, 1983], [5539, 9886, 6382, 3955, 4837, 9974, 3627, 9957], [5540, 1159, 1613, 5385, 5203, 5911, 5873, 1147], [3604, 5240, 907, 7938, 786, 6491, 5542, 2561], [4340, 5370, 6850, 1520, 6882, 5959, 5604, 1606], [5701, 8760, 2187, 3602, 8234, 259, 5035, 7396], [7085, 1649, 5543, 5549, 10260, 5562, 10078, 10378], [5657, 6630, 5963, 1195, 5551, 8986, 9759, 1263], [5657, 5956, 5554, 5697, 5284, 9759, 5924, 5744], [735, 5556, 7010, 569, 3187, 3320, 6882, 3514], [5558, 9971, 1606, 8861, 8716, 10207, 10097, 5666], [8603, 10042, 3830, 2982, 10039, 5056, 5915, 5559], [5560, 960, 2304, 5562, 10378, 9757, 6559, 5604], [5561, 7218, 5562, 10026, 10078, 9945, 10247, 10378], [1125, 2645, 8368, 2821, 5561, 7082, 3529, 2957], [5562, 10533, 10538, 5956, 5924, 831, 4941, 3422], [9045, 5056, 4878, 8154, 4685, 2443, 7630, 6291], [5570, 3419, 6960, 9628, 10279, 597, 1948, 9792], [5571, 8838, 2522, 5426, 1076, 2648, 6598, 2043], [5573, 4185, 8706, 3794, 5079, 6495, 6938, 555], [8899, 5575, 8502, 5895, 10287, 10100, 10313, 9085], [5576, 5742, 6135, 5449, 9859, 10303, 6486, 6251], [5730, 468, 5693, 4584, 471, 5239, 88, 5578], [5579, 6385, 2911, 6653, 9314, 10279, 2488, 1809], [10229, 30, 4227, 1520, 631, 191, 5604, 10295], [5604, 937, 5239, 5697, 1228, 5884, 5584, 1649], [5588, 5576, 9612, 5586, 2440, 9065, 6403, 2079], [6423, 9361, 2495, 2269, 2375, 144, 937, 8613], [5596, 5601, 471, 254, 212, 7888, 211, 7864], [5604, 254, 2911, 5598, 6385, 9260, 2400, 4315], [5604, 937, 1228, 4227, 5601, 631, 468, 5693], [5604, 5239, 5613, 5697, 1228, 5370, 631, 9316], [5605, 3866, 3669, 471, 1784, 5854, 1786, 10297], [7091, 2033, 2763, 7466, 1613, 1179, 545, 144], [1787, 10384, 1648, 2381, 10229, 2410, 6772, 10297], [5611, 9344, 1873, 10295, 10459, 721, 627, 254], [5613, 4148, 10386, 6837, 7689, 337, 2443, 3482], [2665, 5370, 5004, 5613, 7932, 2602, 5340, 254], [5615, 8716, 3135, 7864, 9656, 5666, 5341, 553], [7085, 8320, 631, 1228, 2749, 3866, 675, 872], [10313, 8547, 10377, 10629, 10355, 6064, 7300, 10078], [4507, 6052, 6798, 5092, 10369, 5625, 8299, 2189], [5628, 5697, 2375, 1228, 5657, 9596, 8289, 8320], [310, 6882, 569, 7010, 3174, 28, 735, 5821], [5911, 9757, 5697, 7155, 721, 8198, 1228, 5653], [689, 1127, 1130, 3403, 7068, 5618, 1104, 3564], [3106, 9596, 5727, 5948, 5635, 525, 7000, 1552], [5956, 6630, 5463, 5413, 1998, 6563, 10326, 915], [5637, 3915, 8052, 9341, 4804, 10554, 3000, 5498], [7864, 3981, 310, 10415, 7909, 7545, 8995, 