{"num_src_sents": 550, "luca_siliusItalicus_claudius_1842": {"tgt_lang": "fr", "transl_top1": 0.35454545454545455, "transl_top5": 0.5072727272727273, "transl_top10": 0.5836363636363636, "num_nulls": 0, "num_tgt_sents": 20880}, "num_translations": 1, "text_top1": 0.35454545454545455, "text_top5": 0.5072727272727273, "text_top10": 0.5836363636363636}