{"num_src_sents": 44, "lysias_1856": {"tgt_lang": "de", "transl_top1": 0.29545454545454547, "transl_top5": 0.4772727272727273, "transl_top10": 0.5227272727272727, "num_nulls": 0, "num_tgt_sents": 5319}, "num_translations": 1, "text_top1": 0.29545454545454547, "text_top5": 0.4772727272727273, "text_top10": 0.5227272727272727}