{"num_src_sents": 252, "plutarch_5_1844": {"tgt_lang": "fr", "transl_top1": 0.373015873015873, "transl_top5": 0.5555555555555556, "transl_top10": 0.6309523809523809, "num_nulls": 2, "num_tgt_sents": 5916}, "plutarch_4_1844": {"tgt_lang": "fr", "transl_top1": 0.01984126984126984, "transl_top5": 0.051587301587301584, "transl_top10": 0.09126984126984126, "num_nulls": 0, "num_tgt_sents": 6665}, "num_translations": 2, "text_top1": 0.19642857142857142, "text_top5": 0.3035714285714286, "text_top10": 0.3611111111111111}