{"num_src_sents": 2638, "anacreon_1870": {"tgt_lang": "de", "transl_top1": 0.003032600454890068, "transl_top5": 0.013646702047005308, "transl_top10": 0.0200909780136467, "num_nulls": 0, "num_tgt_sents": 5470}, "apuleius_1878": {"tgt_lang": "en", "transl_top1": 0.640636846095527, "transl_top5": 0.8115996967399545, "transl_top10": 0.866565579984837, "num_nulls": 4, "num_tgt_sents": 8847}, "num_translations": 2, "text_top1": 0.3218347232752085, "text_top5": 0.4126231993934799, "text_top10": 0.4433282789992418}