{"num_src_sents": 604, "plutarch_3_1908": {"tgt_lang": "en", "transl_top1": 0.6225165562913907, "transl_top5": 0.8178807947019867, "transl_top10": 0.8990066225165563, "num_nulls": 0, "num_tgt_sents": 6633}, "plutarch_4_1908": {"tgt_lang": "en", "transl_top1": 0.006622516556291391, "transl_top5": 0.026490066225165563, "transl_top10": 0.057947019867549666, "num_nulls": 0, "num_tgt_sents": 13066}, "num_translations": 2, "text_top1": 0.31456953642384106, "text_top5": 0.42218543046357615, "text_top10": 0.478476821192053}