{"num_src_sents": 26, "plutarch_4_1908": {"tgt_lang": "en", "transl_top1": 0.038461538461538464, "transl_top5": 0.15384615384615385, "transl_top10": 0.15384615384615385, "num_nulls": 0, "num_tgt_sents": 13066, "retrieval_preds": [[3955, 5625, 2275, 48, 5378, 3271, 4206, 5296], [3957, 2087, 3688, 5561, 2039, 2946, 3681, 5523], [3804, 1849, 5971, 1242, 1739, 1791, 1565, 3642], [3959, 2629, 2317, 2314, 3934, 2548, 3176, 3960], [1972, 2930, 3456, 1987, 3891, 2174, 4813, 5202], [3955, 3606, 4881, 3963, 3273, 517, 5561, 3956], [3964, 3096, 4934, 2925, 4935, 2237, 5157, 5795], [3965, 1500, 1289, 6192, 1484, 2239, 484, 5951], [3966, 3644, 3593, 2933, 3377, 4881, 3659, 3955], [3968, 6661, 3758, 2416, 3728, 6502, 6471, 5155], [2172, 2171, 4015, 6651, 3970, 2076, 5012, 1334], [3971, 1347, 2479, 4509, 3992, 3981, 6236, 4070], [3972, 6099, 757, 5613, 1347, 345, 3764, 1425], [3973, 1289, 1187, 3725, 1124, 3758, 6099, 2988], [3974, 2977, 5099, 3256, 5178, 6024, 6209, 360], [3976, 1347, 1289, 2275, 2465, 2479, 2548, 2733], [3979, 3982, 2541, 2990, 5043, 6050, 5265, 3966], [3981, 4109, 1289, 2479, 6729, 4509, 1403, 6024], [3982, 7589, 7284, 3646, 8001, 11830, 7155, 2376], [3984, 2110, 5275, 2276, 2066, 2829, 3990, 3072], [3985, 3606, 1504, 5950, 4494, 6183, 3768, 5848], [6050, 3955, 3979, 3948, 3949, 3273, 2376, 3963], [3990, 5145, 3076, 4242, 6300, 4375, 2145, 6558], [12730, 12535, 2561, 12706, 11970, 11032, 12151, 9682], [926, 3173, 2839, 1234, 5323, 4939, 3938, 5721], [3993, 2502, 4832, 4833, 2953, 2224, 4272, 563]]}, "plutarch_3_1908": {"tgt_lang": "en", "transl_top1": 0.0, "transl_top5": 0.11538461538461539, "transl_top10": 0.23076923076923078, "num_nulls": 0, "num_tgt_sents": 6633, "retrieval_preds": [[4543, 2300, 5210, 1482, 5770, 4004, 2371, 3244], [5228, 2028, 3027, 3244, 3386, 4244, 4902, 3029], [2854, 549, 2452, 1887, 542, 110, 293, 798], [3581, 3591, 1837, 3593, 4108, 3580, 3996, 4126], [4327, 2483, 6257, 1513, 5918, 932, 5821, 4037], [5770, 4004, 1599, 5413, 2299, 2371, 1573, 2951], [1653, 5219, 3061, 6628, 3220, 631, 885, 4821], [5770, 168, 5709, 2133, 2291, 324, 5413, 5725], [1677, 1680, 1784, 5317, 4185, 5762, 3726, 388], [3026, 3551, 3325, 1469, 3219, 6444, 6215, 5219], [5453, 1179, 2637, 4816, 3584, 5451, 2224, 26], [3344, 4427, 3375, 86, 6486, 3175, 6288, 441], [861, 5089, 5210, 922, 1782, 3264, 6488, 1314], [86, 2218, 5750, 6341, 4456, 5747, 6303, 5574], [5681, 2616, 4975, 5367, 1430, 1655, 683, 2104], [5709, 2951, 1825, 5627, 86, 3593, 3581, 2371], [839, 1776, 3730, 6595, 1684, 2889, 5739, 3728], [221, 2218, 1015, 86, 1782, 5970, 5738, 2570], [1618, 6286, 5833, 5259, 1587, 1144, 5311, 3912], [6590, 3626, 5770, 1766, 2150, 4184, 1708, 3901], [5770, 5627, 2299, 6590, 5413, 5798, 4580, 5709], [3730, 1763, 1527, 6286, 1618, 388, 1573, 4602], [1653, 52, 6023, 1181, 934, 2878, 4760, 3375], [1618, 6509, 2467, 6286, 5833, 1684, 4386, 1999], [478, 2294, 3056, 4484, 3054, 1823, 525, 1208], [1824, 4197, 5363, 6325, 664, 5281, 5418, 5038]]}, "num_translations": 2, "text_top1": 0.019230769230769232, "text_top5": 0.13461538461538464, "text_top10": 0.19230769230769232}