{"num_src_sents": 266, "luca_siliusItalicus_claudius_1842": {"tgt_lang": "fr", "transl_top1": 0.3233082706766917, "transl_top5": 0.4924812030075188, "transl_top10": 0.575187969924812, "num_nulls": 0, "num_tgt_sents": 20880, "retrieval_preds": [[7350, 3238, 14363, 11907, 3927, 15930, 2048, 19101], [3678, 16443, 8689, 18650, 9407, 20131, 1330, 14995], [18651, 19457, 6952, 2206, 9609, 6572, 797, 9989], [18652, 6737, 5259, 19576, 12345, 20416, 13041, 18468], [7217, 18275, 8180, 9161, 5840, 9848, 3997, 11792], [13089, 20004, 12407, 5695, 8544, 13690, 13397, 19475], [19265, 4641, 19701, 19215, 2206, 16315, 18176, 2386], [1435, 20086, 17726, 8282, 20243, 4777, 18655, 14479], [20613, 6282, 13783, 17032, 6279, 7337, 13478, 16328], [18658, 8867, 11060, 15877, 20629, 19650, 20037, 2820], [14847, 13702, 19993, 13682, 3265, 15017, 10872, 18659], [18662, 5436, 4666, 11569, 18877, 4911, 4719, 469], [18372, 14919, 19428, 2866, 8453, 13237, 5629, 19259], [18667, 3765, 3694, 8210, 973, 13474, 18557, 20618], [18668, 17150, 8082, 17660, 7005, 13386, 18171, 13761], [18670, 3445, 16517, 8207, 16792, 4949, 1379, 869], [12115, 18671, 18701, 14561, 8599, 1024, 9481, 12511], [18008, 410, 11151, 15742, 18527, 2740, 17166, 11197], [18672, 20005, 17826, 19997, 1370, 18097, 10869, 4776], [17702, 2970, 17794, 12928, 12621, 16080, 19100, 691], [18674, 5404, 15483, 18256, 601, 4125, 16595, 16401], [18676, 17836, 20223, 16200, 12898, 2491, 9875, 11289], [9301, 9279, 2596, 17863, 9588, 2438, 15147, 341], [18682, 18976, 11117, 19310, 11465, 15899, 13682, 2404], [17201, 7053, 5591, 12969, 18890, 15836, 20625, 17086], [18684, 5733, 13719, 2009, 10448, 19340, 19263, 6288], [267, 13282, 14731, 15994, 15396, 14487, 15896, 12404], [352, 3581, 5167, 396, 18405, 5996, 522, 18952], [692, 4213, 975, 17312, 16055, 11009, 14337, 15518], [13358, 14722, 17536, 7596, 15724, 7491, 8040, 17463], [18689, 18166, 18094, 17183, 14880, 15613, 11314, 1489], [4496, 18690, 14888, 5485, 18701, 14880, 7515, 18112], [18691, 7514, 1530, 2453, 15598, 18112, 4708, 11908], [16576, 17187, 20618, 18169, 16805, 18695, 5485, 17190], [17971, 15072, 5000, 11153, 13009, 11695, 8433, 8318], [5460, 14519, 14682, 20294, 17098, 17236, 17511, 3345], [6688, 18573, 14271, 2459, 5371, 1504, 8084, 712], [3635, 10176, 84, 17690, 2406, 4565, 5478, 13152], [18702, 13439, 13372, 18701, 3160, 525, 18049, 14513], [18703, 17333, 2717, 15230, 2156, 14450, 12121, 12209], [14996, 761, 17556, 12112, 12116, 2648, 15429, 18471], [16260, 14219, 17022, 19166, 16204, 18928, 16472, 17900], [6858, 8981, 5333, 15017, 16621, 12664, 18062, 5568], [18712, 17298, 5250, 19073, 5311, 2717, 7383, 14890], [18713, 9719, 7288, 20117, 4750, 1802, 2199, 1583], [18714, 13710, 13455, 17717, 5028, 12176, 4753, 7272], [10098, 16271, 18715, 3211, 20515, 15766, 8881, 17634], [18716, 18718, 14615, 692, 6849, 16171, 20183, 17138], [18719, 426, 8025, 11264, 14618, 18720, 1140, 9700], [18721, 12284, 17556, 8712, 7988, 7236, 16598, 2506], [4823, 1405, 16683, 11060, 4730, 4740, 14375, 5719], [12711, 7512, 3682, 6550, 9159, 9771, 18808, 5967], [15924, 742, 16416, 19531, 14799, 18026, 4196, 17271], [12051, 12429, 10037, 2284, 10321, 9742, 12403, 9889], [11376, 18728, 3936, 13825, 18952, 6072, 18286, 8554], [14782, 18291, 2855, 1716, 3893, 10059, 2937, 20455], [11660, 18734, 6806, 12690, 7693, 18727, 7265, 1470], [8402, 16619, 10292, 2156, 3028, 19181, 3741, 9280], [8614, 9077, 17792, 12387, 7462, 7255, 17968, 12153], [20585, 17353, 13010, 19849, 4343, 19785, 3447, 14320], [5526, 18741, 10009, 9254, 13474, 18389, 3974, 9661], [6282, 14472, 18743, 17572, 11316, 1857, 18744, 6458], [4818, 800, 6274, 18587, 16668, 7168, 558, 1466], [17369, 13160, 14446, 13525, 18050, 7165, 18948, 18748], [1352, 1856, 4649, 4671, 8682, 9576, 10361, 10435], [19454, 18750, 6926, 12544, 15848, 11247, 2528, 17870], [10956, 5241, 6550, 3488, 5235, 20405, 14242, 20592], [18752, 579, 13410, 7976, 5606, 9679, 15943, 8250], [18754, 7768, 3337, 8313, 10043, 14618, 17964, 3920], [20302, 2827, 16809, 1917, 8113, 5621, 19597, 10964], [826, 15978, 18756, 2861, 9589, 20511, 2873, 19313], [18757, 15319, 3592, 15928, 1955, 1943, 19481, 16193], [3904, 15791, 18270, 9840, 17224, 9132, 17236, 20155], [20227, 6621, 18759, 19893, 18502, 19575, 3278, 16702], [18760, 19423, 3297, 1333, 15794, 873, 5614, 15848], [15558, 16671, 19214, 15192, 11527, 8422, 19865, 3075], [19415, 5974, 2715, 6963, 14429, 18438, 13619, 20867], [18581, 18761, 18744, 4893, 11995, 1271, 2919, 12953], [19230, 16094, 4154, 13857, 15392, 19647, 17479, 13648], [14332, 18610, 4944, 18762, 6759, 15469, 20620, 4120], [18366, 4755, 13719, 708, 2831, 15449, 7805, 10272], [19474, 11614, 1126, 4363, 19969, 18911, 1124, 18765], [18766, 1198, 10617, 18390, 4967, 18301, 10556, 2724], [18767, 7943, 1479, 16949, 5014, 17965, 5484, 356], [18768, 1633, 13483, 12380, 2969, 7484, 6113, 12054], [8861, 17221, 17274, 3686, 3687, 19270, 3374, 2856], [18769, 12456, 19423, 7360, 17106, 12965, 18210, 7437], [19101, 18770, 10817, 20625, 17750, 2048, 15706, 9022], [9084, 16223, 14739, 8399, 13640, 18772, 18757, 19272], [2283, 17546, 13723, 18774, 4956, 1308, 16930, 2127], [2082, 5565, 18286, 18867, 1552, 14788, 7950, 19300], [12698, 18111, 11439, 10693, 18622, 1317, 3353, 18450], [7939, 17126, 17121, 15506, 3804, 16396, 7758, 16226], [18785, 13103, 547, 13844, 12739, 9957, 6460, 8932], [16140, 17669, 7045, 6548, 18805, 17483, 17739, 15210], [18790, 20592, 3715, 14546, 18028, 10745, 14545, 12842], [8373, 9608, 17540, 19479, 10444, 18791, 5803, 10920], [18793, 15755, 757, 15760, 13738, 10606, 18554, 9668], [1682, 10582, 647, 7445, 14332, 1704, 17828, 3514], [18796, 18425, 7758, 7340, 17012, 20055, 12865, 7666], [884, 3068, 1791, 546, 4867, 12222, 14685, 12025], [18798, 8260, 18525, 19851, 1696, 4428, 10274, 706], [18799, 13630, 20366, 11568, 9451, 16077, 20215, 6879], [17714, 9910, 3602, 5967, 15381, 9544, 19451, 10669], [18250, 9840, 5421, 18872, 16671, 20120, 5084, 20684], [6548, 16595, 19611, 16612, 2186, 19692, 2855, 19711], [18805, 5864, 16715, 446, 18481, 7595, 17746, 10525], [17710, 3105, 15581, 15788, 3663, 10345, 9451, 10251], [11396, 3490, 18806, 1716, 8034, 13343, 10700, 6201], [6432, 6759, 18297, 14582, 8325, 14988, 1712, 5236], [20432, 18811, 1871, 15504, 6849, 15628, 10711, 11293], [18813, 7211, 10564, 13318, 3445, 15144, 15582, 15504], [18817, 7462, 17431, 7211, 18500, 11139, 9427, 11289], [5236, 17733, 2490, 8435, 2743, 8914, 18143, 3715], [18820, 18232, 12786, 11172, 12380, 12560, 3043, 10611], [15791, 15942, 18821, 15792, 2197, 10504, 18965, 5654], [18822, 13257, 14364, 4006, 4816, 16541, 7984, 15752], [18825, 16254, 15795, 17662, 8473, 8406, 15366, 7804], [1704, 594, 2266, 1724, 8789, 12932, 1155, 4802], [15297, 11293, 17620, 18827, 17619, 1716, 1705, 13819], [7607, 9212, 8413, 19463, 9999, 8379, 18254, 3267], [18830, 2190, 11610, 1194, 14844, 7392, 10693, 8016], [18831, 5088, 20175, 5500, 11400, 12884, 7800, 14534], [5488, 5519, 3977, 6882, 956, 1884, 1356, 7165], [10150, 9116, 15480, 18547, 2102, 18511, 14380, 9462], [10524, 4321, 18842, 9345, 3068, 19601, 15956, 14719], [2594, 15721, 16204, 2982, 18723, 13697, 3935, 10911], [18640, 4654, 18843, 17773, 10695, 1272, 1395, 17140], [4913, 2715, 20033, 4901, 7197, 15744, 2689, 16969], [1495, 3643, 653, 18845, 621, 12964, 10257, 3879], [17387, 14528, 20585, 16355, 14477, 15160, 684, 8506], [5336, 18849, 13894, 18619, 4462, 6823, 7208, 9239], [20217, 8608, 2252, 3203, 10335, 2159, 2120, 9454], [18853, 1083, 17390, 5136, 13800, 5125, 10274, 20254], [16742, 4451, 12249, 13894, 15046, 17056, 20328, 5809], [5966, 9269, 8506, 17662, 4089, 5137, 3447, 19849], [18856, 12585, 17905, 20042, 4343, 19849, 674, 20140], [18857, 11976, 18840, 6427, 17179, 15231, 18557, 18913], [18450, 16155, 16472, 18723, 18130, 16145, 12137, 17683], [13443, 18861, 10437, 19423, 8960, 10417, 18874, 15115], [19310, 18291, 11934, 9875, 11094, 18862, 20454, 16313], [16081, 20405, 16721, 3065, 8892, 18094, 14024, 281], [5811, 19526, 18867, 16693,