{"num_src_sents": 562, "cicero_1874": {"tgt_lang": "en", "transl_top1": 0.7953736654804271, "transl_top5": 0.9733096085409253, "transl_top10": 1.0320284697508897, "num_nulls": 0, "num_tgt_sents": 5692}, "cicero_1861_6": {"tgt_lang": "de", "transl_top1": 0.0071174377224199285, "transl_top5": 0.026690391459074734, "transl_top10": 0.05338078291814947, "num_nulls": 0, "num_tgt_sents": 8951}, "cicero_1863_7": {"tgt_lang": "de", "transl_top1": 0.012455516014234875, "transl_top5": 0.046263345195729534, "transl_top10": 0.08718861209964412, "num_nulls": 0, "num_tgt_sents": 5622}, "cicero_1855-1892_5": {"tgt_lang": "de", "transl_top1": 0.008896797153024912, "transl_top5": 0.03914590747330961, "transl_top10": 0.06761565836298933, "num_nulls": 0, "num_tgt_sents": 4818}, "cicero_plinyYounger_1909": {"tgt_lang": "en", "transl_top1": 0.6334519572953736, "transl_top5": 0.8291814946619217, "transl_top10": 0.9039145907473309, "num_nulls": 0, "num_tgt_sents": 7172}, "cicero_1878_8": {"tgt_lang": "de", "transl_top1": 0.6903914590747331, "transl_top5": 0.8416370106761566, "transl_top10": 0.896797153024911, "num_nulls": 0, "num_tgt_sents": 5042}, "num_translations": 6, "text_top1": 0.35794780545670224, "text_top5": 0.4593712930011863, "text_top10": 0.5068208778173191}