{"num_src_sents": 115, "plutarch_1_1844": {"tgt_lang": "fr", "transl_top1": 0.26956521739130435, "transl_top5": 0.4782608695652174, "transl_top10": 0.5391304347826087, "num_nulls": 0, "num_tgt_sents": 8121}, "plutarch_1898_theosophical": {"tgt_lang": "en", "transl_top1": 0.6, "transl_top5": 0.8434782608695652, "transl_top10": 0.9130434782608695, "num_nulls": 0, "num_tgt_sents": 3608}, "plutarch_2_1844": {"tgt_lang": "fr", "transl_top1": 0.0, "transl_top5": 0.0782608695652174, "transl_top10": 0.1391304347826087, "num_nulls": 0, "num_tgt_sents": 7523}, "num_translations": 3, "text_top1": 0.28985507246376807, "text_top5": 0.46666666666666673, "text_top10": 0.5304347826086956}