{"num_src_sents": 357, "aeschylus_1909": {"tgt_lang": "en", "transl_top1": 0.3333333333333333, "transl_top5": 0.5406162464985994, "transl_top10": 0.6246498599439776, "num_nulls": 0, "num_tgt_sents": 5369}, "aeschylus_1872": {"tgt_lang": "fr", "transl_top1": 0.17647058823529413, "transl_top5": 0.2801120448179272, "transl_top10": 0.3753501400560224, "num_nulls": 0, "num_tgt_sents": 3725}, "aeschylus_1886": {"tgt_lang": "en", "transl_top1": 0.23809523809523808, "transl_top5": 0.38935574229691877, "transl_top10": 0.453781512605042, "num_nulls": 0, "num_tgt_sents": 6446}, "aeschylus_1888": {"tgt_lang": "en", "transl_top1": 0.33613445378151263, "transl_top5": 0.5574229691876751, "transl_top10": 0.6246498599439776, "num_nulls": 0, "num_tgt_sents": 5644}, "aeschylus_1868": {"tgt_lang": "de", "transl_top1": 0.0784313725490196, "transl_top5": 0.14285714285714285, "transl_top10": 0.19047619047619047, "num_nulls": 0, "num_tgt_sents": 5499}, "num_translations": 5, "text_top1": 0.23249299719887956, "text_top5": 0.3820728291316527, "text_top10": 0.453781512605042}