{"num_src_sents": 2453, "xenophon_3_1858": {"tgt_lang": "de", "transl_top1": 0.591112922951488, "transl_top5": 0.7908683245006115, "transl_top10": 0.8834080717488789, "num_nulls": 3, "num_tgt_sents": 5067}, "xenophon_2_1856": {"tgt_lang": "de", "transl_top1": 0.5870362821035466, "transl_top5": 0.7753770892784345, "transl_top10": 0.8532409294741133, "num_nulls": 0, "num_tgt_sents": 8441}, "xenophon_1_1872": {"tgt_lang": "fr", "transl_top1": 0.35181410517733386, "transl_top5": 0.5356706074194864, "transl_top10": 0.6094578067672238, "num_nulls": 2, "num_tgt_sents": 11058}, "xenophon_1_1854": {"tgt_lang": "de", "transl_top1": 0.004891969017529555, "transl_top5": 0.013452914798206279, "transl_top10": 0.026090501426824297, "num_nulls": 0, "num_tgt_sents": 7813}, "xenophon_1907": {"tgt_lang": "en", "transl_top1": 0.5373012637586628, "transl_top5": 0.7570322054626988, "transl_top10": 0.8373420301671423, "num_nulls": 0, "num_tgt_sents": 8988}, "xenophon_2_1872": {"tgt_lang": "fr", "transl_top1": 0.003261312678353037, "transl_top5": 0.016714227476559314, "transl_top10": 0.025275173257236036, "num_nulls": 0, "num_tgt_sents": 10554}, "num_translations": 6, "text_top1": 0.345902975947819, "text_top5": 0.4815192281559995, "text_top10": 0.5391357521402366}