{"num_src_sents": 123, "isocrates_1835_5": {"tgt_lang": "de", "transl_top1": 0.4634146341463415, "transl_top5": 0.6585365853658537, "transl_top10": 0.7154471544715447, "num_nulls": 0, "num_tgt_sents": 4051}, "isocrates_1832_1": {"tgt_lang": "de", "transl_top1": 0.016260162601626018, "transl_top5": 0.0975609756097561, "transl_top10": 0.17073170731707318, "num_nulls": 0, "num_tgt_sents": 3528}, "num_translations": 2, "text_top1": 0.23983739837398374, "text_top5": 0.3780487804878049, "text_top10": 0.44308943089430897}