{"num_src_sents": 242, "lucian_1831_13": {"tgt_lang": "de", "transl_top1": 0.02066115702479339, "transl_top5": 0.0743801652892562, "transl_top10": 0.09917355371900827, "num_nulls": 0, "num_tgt_sents": 4049}, "lucian_1827_7": {"tgt_lang": "de", "transl_top1": 0.3925619834710744, "transl_top5": 0.5867768595041323, "transl_top10": 0.6942148760330579, "num_nulls": 0, "num_tgt_sents": 4692}, "luciusSamosata_1_1869": {"tgt_lang": "fr", "transl_top1": 0.24793388429752067, "transl_top5": 0.3677685950413223, "transl_top10": 0.4297520661157025, "num_nulls": 0, "num_tgt_sents": 14187}, "lucian_1867_3": {"tgt_lang": "de", "transl_top1": 0.5413223140495868, "transl_top5": 0.731404958677686, "transl_top10": 0.78099173553719, "num_nulls": 0, "num_tgt_sents": 3614}, "lucian_1866_1": {"tgt_lang": "de", "transl_top1": 0.012396694214876033, "transl_top5": 0.03305785123966942, "transl_top10": 0.07024793388429752, "num_nulls": 0, "num_tgt_sents": 4624}, "Lucian_1827_ht8": {"tgt_lang": "de", "transl_top1": 0.02066115702479339, "transl_top5": 0.08264462809917356, "transl_top10": 0.12396694214876033, "num_nulls": 0, "num_tgt_sents": 1131}, "num_translations": 6, "text_top1": 0.2059228650137741, "text_top5": 0.31267217630853994, "text_top10": 0.36639118457300274}