{"num_src_sents": 76, "isocrates_1832_1": {"tgt_lang": "de", "transl_top1": 0.5394736842105263, "transl_top5": 0.7236842105263158, "transl_top10": 0.8026315789473685, "num_nulls": 0, "num_tgt_sents": 3528, "retrieval_preds": [[3350, 3515, 2833, 2107, 3447, 3393, 1063, 971], [3351, 3492, 2494, 2767, 494, 2769, 2762, 3447], [2776, 2688, 3091, 1467, 2960, 1327, 3007, 1834], [3352, 1924, 2767, 455, 1790, 2494, 1519, 1232], [3355, 440, 2769, 2762, 1244, 3406, 422, 247], [485, 3356, 2959, 2470, 1059, 2898, 1343, 875], [3357, 3007, 1691, 971, 1882, 1777, 298, 527], [3358, 1431, 960, 3360, 2946, 3417, 3299, 1343], [3359, 3353, 1379, 2148, 2129, 2949, 3364, 880], [3360, 2946, 1343, 1012, 3048, 3047, 3049, 3067], [3361, 1421, 291, 2529, 293, 890, 2543, 2248], [879, 2520, 2308, 2533, 3363, 1712, 685, 1722], [3364, 821, 1276, 865, 1580, 2657, 2667, 1148], [3447, 3365, 43, 3351, 1063, 1251, 1662, 1639], [3157, 3366, 3016, 1725, 3309, 365, 3248, 1343], [3367, 3368, 3181, 1262, 2289, 3189, 2670, 2244], [3369, 1943, 2949, 3176, 935, 1698, 915, 3180], [3370, 1924, 2367, 2978, 622, 1244, 392, 2303], [3370, 1889, 1220, 3173, 3198, 1739, 2809, 2978], [2568, 3373, 2952, 3375, 400, 2978, 1371, 660], [3370, 1739, 2163, 2995, 1339, 1314, 2275, 1383], [3375, 1155, 2353, 3059, 865, 407, 1209, 1023], [3197, 3376, 2578, 849, 948, 3173, 2528, 1415], [834, 2494, 2992, 1215, 3377, 1153, 2486, 1334], [3378, 1519, 2839, 1644, 1289, 1334, 2578, 1656], [3379, 1889, 1679, 412, 810, 879, 456, 308], [243, 3380, 3148, 1712, 2978, 571, 615, 1921], [2707, 3381, 2435, 2038, 2516, 1166, 2513, 389], [3382, 2833, 2451, 3020, 2578, 1902, 1367, 1644], [3144, 1867, 1278, 251, 2816, 1395, 595, 1444], [3384, 2017, 456, 954, 3492, 2494, 2995, 1889], [3385, 622, 1386, 2956, 2257, 3384, 2837, 3451], [3386, 3131, 3129, 491, 2421, 2498, 2164, 3363], [3387, 2815, 2531, 494, 456, 257, 2809, 2482], [3388, 1128, 2340, 1897, 1129, 1329, 2595, 3522], [3389, 2531, 2455, 1368, 279, 1241, 2813, 88], [3391, 3516, 1889, 698, 1790, 622, 3492, 879], [1379, 572, 685, 1921, 3429, 3363, 3343, 2882], [3393, 823, 658, 971, 412, 954, 2006, 1156], [3395, 880, 1228, 3354, 3199, 3490, 3098, 475], [3397, 583, 3139, 3407, 485, 1180, 3222, 1846], [3398, 2267, 3506, 1803, 1251, 2775, 2861, 3404], [3399, 1162, 3431, 3486, 1153, 869, 485, 2763], [3400, 3353, 3375, 267, 3359, 437, 898, 3187], [3356, 3402, 3031, 1059, 2907, 882, 2814, 1938], [3403, 589, 1656, 2769, 2107, 1889, 412, 2767], [3404, 2861, 3351, 1939, 1379, 3492, 2868, 3499], [3405, 587, 1646, 1395, 2748, 2750, 244, 880], [3399, 2868, 2880, 2861, 3355, 3406, 3502, 2745], [3406, 1244, 395, 622, 3387, 3140, 1201, 2968], [3407, 3221, 1343, 1203, 1936, 1347, 722, 3017], [3408, 2149, 3169, 571, 1355, 1115, 1708, 3463], [3410, 1914, 816, 817, 1988, 1254, 1241, 1064], [485, 3203, 943, 2870, 875, 2959, 2162, 1670], [658, 3412, 2833, 1654, 412, 2767, 3413, 3492], [2833, 1334, 2121, 2107, 1902, 2831, 1311, 1241], [3418, 658, 240, 590, 1889, 584, 2455, 3403], [3420, 3419, 625, 281, 2844, 1180, 256, 2233], [3420, 977, 2834, 635, 2594, 1384, 3417, 2531], [3421, 188, 392, 3221, 728, 1665, 1716, 422], [1146, 1712, 573, 247, 257, 3423, 3417, 3496], [3351, 3350, 3447, 589, 494, 1519, 3492, 1662], [3429, 277, 1749, 3343, 880, 685, 3521, 1228], [2280, 1328, 2531, 1330, 622, 3406, 879, 2622], [3434, 3363, 471, 3419, 1779, 438, 188, 2976], [3436, 211, 288, 2899, 1782, 2470, 1330, 1727], [2898, 3437, 1675, 2849, 251, 3362, 2959, 670], [3031, 3402, 3356, 646, 209, 2973, 286, 706], [3440, 2623, 1118, 1836, 1316, 3394, 617, 843], [3442, 977, 208, 287, 279, 667, 1512, 189], [3443, 875, 1501, 490, 485, 3164, 2973, 1029], [3444, 1675, 2897, 1685, 968, 977, 268, 2826], [3445, 1734, 193, 1722, 2543, 977, 1917, 2556], [46, 3446, 2182, 3463, 1277, 481, 1874, 1183], [2868, 3355, 3404, 2771, 682, 880, 485, 2180], [3447, 968, 1948, 412, 1924, 2765, 445, 1654]]}, "isocrates_1835_5": {"tgt_lang": "de", "transl_top1": 0.0, "transl_top5": 0.17105263157894737, "transl_top10": 0.23684210526315788, "num_nulls": 0, "num_tgt_sents": 4051, "retrieval_preds": [[634, 619, 2982, 988, 153, 1400, 3107, 1831], [647, 361, 316, 619, 409, 1021, 634, 1586], [3030, 736, 2498, 1772, 3104, 793, 1016, 1030], [304, 361, 1400, 1804, 1027, 634, 1021, 2413], [2663, 1579, 1586, 1513, 2360, 1400, 2464, 2649], [1531, 2010, 3178, 1530, 771, 172, 564, 541], [1421, 1820, 571, 1273, 1819, 2572, 3030, 2740], [2151, 240, 194, 377, 1234, 1633, 646, 2150], [814, 3142, 1517, 1556, 247, 1686, 1947, 1140], [3904, 2547, 3715, 3793, 1684, 719, 3465, 1604], [814, 2745, 3142, 341, 3398, 1321, 2292, 286], [2464, 2645, 320, 1947, 1533, 1488, 558, 2375], [1924, 2730, 1961, 1897, 1577, 1654, 1999, 1813], [647, 1779, 1203, 197, 617, 2326, 2690, 3074], [1282, 738, 3206, 2556, 2004, 1457, 2400, 1281], [508, 2040, 1981, 1134, 2435, 2964, 2951, 2080], [2522, 1842, 3045, 393, 221, 835, 1992, 399], [160, 1113, 1474, 246, 308, 1812, 109, 367], [3138, 275, 488, 815, 1220, 369, 391, 1804], [605, 1790, 369, 391, 515, 3130, 1111, 1167], [442, 1951, 1850, 275, 369, 620, 391, 452], [50, 2645, 255, 1928, 412, 1476, 580, 1772], [1833, 1951, 1431, 391, 1468, 250, 275, 2390], [1373, 1027, 417, 1579, 619, 2281, 3226, 369], [276, 1251, 275, 235, 418, 420, 391, 417], [1518, 1790, 1508, 369, 619, 148, 1240, 1481], [3178, 2661, 1532, 750, 1152, 1518, 756, 3395], [2002, 499, 416, 932, 570, 470, 1827, 1558], [1245, 442, 1286, 769, 439, 245, 275, 1181], [214, 282, 1226, 3218, 1148, 1717, 1901, 2423], [1831, 369, 3138, 1790, 2650, 488, 1225, 1835], [369, 420, 1508, 1249, 1831, 1580, 1113, 1797], [2579, 1827, 1376, 1361, 1326, 2451, 3265, 958], [554, 1831, 1225, 513, 1695, 1400, 1518, 1220], [985, 1218, 1219, 3001, 871, 219, 3142, 611], [1579, 1419, 1794, 1225, 2982, 1695, 361, 619], [361, 619, 610, 304, 1794, 369, 1790, 3138], [632, 1640, 1540, 1690, 1307, 1847, 3130, 599], [619, 1657, 987, 391, 153, 620, 304, 275], [1842, 2577, 231, 3130, 1678, 3178, 1682, 301], [1016, 1759, 1842, 1675, 1062, 172, 1421, 185], [2326, 360, 1772, 2424, 1771, 1779, 3396, 3059], [2316, 3218, 1792, 2463, 3443, 528, 2498, 2467], [1464, 1470, 1946, 2730, 2009, 632, 2747, 1295], [1162, 2343, 1841, 2400, 1674, 299, 301, 2401], [404, 1201, 1223, 1513, 1229, 1794, 1850, 2414], [1790, 647, 1725, 1759, 1666, 634, 1567, 316], [528, 2403, 1783, 1005, 1420, 2498, 986, 2567], [320, 2463, 2316, 1792, 516, 294, 547, 2464], [1113, 160, 1794, 620, 3388, 2464, 361, 1831], [2572, 3325, 1422, 1611, 2581, 384, 1537, 2721], [812, 985, 2616, 959, 1936, 2730, 183, 1493], [1867, 3356, 2893, 1126, 1865, 3388, 1110, 31], [2223, 1063, 2509, 1059, 301, 1649, 299, 1712], [417, 1804, 2650, 619, 1513, 267, 3032, 1695], [1244, 1245, 769, 798, 2650, 1513, 2634, 619], [405, 1519, 160, 1284, 304, 1400, 1508, 2651], [1256, 1690, 219, 733, 280, 2492, 2740, 1802], [219, 1481, 560, 1246, 1675, 1608, 820, 643], [1789, 3000, 3030, 1313, 768, 3325, 1256, 1421], [405, 361, 1579, 3072, 1508, 1343, 643, 634], [634, 619, 2982, 1021, 1513, 1407, 433, 1518], [2319, 1819, 2661, 2362, 1640, 1508, 1721, 1337], [1400, 1553, 826, 2660, 1407, 1579, 2464, 1048], [2668, 1005, 3328, 819, 2017, 2647, 2987, 1310], [2652, 2641, 266, 3276, 2095, 1512, 2302, 1010], [2647, 1499, 1418, 277, 2363, 1262, 737, 2217], [2401, 2343, 1841, 2377, 2641, 1512, 2400, 2405], [1848, 2093, 3842, 2126, 2587, 3274, 2656, 1569], [1841, 564, 2577, 1512, 3103, 384, 2399, 172], [1748, 2004, 1841, 2641, 299, 1283, 540, 1353], [2315, 2360, 1309, 3226, 405, 431, 1238, 327], [2726, 528, 3310, 3305, 2315, 2285, 2652, 3443], [1772, 1568, 1760, 1771, 812, 50, 431, 73], [2360, 1015, 1792, 1084, 592, 1418, 2728, 2464], [1654, 2982, 1043, 3074, 1631, 1763, 3000, 1030]]}, "num_translations": 2, "text_top1": 0.26973684210526316, "text_top5": 0.4473684210526316, "text_top10": 0.5197368421052632}