{"num_src_sents": 131, "lucian_1827_7": {"tgt_lang": "de", "transl_top1": 0.2366412213740458, "transl_top5": 0.37404580152671757, "transl_top10": 0.4351145038167939, "num_nulls": 0, "num_tgt_sents": 4692, "retrieval_preds": [[1733, 2221, 4420, 2224, 4263, 1736, 3850, 2938], [2289, 759, 3590, 891, 4216, 3856, 3585, 2327], [3850, 4098, 3577, 3522, 1740, 1237, 2811, 3726], [1032, 3774, 884, 2912, 648, 903, 3726, 2441], [285, 3488, 164, 3557, 4164, 403, 882, 3615], [4297, 3481, 3563, 408, 2346, 517, 2484, 4128], [733, 902, 2008, 1766, 1736, 4414, 3471, 1244], [2913, 4198, 902, 2516, 1742, 1736, 1746, 4020], [3471, 3710, 241, 252, 3877, 3488, 3548, 3871], [3505, 4200, 3946, 4533, 144, 4375, 4092, 4048], [1759, 4062, 972, 1761, 3850, 2289, 346, 4098], [1841, 4406, 1729, 4616, 4606, 2355, 3566, 3153], [1761, 2306, 4464, 1314, 1839, 2532, 2783, 4119], [1244, 4548, 735, 3547, 1299, 3607, 3776, 3638], [1764, 3710, 1145, 4555, 4568, 1199, 1899, 1047], [4414, 1833, 1244, 733, 3090, 746, 902, 460], [3451, 2299, 600, 4604, 4164, 3723, 2121, 4171], [3083, 3429, 4233, 1768, 1005, 370, 1486, 907], [3945, 3607, 4548, 1912, 3478, 1244, 4167, 3687], [3846, 2073, 4108, 3467, 737, 4020, 3923, 1726], [745, 2366, 3525, 4414, 4394, 4260, 4574, 902], [1772, 3454, 1862, 4318, 3291, 803, 3999, 4446], [4276, 1808, 4019, 2303, 733, 3091, 4117, 1894], [3184, 740, 835, 1247, 3357, 4254, 1906, 4291], [3472, 1776, 1842, 3505, 2548, 3469, 3091, 735], [664, 1925, 1786, 2166, 1397, 4280, 1894, 2180], [1778, 4468, 347, 2111, 299, 1399, 2245, 2465], [4509, 780, 4238, 3460, 3846, 2007, 249, 233], [1781, 3481, 4489, 3726, 1992, 1411, 4499, 2456], [1782, 670, 1736, 902, 446, 1973, 1395, 4456], [1783, 4499, 4568, 3894, 2824, 4507, 2218, 1879], [3782, 1784, 1862, 3361, 3847, 4150, 4290, 1704], [4158, 4462, 1843, 3544, 3503, 4282, 2214, 1906], [1786, 2147, 3605, 417, 1472, 1254, 3735, 4437], [744, 2052, 3659, 4063, 735, 2183, 4485, 3536], [1788, 3390, 2166, 1480, 1306, 1446, 2174, 1072], [1928, 4529, 1929, 1039, 200, 4522, 4247, 776], [215, 1791, 4257, 2236, 1810, 2079, 1133, 2281], [3628, 4548, 1846, 735, 3607, 4624, 3450, 4200], [3710, 3810, 2191, 979, 3462, 4098, 2306, 555], [2306, 2156, 4024, 4097, 1536, 882, 3476, 215], [2948, 3590, 4401, 885, 436, 437, 2327, 3710], [1072, 2948, 1806, 1091, 4401, 1094, 542, 1097], [2023, 4255, 4330, 3514, 265, 2138, 596, 4409], [4558, 125, 10, 3424, 3726, 3672, 2065, 1920], [1808, 3735, 4019, 3586, 3936, 3433, 2408, 3997], [1850, 4542, 4221, 4650, 1330, 1816, 3946, 3827], [1898, 4260, 1791, 3555, 3365, 3621, 4512, 1809], [3641, 4548, 4658, 3776, 3826, 1244, 3547, 3735], [2256, 878, 471, 2811, 1949, 1812, 2432, 2533], [1244, 1816, 4548, 1740, 3976, 4624, 1332, 4080], [1817, 2118, 2161, 4097, 1813, 3877, 4093, 4053], [1097, 1091, 507, 979, 1949, 2156, 555, 1072], [1826, 1924, 4489, 1877, 533, 558, 966, 1079], [1092, 979, 1107, 4058, 994, 4051, 2120, 1072], [988, 4624, 3471, 1830, 3690, 2229, 3719, 1180], [3488, 1831, 1952, 164, 2227, 1932, 4063, 3471], [902, 4249, 3517, 1832, 1736, 2551, 1244, 4378], [4658, 1254, 2209, 3486, 1332, 4396, 1816, 4610], [1834, 818, 1417, 772, 2787, 2476, 1225, 1787], [3802, 552, 2946, 215, 1897, 2978, 2864, 2913], [886, 2215, 3659, 4249, 3741, 4512, 4464, 4481], [4098, 3988, 2102, 2385, 2456, 2584, 1804, 1231], [1839, 3710, 3548, 1899, 1165, 436, 4074, 3850], [381, 2544, 740, 2304, 4043, 3490, 3598, 4600], [1854, 3868, 2636, 1870, 2069, 275, 2441, 2142], [10, 1939, 1920, 2012, 3516, 3250, 4573, 1885], [664, 559, 821, 3324, 4211, 2166, 3643, 3458], [4540, 393, 3834, 3563, 4005, 4574, 3334, 2664], [1244, 4284, 3607, 3735, 4212, 4167, 3641, 4396], [4505, 1950, 705, 4512, 1944, 1766, 1829, 4290], [1851, 2069, 1122, 4357, 4512, 2593, 2333, 127], [1852, 1165, 261, 1853, 3471, 3770, 1855, 3870], [1854, 3357, 316, 3967, 4315, 4478, 10, 1784], [1855, 3710, 1930, 2432, 1165, 2626, 1410, 261], [1856, 1150, 1165, 257, 241, 4446, 1496, 1149], [4532, 4127, 3023, 4556, 4523, 909, 245, 90], [3710, 3590, 437, 3850, 347, 1665, 436, 4578], [1752, 1784, 3364, 4150, 1862, 3076, 3782, 1780], [1864, 4386, 3710, 1165, 619, 1918, 1931, 3548], [1865, 4507, 2306, 3929, 885, 1831, 469, 3659], [3517, 2912, 2287, 4520, 3895, 4489, 4507, 2795], [1868, 1486, 1900, 2146, 2102, 1047, 2245, 3710], [2786, 2200, 1259, 3250, 2296, 1741, 188, 2154], [1870, 3717, 3651, 896, 1395, 1440, 481, 1433], [885, 436, 3710, 1930, 1513, 1938, 1165, 396], [1875, 4357, 436, 1207, 4153, 2156, 3710, 1878], [1877, 364, 4098, 961, 505, 1626, 1851, 1411], [1878, 775, 3590, 4579, 4058, 2387, 2351, 4357], [1879, 1399, 2221, 3850, 3962, 98, 1314, 437], [3566, 2982, 3191, 3136, 2809, 1937, 3305, 869], [1882, 1899, 896, 4568, 744, 4148, 1147, 693], [1314, 1399, 2040, 2593, 3023, 236, 1970, 4098], [4393, 4328, 2472, 3309, 4338, 3574, 679, 1409], [2289, 1886, 2185, 2282, 4216, 3590, 347, 2218], [4021, 1053, 3117, 1879, 4097, 4189, 1945, 4127], [902, 2120, 1748, 747, 1879, 1782, 3653, 1919], [1047, 1949, 1165, 1898, 1813, 241, 1499, 1930], [1894, 664, 2043, 4211, 3909, 4290, 1808, 2065], [2097, 2187, 920, 2048, 4040, 4067, 3834, 116], [122, 3932, 284, 3887, 3527, 3451, 3611, 7], [1898, 441, 924, 1882, 885, 1900, 3710, 1943], [1899, 642, 2230, 3710, 744, 3850, 429, 3705], [1900, 1899, 590, 556, 4074, 2306, 437, 3585], [2079, 450, 17, 447, 3693, 2938, 124, 772], [2194, 2102, 188, 31, 233, 3064, 3481, 4511], [607, 2043, 4290, 664, 1906, 1925, 4247, 1894], [1946, 1503, 1449, 3734, 1236, 715, 4248, 583], [1071, 1907, 1066, 1908, 1263, 1530, 772, 1077], [436, 1910, 386, 548, 560, 402, 1385, 1915], [1244, 3478, 3607, 3945, 4167, 4548, 3687, 1792], [1914, 921, 2289, 891, 1527, 610, 4359, 2118], [2023, 2102, 1915, 2138, 2441, 3153, 2036, 1180], [1916, 1450, 1072, 1918, 436, 4058, 4569, 499], [1919, 2075, 1748, 2062, 1282, 2042, 2033, 1990], [2043, 1894, 4290, 1748, 733, 3909, 4211, 4226], [2028, 3910, 4691, 3333, 1259, 1191, 1335, 1790], [331, 334, 886, 1831, 593, 1082, 1754, 4386], [2608, 1923, 1145, 4489, 1077, 3719, 1071, 1105], [1924, 1076, 4058, 957, 1091, 1072, 1075, 1079], [4263, 2912, 3496, 1927, 1810, 1791, 1865, 2952], [3894, 3738, 3864, 4115, 684, 707, 4038, 2777], [402, 556, 3850, 169, 3665, 687, 4585, 64], [1931, 1513, 1237, 687, 1938, 556, 775, 1930], [1938, 402, 499, 1513, 3850, 436, 1237, 687], [4632, 4330, 3555, 884, 3459, 2909, 2645, 2251], [1350, 2191, 3726, 4489, 1865, 2912, 1942, 2120], [1930, 4058, 3710, 3857, 2327, 4401, 1075, 396], [3817, 99, 1945, 3698, 1461, 1294, 3964, 2177], [1398, 1810, 1898, 2711, 891, 1900, 4512, 885], [1949, 3710, 1398, 4555, 437, 1899, 3717, 533]]}, "lucian_1831_13": {"tgt_lang": "de", "transl_top1": 0.030534351145038167, "transl_top5": 0.11450381679389313, "transl_top10": 0.12213740458015267, "num_nulls": 0, "num_tgt_sents": 4049,