{"num_src_sents": 248, "cicero_1855-1892_13": {"tgt_lang": "de", "transl_top1": 0.7741935483870968, "transl_top5": 0.8991935483870968, "transl_top10": 0.9354838709677419, "num_nulls": 0, "num_tgt_sents": 5014}, "cicero_1855-1892_14": {"tgt_lang": "de", "transl_top1": 0.020161290322580645, "transl_top5": 0.08064516129032258, "transl_top10": 0.12096774193548387, "num_nulls": 0, "num_tgt_sents": 6557}, "num_translations": 2, "text_top1": 0.3971774193548387, "text_top5": 0.4899193548387097, "text_top10": 0.5282258064516129}