{"num_src_sents": 254, "sophistesGrecs_1842": {"tgt_lang": "fr", "transl_top1": 0.20866141732283464, "transl_top5": 0.3425196850393701, "transl_top10": 0.4330708661417323, "num_nulls": 0, "num_tgt_sents": 7988, "retrieval_preds": [[6856, 4777, 5950, 3450, 1921, 4757, 6529, 7121], [5950, 5910, 5960, 5173, 7444, 3450, 1879, 6856], [5950, 5959, 5960, 5910, 7486, 3450, 4423, 6050], [7459, 686, 6954, 6758, 7207, 3050, 3057, 849], [6543, 5960, 5910, 6050, 1817, 3450, 6519, 5950], [5910, 6050, 6276, 6965, 5959, 6543, 6519, 5931], [7219, 7348, 7164, 6984, 7368, 7277, 7210, 7233], [1079, 1083, 7431, 6153, 6968, 7012, 1189, 7022], [2584, 6498, 4966, 7442, 7720, 2494, 2554, 6325], [1051, 600, 1954, 6974, 7436, 7430, 807, 3193], [2610, 6974, 6972, 5762, 5931, 2130, 6751, 3147], [1184, 7371, 788, 1117, 1211, 5516, 6337, 7170], [6973, 7256, 6420, 1474, 6391, 7462, 6452, 1071], [6974, 2130, 6601, 3556, 7773, 1049, 1332, 3129], [7868, 4230, 6210, 7677, 4068, 6038, 7442, 6585], [6543, 4456, 5950, 7396, 6980, 7486, 880, 6978], [153, 7891, 7964, 251, 7174, 981, 7897, 7963], [5910, 4643, 4655, 5071, 6440, 5678, 7486, 1761], [1334, 1446, 3120, 6524, 626, 7952, 1626, 1990], [6991, 7943, 5801, 2154, 5333, 5476, 2156, 6993], [6107, 7235, 1618, 5374, 3469, 1121, 6156, 5234], [6994, 1522, 1509, 1239, 849, 6548, 7214, 6974], [6519, 5170, 6276, 4994, 7976, 7866, 4164, 4523], [6998, 6622, 7023, 6053, 6543, 3576, 4077, 2401], [7006, 746, 2656, 7713, 7710, 7123, 4879, 318], [7007, 7049, 7046, 4154, 7297, 6244, 7013, 7410], [7008, 5973, 4643, 7368, 6598, 3644, 7233, 7442], [6793, 5973, 7820, 6193, 6583, 2656, 2438, 4102], [4522, 7149, 847, 6881, 4099, 5334, 852, 6310], [5474, 7446, 1124, 1745, 378, 7762, 7353, 2216], [5910, 5959, 6050, 6276, 6519, 7486, 7396, 7505], [7023, 1761, 6543, 6053, 1825, 820, 3450, 1879], [7031, 4230, 7431, 1475, 7055, 5954, 2274, 7110], [7868, 7885, 7209, 6468, 2681, 5933, 6100, 6193], [7034, 6529, 5995, 2163, 5950, 6407, 5973, 6948], [7036, 7020, 325, 6193, 6999, 6092, 5851, 6149], [6622, 7037, 3076, 7039, 1977, 7038, 302, 7023], [4127, 3559, 1837, 3564, 6755, 6983, 7040, 1882], [7665, 190, 7505, 4805, 7396, 2737, 1832, 3646], [6308, 3138, 7942, 4287, 2833, 3940, 4278, 7174], [7023, 4077, 6543, 3450, 2612, 5960, 6050, 7444], [1709, 5910, 6543, 4777, 4296, 7310, 6050, 2465], [6181, 5950, 6095, 1562, 5278, 5936, 5912, 1055], [6079, 7061, 6074, 3377, 6470, 6634, 7866, 2951], [7285, 2231, 7219, 4946, 5490, 925, 7046, 7491], [380, 4964, 1687, 368, 1578, 2162, 4404, 4815], [1534, 4466, 4584, 4918, 4934, 5337, 4964, 6860], [5260, 7064, 1101, 6407, 7135, 7482, 5556, 4467], [7066, 4792, 3564, 3450, 6543, 6811, 6768, 3449], [6050, 5960, 7023, 5950, 6019, 6046, 3806, 1761], [458, 7075, 7435, 7091, 1187, 7436, 778, 7113], [1084, 515, 498, 3266, 5094, 4757, 4967, 6729], [7077, 4685, 4578, 4402, 820, 4553, 4700, 5026], [7149, 1475, 7431, 4209, 7157, 6269, 6983, 1219], [6519, 7822, 7396, 2251, 2527, 4141, 4164, 506], [7121, 2948, 2588, 728, 7827, 2005, 6391, 3625], [6983, 3614, 4982, 3646, 1648, 5938, 7665, 4426], [7822, 7093, 3806, 4769, 3797, 6543, 1879, 5956], [1342, 5985, 6530, 638, 7131, 983, 3432, 3398], [7098, 5873, 7297, 5540, 4857, 4482, 7096, 4398], [7137, 6409, 1084, 6392, 4777, 7822, 2785, 7121], [758, 5981, 6543, 820, 5956, 6720, 3864, 5879], [4490, 5204, 7978, 3717, 31, 6849, 228, 5047], [7110, 7431, 6244, 6782, 7424, 7316, 2998, 807], [5234, 1773, 2823, 2082, 1141, 3119, 1395, 2990], [3354, 2564, 6503, 4895, 7112, 416, 7022, 7269], [6515, 7112, 552, 1252, 31, 3717, 6517, 7762], [7112, 1254, 1250, 6517, 6515, 6097, 5603, 1252], [7113, 7091, 1597, 7871, 7635, 6849, 7634, 7622], [6543, 6050, 5960, 4164, 1817, 5956, 1071, 7505], [7121, 1260, 7091, 7087, 7113, 2785, 7075, 6584], [7135, 6467, 7310, 1893, 7665, 506, 2657, 1562], [7126, 7372, 5973, 2163, 1084, 5457, 6517, 2687], [7127, 1826, 5762, 5976, 1916, 1908, 7421, 3310], [6053, 6543, 6050, 758, 2401, 7023, 2418, 2406], [3564, 7023, 4077, 6998, 3107, 2401, 6543, 3576], [6543, 7137, 7023, 6050, 6467, 7665, 1817, 5910], [2746, 1030, 304, 5376, 275, 1298, 4387, 7138], [7252, 691, 1055, 1475, 7361, 509, 6407, 7139], [6467, 2820, 7980, 7137, 82, 7396, 1699, 4661], [7408, 1119, 6503, 5655, 7429, 5380, 5686, 2554], [1064, 7357, 1454, 4863, 5126, 5160, 5253, 6974], [7142, 6152, 3100, 3488, 4529, 7187, 6804, 6441], [807, 7431, 6973, 7340, 6398, 7316, 888, 4778], [7145, 1558, 6998, 5575, 6053, 1864, 3297, 7960], [7146, 6518, 2591, 7271, 6168, 1848, 6736, 1573], [5445, 1475, 261, 1219, 5499, 5574, 2810, 1300], [3147, 506, 691, 4923, 6764, 7456, 6407, 5198], [4762, 1045, 1418, 6155, 6218, 7323, 1299, 7123], [1475, 1502, 7149, 4757, 204, 1864, 5955, 4643], [7150, 7380, 2149, 1475, 1502, 6984, 5225, 4230], [5312, 7151, 4446, 2534, 6984, 4285, 2527, 4571], [7152, 4643, 1475, 1148, 1774, 7431, 6244, 7001], [5950, 6050, 5959, 5910, 6543, 7396, 4104, 7311], [5720, 5484, 7163, 2163, 5995, 5421, 5359, 6387], [7444, 5170, 5910, 6019, 6987, 7866, 7486, 5960], [7444, 5170, 4423, 6519, 5292, 3986, 7866, 316], [351, 7456, 5955, 5973, 6281, 5879, 7163, 7384], [6507, 4895, 776, 31, 3717, 1124, 532, 6849], [5018, 5559, 7177, 5405, 1696, 4701, 4446, 4643], [2872, 5645, 4295, 575, 66, 318, 5415, 2165], [5910, 6965, 6100, 5960, 4817, 5950, 6543, 4351], [528, 1352, 2492, 6570, 5624, 132, 5104, 6917], [872, 7184, 7178, 6941, 4680, 3144, 453, 5225], [7311, 6543, 7448, 6495, 6804, 7187, 1562, 5956], [4549, 453, 5173, 4833, 4426, 5207, 1648, 7187], [6758, 4964, 5474, 380, 5310, 1687, 7345, 2161], [7190, 6543, 5910, 5960, 3450, 7444, 5959, 3806], [2879, 5295, 4544, 132, 4704, 4779, 6340, 2041], [5950, 5292, 5910, 162, 6482, 3893, 6495, 5959], [5972, 5950, 5071, 5140, 6983, 6050, 4077, 6804], [5950, 309, 7209, 6100, 7866, 7881, 6265, 7629], [5686, 7981, 6030, 7259, 7424, 1645, 5526, 6975], [575, 7115, 2165, 5810, 5069, 7446, 1085, 7935], [3851, 1009, 7056, 1617, 7475, 3352, 849, 3276], [7211, 1105, 5960, 6650, 7401, 3086, 6243, 6576], [4646, 5183, 5483, 6753, 4431, 5272, 4456, 4433], [4721, 646, 5054, 7218, 4109, 5057, 6238, 3972], [7444, 7252, 6987, 5950, 4441, 4857, 7187, 504], [2131, 3379, 1454, 6751, 6532, 5973, 3016, 4103], [185, 1216, 7903, 7343, 5648, 1322, 5880, 7693], [7228, 5950, 6529, 6295, 5062, 4423, 6193, 6495], [4720, 7230, 7866, 5233, 7910, 5933, 7861, 5143], [7881, 4446, 2287, 7910, 7878, 7868, 4273, 2960], [5960, 6050, 6519, 6543, 6495, 3813, 5910, 4702], [5950, 820, 6543, 5960, 6050, 6820, 6856, 6622], [7340, 7346, 1436, 1119, 7245, 4564, 6974, 1030], [5281, 4966, 7279, 5655, 7429, 5283, 5686, 2166], [5910, 5960, 6543, 4077, 6050, 1776, 6241, 5999], [7256, 6046, 691, 1475, 7085, 6400, 5950, 6918], [4104, 7866, 6111, 2320, 6518, 7396, 7258, 7972], [7260, 6400, 6046, 7380, 7085, 3450, 1709, 1835], [3450, 4861, 5910, 7262, 6276, 5960, 7147, 6622], [3445, 4064, 7265, 3124, 6751, 3106, 2694, 1086], [4077, 5910, 1879, 4164, 5960, 3806, 3450, 6518], [334, 3469, 2948, 355, 7879, 5164, 2915, 1306], [1099, 6782, 7273, 6100, 3291, 4446, 7368, 518], [2165, 37, 36, 7935, 6837, 493, 7879, 5810], [7868, 3314, 5686, 527, 7977, 4230, 1187, 6523], [6276, 6543, 4077, 6050, 4055, 6519, 4643, 4141], [7281, 6050, 6543, 5910, 4077, 4897, 6820, 2535], [6046, 6400, 7085, 4166, 2130, 4390, 7420, 6246], [7125, 6717, 66, 6106, 493, 3988, 390, 7068], [7119, 933, 1374, 7046, 7944, 7214, 5571, 4326], [67, 1239, 7820, 6218, 7288, 2670, 7763, 1863], [6543, 4077, 5960, 5910, 3450, 7023, 2769, 3576], [7296, 357, 7427, 7435, 458, 7436, 7279, 7634], [7297, 7145, 6755, 828, 6886, 5858, 6983, 5379], [1851, 7300, 6423, 3559, 7819, 4053, 2579, 99], [7552, 225, 2656, 7629, 7713, 3763, 7820, 4146], [6407, 4421, 1157, 6123, 1502, 748, 3734, 7119], [6241, 4077, 6720, 6556, 1879, 3791, 2580, 6998], [2401, 4077, 6053, 3450, 6353, 2769, 1879, 3559], [6542, 7127, 6978, 6371, 1607, 5740, 1893, 4811], [6543, 4164, 7310, 7396, 6050, 7023, 5910, 6053], [820, 6543, 6556, 7316, 5960, 6622, 6856, 7023], [2103, 145, 5576, 2053, 6689, 2018, 803, 449], [285, 251, 925, 6268, 4028, 