{"num_src_sents": 606, "plutarch_1864-1867_14-20": {"tgt_lang": "de", "transl_top1": 0.0049504950495049506, "transl_top5": 0.024752475247524754, "transl_top10": 0.041254125412541254, "num_nulls": 0, "num_tgt_sents": 6866}, "plutarch_4_1908": {"tgt_lang": "en", "transl_top1": 0.01485148514851485, "transl_top5": 0.028052805280528052, "transl_top10": 0.0429042904290429, "num_nulls": 0, "num_tgt_sents": 13066}, "plutarch_3_1908": {"tgt_lang": "en", "transl_top1": 0.4521452145214521, "transl_top5": 0.6567656765676567, "transl_top10": 0.7524752475247525, "num_nulls": 0, "num_tgt_sents": 6633}, "plutarch_1855-1903_4": {"tgt_lang": "de", "transl_top1": 0.009900990099009901, "transl_top5": 0.034653465346534656, "transl_top10": 0.06435643564356436, "num_nulls": 0, "num_tgt_sents": 5144}, "plutarch_1855-1897_1": {"tgt_lang": "de", "transl_top1": 0.38283828382838286, "transl_top5": 0.5759075907590759, "transl_top10": 0.698019801980198, "num_nulls": 0, "num_tgt_sents": 7147}, "num_translations": 5, "text_top1": 0.17293729372937294, "text_top5": 0.264026402640264, "text_top10": 0.31980198019801975}