{"num_src_sents": 209, "lucian_1866_1": {"tgt_lang": "de", "transl_top1": 0.5933014354066986, "transl_top5": 0.7511961722488039, "transl_top10": 0.8038277511961722, "num_nulls": 0, "num_tgt_sents": 4624}, "lucian_1829_10": {"tgt_lang": "de", "transl_top1": 0.46411483253588515, "transl_top5": 0.6363636363636364, "transl_top10": 0.7464114832535885, "num_nulls": 0, "num_tgt_sents": 4222}, "lucian_1867_3": {"tgt_lang": "de", "transl_top1": 0.03827751196172249, "transl_top5": 0.07177033492822966, "transl_top10": 0.1339712918660287, "num_nulls": 0, "num_tgt_sents": 3614}, "num_translations": 3, "text_top1": 0.365231259968102, "text_top5": 0.48644338118022334, "text_top10": 0.5614035087719299}