{"num_src_sents": 108, "cicero_1855-1892_13": {"tgt_lang": "de", "transl_top1": 0.6759259259259259, "transl_top5": 0.8611111111111112, "transl_top10": 0.9814814814814815, "num_nulls": 0, "num_tgt_sents": 5014}, "cicero_1855-1892_14": {"tgt_lang": "de", "transl_top1": 0.018518518518518517, "transl_top5": 0.07407407407407407, "transl_top10": 0.12962962962962962, "num_nulls": 0, "num_tgt_sents": 6557}, "num_translations": 2, "text_top1": 0.3472222222222222, "text_top5": 0.4675925925925926, "text_top10": 0.5555555555555556}