{"num_src_sents": 5704, "ovid_1882_2": {"tgt_lang": "de", "transl_top1": 0.001402524544179523, "transl_top5": 0.006136044880785414, "transl_top10": 0.011044880785413744, "num_nulls": 0, "num_tgt_sents": 10840}, "ovid_1866": {"tgt_lang": "fr", "transl_top1": 0.4696704067321178, "transl_top5": 0.673562412342216, "transl_top10": 0.7598176718092566, "num_nulls": 0, "num_tgt_sents": 9116}, "ovid_5_1841": {"tgt_lang": "fr", "transl_top1": 0.01753155680224404, "transl_top5": 0.03313464235624124, "transl_top10": 0.04067321178120617, "num_nulls": 22, "num_tgt_sents": 6422}, "ovid_1850": {"tgt_lang": "fr", "transl_top1": 0.41304347826086957, "transl_top5": 0.5878330995792427, "transl_top10": 0.6595371669004207, "num_nulls": 0, "num_tgt_sents": 27705}, "ovid_1855-1890_1": {"tgt_lang": "de", "transl_top1": 0.001402524544179523, "transl_top5": 0.005434782608695652, "transl_top10": 0.010168302945301542, "num_nulls": 4, "num_tgt_sents": 7974}, "ovid_4_1841": {"tgt_lang": "fr", "transl_top1": 0.018934081346423562, "transl_top5": 0.029102384291725104, "transl_top10": 0.034361851332398316, "num_nulls": 373, "num_tgt_sents": 5058}, "ovid_1866-1897_3": {"tgt_lang": "de", "transl_top1": 0.5706521739130435, "transl_top5": 0.7394810659186536, "transl_top10": 0.801367461430575, "num_nulls": 0, "num_tgt_sents": 7793}, "num_translations": 9, "text_top1": 0.1658485273492286, "text_top5": 0.23052049244195105, "text_top10": 0.2574411718871747}