{"num_src_sents": 161, "sophistesGrecs_1842": {"tgt_lang": "fr", "transl_top1": 0.2919254658385093, "transl_top5": 0.453416149068323, "transl_top10": 0.5403726708074534, "num_nulls": 0, "num_tgt_sents": 7988, "retrieval_preds": [[4578, 4431, 4438, 4592, 4630, 4600, 4615, 4540], [91, 4427, 4542, 4590, 4578, 5704, 5024, 5572], [7606, 4567, 5526, 4587, 4539, 5932, 5941, 683], [4427, 4615, 4630, 4578, 5048, 4569, 4431, 4655], [4429, 4430, 5573, 5122, 4386, 4655, 5314, 4431], [4431, 4592, 4438, 4615, 4578, 4630, 4540, 4796], [4646, 6495, 4438, 4433, 4456, 5910, 4537, 5950], [4924, 4442, 2310, 4501, 6190, 4707, 6939, 4522], [4621, 4681, 7866, 4724, 4592, 4675, 7910, 4747], [5910, 4438, 5960, 4994, 4592, 7866, 4077, 1761], [4695, 7047, 3715, 1396, 7207, 4835, 508, 6504], [4436, 4441, 4438, 4578, 4434, 4621, 4433, 4999], [4077, 5910, 4655, 4446, 4653, 4523, 4863, 7822], [4643, 4449, 4863, 4947, 5219, 4616, 7866, 7910], [3418, 5312, 3640, 756, 3987, 3414, 7151, 4680], [6299, 4709, 4159, 4621, 4747, 2310, 4453, 1574], [4454, 4966, 4561, 6395, 4469, 7256, 728, 6420], [4455, 473, 5258, 5988, 4393, 4779, 4835, 1468], [4456, 5274, 4465, 6495, 4616, 5950, 4592, 6449], [7353, 7762, 378, 1156, 5474, 986, 5657, 1251], [6097, 4648, 7347, 1618, 1129, 1084, 7237, 625], [5910, 4747, 3646, 4960, 5950, 5666, 6543, 1709], [7910, 5219, 7866, 4462, 3756, 7976, 7972, 4578], [919, 617, 702, 7784, 6372, 5934, 4493, 473], [438, 427, 2693, 1102, 1314, 5215, 4727, 846], [4465, 6449, 850, 4758, 1127, 4707, 156, 5173], [4695, 6818, 7353, 3715, 6097, 2450, 7047, 625], [4523, 4465, 4592, 4621, 4578, 4646, 4653, 4438], [1884, 4470, 3923, 6739, 3212, 6426, 3255, 4225], [4471, 5226, 7269, 498, 510, 4206, 4208, 4709], [5480, 670, 1712, 6305, 7879, 1985, 6387, 2978], [4495, 4578, 7444, 4646, 4474, 4482, 504, 4592], [4592, 4159, 6299, 5968, 6021, 5938, 4727, 7866], [7866, 4159, 5960, 5910, 1879, 6519, 6047, 4480], [4482, 4792, 6543, 5972, 3360, 5314, 6396, 4960], [4487, 4474, 4621, 6853, 3567, 5953, 4499, 406], [7319, 2096, 6507, 7217, 1155, 4895, 3717, 31], [4489, 5219, 4829, 4655, 7899, 4590, 4446, 4449], [4491, 389, 7246, 520, 4444, 4512, 1476, 2416], [4241, 5251, 4261, 921, 5487, 3414, 5027, 841], [4495, 4504, 4646, 4438, 4467, 5057, 4433, 4443], [4497, 6543, 4871, 4543, 6257, 4495, 1879, 1558], [4521, 313, 2966, 851, 3903, 5072, 2860, 3968], [4499, 5910, 4411, 2159, 5974, 3034, 5959, 4656], [4500, 4461, 2269, 4510, 4146, 858, 5221, 4448], [4523, 5219, 4643, 4578, 4197, 7866, 4080, 4621], [4796, 5110, 5626, 5666, 4646, 4433, 4645, 4643], [5290, 7196, 5647, 7149, 1405, 5572, 1298, 3070], [4509, 4518, 4431, 4514, 4960, 4438, 4857, 4592], [4510, 4444, 4449, 5688, 4446, 4572, 5001, 4828], [4513, 4578, 5095, 4643, 4646, 4514, 4447, 4653], [4514, 6927, 6753, 6799, 4675, 5412, 6755, 7589], [31, 3717, 1155, 5328, 1506, 6849, 6507, 7492], [4516, 4573, 4514, 4643, 4513, 5049, 4520, 5799], [600, 2464, 4861, 4082, 1475, 4517, 659, 5252], [4518, 5668, 5910, 4646, 4675, 4438, 4615, 4431], [5050, 4521, 4576, 176, 5312, 152, 6689, 4173], [3390, 919, 1162, 527, 7571, 2186, 7319, 2705], [4522, 6449, 4800, 6228, 6272, 194, 4393, 4441], [4523, 7910, 5910, 5959, 7866, 7881, 5292, 3985], [4524, 4561, 6033, 728, 3410, 4444, 7256, 4448], [3531, 858, 5954, 1475, 3408, 372, 4525, 755], [4524, 4567, 4560, 4553, 4573, 4641, 4526, 4443], [4863, 4990, 4630, 5054, 4526, 1954, 4454, 4828], [4527, 4443, 4534, 4524, 4651, 4504, 4567, 7645], [4574, 4528, 1255, 4535, 2997, 1021, 3501, 3548], [4529, 4447, 4560, 4449, 6056, 4561, 4573, 4661], [427, 2693, 3997, 4403, 4727, 4464, 438, 3447], [4506, 5081, 5671, 4758, 5037, 4656, 4443, 4509], [5782, 4585, 2869, 5241, 2965, 5283, 3218, 4532], [4534, 4527, 3405, 4443, 5312, 3389, 4560, 4572], [4456, 6404, 4537, 4526, 4588, 4400, 5143, 4646], [1124, 59, 6468, 3818, 60, 7372, 6979, 7638], [4453, 859, 3820, 3986, 3934, 6299, 5262, 2514], [4540, 4630, 4553, 4646, 4578, 4560, 4641, 4632], [6984, 4931, 5540, 4564, 1064, 5253, 7442, 7282], [4590, 1154, 4578, 7692, 4445, 4632, 5218, 4700], [4543, 4615, 4279, 4640, 4656, 4630, 5143, 4653], [5782, 4585, 6387, 4544, 5720, 7163, 2965, 2163], [4695, 3715, 7353, 7047, 6818, 6607, 508, 6097], [5910, 4621, 5959, 4630, 4548, 4641, 4578, 4646], [4549, 5580, 442, 5261, 6964, 5173, 6035, 1062], [4578, 4551, 4646, 4467, 4433, 4653, 4438, 4563], [4552, 7368, 7868, 1478, 4952, 4722, 2940, 7909], [4553, 4578, 4540, 4632, 4560, 4653, 4630, 5030], [7866, 5910, 5911, 7822, 5960, 6402, 7260, 7896], [7910, 7866, 685, 7881, 6965, 5910, 2404, 7912], [4560, 4524, 4567, 4553, 4643, 4526, 4534, 4641], [4561, 7208, 6190, 7368, 6402, 5693, 3380, 3971], [6523, 1391, 5285, 438, 4414, 6657, 1453, 4016], [4564, 5500, 4173, 6984, 1500, 7442, 6654, 404], [7257, 5245, 7346, 7342, 549, 357, 7470, 1449], [5647, 5091, 4630, 3423, 4566, 7910, 3750, 5034], [4567, 1698, 342, 6984, 7433, 1080, 561, 1185], [5487, 4241, 921, 6277, 7466, 4261, 1358, 4173], [4569, 7866, 4643, 5953, 6449, 7881, 6495, 4923], [5143, 2820, 6487, 1970, 4723, 4601, 2310, 4082], [3261, 7430, 340, 4501, 520, 435, 1475, 7358], [4572, 1475, 4863, 3638, 4642, 5459, 4086, 4560], [4573, 4469, 4561, 4454, 4634, 1454, 4560, 7208], [3985, 3988, 2654, 3468, 1544, 3652, 6158, 3943], [4578, 4551, 7444, 4438, 4621, 4653, 4643, 4646], [5283, 5190, 5782, 5148, 5640, 1054, 5915, 4368], [4582, 4581, 4471, 4716, 4945, 5143, 4621, 6398], [4695, 6818, 7353, 3715, 6097, 2450, 7047, 625], [4585, 5632, 5241, 4533, 4546, 4586, 5040, 7537], [1314, 418, 5310, 4964, 4998, 5639, 5241, 1153], [4471, 4588, 6038, 1044, 5680, 1454, 2317, 4708], [4443, 4438, 4578, 4621, 4467, 4566, 4653, 4465], [4590, 4438, 4436, 4526, 4423, 4591, 4502, 4632], [4621, 4578, 4592, 4630, 4438, 4523, 4600, 4632], [6228, 5968, 831, 5086, 4722, 4403, 3997, 4779], [4695, 6818, 7353, 3715, 6097, 2450, 7047, 625], [4649, 4621, 4595, 4522, 4455, 3981, 410, 4500], [4622, 4618, 4595, 5091, 5095, 3073, 6354, 4610], [4596, 1062, 4598, 4655, 3750, 4430, 6116, 1279], [4599, 5143, 5053, 1454, 5195, 4723, 5668, 5283], [4600, 4643, 4621, 4578, 4438, 5219, 4994, 4523], [4601, 4615, 5175, 3240, 4923, 4371, 4640, 4963], [4757, 7646, 156, 5955, 6203, 4640, 4639, 4643], [1789, 1783, 4606, 6172, 1795, 6755, 5578, 2403], [7866, 7863, 5064, 3139, 7896, 7881, 3589, 4962], [4608, 4371, 4705, 5143, 7910, 5219, 4682, 5195], [7910, 7866, 5952, 685, 4197, 6525, 5933, 5973], [5910, 4077, 4994, 4438, 4141, 4962, 1916, 4643], [4615, 4618, 4630, 4610, 4438, 4431, 4962, 4640], [4173, 7232, 7693, 7903, 7567, 1145, 2742, 5651], [2126, 5143, 4616, 4573, 4863, 4444, 6296, 4643], [4616, 5143, 4531, 5147, 5196, 4643, 4450, 4526], [4962, 4618, 5143, 4616, 4630, 4863, 3240, 4615], [2898, 4619, 5973, 3338, 4703, 3838, 7556, 4620], [4621, 4592, 4438, 4578, 4456, 4962, 4595, 4630], [7674, 6297, 6272, 5405, 1483, 6344, 1352, 6263], [1712, 5371, 3205, 1951, 1937, 1030, 2453, 3715], [5283, 5240, 5655, 6124, 2112, 1057, 1965, 4991], [7885, 5053, 5195, 4991, 4625, 5143, 5655, 5283], [4640, 5219, 5626, 5108, 4729, 5195, 4794, 5052], [4630, 4540, 4438, 4962, 4578, 4592, 4643, 4646], [4630, 4632, 4643, 4553, 5910, 6495, 4646, 4616], [4630, 4634, 7774, 1475, 4857, 5159, 4540, 4646], [4208, 6281, 1411, 4635, 6155, 1574, 6311, 7556], [4636, 4990, 4573, 4416, 4524, 4469, 4540, 5081], [4640, 4637, 4449, 3310, 4643, 4416, 5252, 4634], [4640, 5934, 4639, 4812, 5142, 5272, 4923, 4643], [4640, 5143, 5196, 5420, 5625, 4965, 5106, 5304], [4641, 4578, 4646, 4630, 4540, 5100, 4632, 4438], [4643, 7866, 4080, 4616, 4523, 4863, 2287, 4994], [4645, 4592, 4578, 4640, 5054, 4796, 4641, 4644], [6495, 4640, 4646, 5272, 7669, 6019, 5804, 3971], [4648, 7047, 6097, 7313, 7237, 298, 176, 378], [4649, 4549, 4469, 4816, 4671, 4799, 1246, 4467], [4443, 4758, 4573, 4560, 4646, 4495, 4540, 4467], [4653, 4523, 4630, 4621, 7866, 4438, 4592, 4272], [4449, 4656, 4640, 4450, 4643, 4654, 4573, 5143], [4023, 1647, 4658, 2434, 2898, 1344, 5086, 6212], [4998, 4779, 4659, 4964, 562, 4835, 4713, 4602], [4660, 4947, 4640, 4561, 4592, 4634, 4632, 4630],