{"num_src_sents": 121, "demosthenes_1902": {"tgt_lang": "en", "transl_top1": 0.4297520661157025, "transl_top5": 0.6115702479338843, "transl_top10": 0.6942148760330579, "num_nulls": 0, "num_tgt_sents": 6778, "retrieval_preds": [[3014, 282, 1431, 205, 3258, 3644, 3181, 2023], [3015, 3115, 4397, 2360, 2295, 3786, 4360, 5295], [3016, 1126, 3876, 886, 4075, 1462, 5228, 1661], [3017, 3176, 2395, 5062, 1971, 3400, 2231, 2784], [3018, 3433, 606, 2473, 3261, 1968, 5547, 1053], [3019, 1640, 4723, 147, 1237, 86, 4187, 1561], [3020, 3605, 3714, 37, 3150, 3722, 269, 5469], [3021, 3072, 3028, 2543, 3023, 3022, 2110, 3079], [3024, 2630, 3588, 4818, 4797, 3184, 2878, 1611], [3031, 3891, 5023, 4987, 4101, 3743, 752, 4966], [3027, 3021, 3164, 1999, 3079, 3072, 3133, 3116], [3028, 3072, 3133, 3079, 3188, 3164, 3184, 4219], [3029, 1843, 1450, 5620, 878, 1956, 1844, 880], [327, 3031, 573, 3442, 651, 4483, 1710, 3615], [1018, 3255, 3597, 3613, 1697, 1579, 3656, 3959], [3032, 3164, 3027, 3175, 2432, 1863, 1661, 3159], [3033, 256, 1853, 3796, 3992, 4368, 736, 2338], [3035, 4206, 4161, 5555, 4788, 3072, 3781, 3093], [3116, 3038, 1835, 3039, 3093, 3072, 806, 2002], [3293, 3041, 1716, 569, 1747, 1366, 480, 2339], [3044, 3166, 468, 3038, 3109, 4219, 3028, 3094], [3045, 2110, 2077, 1429, 2476, 4161, 3781, 5478], [3047, 1429, 3675, 3637, 2126, 2077, 3235, 5198], [1429, 3049, 3028, 2760, 3675, 3781, 1639, 4807], [3136, 3182, 3114, 1971, 3722, 3617, 672, 571], [1429, 3675, 3160, 2445, 1836, 2549, 1339, 2490], [3675, 3075, 1429, 5160, 3160, 5327, 5458, 1698], [3237, 536, 2677, 2291, 3037, 1035, 2433, 3442], [5198, 4925, 5441, 3675, 4807, 3324, 3072, 1429], [5187, 855, 854, 952, 4184, 1963, 1967, 3400], [4820, 3722, 3605, 2485, 806, 3160, 4494, 5147], [3067, 3605, 2874, 410, 5448, 3625, 1607, 2939], [3069, 3072, 3182, 3188, 3021, 1706, 3675, 3722], [2990, 3467, 4987, 1860, 5423, 879, 566, 1912], [5584, 1579, 1018, 3255, 3597, 3613, 368, 2992], [3075, 2490, 3675, 3160, 1917, 1429, 5419, 1292], [3077, 2630, 4901, 3212, 1767, 4797, 4918, 2795], [3079, 3072, 3116, 2543, 3164, 4161, 3625, 1917], [3081, 1474, 5177, 2705, 3335, 3433, 4199, 3634], [3038, 2532, 3090, 2995, 3082, 3106, 3022, 1402], [2043, 2136, 3083, 2413, 2536, 1844, 3937, 2027], [4397, 3169, 3179, 2095, 1911, 2046, 922, 4859], [3086, 3005, 3161, 2096, 2196, 3148, 1351, 1879], [224, 3087, 86, 569, 2079, 3622, 3077, 788], [3088, 2094, 3467, 5239, 5092, 4157, 423, 2269], [3089, 5142, 820, 3340, 2908, 2248, 2919, 1332], [3090, 3022, 3038, 3106, 4219, 3159, 3109, 3154], [3091, 3079, 2001, 1948, 837, 3131, 3159, 3092], [894, 3092, 952, 2114, 3679, 1746, 1382, 1384], [3093, 3072, 3079, 3116, 2099, 806, 2110, 1381], [3095, 598, 2324, 2002, 1332, 1476, 5207, 1744], [2795, 1045, 1117, 3211, 4902, 2002, 2345, 753], [3099, 2340, 4618, 3095, 2363, 5343, 2248, 1950], [3101, 1117, 3180, 911, 3182, 5147, 3136, 3120], [4178, 2485, 1971, 3176, 5147, 3605, 1098, 5393], [3105, 3018, 5241, 3634, 4507, 3481, 5547, 5003], [3106, 3138, 3140, 3118, 3090, 3038, 3022, 3109], [3109, 5128, 5384, 4178, 3722, 4925, 3185, 2485], [3111, 1525, 907, 5469, 5147, 3755, 5440, 2628], [3112, 3130, 1744, 949, 3396, 356, 3446, 3723], [3114, 2784, 976, 3110, 553, 1538, 2152, 2936], [3115, 5040, 2602, 3715, 2593, 5207, 3211, 3172], [3116, 3079, 3022, 3028, 3164, 3072, 3320, 3133], [1567, 5528, 1048, 1971, 4547, 1543, 2874, 2819], [3147, 3182, 3120, 1574, 2472, 1971, 3058, 5228], [2295, 5140, 3617, 5029, 3114, 3734, 3110, 5407], [1868, 3125, 2265, 1935, 1879, 1572, 429, 880], [653, 651, 2677, 855, 1649, 3442, 2291, 3454], [363, 3340, 2248, 5314, 3341, 4776, 1201, 1971], [3128, 3018, 804, 3130, 1110, 1384, 599, 3067], [3176, 3129, 2194, 5513, 3122, 3103, 2695, 1343], [3130, 1550, 506, 1974, 1076, 1975, 2870, 1952], [2903, 1102, 2878, 3139, 4802, 2794, 2882, 4203], [5565, 2485, 2691, 3274, 1545, 2908, 5576, 336], [3132, 4463, 1971, 3684, 4796, 4849, 3147, 2315], [3133, 3072, 3164, 3028, 3116, 3079, 877, 2543], [3722, 1868, 3115, 1551, 3714, 2472, 2338, 5463], [3136, 3401, 617, 571, 710, 3638, 3723, 1659], [3405, 3124, 4197, 269, 3509, 347, 2894, 2828], [1338, 3137, 852, 3498, 4335, 3615, 1415, 3717], [3138, 3106, 3140, 3038, 3090, 2995, 3022, 3198], [3139, 2882, 5213, 2906, 3588, 4802, 3287, 3468], [3141, 2412, 1583, 6681, 5177, 2401, 1132, 1322], [3143, 3839, 3185, 2878, 3131, 4780, 415, 2317], [3182, 1971, 1878, 2095, 1574, 3998, 3145, 3005], [3147, 3120, 1296, 493, 3216, 3044, 3047, 3101], [3148, 3664, 3070, 3008, 1922, 3021, 3099, 3022], [3634, 541, 3105, 5241, 2955, 5290, 952, 6447], [3150, 3160, 2549, 1744, 3182, 3069, 3149, 3023], [651, 3634, 3237, 3442, 536, 5177, 1738, 2927], [1018, 3255, 3597, 3613, 1697, 1579, 3656, 3959], [3152, 2002, 2426, 3150, 3863, 5142, 696, 1205], [3153, 3130, 3180, 1744, 1086, 1968, 3499, 1914], [3154, 3079, 3109, 3164, 727, 3022, 3159, 3038], [5213, 5088, 3139, 4802, 2882, 3459, 873, 3426], [972, 1822, 2740, 3059, 855, 6134, 952, 1540], [2268, 3158, 3899, 3577, 2227, 2902, 364, 2371], [5513, 5552, 3158, 3315, 1225, 3404, 3418, 3304], [3159, 3072, 3164, 3022, 5384, 1744, 3028, 3133], [3160, 2549, 1836, 5478, 2552, 1381, 2002, 1293], [3163, 3161, 269, 511, 3413, 2473, 3261, 2977], [3164, 3159, 3022, 3079, 3072, 1999, 3133, 3154], [3165, 1545, 5189, 5149, 5363, 5224, 1780, 4884], [3166, 2002, 3169, 1097, 3079, 237, 5027, 3005], [4739, 3167, 2719, 2324, 4906, 5128, 4928, 3765], [4925, 5384, 5061, 4980, 2569, 4887, 3230, 3169], [3736, 3172, 2022, 5119, 5140, 5481, 4906, 3684], [5073, 3174, 3405, 4798, 4913, 4940, 2692, 2765], [3164, 3116, 3028, 3021, 3133, 3072, 3023, 3079], [3180, 1117, 4187, 649, 5084, 5147, 668, 3216], [855, 5205, 4748, 651, 1649, 2328, 670, 1605], [3182, 3605, 3028, 1117, 3160, 3061, 844, 3147], [3183, 3184, 3133, 3072, 3781, 4161, 2694, 5198], [3185, 4780, 983, 4925, 3330, 4900, 2295, 842], [2265, 3187, 5120, 3733, 3765, 4179, 1793, 5128], [3188, 3002, 3028, 3116, 3133, 3047, 3166, 3049], [3189, 1110, 932, 949, 547, 975, 3709, 1302], [2939, 1604, 3354, 3191, 1245, 5469, 5207, 510], [2740, 4540, 1540, 3442, 4060, 974, 3026, 5170], [3192, 1114, 4663, 3753, 3261, 5495, 4976, 3532], [3193, 5007, 368, 3835, 5901, 4170, 1017, 3687]]}, "demosthenes_aeschynes_1861": {"tgt_lang": "fr", "transl_top1": 0.024793388429752067, "transl_top5": 0.04132231404958678, "transl_top10": 0.05785123966942149, "num_nulls": 0, "num_tgt_sents": 36182,