{"num_src_sents": 392, "apuleius_1878": {"tgt_lang": "en", "transl_top1": 0.7576530612244898, "transl_top5": 0.9897959183673469, "transl_top10": 1.0433673469387754, "num_nulls": 0, "num_tgt_sents": 8847, "retrieval_preds": [[5973, 3990, 1358, 4961, 7179, 1501, 4797, 3310], [5974, 1812, 2716, 3831, 5973, 3791, 6586, 4961], [5975, 5929, 2133, 1003, 6057, 1114, 5754, 5672], [5976, 4686, 6090, 5916, 329, 4267, 5715, 5997], [5977, 279, 4919, 147, 5917, 5525, 5889, 3196], [5980, 4131, 5878, 5977, 6546, 53, 5901, 5877], [5981, 5680, 5740, 6424, 5986, 937, 1911, 4206], [5982, 5882, 5710, 3694, 5738, 4412, 6032, 2499], [5983, 5985, 5498, 5404, 6424, 6157, 1283, 6065], [5137, 5984, 5136, 4532, 5135, 5728, 2758, 5055], [5983, 5985, 5498, 4173, 6424, 5404, 1283, 6157], [5986, 6424, 5680, 5981, 5278, 129, 5237, 3947], [5987, 6106, 121, 328, 6284, 3997, 5812, 5667], [5988, 2581, 4142, 4158, 5677, 6758, 5886, 4143], [5989, 8497, 5990, 5789, 5758, 1993, 4158, 5784], [274, 155, 757, 208, 2003, 2012, 4828, 5256], [1134, 5994, 5758, 7805, 5702, 5717, 1078, 4142], [5995, 5996, 3146, 6008, 2031, 4447, 5523, 3525], [4443, 3355, 2492, 3656, 6300, 2394, 4110, 1470], [5998, 2668, 4426, 4425, 121, 1389, 4809, 2672], [5999, 1501, 4056, 5819, 6422, 2039, 5912, 5874], [6000, 3998, 5570, 4981, 5912, 5891, 5879, 4194], [6003, 6002, 6001, 7650, 8626, 1698, 7195, 1997], [6004, 6008, 1396, 6214, 1386, 6308, 2760, 5813], [6007, 2056, 4927, 3252, 6977, 1938, 2408, 5656], [6008, 6004, 3063, 2494, 1118, 3146, 2920, 6228], [6608, 6010, 6004, 6214, 6008, 68, 43, 6026], [1134, 3222, 4957, 3989, 6624, 3993, 43, 6479], [6017, 4670, 1922, 5499, 354, 5488, 4664, 2103], [6019, 5931, 4670, 2871, 4976, 6017, 4005, 639], [5499, 6170, 6021, 4670, 6272, 507, 4671, 5267], [6022, 1746, 444, 5923, 4267, 301, 2029, 8644], [8749, 2188, 4251, 5693, 4132, 5932, 3399, 6273], [6023, 7160, 6004, 4358, 2643, 5864, 2983, 4135], [6025, 32, 4584, 6006, 7206, 2453, 5127, 37], [6026, 6608, 1017, 7447, 2032, 6010, 6009, 3931], [6027, 4243, 4056, 2678, 4417, 5864, 4129, 4957], [6028, 5912, 3846, 4231, 4103, 6449, 4082, 5278], [6029, 4117, 5440, 8124, 7303, 510, 5192, 1383], [6030, 525, 3585, 2677, 2029, 6429, 4315, 6084], [6031, 1341, 2108, 1662, 4661, 7560, 4041, 6175], [6032, 53, 6149, 6409, 6402, 6150, 3044, 5807], [6034, 6144, 3654, 3650, 2554, 5143, 4955, 2752], [6035, 6036, 4938, 3962, 4134, 5919, 4168, 5429], [6040, 6413, 4017, 4059, 5249, 4509, 5953, 1716], [6042, 5758, 5717, 3905, 7805, 4984, 5704, 4142], [6049, 1233, 1134, 2600, 689, 5717, 6570, 6593], [6051, 6401, 328, 5679, 5705, 103, 6431, 5846], [6052, 5034, 4217, 3950, 5777, 3362, 4432, 4013], [7863, 5931, 639, 1843, 6054, 2133, 6275, 6515], [6055, 6050, 4127, 4284, 3871, 2151, 4600, 6238], [6056, 4198, 4994, 937, 843, 6061, 5740, 5904], [6057, 2133, 5929, 6421, 6138, 6043, 5807, 4722], [4771, 6058, 5708, 1922, 5025, 4671, 5734, 4786], [5366, 4840, 1537, 6550, 2108, 6059, 7814, 176], [6060, 5340, 6557, 6144, 6005, 6166, 6440, 6118], [6061, 6597, 4180, 4217, 5802, 3950, 920, 5081], [6062, 6312, 3907, 3096, 3751, 3782, 642, 6557], [6063, 8117, 1321, 6408, 1536, 5463, 2466, 3650], [6065, 3990, 6064, 1283, 5523, 2272, 5880, 1560], [6067, 5458, 4180, 5601, 932, 4608, 6352, 1470], [6068, 5611, 6390, 5878, 876, 4468, 3973, 6071], [3969, 3715, 5449, 6074, 5864, 5503, 4129, 6068], [6074, 4129, 6075, 5864, 4882, 5758, 6611, 6008], [6076, 3686, 7580, 4149, 5899, 4132, 4853, 1174], [6078, 4129, 6074, 3637, 6077, 4123, 4485, 6068], [6080, 4509, 5912, 4131, 4135, 5021, 5684, 1716], [6081, 5366, 6474, 4350, 3326, 6222, 7307, 6046], [6082, 4380, 4453, 6199, 4004, 4880, 4220, 5499], [6084, 8155, 2141, 3275, 200, 6007, 2408, 2677], [6086, 4509, 5807, 2414, 6085, 5221, 4138, 4222], [6087, 296, 1966, 4554, 5253, 4608, 6139, 5249], [6088, 6148, 4924, 6552, 6461, 6401, 448, 5461], [6089, 6090, 6080, 5473, 4170, 4301, 5953, 3533], [6091, 7832, 6347, 7580, 7639, 4180, 2225, 2174], [6092, 5425, 3969, 4892, 6096, 3905, 3929, 877], [6097, 5720, 6098, 5514, 5719, 5865, 5498, 5349], [6098, 5865, 5488, 5499, 8031, 6099, 5893, 5197], [6099, 341, 2988, 8460, 4013, 4572, 8456, 2769], [6100, 4883, 1563, 15, 341, 6403, 4020, 1002], [6101, 2067, 3387, 1145, 6595, 6111, 6581, 2115], [6102, 341, 855, 2708, 3414, 6555, 6350, 6597], [6103, 921, 3623, 3227, 4776, 6406, 3610, 855], [6104, 126, 4764, 1480, 4127, 5778, 3944, 4536], [4451, 5860, 6107, 2356, 3948, 5287, 3273, 3222], [6110, 5579, 4281, 6287, 420, 6065, 1100, 4031], [6111, 5504, 6586, 5453, 681, 6293, 6581, 5808], [6112, 448, 4924, 4261, 5915, 4680, 6274, 5119], [6113, 6330, 4352, 3603, 6135, 4831, 3878, 8735], [6114, 1911, 294, 2988, 3619, 5856, 7614, 5499], [6115, 6520, 5473, 4183, 4431, 5915, 8002, 6089], [6116, 8753, 3607, 8752, 8768, 6546, 8779, 5968], [6118, 5939, 4291, 29, 81, 8014, 4596, 6070], [6119, 6115, 3532, 6520, 6135, 6277, 3961, 6286], [6121, 1271, 6120, 2927, 2956, 1304, 4291, 3167], [6122, 3584, 6017, 2696, 6252, 3649, 635, 6939], [6123, 1189, 8809, 3414, 1547, 6185, 2162, 7970], [6124, 7593, 3584, 2696, 637, 5931, 6252, 635], [6125, 5220, 1910, 5946, 3924, 1470, 4532, 6046], [3506, 8384, 4600, 7092, 6324, 2696, 7061, 3582], [5484, 6125, 6126, 197, 6070, 2331, 3068, 2708], [3258, 6127, 4600, 5935, 2876, 6014, 8614, 2879], [6128, 3653, 1161, 3692, 3504, 2316, 6024, 2114], [6129, 6381, 3614, 176, 5458, 419, 4532, 2071], [6130, 242, 503, 2587, 6131, 3715, 1134, 561], [6132, 5953, 1216, 3533, 1459, 4016, 6118, 3529], [6135, 4943, 4941, 489, 4056, 4451, 1762, 3969], [6080, 3969, 219, 250, 4499, 6208, 4248, 1134], [6146, 5036, 7617, 6147, 1264, 6390, 4356, 3845], [6149, 6150, 6088, 6167, 6148, 3229, 4140, 6401], [6151, 6991, 6347, 6148, 6150, 6353, 2006, 7449], [6152, 4762, 5458, 5601, 6352, 1470, 4808, 4716], [6153, 5221, 5654, 5470, 5656, 4100, 3940, 1811], [6154, 2886, 3229, 1758, 1597, 6406, 6507, 6150], [1701, 6155, 5283, 3450, 6405, 6461, 6151, 6401], [6158, 1389, 4251, 5824, 6011, 1226, 4249, 7729], [6402, 6085, 5460, 4434, 6132, 3231, 448, 564], [7244, 7614, 4760, 6159, 6704, 1768, 6017, 8540], [6160, 3960, 1761, 5473, 6406, 5654, 121, 1768], [6161, 1156, 920, 1768, 5009, 7449, 4013, 1060], [6162, 6163, 4308, 1768, 4179, 6783, 5801, 8037], [6164, 3863, 1060, 1737, 2636, 3205, 3924, 6198], [6165, 1636, 7351, 6461, 8680, 6344, 4275, 800], [3426, 6167, 5036, 4650, 6390, 5006, 4356, 4190], [4110, 319, 2324, 6925, 6403, 6168, 176, 5549], [6170, 6169, 4496, 5119, 4497, 1922, 1625, 5427], [6171, 6172, 6090, 7188, 564, 565, 1579, 3145], [6173, 1290, 1802, 3417, 2081, 6506, 1330, 2678], [6176, 6384, 7363, 5536, 6174, 6367, 2217, 2205], [6177, 8249, 2142, 7093, 7207, 1422, 7381, 8269], [6178, 8484, 5801, 3521, 6783, 3559, 2369, 7873], [6178, 5682, 6532, 4301, 4528, 1422, 8810, 6844], [6179, 6180, 86, 4314, 4766, 7211, 5713, 5683], [6182, 5994, 7525, 193, 3119, 6181, 6419, 5745], [8279, 341, 7508, 7876, 4622, 5371, 940, 3080], [6184, 6183, 7954, 6198, 5929, 1114, 6049, 5672], [6186, 8388, 8778, 5077, 3044, 3278, 1546, 5968], [6186, 4205, 6187, 6047, 5473, 4918, 442, 5914], [6187, 5808, 940, 1048, 443, 5667, 7639, 6188], [6188, 7427, 2865, 1707, 448, 2425, 8023, 834], [6189, 7408, 8459, 6645, 3829, 1659, 8199, 3506], [8743, 7792, 5029, 4204, 515, 6002, 2548, 3705], [6191, 7762, 3095, 528, 1447, 6607, 6605, 1314], [3122, 3656, 2492, 3871, 6192, 1962, 3358, 7918], [6193, 1192, 4732, 3829, 7783, 5550, 3367, 2701], [6205, 6194, 6040, 583, 5431, 3814, 4964, 4846], [6195, 3325, 5552, 165, 4922, 1622, 602, 6466], [6196, 2874, 221, 341, 3669, 2636, 6325, 3704], [6197, 3393, 5888, 6199, 6523, 3269, 6195, 5867], [5915, 6199, 6198, 5437, 6449, 4839, 4840, 5908], [3317, 5154, 6199, 8665, 3669, 5936, 4227, 6230], [6200, 195, 6197, 6086, 3814, 3269, 4099, 5278], [6201, 5299, 3814, 1497, 5891, 7367, 4848, 595], [6202, 6449, 6061, 5056, 6424, 6065, 5802, 4180], [6203, 8012, 2943, 6553, 816, 1422, 5850, 2428], [6204, 6205, 7029, 6696, 5135, 6541, 3299, 197], [6206, 3936, 6202, 4486, 3946, 6455, 6615, 2071], [6207, 5276, 4720, 5997, 4593, 