{"num_src_sents": 834, "cicero_1871_15": {"tgt_lang": "de", "transl_top1": 0.008393285371702638, "transl_top5": 0.03717026378896882, "transl_top10": 0.06354916067146282, "num_nulls": 0, "num_tgt_sents": 3588}, "cicero_1855-1895_16": {"tgt_lang": "de", "transl_top1": 0.7601918465227818, "transl_top5": 0.9100719424460432, "transl_top10": 0.9484412470023981, "num_nulls": 0, "num_tgt_sents": 5529}, "num_translations": 2, "text_top1": 0.3842925659472422, "text_top5": 0.473621103117506, "text_top10": 0.5059952038369304}