{"num_src_sents": 213, "philo_4_1855": {"tgt_lang": "en", "transl_top1": 0.0, "transl_top5": 0.051643192488262914, "transl_top10": 0.08450704225352113, "num_nulls": 0, "num_tgt_sents": 7517}, "philo_2_1854": {"tgt_lang": "en", "transl_top1": 0.018779342723004695, "transl_top5": 0.051643192488262914, "transl_top10": 0.07981220657276995, "num_nulls": 0, "num_tgt_sents": 7912}, "philo_1_1854": {"tgt_lang": "en", "transl_top1": 0.43661971830985913, "transl_top5": 0.647887323943662, "transl_top10": 0.7464788732394366, "num_nulls": 0, "num_tgt_sents": 8507}, "num_translations": 3, "text_top1": 0.15179968701095461, "text_top5": 0.25039123630672927, "text_top10": 0.30359937402190923}