{"num_src_sents": 118, "corneliusNepos_1856": {"tgt_lang": "de", "transl_top1": 0.7457627118644068, "transl_top5": 0.8389830508474576, "transl_top10": 0.8559322033898306, "num_nulls": 0, "num_tgt_sents": 2320, "retrieval_preds": [[562, 715, 359, 1014, 208, 882, 1742, 626], [563, 516, 131, 2309, 32, 570, 1440, 2257], [564, 1708, 1464, 522, 2060, 1443, 678, 2196], [565, 704, 569, 2059, 1438, 54, 209, 1626], [565, 768, 644, 1470, 1788, 780, 723, 633], [566, 710, 1708, 1660, 1665, 2293, 2064, 2168], [568, 2310, 2309, 1947, 701, 602, 1567, 2277], [569, 1492, 217, 742, 386, 1682, 1882, 111], [569, 568, 1216, 932, 1882, 1748, 1215, 1567], [570, 42, 1676, 558, 1459, 1438, 38, 958], [571, 1763, 574, 2040, 578, 388, 1762, 1724], [573, 572, 2064, 345, 2014, 564, 1766, 822], [574, 835, 847, 845, 1356, 837, 853, 1962], [575, 2066, 1673, 2235, 1756, 678, 833, 2168], [576, 2227, 1697, 1576, 705, 651, 833, 1479], [401, 1456, 1068, 1402, 984, 291, 892, 919], [585, 612, 106, 225, 1398, 813, 402, 777], [586, 1732, 349, 377, 622, 1887, 252, 1475], [587, 376, 1606, 1925, 1531, 1335, 170, 1530], [589, 638, 1706, 2092, 1659, 2301, 2280, 45], [590, 655, 1473, 940, 1470, 1703, 193, 710], [591, 510, 2000, 576, 1163, 719, 252, 2105], [592, 710, 507, 1706, 2054, 292, 529, 1439], [593, 651, 477, 753, 1870, 2031, 1208, 2156], [594, 1685, 595, 473, 78, 2116, 81, 803], [316, 1632, 1049, 902, 1026, 600, 1490, 655], [1770, 1134, 1145, 666, 141, 1406, 1248, 1866], [601, 205, 2246, 1541, 1137, 610, 1409, 2205], [602, 1434, 1545, 1940, 364, 1168, 907, 1135], [604, 450, 1392, 1767, 2076, 1716, 834, 1998], [605, 1519, 432, 1045, 1997, 899, 834, 1981], [606, 725, 1303, 137, 1064, 481, 1494, 1352], [607, 639, 1350, 1339, 1717, 1292, 924, 1294], [609, 1942, 1326, 517, 1915, 1805, 1772, 1550], [610, 1109, 863, 650, 589, 265, 573, 477], [611, 786, 249, 1031, 986, 315, 1530, 1612], [114, 626, 612, 1004, 942, 518, 170, 55], [984, 1860, 779, 1918, 361, 724, 1682, 401], [1474, 615, 621, 713, 999, 2078, 680, 1081], [616, 1046, 1459, 505, 1808, 610, 2168, 1153], [617, 2043, 687, 601, 734, 1948, 850, 1487], [618, 643, 508, 680, 2162, 1517, 1515, 1427], [1492, 618, 1503, 815, 551, 1665, 734, 1583], [619, 1373, 794, 1392, 791, 1142, 1093, 327], [620, 611, 786, 318, 63, 376, 1612, 497], [621, 590, 2078, 2156, 2053, 1474, 827, 1603], [622, 634, 623, 620, 1093, 1863, 1350, 725], [624, 1264, 1770, 1484, 519, 1494, 883, 813], [625, 176, 808, 1827, 227, 146, 98, 1097], [626, 1063, 315, 1030, 2138, 145, 526, 1282], [627, 302, 159, 224, 930, 1287, 896, 114], [630, 674, 182, 137, 260, 127, 999, 2161], [360, 2053, 703, 1719, 1393, 1703, 678, 648], [631, 249, 1255, 286, 1315, 1398, 269, 620], [1699, 217, 632, 1677, 2097, 508, 741, 522], [633, 666, 664, 226, 268, 625, 1772, 377], [634, 623, 1045, 725, 85, 490, 242, 286], [636, 2169, 184, 2297, 637, 1433, 678, 961], [638, 364, 1432, 556, 2276, 1932, 1953, 1124], [639, 607, 1484, 115, 262, 308, 303, 1694], [643, 1121, 618, 111, 187, 837, 1699, 680], [644, 1257, 364, 286, 634, 2111, 2152, 2112], [646, 217, 508, 1574, 1427, 1117, 2097, 516], [647, 668, 2049, 564, 2165, 1163, 2246, 1682], [649, 542, 552, 796, 794, 1453, 1652, 889], [650, 1682, 647, 811, 287, 1047, 1596, 593], [403, 651, 1748, 762, 573, 1682, 997, 2196], [652, 1272, 135, 458, 541, 360, 1987, 1360], [653, 818, 182, 814, 282, 1633, 1694, 626], [654, 1827, 1916, 1090, 984, 2269, 986, 1171], [660, 1628, 313, 1230, 1301, 2227, 718, 42], [661, 520, 673, 1530, 1303, 786, 968, 376], [663, 1589, 470, 1525, 1010, 1228, 1283, 1374], [664, 121, 84, 150, 1097, 1315, 887, 393], [665, 942, 1453, 171, 1105, 1065, 622, 876], [666, 147, 663, 1770, 568, 1406, 267, 2122], [667, 471, 1771, 1432, 2277, 2140, 1181, 520], [670, 664, 609, 1772, 149, 346, 633, 228], [671, 664, 517, 683, 142, 879, 661, 1772], [2154, 1574, 508, 672, 742, 217, 2226, 1298], [673, 661, 520, 783, 1031, 182, 556, 686], [674, 1321, 127, 680, 1237, 159, 378, 182], [675, 1163, 874, 672, 300, 567, 1411, 1211], [676, 2161, 1616, 1221, 2270, 282, 2045, 1041], [677, 766, 686, 1369, 127, 315, 531, 409], [679, 737, 322, 835, 1386, 146, 1118, 348], [680, 813, 986, 379, 120, 249, 621, 307], [681, 660, 1110, 617, 2033, 1339, 1720, 1304], [682, 2227, 900, 1479, 1175, 1220, 1177, 1159], [683, 1398, 542, 1207, 1265, 664, 949, 1315], [686, 409, 786, 677, 376, 1094, 182, 432], [687, 470, 410, 1947, 754, 2121, 1927, 1401], [689, 688, 1374, 1079, 1282, 1283, 499, 409], [690, 1676, 1087, 2306, 444, 320, 1701, 214], [691, 1093, 992, 686, 1651, 1397, 249, 450], [692, 656, 684, 662, 728, 657, 669, 691], [693, 697, 190, 1505, 1565, 602, 160, 1354], [694, 1354, 1327, 1769, 1294, 894, 1549, 1500], [2093, 694, 1458, 2213, 2099, 2276, 379, 1335], [1703, 2179, 648, 743, 170, 687, 401, 820], [695, 157, 193, 2155, 608, 2033, 693, 1430], [696, 807, 794, 1898, 555, 688, 809, 1941], [697, 1327, 1012, 1979, 693, 456, 458, 1492], [698, 2009, 1716, 1528, 1956, 2107, 0, 929], [700, 375, 1017, 302, 970, 350, 1731, 70], [701, 359, 58, 1078, 1758, 1014, 60, 1065], [702, 832, 516, 2208, 720, 1443, 904, 1793], [703, 15, 70, 884, 1245, 853, 336, 401], [704, 565, 2059, 2220, 2197, 204, 2060, 2199], [705, 566, 1153, 1294, 1005, 1491, 1506, 1316], [707, 1264, 286, 1585, 1484, 519, 1339, 624], [708, 941, 98, 636, 568, 1572, 1195, 2096], [648, 2096, 2299, 1533, 217, 1136, 1731, 603], [709, 2046, 225, 708, 1883, 117, 2173, 568], [779, 687, 709, 1703, 1697, 1192, 678, 1136], [1927, 1192, 1987, 2118, 710, 445, 568, 1652], [711, 1727, 1574, 1160, 1543, 1870, 1229, 1245], [356, 252, 920, 951, 1211, 291, 372, 2202]]}, "justin_cNepos_eutropius_1902": {"tgt_lang": "en", "transl_top1": 0.7033898305084746, "transl_top5": 0.8135593220338984, "transl_top10": 0.8559322033898306, "num_nulls": 0, "num_tgt_sents": 9841,