{"num_src_sents": 1504, "plautus_1862_1": {"tgt_lang": "de", "transl_top1": 0.006648936170212766, "transl_top5": 0.02327127659574468, "transl_top10": 0.04055851063829787, "num_nulls": 0, "num_tgt_sents": 4446}, "plautus_1866_2": {"tgt_lang": "de", "transl_top1": 0.013962765957446808, "transl_top5": 0.03922872340425532, "transl_top10": 0.06316489361702128, "num_nulls": 0, "num_tgt_sents": 4445}, "plautus_3_1855": {"tgt_lang": "de", "transl_top1": 0.004654255319148936, "transl_top5": 0.02327127659574468, "transl_top10": 0.041223404255319146, "num_nulls": 0, "num_tgt_sents": 5003}, "plautus_4_1855": {"tgt_lang": "de", "transl_top1": 0.005319148936170213, "transl_top5": 0.02127659574468085, "transl_top10": 0.043882978723404256, "num_nulls": 0, "num_tgt_sents": 5818}, "num_translations": 4, "text_top1": 0.007646276595744681, "text_top5": 0.026761968085106384, "text_top10": 0.047207446808510634}