{"num_src_sents": 4708, "lucan_1853": {"tgt_lang": "en", "transl_top1": 0.7880203908241291, "transl_top5": 0.892948173322005, "transl_top10": 0.9228971962616822, "num_nulls": 0, "num_tgt_sents": 6558}, "lucan_1863": {"tgt_lang": "de", "transl_top1": 0.5254885301614274, "transl_top5": 0.663126593033135, "transl_top10": 0.7153780798640612, "num_nulls": 9, "num_tgt_sents": 5045}, "luca_siliusItalicus_claudius_1842": {"tgt_lang": "fr", "transl_top1": 0.3982582837723025, "transl_top5": 0.5526762956669499, "transl_top10": 0.614910790144435, "num_nulls": 16, "num_tgt_sents": 20880}, "num_translations": 3, "text_top1": 0.5705890682526197, "text_top5": 0.7029170206740301, "text_top10": 0.7510620220900595}