{"num_src_sents": 246, "demosthenes_1902": {"tgt_lang": "en", "transl_top1": 0.21544715447154472, "transl_top5": 0.3333333333333333, "transl_top10": 0.4024390243902439, "num_nulls": 0, "num_tgt_sents": 6778}, "demosthenes_aeschynes_1861": {"tgt_lang": "fr", "transl_top1": 0.07317073170731707, "transl_top5": 0.15447154471544716, "transl_top10": 0.2073170731707317, "num_nulls": 0, "num_tgt_sents": 36182}, "num_translations": 2, "text_top1": 0.1443089430894309, "text_top5": 0.24390243902439024, "text_top10": 0.3048780487804878}