{"num_src_sents": 77, "aristotle_1855-1906_6": {"tgt_lang": "de", "transl_top1": 0.012987012987012988, "transl_top5": 0.1038961038961039, "transl_top10": 0.11688311688311688, "num_nulls": 0, "num_tgt_sents": 8895, "retrieval_preds": [[7945, 6918, 6202, 5642, 4313, 4133, 5648, 359], [4510, 8885, 7279, 8890, 8588, 2423, 8431, 5655], [141, 834, 226, 2538, 684, 1472, 6566, 8524], [8309, 3582, 3548, 2707, 1672, 566, 7927, 3229], [3582, 8555, 214, 4064, 1093, 6610, 3480, 566], [8312, 8431, 897, 7289, 8890, 8847, 5654, 4510], [3717, 3726, 3683, 5215, 4387, 3074, 8314, 5225], [8315, 4938, 1681, 8355, 3671, 6158, 3480, 4607], [2330, 6873, 5519, 3487, 8598, 6198, 864, 3894], [5890, 6702, 6698, 3987, 3197, 3378, 2233, 5958], [8322, 566, 1077, 3486, 4894, 4816, 1042, 2565], [3595, 5226, 3671, 5119, 760, 4899, 2519, 6158], [7579, 7279, 8441, 6487, 2252, 318, 4899, 2433], [4691, 8330, 4563, 2990, 3889, 4945, 6479, 3022], [7870, 1434, 2650, 2762, 4681, 3190, 1012, 5061], [2351, 3986, 5849, 2490, 5863, 3072, 5209, 5204], [4494, 566, 6158, 1597, 3216, 6239, 8555, 1672], [3582, 5265, 3145, 2217, 2121, 3240, 2937, 2966], [7594, 5840, 2530, 6550, 6598, 3190, 5319, 8573], [8340, 3582, 1093, 4064, 2430, 1290, 7485, 3507], [1370, 4691, 3406, 1421, 434, 5587, 7755, 1290], [1344, 2423, 5061, 3852, 4328, 5188, 3072, 3139], [6296, 5678, 4942, 982, 8344, 947, 2507, 5257], [4470, 3837, 4610, 902, 5061, 5031, 3053, 7870], [8555, 7224, 1246, 1421, 1370, 4812, 587, 6357], [1058, 3706, 2238, 5285, 3584, 4912, 4567, 8871], [6022, 6048, 8409, 3609, 5261, 4961, 3526, 2783], [2399, 4130, 3632, 7697, 3971, 5114, 2540, 2966], [7988, 7579, 339, 8476, 5188, 3162, 8750, 940], [4328, 4197, 1421, 2937, 4309, 1688, 4202, 1551], [8355, 897, 2555, 5463, 854, 3396, 2484, 7731], [2482, 2014, 3582, 7958, 693, 6729, 7579, 2907], [2779, 8359, 5240, 5801, 962, 6787, 1652, 5055], [7579, 3894, 5285, 6158, 5189, 7279, 5188, 5091], [1190, 4991, 5683, 3791, 8619, 5566, 8524, 7778], [8363, 245, 2907, 8785, 2910, 8365, 7763, 2906], [2910, 8365, 8363, 8075, 2907, 2906, 2243, 366], [4563, 8555, 6479, 7593, 1457, 5714, 6295, 7734], [5147, 6605, 6059, 8570, 5997, 4139, 1428, 6509], [6383, 3487, 5755, 7030, 2069, 5065, 6582, 6463], [5041, 8369, 4485, 3843, 3986, 4961, 4494, 366], [1145, 902, 1505, 1016, 6304, 3609, 5061, 2430], [8431, 7667, 7959, 2014, 897, 2906, 4064, 1240], [8373, 566, 5041, 3418, 4042, 4382, 1398, 2808], [2782, 2759, 4886, 2068, 3744, 3534, 3757, 5296], [8369, 378, 8604, 7944, 1344, 8496, 8623, 7755], [4139, 478, 1410, 4133, 3148, 4143, 1412, 4201], [5137, 8340, 3582, 4448, 1410, 7485, 4204, 4366], [6022, 6048, 4961, 7667, 2783, 4303, 5201, 8480], [2564, 7246, 8357, 8383, 8555, 7579, 2025, 6158], [1344, 7988, 5188, 3852, 2910, 940, 5061, 3072], [5188, 2154, 1406, 318, 8871, 3216, 2252, 7988], [4130, 4691, 5114, 7944, 4609, 2097, 3240, 1477], [897, 8847, 2907, 3156, 2910, 8363, 8521, 8075], [8555, 8393, 214, 7595, 6044, 8785, 6665, 7579], [8322, 8795, 3156, 2906, 2555, 356, 203, 8674], [1398, 8397, 8340, 3156, 7485, 7594, 5863, 7580], [7944, 1579, 2217, 1370, 6817, 6613, 1794, 1804], [5188, 1238, 4961, 3852, 4609, 7435, 7988, 5747], [2555, 214, 8457, 1559, 3582, 3279, 1570, 4494], [8439, 5188, 8434, 8457, 8369, 8845, 8357, 6665], [6053, 5188, 8434, 4515, 3316, 107, 5285, 8672], [3852, 5224, 4961, 8557, 1665, 3662, 7768, 5225], [3894, 5234, 6837, 3882, 7481, 4868, 864, 5231], [6158, 4899, 8555, 3889, 4945, 3964, 5061, 5456], [2910, 7279, 8847, 897, 8451, 8363, 8383, 2907], [8410, 8457, 7673, 2709, 8434, 2518, 4689, 985], [6868, 5659, 8435, 2204, 2910, 3590, 8588, 6053], [7750, 2348, 4328, 4494, 2038, 1307, 3503, 6048], [1370, 1293, 5188, 1794, 4691, 3785, 5061, 5350], [7884, 5061, 3581, 4289, 592, 2542, 2211, 4393], [8247, 2324, 3389, 7690, 575, 2538, 138, 608], [5104, 3594, 6927, 5648, 2616, 6854, 4495, 6202], [8418, 4703, 8437, 2395, 2618, 670, 8715, 8355], [8421, 2906, 4448, 8826, 8404, 5111, 7968, 3804], [1597, 8588, 8431, 2795, 7279, 833, 540, 7289], [8890, 8431, 8312, 2906, 2910, 8427, 8424, 8588]]}, "num_translations": 1, "text_top1": 0.012987012987012988, "text_top5": 0.1038961038961039, "text_top10": 0.11688311688311688}