{"num_src_sents": 2562, "plato_3_1826": {"tgt_lang": "fr", "transl_top1": 0.00234192037470726, "transl_top5": 0.00858704137392662, "transl_top10": 0.01483216237314598, "num_nulls": 0, "num_tgt_sents": 3903}, "plato_1_1848": {"tgt_lang": "en", "transl_top1": 0.00273224043715847, "transl_top5": 0.02185792349726776, "transl_top10": 0.02810304449648712, "num_nulls": 0, "num_tgt_sents": 12817}, "plato_5_1852": {"tgt_lang": "en", "transl_top1": 0.0039032006245121, "transl_top5": 0.01131928181108509, "transl_top10": 0.02185792349726776, "num_nulls": 0, "num_tgt_sents": 8721}, "plato_2_1849": {"tgt_lang": "en", "transl_top1": 0.00195160031225605, "transl_top5": 0.02302888368462139, "transl_top10": 0.03356752537080406, "num_nulls": 0, "num_tgt_sents": 9568}, "plato_1_1846": {"tgt_lang": "fr", "transl_top1": 0.00234192037470726, "transl_top5": 0.00858704137392662, "transl_top10": 0.01873536299765808, "num_nulls": 1, "num_tgt_sents": 3203}, "plato_6_1854": {"tgt_lang": "en", "transl_top1": 0.00897736143637783, "transl_top5": 0.01522248243559719, "transl_top10": 0.02263856362217018, "num_nulls": 0, "num_tgt_sents": 9064}, "plato_3_1850": {"tgt_lang": "en", "transl_top1": 0.16510538641686182, "transl_top5": 0.23575331772053085, "transl_top10": 0.27478532396565186, "num_nulls": 5, "num_tgt_sents": 13689}, "num_translations": 7, "text_top1": 0.026764804282368684, "text_top5": 0.04633656741385079, "text_top10": 0.05921712947474072}