{"num_src_sents": 4419, "thucydides_1_1864": {"tgt_lang": "de", "transl_top1": 0.4467073998642227, "transl_top5": 0.6252545824847251, "transl_top10": 0.698121747001584, "num_nulls": 0, "num_tgt_sents": 9822}, "thucydides_1_1869": {"tgt_lang": "fr", "transl_top1": 0.3654673002941842, "transl_top5": 0.562570717356868, "transl_top10": 0.6587463226974428, "num_nulls": 1, "num_tgt_sents": 10253}, "thucydides_1_1917": {"tgt_lang": "de", "transl_top1": 0.0011314777098891152, "transl_top5": 0.005883684091423399, "transl_top10": 0.009504412763068567, "num_nulls": 173, "num_tgt_sents": 4222}, "thucydides_1_1852": {"tgt_lang": "fr", "transl_top1": 0.08757637474541752, "transl_top5": 0.13306177868295996, "transl_top10": 0.15569133288074224, "num_nulls": 36, "num_tgt_sents": 5859}, "thucydides_2_1917": {"tgt_lang": "de", "transl_top1": 0.0011314777098891152, "transl_top5": 0.00520479746548993, "transl_top10": 0.01040959493097986, "num_nulls": 275, "num_tgt_sents": 3790}, "thucydides_2_1902": {"tgt_lang": "en", "transl_top1": 0.00045259108395564606, "transl_top5": 0.005431093007467753, "transl_top10": 0.00973070830504639, "num_nulls": 62, "num_tgt_sents": 4913}, "thucydides_1863": {"tgt_lang": "fr", "transl_top1": 0.010183299389002037, "transl_top5": 0.021950667571848836, "transl_top10": 0.031907671418873046, "num_nulls": 0, "num_tgt_sents": 14195}, "num_translations": 7, "text_top1": 0.13037856011379434, "text_top5": 0.19419390295154046, "text_top10": 0.2248731128568196}