{"num_src_sents": 1737, "xenophon_2_1872": {"tgt_lang": "fr", "transl_top1": 0.257915947035118, "transl_top5": 0.40875071963154863, "transl_top10": 0.4743811168681635, "num_nulls": 5, "num_tgt_sents": 10554}, "xenophon_2_1856": {"tgt_lang": "de", "transl_top1": 0.004029936672423719, "transl_top5": 0.017846862406447898, "transl_top10": 0.02936096718480138, "num_nulls": 0, "num_tgt_sents": 8441}, "xenophon_3_1858": {"tgt_lang": "de", "transl_top1": 0.0034542314335060447, "transl_top5": 0.010938399539435808, "transl_top10": 0.021876799078871616, "num_nulls": 0, "num_tgt_sents": 5067}, "xenophon_1_1872": {"tgt_lang": "fr", "transl_top1": 0.0017271157167530224, "transl_top5": 0.011514104778353483, "transl_top10": 0.027633851468048358, "num_nulls": 0, "num_tgt_sents": 11058}, "xenophon_1_1854": {"tgt_lang": "de", "transl_top1": 0.45538284398388024, "transl_top5": 0.6528497409326425, "transl_top10": 0.7282671272308578, "num_nulls": 1, "num_tgt_sents": 7813}, "xenophon_1907": {"tgt_lang": "en", "transl_top1": 0.3252734599884859, "transl_top5": 0.4674726540011514, "transl_top10": 0.5267702936096719, "num_nulls": 0, "num_tgt_sents": 8988}, "xenophon_3_1737": {"tgt_lang": "it", "transl_top1": 0.28324697754749567, "transl_top5": 0.46113989637305697, "transl_top10": 0.5515256188831318, "num_nulls": 1, "num_tgt_sents": 12015}, "xenophon_1872": {"tgt_lang": "fr", "transl_top1": 0.2251007484168106, "transl_top5": 0.36557282671272306, "transl_top10": 0.4271732872769142, "num_nulls": 6, "num_tgt_sents": 6681}, "num_translations": 8, "text_top1": 0.19451640759930916, "text_top5": 0.29951065054691994, "text_top10": 0.34837363270005756}