{"num_src_sents": 193, "plato_3_1826": {"tgt_lang": "fr", "transl_top1": 0.03626943005181347, "transl_top5": 0.08290155440414508, "transl_top10": 0.15544041450777202, "num_nulls": 0, "num_tgt_sents": 3903}, "plato_1_1846": {"tgt_lang": "fr", "transl_top1": 0.02072538860103627, "transl_top5": 0.07772020725388601, "transl_top10": 0.14507772020725387, "num_nulls": 0, "num_tgt_sents": 3203}, "num_translations": 2, "text_top1": 0.028497409326424868, "text_top5": 0.08031088082901555, "text_top10": 0.15025906735751293}