{"num_src_sents": 195, "appian_1832_10": {"tgt_lang": "de", "transl_top1": 0.02564102564102564, "transl_top5": 0.05128205128205128, "transl_top10": 0.09743589743589744, "num_nulls": 0, "num_tgt_sents": 12614}, "Appianus_1828": {"tgt_lang": "de", "transl_top1": 0.041025641025641026, "transl_top5": 0.08717948717948718, "transl_top10": 0.13333333333333333, "num_nulls": 0, "num_tgt_sents": 6120}, "appian_1830_5": {"tgt_lang": "de", "transl_top1": 0.02564102564102564, "transl_top5": 0.06153846153846154, "transl_top10": 0.13333333333333333, "num_nulls": 0, "num_tgt_sents": 7584}, "num_translations": 3, "text_top1": 0.030769230769230764, "text_top5": 0.06666666666666667, "text_top10": 0.12136752136752138}