{"num_src_sents": 24, "justin_cNepos_eutropius_1902": {"tgt_lang": "en", "transl_top1": 0.4166666666666667, "transl_top5": 0.5833333333333334, "transl_top10": 0.6666666666666666, "num_nulls": 0, "num_tgt_sents": 9841}, "corneliusNepos_1856": {"tgt_lang": "de", "transl_top1": 0.6666666666666666, "transl_top5": 0.7083333333333334, "transl_top10": 0.75, "num_nulls": 0, "num_tgt_sents": 2320}, "num_translations": 2, "text_top1": 0.5416666666666666, "text_top5": 0.6458333333333334, "text_top10": 0.7083333333333333}