{"num_src_sents": 425, "luciusSamosata_1_1869": {"tgt_lang": "fr", "transl_top1": 0.2635294117647059, "transl_top5": 0.37411764705882355, "transl_top10": 0.47058823529411764, "num_nulls": 0, "num_tgt_sents": 14187}, "lucian_1866_1": {"tgt_lang": "de", "transl_top1": 0.5105882352941177, "transl_top5": 0.6494117647058824, "transl_top10": 0.7270588235294118, "num_nulls": 0, "num_tgt_sents": 4624}, "lucian_1888": {"tgt_lang": "en", "transl_top1": 0.5223529411764706, "transl_top5": 0.7247058823529412, "transl_top10": 0.8023529411764706, "num_nulls": 0, "num_tgt_sents": 6788}, "lucian_1867_3": {"tgt_lang": "de", "transl_top1": 0.011764705882352941, "transl_top5": 0.05176470588235294, "transl_top10": 0.10352941176470588, "num_nulls": 0, "num_tgt_sents": 3614}, "num_translations": 4, "text_top1": 0.32705882352941174, "text_top5": 0.44999999999999996, "text_top10": 0.5258823529411765}