{"num_src_sents": 106, "lucian_1866_1": {"tgt_lang": "de", "transl_top1": 0.009433962264150943, "transl_top5": 0.04716981132075472, "transl_top10": 0.10377358490566038, "num_nulls": 0, "num_tgt_sents": 4624}, "lucian_1867_3": {"tgt_lang": "de", "transl_top1": 0.2358490566037736, "transl_top5": 0.5094339622641509, "transl_top10": 0.5849056603773585, "num_nulls": 0, "num_tgt_sents": 3614}, "num_translations": 2, "text_top1": 0.12264150943396226, "text_top5": 0.2783018867924528, "text_top10": 0.3443396226415094}