{"num_src_sents": 122, "luciusSamosata_1_1869": {"tgt_lang": "fr", "transl_top1": 0.16393442622950818, "transl_top5": 0.3114754098360656, "transl_top10": 0.4016393442622951, "num_nulls": 0, "num_tgt_sents": 14187, "retrieval_preds": [[8043, 7481, 7879, 8431, 8198, 7647, 8064, 7537], [9191, 11381, 780, 8511, 9873, 7248, 11226, 7302], [7286, 9221, 7226, 11256, 5821, 10888, 7396, 10730], [14172, 6083, 3673, 10883, 3502, 3886, 958, 12462], [4321, 9326, 5246, 11395, 13387, 3102, 9203, 3185], [7811, 14009, 2149, 10818, 5106, 213, 7355, 5563], [13983, 7387, 12433, 10648, 7615, 917, 7611, 13701], [13661, 3746, 220, 353, 7570, 5158, 8429, 13484], [6781, 2110, 8268, 803, 2286, 2996, 3523, 4175], [3256, 2306, 8318, 7456, 8740, 8538, 10301, 222], [1218, 13023, 8429, 8727, 5478, 12224, 6210, 7982], [741, 1697, 11672, 6745, 8549, 3502, 6563, 13092], [1438, 3746, 4033, 6540, 1148, 2453, 5691, 7019], [8040, 8720, 13971, 10587, 29, 5333, 8949, 6968], [497, 7476, 5230, 3938, 5273, 3387, 7205, 1391], [7730, 3037, 650, 6923, 13602, 231, 13834, 230], [233, 2145, 117, 57, 12742, 3005, 7612, 8079], [10546, 11233, 901, 9102, 3821, 8834, 13867, 8743], [7938, 5847, 3815, 1339, 12889, 10256, 9385, 2554], [6548, 5470, 2211, 13802, 1628, 3298, 3317, 12086], [7367, 5516, 7599, 7337, 237, 11348, 5508, 241], [9102, 2425, 12193, 4310, 10247, 2175, 3916, 9730], [258, 243, 5777, 5547, 13344, 5150, 8557, 12770], [245, 8793, 10806, 8060, 7851, 276, 10339, 4389], [775, 7513, 11683, 3099, 246, 5508, 11074, 9000], [7709, 338, 5262, 250, 11015, 7513, 7727, 7730], [338, 6724, 7730, 11467, 8414, 339, 9235, 6382], [4382, 8642, 12952, 3070, 710, 10667, 5826, 5589], [8141, 5826, 7513, 11698, 7286, 11683, 5859, 5516], [1991, 13677, 751, 3517, 5163, 7557, 10653, 7443], [7299, 9394, 9907, 6582, 7075, 9450, 8210, 6337], [8113, 8491, 5888, 7593, 1317, 12673, 8212, 12099], [7286, 7593, 1317, 8096, 1824, 12099, 11698, 14015], [271, 10558, 8141, 671, 11015, 491, 7286, 11141], [4394, 1423, 5818, 8336, 9070, 8418, 8444, 12766], [3517, 1638, 7895, 7181, 9001, 5808, 8783, 8079], [284, 14054, 1890, 5188, 10365, 11036, 5888, 1370], [3795, 3815, 3161, 7938, 6093, 6456, 5601, 12914], [1148, 993, 6540, 5691, 1438, 1096, 10651, 3582], [286, 11750, 3832, 708, 11898, 1317, 9396, 10686], [6337, 10347, 2149, 5548, 402, 10321, 12906, 10227], [5821, 305, 5777, 551, 5797, 7248, 10628, 13680], [548, 3858, 5065, 139, 511, 13590, 716, 12270], [8079, 5821, 213, 1317, 10972, 9354, 5818, 7163], [8141, 5552, 5826, 5571, 12153, 8189, 12659, 8308], [7886, 948, 406, 2973, 405, 2049, 6442, 3715], [716, 8320, 2149, 13236, 1600, 855, 1338, 5578], [12624, 303, 7030, 267, 1719, 2064, 3593, 4067], [307, 775, 13843, 1317, 5833, 7286, 8141, 1370], [308, 307, 7355, 5837, 5554, 8952, 10336, 7241], [5797, 14100, 309, 1881, 3562, 99, 4625, 642], [11015, 11685, 8741, 7829, 8491, 1317, 11683, 11141], [11141, 4382, 7837, 8741, 775, 13847, 2919, 11015], [5816, 7986, 13895, 8896, 6883, 9242, 7642, 13202], [324, 7931, 9070, 11230, 12007, 13327, 4019, 7360], [13289, 14158, 3543, 4853, 2694, 12548, 325, 1968], [13713, 11904, 7725, 9491, 250, 11529, 9147, 7960], [8491, 2919, 11141, 8997, 1317, 7286, 506, 11845], [336, 12339, 7709, 7399, 4891, 3311, 11466, 8953], [337, 5262, 7638, 13013, 12234, 7257, 11141, 14138], [775, 338, 339, 9218, 5108, 7286, 11141, 13591], [4382, 775, 9218, 11141, 2919, 5826, 5863, 10882], [350, 898, 12288, 3543, 1074, 5134, 8824, 5335], [11808, 3530, 775, 8399, 8096, 5826, 11015, 14054], [79, 7989, 2630, 7886, 5068, 11603, 4075, 1438], [13744, 96, 10357, 12733, 8257, 10433, 8579, 5519], [775, 4382, 11814, 13787, 13847, 11141, 11775, 2496], [775, 9560, 3070, 7837, 7286, 7211, 8109, 3979], [7124, 775, 11141, 6995, 11015, 2919, 338, 11571], [12979, 6792, 9070, 5805, 8418, 7030, 3539, 12805], [13834, 5863, 5859, 8956, 2919, 7513, 5507, 11141], [724, 8642, 2455, 7837, 4382, 7960, 11466, 11955], [384, 13863, 1398, 13506, 13510, 565, 1371, 5925], [13182, 4284, 11180, 7471, 11275, 6632, 2919, 14138], [8242, 775, 8471, 11133, 8293, 13765, 3070, 5821], [389, 374, 8142, 710, 8239, 669, 8945, 11054], [4382, 2964, 10284, 11133, 2919, 14138, 3201, 7513], [393, 5859, 7286, 6995, 5863, 7124, 7252, 6683], [4600, 8185, 8789, 3388, 7244, 9002, 2823, 10713], [13803, 42, 13721, 740, 12465, 4698, 7553, 5377], [396, 7708, 7103, 7514, 11904, 11012, 7531, 1320], [13834, 69, 457, 5933, 4298, 7553, 13249, 740], [7513, 8141, 400, 6660, 7248, 11023, 7931, 8359], [1325, 8622, 4541, 401, 1207, 11613, 7670, 7673], [11738, 402, 11001, 3394, 8662, 7754, 10522, 4746], [2637, 13632, 6907, 11490, 571, 583, 5901, 4171], [404, 405, 8436, 11753, 406, 11304, 7754, 9290], [7913, 7470, 13803, 12336, 9716, 5816, 12899, 4032], [13907, 7354, 13834, 8149, 7513, 3410, 11336, 6708], [2919, 8956, 10348, 7286, 4382, 5859, 11015, 775], [421, 7663, 11467, 5829, 11891, 7654, 9175, 11946], [5826, 7610, 7286, 1285, 8100, 775, 8141, 9163], [6243, 6664, 4382, 5870, 14132, 5821, 11967, 6944], [4382, 11141, 427, 1317, 3070, 5826, 4817, 7513], [431, 8524, 2919, 11015, 250, 7725, 97, 4284], [13152, 2490, 469, 11886, 8868, 3070, 174, 10587], [4382, 12952, 10667, 2919, 7567, 5859, 7517, 1500], [7032, 8241, 11438, 6675, 4053, 8412, 1204, 2918], [4382, 5863, 11141, 775, 2919, 4817, 5859, 12952], [2827, 5464, 7130, 13453, 8689, 976, 5805, 8619], [447, 9247, 11141, 8367, 7286, 30, 9163, 4818], [775, 3070, 13787, 4382, 7513, 1317, 13707, 6747], [5939, 7270, 5864, 455, 13898, 409, 9349, 5997], [8471, 2945, 3281, 4585, 5819, 4380, 1213, 7725], [458, 7513, 8351, 1370, 13346, 775, 772, 7126], [459, 13182, 11141, 3070, 4382, 8367, 2919, 6632], [9071, 9052, 12899, 9344, 7642, 461, 9006, 11062], [10866, 5835, 538, 5821, 11750, 1924, 12895, 11015], [4382, 6242, 1864, 12952, 8642, 13969, 5863, 7960], [482, 480, 10826, 6585, 9943, 390, 1394, 7471], [9290, 483, 12115, 482, 7248, 11906, 8941, 11717], [1041, 10852, 481, 6745, 10125, 10853, 14140, 628], [8213, 9095, 6650, 12952, 11685, 484, 8367, 4886], [12384, 11341, 8743, 2488, 4210, 13327, 479, 2555], [9664, 4865, 8591, 13300, 10464, 1451, 9970, 11844], [491, 8141, 7669, 10827, 7513, 8293, 5821, 8491], [4382, 10985, 9347, 775, 2919, 4817, 8096, 7513], [8072, 10355, 4466, 10434, 129, 13594, 3715, 8445], [2790, 12769, 10684, 503, 7103, 3513, 2463, 5733], [504, 9776, 6600, 8676, 2476, 7986, 9946, 6551], [6781, 2110, 8268, 4175, 13608, 803, 2286, 2996], [9823, 7567, 13214, 10691, 11446, 11296, 11460, 11186]]}, "lucian_1866_1": {"tgt_lang": "de", "transl_top1": 0.30327868852459017, "transl_top5": 0.45081967213114754, "transl_top10": 0.5245901639344263, "num_nulls": 0, "num_tgt_sents": 4624,