{"num_src_sents": 1387, "plautus_1862_1": {"tgt_lang": "de", "transl_top1": 0.011535688536409516, "transl_top5": 0.03316510454217736, "transl_top10": 0.05263157894736842, "num_nulls": 0, "num_tgt_sents": 4446}, "plautus_1866_2": {"tgt_lang": "de", "transl_top1": 0.010093727469358327, "transl_top5": 0.03172314347512617, "transl_top10": 0.04686373467916366, "num_nulls": 0, "num_tgt_sents": 4445}, "plautus_3_1855": {"tgt_lang": "de", "transl_top1": 0.004325883201153569, "transl_top5": 0.02090843547224225, "transl_top10": 0.0418168709444845, "num_nulls": 0, "num_tgt_sents": 5003}, "plautus_4_1855": {"tgt_lang": "de", "transl_top1": 0.005767844268204758, "transl_top5": 0.022350396539293438, "transl_top10": 0.03677000720980533, "num_nulls": 0, "num_tgt_sents": 5818}, "num_translations": 4, "text_top1": 0.007930785868781542, "text_top5": 0.027036770007209804, "text_top10": 0.04452054794520548}