{"num_src_sents": 108, "aristotle_1855-1906_6": {"tgt_lang": "de", "transl_top1": 0.0, "transl_top5": 0.06481481481481481, "transl_top10": 0.12037037037037036, "num_nulls": 0, "num_tgt_sents": 8895, "retrieval_preds": [[5642, 7447, 6918, 359, 5829, 4313, 7945, 5648], [8202, 7771, 7672, 4024, 7293, 8127, 5648, 2160], [4393, 2803, 3350, 2250, 2542, 4466, 2824, 2240], [4086, 4305, 5265, 3582, 1246, 1370, 3396, 1140], [5188, 2351, 7435, 1875, 3646, 7893, 5554, 6693], [7659, 7731, 7799, 8127, 7782, 8286, 4563, 6107], [7783, 5061, 7847, 7992, 8126, 8201, 3105, 4461], [5061, 1672, 6070, 7594, 7485, 566, 6455, 6665], [5254, 4522, 2831, 413, 1895, 6573, 2205, 1228], [2423, 1344, 5797, 2798, 5290, 7255, 2144, 874], [1370, 8555, 2657, 7941, 2151, 2160, 7800, 3964], [1962, 7755, 4567, 4564, 3646, 874, 7750, 5328], [2344, 948, 1278, 5061, 1597, 431, 466, 2553], [1107, 2609, 8588, 2675, 2144, 962, 6913, 7355], [6172, 6369, 3062, 4110, 1036, 2249, 1092, 2935], [5986, 869, 6649, 7806, 5138, 4214, 6125, 6605], [4717, 7944, 2351, 7750, 5350, 1929, 4691, 2204], [7944, 6022, 3609, 6374, 1412, 962, 6125, 4943], [7659, 7731, 4670, 545, 3089, 2811, 7453, 8127], [7800, 4534, 7763, 6750, 4691, 2657, 6326, 3156], [1258, 7727, 860, 4485, 5842, 3471, 4256, 2862], [2941, 2138, 3480, 2510, 690, 7714, 7800, 7763], [214, 4248, 8555, 3582, 4177, 6044, 1285, 1093], [366, 4961, 1406, 3852, 6048, 3216, 4393, 6158], [8555, 7809, 4691, 3213, 7659, 214, 8521, 4404], [8337, 5904, 5403, 3843, 3397, 5281, 1385, 1270], [6299, 1370, 604, 8337, 1226, 1251, 4691, 7998], [1267, 7760, 3582, 5281, 5457, 8337, 404, 2405], [1875, 7814, 3924, 6345, 1196, 8644, 7255, 6815], [773, 5803, 4164, 5832, 6821, 7353, 4178, 5058], [5678, 3981, 2211, 8557, 4942, 1239, 6538, 955], [7654, 1269, 3066, 5832, 6492, 2891, 3240, 2900], [937, 4607, 3480, 7818, 2235, 2849, 2759, 7771], [946, 4586, 3534, 3240, 2124, 5434, 1290, 5281], [7731, 8286, 2160, 4607, 3480, 3964, 1279, 2664], [7824, 2859, 2510, 7771, 6326, 8112, 7782, 7941], [7826, 5278, 3534, 6156, 2795, 2124, 1196, 3819], [6158, 1077, 5750, 3759, 2565, 3595, 3894, 4098], [3190, 2651, 7829, 4123, 3254, 2787, 6838, 2097], [6374, 337, 7944, 8555, 948, 874, 5331, 3106], [7763, 3391, 3480, 5565, 3305, 8785, 1077, 2849], [8639, 6774, 1542, 3894, 798, 7674, 6324, 7835], [1489, 7836, 4406, 653, 2419, 7325, 2240, 226], [3396, 7838, 3582, 7731, 2555, 5446, 4248, 3480], [7091, 3264, 592, 6616, 3294, 2438, 2289, 8014], [7731, 7771, 7838, 4903, 4531, 8555, 3396, 4945], [4751, 4005, 2806, 7844, 7007, 8555, 7335, 1281], [7847, 7845, 3075, 1290, 7782, 3105, 7967, 4761], [8406, 1001, 7884, 5231, 7846, 8862, 1744, 2468], [2348, 8213, 1258, 2765, 3609, 7847, 8325, 354], [7734, 7779, 8555, 2215, 337, 3250, 527, 3240], [4563, 3964, 1754, 4945, 7851, 987, 1839, 4534], [4586, 7929, 476, 4929, 3589, 3609, 7734, 6287], [7853, 7657, 4488, 5723, 4849, 7812, 3360, 600], [3935, 4726, 2910, 4899, 2267, 7755, 1406, 5217], [4393, 5410, 7856, 5189, 7279, 3627, 1754, 940], [2350, 5313, 8555, 1393, 3473, 2359, 8871, 3489], [566, 5331, 4451, 2486, 4751, 5041, 5896, 8284], [592, 7884, 5188, 7265, 7091, 6558, 4273, 8672], [4045, 4247, 8342, 1370, 6739, 418, 5061, 5188], [2348, 2252, 4903, 4945, 5285, 1054, 4861, 1771], [1344, 5188, 2423, 6913, 2430, 1794, 588, 245], [1754, 4111, 4485, 318, 7874, 7657, 2799, 1344], [3294, 1597, 1190, 2691, 8214, 5061, 7870, 4586], [7901, 7771, 7795, 7831, 7258, 7870, 3405, 7730], [1929, 2430, 4761, 7698, 3791, 6411, 2530, 2876], [7657, 1754, 2530, 4078, 3292, 987, 4319, 4114], [1751, 8467, 8364, 1755, 7742, 3519, 6462, 8864], [413, 941, 6573, 5004, 1895, 6098, 4672, 6131], [7876, 7882, 2121, 7690, 7657, 8167, 3084, 584], [3964, 7880, 4899, 4563, 2555, 7731, 3240, 403], [7880, 3597, 1421, 5312, 1888, 670, 650, 7897], [4289, 3200, 4045, 7932, 5061, 8342, 3497, 3208], [7882, 4328, 987, 7880, 4899, 3240, 4184, 3312], [418, 4723, 1754, 4045, 8343, 6579, 3337, 4515], [1307, 2348, 2361, 6908, 2038, 3945, 4328, 245], [3964, 4563, 2121, 7657, 4319, 4177, 8555, 1754], [7887, 1646, 7898, 7782, 3106, 2990, 5592, 1071], [6383, 5065, 3491, 6462, 1324, 6875, 3717, 3487], [1421, 2966, 3935, 1782, 1579, 488, 1736, 3757], [937, 566, 2555, 2618, 4305, 2177, 8555, 3480], [3785, 7307, 991, 2787, 7812, 4841, 1274, 3168], [5118, 5361, 1267, 5892, 5261, 4587, 5457, 3790], [5188, 3852, 5285, 7988, 4927, 7522, 1344, 7893], [8627, 447, 8764, 4779, 5278, 448, 4842, 7388], [7895, 7896, 3200, 4328, 1670, 4961, 1671, 1672], [5071, 4830, 5118, 3610, 3606, 2742, 7892, 3618], [3200, 1670, 7895, 1671, 3240, 3209, 4961, 3210], [1274, 4167, 3321, 4468, 3320, 4472, 6924, 4253], [7897, 7880, 8214, 3200, 7755, 3493, 3642, 2990], [8341, 5842, 6817, 3819, 6819, 7898, 3221, 6422], [5164, 1251, 6613, 5863, 7944, 6292, 1142, 1370], [7594, 4242, 4045, 5061, 6716, 1145, 2351, 2122], [3075, 7903, 4123, 4431, 7944, 6546, 5678, 6232], [1370, 3759, 3161, 3770, 6762, 6744, 1307, 8555], [5840, 8555, 2490, 1370, 8636, 3190, 4779, 7908], [2826, 7795, 2845, 76, 4124, 7870, 2342, 7901], [6790, 1172, 2990, 1597, 3093, 7579, 2795, 4899], [7911, 7781, 7782, 7799, 1290, 690, 1685, 7779], [4090, 2351, 5188, 5285, 4912, 7988, 1794, 4132], [7771, 690, 7659, 8555, 178, 1345, 3178, 854], [566, 690, 4851, 4563, 3272, 2808, 7594, 4756], [8185, 4563, 1591, 7594, 2530, 1374, 1370, 7629], [3150, 6510, 6651, 3216, 7750, 8409, 6455, 7918], [8555, 8552, 7944, 7659, 4691, 1421, 2267, 2217], [1374, 2565, 3213, 7579, 6288, 8555, 6070, 3160], [6158, 8521, 4899, 8555, 266, 3595, 3660, 5307], [7289, 8847, 8312, 7927, 7924, 8431, 517, 5307]]}, "num_translations": 1, "text_top1": 0.0, "text_top5": 0.06481481481481481, "text_top10": 0.12037037037037036}