{"num_src_sents": 15, "plutarch_1_1906": {"tgt_lang": "en", "transl_top1": 0.13333333333333333, "transl_top5": 0.2, "transl_top10": 0.4, "num_nulls": 0, "num_tgt_sents": 6800, "retrieval_preds": [[6772, 1853, 427, 1236, 2025, 1003, 1671, 1780], [4960, 6774, 6680, 6187, 3574, 6253, 6776, 4941], [5110, 4357, 1324, 4135, 3686, 3855, 4766, 5311], [6780, 5974, 386, 6788, 6238, 6141, 6357, 5261], [6782, 329, 5974, 6781, 1698, 1709, 358, 4127], [1736, 6783, 5956, 4962, 5114, 2094, 1707, 386], [6784, 3580, 5202, 5476, 5300, 6470, 5983, 2269], [6785, 4180, 3765, 1885, 2489, 5983, 4947, 1709], [4211, 4899, 3084, 6121, 5207, 4208, 4371, 2311], [6786, 6252, 4043, 1432, 5311, 255, 1611, 1450], [6787, 6036, 4158, 5879, 2039, 6029, 4327, 5053], [6776, 6788, 5982, 5974, 2627, 6187, 5918, 6780], [6790, 6660, 1354, 5246, 6260, 6097, 4707, 2356], [6253, 2801, 1637, 6132, 6776, 29, 6180, 3351], [4369, 5843, 1509, 4780, 3986, 2702, 4512, 1963]]}, "plutarch_2_1908": {"tgt_lang": "en", "transl_top1": 0.0, "transl_top5": 0.26666666666666666, "transl_top10": 0.26666666666666666, "num_nulls": 0, "num_tgt_sents": 5773, "retrieval_preds": [[2892, 2311, 1181, 4566, 2887, 2104, 5183, 3978], [1705, 29, 2409, 5598, 2611, 2315, 1183, 3133], [2523, 4623, 2234, 1096, 2085, 2068, 3661, 3582], [1265, 1623, 355, 2317, 3479, 4173, 1946, 2885], [368, 1368, 3603, 2319, 2142, 3711, 3658, 3874], [2322, 157, 697, 1957, 48, 2592, 1149, 3616], [198, 3751, 3348, 2050, 1758, 418, 4386, 5500], [4308, 151, 2239, 2204, 2640, 56, 4180, 125], [5356, 3600, 5318, 3601, 1222, 4849, 362, 3651], [434, 2528, 3322, 4579, 4900, 5560, 2111, 402], [893, 644, 518, 862, 4888, 1159, 952, 2808], [5760, 2698, 4172, 4455, 2319, 1479, 4105, 5628], [4798, 5424, 5651, 613, 5628, 4174, 4172, 510], [4725, 3343, 1343, 2984, 1267, 1705, 2495, 5628], [3542, 4315, 3567, 5394, 5557, 3255, 1351, 613]]}, "num_translations": 2, "text_top1": 0.06666666666666667, "text_top5": 0.23333333333333334, "text_top10": 0.33333333333333337}