{"num_src_sents": 366, "luciusSamosata_1_1869": {"tgt_lang": "fr", "transl_top1": 0.1885245901639344, "transl_top5": 0.33060109289617484, "transl_top10": 0.3989071038251366, "num_nulls": 0, "num_tgt_sents": 14187, "retrieval_preds": [[4942, 12003, 10344, 8714, 9247, 11017, 1285, 2919], [5046, 5255, 976, 4113, 5403, 8659, 4017, 8842], [4947, 11503, 12794, 6876, 5449, 9643, 4289, 5943], [12805, 10371, 3394, 10395, 13725, 8916, 8468, 5792], [8255, 476, 824, 5932, 9497, 4660, 5714, 395], [4951, 10132, 8043, 4255, 10192, 11187, 8767, 2672], [3210, 1003, 10489, 4952, 7995, 6128, 8104, 355], [2184, 1605, 6062, 11195, 9203, 5772, 2247, 4788], [4955, 4112, 11309, 1552, 12294, 3711, 2174, 539], [3253, 13822, 3502, 741, 12090, 5929, 6355, 5937], [4956, 5036, 13168, 5144, 5066, 359, 1258, 4396], [5822, 11187, 6337, 4656, 11343, 12371, 8946, 7279], [4958, 13632, 4814, 5172, 1259, 6051, 2123, 6352], [3960, 4959, 10837, 6442, 10924, 10430, 7705, 10660], [5182, 8789, 5000, 2125, 5349, 6804, 6788, 2147], [6781, 2110, 1438, 7503, 1765, 6163, 8268, 1119], [4962, 4980, 5986, 3196, 3425, 4846, 11625, 13673], [10880, 1119, 13032, 11354, 5233, 5844, 6229, 6163], [5406, 5121, 4957, 5037, 5245, 5368, 5192, 5432], [14067, 1848, 7597, 7526, 8157, 2848, 7411, 2045], [5432, 6035, 5368, 5289, 13635, 746, 4038, 11427], [4644, 5436, 13192, 5443, 1509, 1536, 1642, 14125], [4967, 5432, 2187, 10791, 4531, 5195, 206, 8766], [4969, 2674, 5890, 4433, 7800, 10921, 6123, 11693], [4291, 5335, 4970, 1416, 5002, 4969, 12099, 1012], [5195, 4985, 7818, 8766, 7609, 7822, 5158, 4972], [4973, 12445, 11310, 11386, 4148, 12816, 4855, 10624], [2572, 4373, 10430, 5432, 12333, 231, 6232, 6176], [4976, 9624, 7985, 8860, 9290, 11512, 5775, 5138], [6350, 13171, 12744, 6448, 14174, 2473, 11707, 8220], [8216, 1438, 5170, 10741, 4979, 3146, 11438, 3623], [4980, 12545, 3931, 2357, 3679, 1471, 1903, 1932], [7442, 8156, 5327, 12815, 8182, 5326, 8227, 13903], [3759, 6569, 2388, 7766, 2525, 6018, 9933, 12033], [1903, 1932, 5435, 5437, 5029, 5447, 1746, 240], [13493, 5478, 8268, 1171, 4985, 12224, 4975, 10791], [4986, 5185, 5399, 7915, 6539, 13604, 1052, 7928], [9068, 6022, 885, 13717, 5890, 1617, 5188, 13548], [4988, 11156, 3771, 8263, 11154, 13604, 3684, 7959], [4990, 11050, 7288, 2259, 368, 13452, 11001, 12099], [4994, 4991, 9062, 10463, 13864, 14127, 2971, 2659], [5611, 7915, 6486, 4611, 5406, 13548, 2272, 10762], [1723, 970, 12010, 6005, 6769, 5857, 7708, 5397], [4997, 14042, 2911, 732, 2313, 4890, 3780, 9062], [1759, 5179, 3471, 4963, 5182, 2502, 3116, 6565], [4941, 14042, 7617, 4134, 2490, 419, 8407, 11067], [4957, 5037, 5432, 3658, 10791, 13493, 5406, 5026], [5002, 2180, 7767, 13545, 8709, 8473, 12692, 3716], [4932, 5004, 4273, 4675, 8273, 9977, 419, 4934], [5121, 5192, 10481, 5611, 9069, 5128, 10430, 14003], [5118, 5056, 5406, 3227, 4627, 8415, 5025, 2251], [10792, 4188, 2877, 10791, 3646, 12096, 5069, 6035], [1619, 5974, 3394, 3250, 7920, 5065, 6406, 210], [4957, 5037, 5406, 5432, 5245, 10791, 5368, 10361], [8179, 12371, 7533, 4075, 2808, 7754, 746, 2141], [7601, 2488, 11622, 10960, 9290, 7801, 1450, 8846], [1723, 4067, 13650, 6747, 8921, 13522, 1561, 8306], [8823, 12242, 11381, 5018, 10747, 13555, 9873, 14003], [3154, 12795, 5246, 8193, 1571, 10878, 12714, 6377], [3006, 5724, 6252, 6163, 4781, 1457, 3170, 1550], [2335, 3229, 7597, 3195, 3223, 13941, 3587, 9945], [5024, 11259, 9450, 8190, 8185, 9193, 12395, 4328], [2110, 8268, 3729, 2187, 4155, 4412, 5026, 6781], [11431, 3187, 7722, 5389, 6235, 9477, 11154, 3057], [5025, 5405, 3112, 12676, 5399, 5432, 1017, 13338], [9345, 5029, 1619, 12681, 9764, 11287, 13288, 3702], [5030, 9301, 3516, 2272, 1061, 3530, 7800, 2031], [9781, 1490, 9793, 6292, 10439, 3168, 6077, 12281], [5188, 5192, 14085, 1655, 13717, 14003, 12224, 7350], [1509, 1536, 1642, 14125, 5400, 1559, 1473, 2108], [12805, 5797, 11400, 9578, 12783, 11453, 4308, 12801], [5036, 4956, 5039, 7021, 7016, 10902, 1374, 7032], [5039, 6543, 5432, 4985, 12224, 5195, 1490, 10791], [10398, 5039, 10354, 5432, 5368, 3353, 5036, 1602], [7526, 2225, 12822, 2021, 2673, 2848, 1051, 6458], [6613, 10610, 1313, 5041, 10734, 10421, 7575, 5082], [3872, 5042, 12289, 9, 9150, 546, 373, 10402], [5128, 5121, 14162, 7387, 559, 1309, 12733, 2957], [8937, 11717, 5339, 5266, 1339, 12805, 12817, 3394], [11195, 561, 682, 3817, 6971, 5323, 10302, 12051], [10572, 769, 4693, 7533, 8519, 10853, 11508, 8391], [7763, 13548, 5611, 2651, 10356, 2587, 5432, 7570], [10765, 12817, 5621, 10764, 7155, 10337, 5771, 9187], [1723, 516, 5397, 4831, 2064, 7575, 1228, 11012], [9036, 6839, 5053, 13136, 9062, 6936, 394, 14097], [1574, 1079, 5182, 1603, 2188, 5000, 4291, 1416], [6035, 2378, 3603, 3210, 10489, 11427, 8152, 5432], [13192, 13635, 1004, 4039, 6317, 1509, 1536, 1642], [8268, 2110, 11979, 6781, 803, 1505, 2286, 2996], [5060, 1144, 7740, 5066, 1889, 4897, 4114, 10108], [5026, 5366, 5432, 5406, 4957, 5037, 13493, 3658], [3598, 8570, 8929, 5022, 7515, 5286, 4157, 5205], [5406, 5121, 5192, 3122, 4957, 5037, 5128, 10516], [1831, 9953, 11187, 14135, 8092, 654, 8084, 2827], [14175, 1121, 1431, 2668, 6363, 1016, 2648, 1140], [7029, 9890, 10328, 13150, 3118, 10840, 13643, 13343], [5025, 4965, 5121, 5056, 4657, 13635, 5182, 5235], [1438, 6323, 6163, 571, 1148, 6540, 3665, 993], [5697, 5069, 12655, 4155, 5068, 5212, 6050, 4188], [5070, 6251, 761, 10330, 1889, 5976, 11274, 10115], [5073, 7763, 4130, 7977, 5910, 4084, 4969, 7570], [3491, 775, 6995, 4382, 5826, 1370, 11775, 8308], [8468, 3676, 12291, 5875, 5082, 9240, 4657, 4316], [13130, 6543, 5406, 5121, 5423, 5902, 5039, 5128], [5086, 11053, 2940, 1156, 6865, 13922, 6898, 9560], [6363, 1555, 5466, 3736, 7251, 11282, 4408, 5087], [5432, 5368, 4957, 5037, 10362, 5406, 10791, 10880], [4413, 7477, 5772, 926, 7475, 4262, 496, 5764], [14042, 7638, 11867, 5262, 10428, 775, 4903, 11997], [7248, 8617, 7214, 4259, 3315, 9062, 13346, 8622], [7656, 4315, 421, 4891, 12934, 6759, 9921, 14042], [5097, 9954, 9290, 981, 8523, 7857, 661, 8060], [775, 7663, 1370, 8213, 10459, 3070, 12115, 6641], [10885, 5101, 6824, 7381, 2514, 7504, 6208, 9609], [6916, 5362, 5000, 3817, 266, 8227, 5182, 4089], [5108, 775, 338, 5516, 7286, 1123, 5862, 8405], [5182, 4838, 5180, 5000, 3766, 5185, 3082, 1741], [5110, 14143, 1313, 10427, 2608, 7801, 7786, 8308], [3832, 12341, 11534, 10294, 13346, 13343, 12119, 893], [8534, 5115, 13220, 4901, 11936, 5742, 3748, 14075], [5377, 8461, 5378, 2935, 6406, 740, 3229, 927], [5119, 5191, 7422, 8219, 4956, 4396, 5036, 4893], [861, 10350, 1874, 4957, 5037, 5605, 7405, 5026], [12733, 2141, 13744, 1438, 8727, 2110, 3122, 1777], [5265, 5292, 3603, 6191, 12613, 266, 1401, 4946], [14003, 1416, 11266, 5124, 8280, 2814, 4291, 7575], [11603, 10940, 8197, 8212, 7996, 7656, 6923, 11216], [3200, 6656, 5952, 996, 4918, 1771, 794, 2088], [5131, 4576, 5253, 6111, 1438, 4961, 571, 7507], [5262, 13602, 4203, 775, 11288, 11938, 11571, 9925], [5137, 8762, 9199, 12636, 7329, 3470, 9996, 11818], [13522, 8920, 12907, 6392, 13469, 1, 10312, 6135], [5140, 716, 359, 8312, 7032, 3065, 5097, 6378], [6408, 846, 9711, 12817, 7181, 1886, 3629, 5141], [5142, 9986, 13742, 4932, 14042, 7984, 9925, 11867], [3237, 12281, 1974, 2377, 4662, 5388, 13675, 4256], [10763, 5757, 12770, 5183, 12418, 10902, 2951, 3508], [3264, 7349, 5040, 6458, 4039, 5038, 5314, 5329], [13192, 4893, 1728, 1737, 3276, 11595, 615, 6102], [5146, 3870, 3394, 14177, 13329, 12805, 4416, 11573], [3746, 745, 3775, 4033, 1148, 6540, 2110, 6049], [1438, 2110, 6781, 1765, 3775, 7019, 861, 8268], [8046, 10357, 1617, 7821, 885, 2680, 9068, 3503], [5113, 1975, 1570, 13856, 1548, 8750, 5622, 6392], [8268, 2110, 11979, 6781, 803, 1505, 2286, 2996], [5151, 8445, 1686, 7238, 5531, 8178, 7807, 10797], [9317, 9290, 7687, 5958, 1113, 262, 9227, 9220], [5155, 3620, 7438, 5000, 68, 2288, 3006, 6916], [5611, 5127, 5157, 10353, 2973, 3891, 3666, 3603], [4036, 5158, 3304, 2794, 6035, 1602, 1145, 3490], [7691, 3815, 7667, 4127, 5768, 754, 285, 3161], [3070, 4426, 13843, 775, 2971, 1370, 