{"num_src_sents": 33, "plutarch_5_1844": {"tgt_lang": "fr", "transl_top1": 0.09090909090909091, "transl_top5": 0.2727272727272727, "transl_top10": 0.36363636363636365, "num_nulls": 0, "num_tgt_sents": 5916}, "plutarch_4_1844": {"tgt_lang": "fr", "transl_top1": 0.030303030303030304, "transl_top5": 0.06060606060606061, "transl_top10": 0.2727272727272727, "num_nulls": 0, "num_tgt_sents": 6665}, "num_translations": 2, "text_top1": 0.06060606060606061, "text_top5": 0.16666666666666666, "text_top10": 0.3181818181818182}