{"num_src_sents": 1516, "horace_juvenal_persius_1841": {"tgt_lang": "fr", "transl_top1": 0.5343007915567283, "transl_top5": 0.7150395778364116, "transl_top10": 0.7869393139841688, "num_nulls": 3, "num_tgt_sents": 8044}, "satires_1857": {"tgt_lang": "en", "transl_top1": 0.575197889182058, "transl_top5": 0.7856200527704486, "transl_top10": 0.8641160949868074, "num_nulls": 4, "num_tgt_sents": 9671}, "num_translations": 2, "text_top1": 0.5547493403693932, "text_top5": 0.7503298153034301, "text_top10": 0.8255277044854881}