{"num_src_sents": 750, "suetonius_1855-1897": {"tgt_lang": "de", "transl_top1": 0.716, "transl_top5": 0.8653333333333333, "transl_top10": 0.9186666666666666, "num_nulls": 1, "num_tgt_sents": 5120}, "num_translations": 1, "text_top1": 0.716, "text_top5": 0.8653333333333333, "text_top10": 0.9186666666666666}