{"num_src_sents": 387, "plutarch_2_1908": {"tgt_lang": "en", "transl_top1": 0.6459948320413437, "transl_top5": 0.8268733850129198, "transl_top10": 0.917312661498708, "num_nulls": 0, "num_tgt_sents": 5773}, "plutarch_1_1906": {"tgt_lang": "en", "transl_top1": 0.0103359173126615, "transl_top5": 0.04392764857881137, "transl_top10": 0.07493540051679587, "num_nulls": 0, "num_tgt_sents": 6800}, "num_translations": 2, "text_top1": 0.3281653746770026, "text_top5": 0.4354005167958656, "text_top10": 0.49612403100775193}