{"num_src_sents": 27, "corneliusNepos_1856": {"tgt_lang": "de", "transl_top1": 0.037037037037037035, "transl_top5": 0.25925925925925924, "transl_top10": 0.48148148148148145, "num_nulls": 0, "num_tgt_sents": 2320, "retrieval_preds": [[1416, 965, 1929, 1732, 1383, 1624, 956, 2038], [1973, 2233, 432, 1142, 856, 575, 2069, 2108], [2182, 1955, 2088, 1211, 1844, 356, 103, 1578], [1974, 1859, 1999, 2264, 2119, 2262, 1995, 2192], [1846, 1393, 1914, 1499, 1998, 1398, 560, 649], [1983, 544, 23, 2016, 989, 1465, 2009, 1975], [2264, 1958, 1853, 1413, 2025, 1982, 2263, 2233], [1976, 1994, 1692, 1687, 880, 1964, 2274, 2262], [15, 347, 1666, 1020, 314, 1716, 1048, 1269], [1977, 1828, 1963, 1792, 991, 217, 108, 823], [1970, 1647, 1481, 434, 1959, 1872, 2110, 1914], [1978, 379, 1990, 899, 2264, 1957, 1996, 1081], [508, 1160, 1979, 1357, 1583, 1492, 340, 1749], [1004, 1363, 1453, 1825, 1020, 1980, 984, 1896], [747, 756, 658, 1416, 1385, 1412, 1415, 485], [1981, 1996, 780, 500, 1841, 1094, 1825, 2061], [1981, 1304, 519, 553, 72, 164, 2209, 1390], [2037, 1980, 1995, 1957, 2182, 1986, 2262, 2076], [6, 1529, 1999, 1974, 2192, 852, 1757, 1995], [2029, 1995, 794, 1319, 942, 1156, 1648, 1373], [1651, 1853, 1863, 934, 25, 1535, 1970, 1872], [1996, 1997, 1670, 2277, 1981, 605, 1021, 1990], [1998, 976, 942, 477, 928, 360, 571, 1050], [1999, 2006, 2119, 1580, 2124, 1838, 1325, 2156], [2000, 576, 792, 2218, 1871, 390, 1950, 39], [2001, 1626, 2282, 2107, 1324, 1705, 929, 961], [2002, 214, 338, 1493, 2204, 593, 1749, 1501]]}, "justin_cNepos_eutropius_1902": {"tgt_lang": "en", "transl_top1": 0.18518518518518517, "transl_top5": 0.3333333333333333, "transl_top10": 0.4074074074074074, "num_nulls": 0, "num_tgt_sents": 9841, "retrieval_preds": [[9364, 4460, 9302, 2601, 362, 8895, 9636, 9255], [6462, 2934, 5505, 7955, 2707, 5703, 6557, 6812], [8755, 7609, 9780, 6448, 9265, 7610, 2158, 7527], [6463, 6472, 6959, 7168, 7047, 6359, 6186, 6873], [4007, 7430, 7131, 5304, 6305, 8102, 4141, 3686], [2694, 8112, 8262, 9102, 8247, 6849, 6926, 2546], [9076, 8330, 207, 440, 781, 894, 975, 1165], [6465, 7572, 7342, 7583, 5068, 9678, 2562, 844], [3264, 9168, 7697, 8018, 400, 4110, 8439, 9145], [6466, 7240, 2731, 7159, 4645, 7199, 7225, 7202], [7404, 6448, 3725, 7180, 6117, 7034, 9318, 9755], [6467, 7476, 7332, 5480, 2681, 5180, 7072, 1609], [6468, 2554, 2266, 6640, 6369, 6083, 5263, 7864], [6469, 9168, 3275, 9145, 2720, 6385, 9530, 6815], [1680, 3029, 9295, 8849, 8987, 9478, 9742, 7301], [6470, 8154, 6581, 3822, 1725, 7253, 7219, 3033], [6470, 3459, 6181, 112, 777, 3302, 4594, 3685], [6469, 7342, 9780, 9318, 7610, 2768, 6270, 2212], [142, 6472, 2158, 9265, 8539, 8132, 6463, 8644], [7236, 7414, 5444, 7570, 718, 5834, 8198, 5816], [7948, 7404, 6448, 7218, 2678, 7180, 4471, 5574], [6473, 5106, 2897, 2988, 1157, 6470, 6735, 6467], [8075, 970, 7695, 2718, 6475, 7753, 7368, 7476], [6476, 7474, 7463, 7753, 6339, 2216, 8351, 3478], [6477, 5426, 6380, 6764, 6478, 6370, 6535, 6400], [6479, 6130, 8074, 120, 7751, 4035, 5525, 6867], [6480, 4615, 6073, 2047, 5207, 494, 6166, 6369]]}, "num_translations": 2, "text_top1": 0.1111111111111111, "text_top5": 0.2962962962962963, "text_top10": 0.4444444444444444}