{"num_src_sents": 96, "isocrates_1835_5": {"tgt_lang": "de", "transl_top1": 0.07291666666666667, "transl_top5": 0.17708333333333334, "transl_top10": 0.22916666666666666, "num_nulls": 0, "num_tgt_sents": 4051}, "isocrates_1832_1": {"tgt_lang": "de", "transl_top1": 0.11458333333333333, "transl_top5": 0.1875, "transl_top10": 0.25, "num_nulls": 0, "num_tgt_sents": 3528}, "num_translations": 2, "text_top1": 0.09375, "text_top5": 0.18229166666666669, "text_top10": 0.23958333333333331}