{"num_src_sents": 44, "lysias_1856": {"tgt_lang": "de", "transl_top1": 0.18181818181818182, "transl_top5": 0.4318181818181818, "transl_top10": 0.45454545454545453, "num_nulls": 0, "num_tgt_sents": 5319}, "num_translations": 1, "text_top1": 0.18181818181818182, "text_top5": 0.4318181818181818, "text_top10": 0.45454545454545453}