{"num_src_sents": 375, "luciusSamosata_1_1869": {"tgt_lang": "fr", "transl_top1": 0.21066666666666667, "transl_top5": 0.3466666666666667, "transl_top10": 0.4026666666666667, "num_nulls": 0, "num_tgt_sents": 14187}, "num_translations": 1, "text_top1": 0.21066666666666667, "text_top5": 0.3466666666666667, "text_top10": 0.4026666666666667}