{"num_src_sents": 114, "corneliusNepos_1856": {"tgt_lang": "de", "transl_top1": 0.7192982456140351, "transl_top5": 0.8245614035087719, "transl_top10": 0.868421052631579, "num_nulls": 0, "num_tgt_sents": 2320, "retrieval_preds": [[1070, 1071, 107, 786, 1612, 1765, 986, 478], [1071, 1094, 2080, 1530, 1073, 763, 476, 1853], [1072, 221, 1305, 1730, 1353, 1975, 1075, 1079], [1357, 779, 1574, 648, 131, 1160, 782, 1533], [1073, 1071, 1003, 1471, 1373, 1079, 1290, 1106], [1075, 1916, 346, 177, 927, 896, 1526, 1373], [1076, 1272, 260, 1353, 812, 233, 1384, 1937], [984, 1077, 1652, 2251, 217, 712, 1361, 1323], [1078, 58, 1530, 1744, 526, 1079, 1086, 781], [2097, 796, 2093, 2136, 1866, 2226, 892, 1427], [1079, 392, 1083, 1481, 322, 1629, 1651, 411], [579, 1752, 824, 472, 1260, 1357, 921, 2286], [1080, 1268, 1603, 1171, 1010, 1864, 205, 1749], [1081, 1175, 1189, 342, 1162, 522, 2168, 1603], [1082, 851, 1718, 1453, 796, 2119, 185, 247], [1083, 1079, 2035, 579, 211, 1200, 837, 1481], [1084, 508, 1375, 1014, 1117, 1589, 471, 470], [1084, 340, 2135, 737, 1500, 2133, 745, 695], [1085, 634, 766, 960, 686, 785, 1829, 1204], [1087, 792, 1927, 884, 821, 320, 113, 1652], [1088, 958, 1445, 875, 204, 725, 565, 2269], [1089, 978, 910, 1505, 1064, 944, 1940, 870], [1090, 830, 1585, 558, 2064, 325, 887, 1614], [1091, 807, 809, 794, 688, 555, 561, 413], [1092, 1170, 792, 1079, 724, 346, 944, 113], [1093, 992, 794, 402, 1649, 1079, 805, 769], [794, 809, 807, 787, 791, 1886, 1094, 1758], [1094, 987, 992, 1371, 1093, 289, 378, 409], [1119, 1074, 1094, 562, 1071, 1647, 380, 1686], [1095, 460, 1540, 270, 1172, 477, 1789, 769], [1096, 138, 610, 161, 1147, 817, 1276, 45], [1097, 937, 1390, 1488, 958, 934, 1146, 278], [1098, 2043, 575, 1832, 745, 899, 1084, 871], [1099, 568, 1948, 1883, 979, 784, 1164, 441], [1099, 935, 503, 2153, 1634, 1482, 637, 2283], [1100, 1585, 516, 1948, 912, 441, 1568, 1552], [1101, 2053, 1167, 1192, 1804, 1127, 2110, 2123], [1102, 568, 1134, 1883, 1128, 1234, 1187, 687], [1103, 879, 89, 1505, 1154, 1127, 1089, 1134], [1104, 1101, 1134, 1550, 177, 483, 261, 1393], [1105, 1079, 434, 1093, 542, 1075, 1453, 665], [1107, 1106, 1143, 1116, 336, 404, 1155, 409], [1108, 327, 1553, 1373, 1134, 451, 1236, 1831], [1109, 1068, 2209, 1072, 592, 1264, 1456, 1696], [1357, 1134, 1866, 754, 360, 185, 115, 1957], [1111, 1112, 840, 321, 318, 1093, 129, 315], [1113, 631, 668, 740, 1114, 671, 306, 1115], [1114, 2118, 131, 1926, 1948, 647, 1134, 1113], [1115, 2053, 360, 2087, 1470, 134, 1307, 1361], [1116, 1107, 1371, 1932, 1485, 1171, 345, 1041], [1117, 646, 742, 1574, 1699, 217, 508, 1708], [1118, 1521, 1646, 1133, 1251, 685, 1475, 1129], [1119, 1079, 1094, 450, 392, 1083, 1512, 1397], [1120, 1878, 306, 1827, 626, 814, 1021, 1130], [1121, 1699, 1006, 643, 1349, 1160, 2195, 1849], [1101, 1104, 1122, 1139, 879, 1386, 1173, 1004], [1122, 1382, 656, 622, 1107, 562, 1363, 1387], [1123, 1983, 1411, 1835, 1211, 1460, 256, 2015], [1124, 1802, 1353, 1109, 1146, 1159, 1064, 268], [1125, 1146, 1134, 1132, 1937, 1829, 1395, 1550], [1126, 1373, 1083, 389, 1130, 619, 107, 1148], [1127, 1103, 264, 879, 1048, 1134, 1550, 517], [1128, 1549, 1485, 291, 1102, 1542, 364, 1432], [1130, 1550, 1526, 1140, 1154, 1134, 1796, 1244], [1131, 1552, 410, 115, 444, 1362, 1526, 2066], [1132, 1550, 1146, 1293, 245, 1008, 1937, 264], [1133, 1130, 1075, 1093, 1140, 1079, 1378, 480], [1135, 582, 2000, 1871, 403, 1938, 177, 1382], [1136, 603, 1185, 1618, 850, 989, 356, 487], [1137, 1541, 1280, 625, 1125, 1434, 754, 2068], [1138, 984, 1567, 496, 1134, 1192, 1011, 2118], [1139, 1020, 772, 568, 1406, 1340, 920, 1173], [1139, 1493, 1550, 1293, 1008, 946, 1655, 1103], [1140, 539, 1545, 1322, 1168, 901, 181, 1487], [1141, 2094, 1748, 1987, 783, 943, 2239, 2250], [1142, 785, 1863, 108, 825, 500, 314, 1373], [1143, 336, 1155, 432, 1106, 1094, 910, 2277], [1144, 922, 655, 872, 1331, 2099, 2076, 680], [1145, 1427, 1866, 1160, 1699, 1301, 1870, 1574], [1146, 1125, 1391, 1153, 1395, 1937, 1124, 1008], [1147, 248, 1787, 1479, 618, 915, 1293, 1562], [1149, 1148, 238, 145, 389, 140, 227, 870], [1150, 1153, 360, 1979, 1829, 2166, 134, 1342], [1151, 156, 245, 397, 395, 1419, 1097, 227], [1152, 98, 1471, 1134, 166, 1065, 1847, 141], [1153, 1395, 1766, 1808, 1154, 1146, 1502, 2091], [1155, 336, 791, 1400, 1495, 362, 1474, 2100], [1156, 1154, 1079, 1065, 1159, 1652, 1174, 542], [371, 1650, 1784, 1481, 1103, 1248, 1054, 2225], [1159, 1808, 898, 1079, 1109, 1353, 1685, 1171], [1160, 1618, 508, 1357, 340, 1574, 1552, 1176], [1162, 2246, 1161, 1486, 1219, 1391, 1163, 1191], [1553, 437, 1152, 687, 1134, 804, 2297, 648], [1164, 602, 415, 458, 1010, 1596, 1441, 1165], [1165, 1390, 933, 1832, 937, 1809, 1037, 1010], [1166, 1393, 1134, 1135, 820, 602, 1495, 676], [1167, 437, 1927, 1108, 291, 832, 451, 687], [1134, 1393, 2213, 1048, 1618, 1389, 1127, 734], [1167, 1108, 1168, 1950, 1487, 115, 2118, 267], [1169, 464, 1085, 1142, 1786, 314, 194, 622], [1170, 1228, 1723, 346, 1181, 2270, 1079, 1696], [1172, 1171, 1079, 1627, 1181, 1107, 620, 1313], [1173, 258, 1095, 187, 1666, 233, 1289, 296], [1174, 1175, 1154, 2168, 1811, 1159, 1181, 1915], [1177, 1628, 1175, 1154, 1479, 2227, 690, 2168], [1181, 1770, 1353, 1170, 1154, 265, 601, 1322], [1182, 1134, 1883, 568, 1123, 1567, 1957, 255], [1183, 909, 204, 1186, 539, 2187, 137, 194], [1184, 1948, 1182, 692, 568, 1883, 1099, 1442], [1185, 603, 1136, 1618, 648, 356, 1566, 892], [1186, 2277, 1183, 1045, 364, 570, 1505, 1044], [1187, 1164, 1166, 297, 1186, 451, 909, 1268], [1188, 566, 2270, 1104, 2081, 1829, 1675, 1492], [1189, 1175, 2168, 1550, 1177, 1807, 115, 1603]]}, "justin_cNepos_eutropius_1902": {"tgt_lang": "en", "transl_top1": 0.2982456140350877, "transl_top5": 0.4298245614035088, "transl_top10": 0.45614035087719296, "num_nulls": 0, "num_tgt_sents": 9841,