{"num_src_sents": 55, "luciusSamosata_1_1869": {"tgt_lang": "fr", "transl_top1": 0.05454545454545454, "transl_top5": 0.12727272727272726, "transl_top10": 0.16363636363636364, "num_nulls": 0, "num_tgt_sents": 14187, "retrieval_preds": [[0, 12, 8467, 13339, 13070, 5613, 3, 10271], [13707, 10667, 5529, 7138, 6721, 10558, 8219, 11571], [5, 10624, 6396, 13182, 1, 10506, 9748, 9365], [7286, 8367, 2496, 13520, 14127, 8992, 9163, 9176], [2496, 7286, 10558, 5862, 5529, 11697, 11141, 8141], [17, 2496, 7286, 13707, 4819, 71, 8141, 14158], [7313, 18, 5816, 13778, 5328, 10857, 7184, 382], [8187, 13779, 7478, 13704, 5612, 14042, 13495, 9102], [12895, 12985, 12988, 10532, 22, 13157, 13112, 8642], [11015, 5821, 4303, 431, 10365, 2919, 7211, 11742], [10442, 13599, 46, 3543, 10271, 12339, 12123, 24], [8239, 2919, 1824, 8353, 8945, 4217, 3416, 13152], [32, 277, 4934, 276, 8721, 8323, 3166, 13469], [33, 9396, 14042, 8566, 13400, 5578, 6712, 9375], [4660, 14042, 4853, 4341, 4932, 5905, 8273, 7248], [10365, 5821, 11036, 10428, 4382, 11275, 11133, 3424], [258, 10329, 43, 12342, 13318, 11049, 3049, 4709], [8774, 11567, 1485, 10886, 508, 5826, 5516, 9092], [47, 2919, 7714, 6418, 13847, 9247, 7285, 6576], [12462, 13621, 9514, 5408, 3235, 8044, 13685, 14102], [8703, 8128, 11304, 4766, 3790, 10449, 978, 3973], [4906, 3500, 11808, 13707, 13662, 11814, 183, 5840], [10125, 4896, 12014, 1981, 11981, 2694, 6410, 14158], [4690, 10664, 11502, 5043, 3046, 8761, 10971, 724], [8576, 28, 9104, 8600, 11742, 8221, 6625, 1839], [12418, 61, 7582, 1485, 4084, 429, 10969, 4217], [3070, 775, 7286, 7837, 9218, 11141, 4382, 13847], [10827, 11955, 7727, 11938, 5715, 1317, 8367, 491], [73, 3740, 9166, 8888, 11934, 8132, 276, 6545], [7513, 11563, 5826, 250, 11015, 12659, 8141, 5859], [1317, 78, 11622, 10638, 7947, 10879, 3002, 170], [775, 11015, 250, 5859, 2919, 3410, 5262, 11328], [8306, 87, 11898, 513, 8148, 8470, 7761, 8308], [8491, 8293, 6762, 3256, 7006, 5516, 7714, 9219], [91, 7513, 6624, 1317, 13656, 8418, 3539, 13537], [92, 1912, 9326, 2434, 10137, 1012, 1077, 6408], [94, 1165, 3480, 3632, 4321, 13387, 12104, 9996], [9986, 9926, 8060, 3816, 7196, 7362, 7451, 8492], [7286, 13591, 97, 338, 11015, 10365, 2919, 11141], [6650, 10667, 10866, 5826, 5821, 8221, 10558, 28], [12803, 2329, 9920, 9290, 12185, 8002, 9489, 9487], [107, 5274, 10890, 6186, 11486, 9274, 4521, 11677], [513, 5826, 10348, 775, 5549, 10390, 1264, 7655], [3414, 3494, 9409, 7718, 11225, 9574, 115, 8998], [118, 10247, 12057, 4019, 4217, 5839, 12918, 12007], [5584, 4303, 10560, 10428, 11141, 9000, 7683, 5833], [123, 13541, 12055, 13585, 565, 6583, 4914, 11369], [4317, 5071, 314, 4148, 3725, 11915, 5782, 7735], [126, 12498, 7786, 11195, 3643, 6633, 2141, 4927], [127, 7503, 1643, 11058, 5396, 1450, 3255, 4546], [12275, 8619, 2768, 8164, 13472, 10768, 6745, 2525], [8072, 12096, 4466, 129, 583, 8046, 10677, 6323], [14127, 8434, 8377, 9138, 8877, 775, 7286, 11765], [135, 7513, 9175, 11072, 3052, 429, 11666, 10909], [5516, 5826, 8109, 8405, 7286, 8399, 8491, 8326]]}, "lucian_1866_1": {"tgt_lang": "de", "transl_top1": 0.41818181818181815, "transl_top5": 0.7090909090909091, "transl_top10": 0.7454545454545455, "num_nulls": 0, "num_tgt_sents": 4624, "retrieval_preds": [[131, 124, 132, 2, 491, 3213, 3290, 4502], [4158, 3940, 174, 84, 4281, 3999, 4567, 15], [125, 3999, 4545, 281, 4516, 4449, 158, 3073], [126, 4281, 4250, 4239, 228, 3964, 382, 4049], [350, 382, 4068, 546, 447, 3940, 4086, 4580], [944, 3940, 4239, 133, 232, 4254, 974, 963], [134, 2519, 4476, 4547, 1507, 152, 4586, 4209], [1357, 3391, 2473, 4622, 643, 3810, 949, 1682], [136, 2883, 1537, 188, 1292, 132, 3887, 3633], [171, 472, 137, 1891, 3985, 1283, 382, 99], [154, 139, 1367, 4295, 2245, 2220, 3201, 50], [3200, 3530, 452, 296, 2692, 4043, 447, 1895], [144, 3690, 3641, 284, 3946, 297, 102, 403], [145, 508, 1895, 447, 1486, 155, 3331, 148], [1940, 148, 4611, 4487, 866, 3877, 3384, 946], [4516, 4242, 3316, 2949, 1474, 961, 1549, 2963], [151, 3133, 851, 2651, 782, 3651, 3144, 1189], [3964, 4155, 1589, 3660, 174, 153, 544, 4158], [155, 4068, 3924, 974, 4502, 3940, 4254, 350], [4233, 4224, 2279, 2145, 2149, 1171, 1228, 1241], [2630, 3024, 786, 667, 1247, 1423, 750, 3492], [158, 4292, 50, 1664, 4366, 715, 1798, 907], [159, 1106, 4232, 3257, 3834, 4261, 2086, 969], [1551, 1953, 2617, 1346, 4460, 2862, 1813, 1831], [188, 132, 163, 162, 4275, 447, 197, 173], [165, 4469, 2371, 3808, 153, 1650, 1018, 3945], [168, 4068, 546, 350, 4158, 3940, 662, 3924], [169, 3176, 3331, 848, 4397, 416, 4370, 3665], [171, 972, 470, 993, 2871, 937, 3435, 4390], [171, 3940, 174, 248, 281, 296, 3925, 283], [173, 3808, 1069, 1744, 889, 4465, 3792, 1418], [174, 283, 4158, 281, 4320, 382, 4242, 1715], [3963, 889, 173, 1739, 176, 2371, 864, 1449], [3924, 177, 4314, 3176, 168, 426, 155, 341], [180, 3309, 3377, 4445, 1983, 155, 4160, 211], [181, 815, 3744, 3251, 737, 1402, 1373, 4026], [3290, 3248, 3187, 183, 3381, 3392, 2241, 1826], [3524, 2590, 184, 4576, 1275, 915, 401, 336], [185, 339, 171, 4158, 3200, 662, 350, 1549], [1449, 211, 256, 188, 4465, 4482, 248, 4275], [190, 1473, 851, 189, 4530, 1367, 403, 3879], [191, 3669, 206, 706, 2051, 679, 1666, 673], [3990, 382, 171, 677, 248, 194, 4155, 1018], [195, 343, 973, 2234, 1173, 1549, 2692, 2438], [196, 2523, 961, 2444, 2829, 4381, 2688, 643], [382, 3530, 944, 198, 350, 296, 3940, 2619], [199, 3217, 2384, 1230, 1425, 862, 968, 3043], [4620, 3365, 265, 3619, 3371, 3378, 3385, 3389], [203, 1395, 4342, 2607, 1424, 3347, 859, 1236], [204, 492, 3584, 1180, 2862, 206, 4479, 3123], [770, 451, 833, 3090, 1970, 1279, 3085, 3105], [206, 3593, 988, 1347, 2081, 1619, 2332, 1111], [208, 4488, 3530, 813, 350, 3330, 4539, 2572], [209, 4147, 3972, 4070, 211, 1911, 1511, 3176], [211, 294, 228, 3990, 382, 368, 88, 4550]]}, "lucian_1867_3": {"tgt_lang": "de", "transl_top1": 0.01818181818181818, "transl_top5": 0.05454545454545454, "transl_top10": 0.18181818181818182, "num_nulls": 0, "num_tgt_sents": 3614,