{"num_src_sents": 179, "plutarch_1864-1867_14-20": {"tgt_lang": "de", "transl_top1": 0.3128491620111732, "transl_top5": 0.4860335195530726, "transl_top10": 0.5363128491620112, "num_nulls": 0, "num_tgt_sents": 6866}, "plutarch_1855-1903_4": {"tgt_lang": "de", "transl_top1": 0.35195530726256985, "transl_top5": 0.5307262569832403, "transl_top10": 0.6256983240223464, "num_nulls": 0, "num_tgt_sents": 5144}, "plutarch_1_1906": {"tgt_lang": "en", "transl_top1": 0.5083798882681564, "transl_top5": 0.659217877094972, "transl_top10": 0.7486033519553073, "num_nulls": 0, "num_tgt_sents": 6800}, "plutarch_2_1908": {"tgt_lang": "en", "transl_top1": 0.0111731843575419, "transl_top5": 0.0670391061452514, "transl_top10": 0.11173184357541899, "num_nulls": 0, "num_tgt_sents": 5773}, "plutarch_1855-1897_1": {"tgt_lang": "de", "transl_top1": 0.0335195530726257, "transl_top5": 0.09497206703910614, "transl_top10": 0.12849162011173185, "num_nulls": 0, "num_tgt_sents": 7147}, "num_translations": 5, "text_top1": 0.24357541899441343, "text_top5": 0.36759776536312844, "text_top10": 0.4301675977653632}