{"num_src_sents": 88, "demosthenes_1902": {"tgt_lang": "en", "transl_top1": 0.3409090909090909, "transl_top5": 0.5795454545454546, "transl_top10": 0.6477272727272727, "num_nulls": 0, "num_tgt_sents": 6778}, "demosthenes_aeschynes_1861": {"tgt_lang": "fr", "transl_top1": 0.022727272727272728, "transl_top5": 0.03409090909090909, "transl_top10": 0.06818181818181818, "num_nulls": 0, "num_tgt_sents": 36182}, "num_translations": 2, "text_top1": 0.1818181818181818, "text_top5": 0.3068181818181818, "text_top10": 0.3579545454545454}