{"num_src_sents": 1376, "ovid_1882_2": {"tgt_lang": "de", "transl_top1": 0.622093023255814, "transl_top5": 0.8183139534883721, "transl_top10": 0.8946220930232558, "num_nulls": 0, "num_tgt_sents": 10840}, "ovid_1881": {"tgt_lang": "en", "transl_top1": 0.7056686046511628, "transl_top5": 0.9607558139534884, "transl_top10": 1.0377906976744187, "num_nulls": 0, "num_tgt_sents": 9995}, "ovid_1_1875": {"tgt_lang": "fr", "transl_top1": 0.5959302325581395, "transl_top5": 0.8502906976744186, "transl_top10": 0.9433139534883721, "num_nulls": 0, "num_tgt_sents": 7295}, "ovid_1850": {"tgt_lang": "fr", "transl_top1": 0.46075581395348836, "transl_top5": 0.659156976744186, "transl_top10": 0.751453488372093, "num_nulls": 1, "num_tgt_sents": 27705}, "ovid_1855-1890_1": {"tgt_lang": "de", "transl_top1": 0.005087209302325582, "transl_top5": 0.016715116279069766, "transl_top10": 0.029069767441860465, "num_nulls": 0, "num_tgt_sents": 7974}, "ovid_1866-1897_3": {"tgt_lang": "de", "transl_top1": 0.0014534883720930232, "transl_top5": 0.01744186046511628, "transl_top10": 0.029069767441860465, "num_nulls": 0, "num_tgt_sents": 7793}, "num_translations": 8, "text_top1": 0.29887354651162795, "text_top5": 0.41533430232558144, "text_top10": 0.46066497093023256}