{"num_src_sents": 508, "cicero_11_1826": {"tgt_lang": "fr", "transl_top1": 0.6811023622047244, "transl_top5": 0.9192913385826772, "transl_top10": 0.984251968503937, "num_nulls": 0, "num_tgt_sents": 2759}, "cicero_1855-1892_11": {"tgt_lang": "de", "transl_top1": 0.013779527559055118, "transl_top5": 0.04133858267716536, "transl_top10": 0.07480314960629922, "num_nulls": 0, "num_tgt_sents": 4565}, "cicero_1868_12": {"tgt_lang": "de", "transl_top1": 0.7716535433070866, "transl_top5": 0.9389763779527559, "transl_top10": 0.9960629921259843, "num_nulls": 0, "num_tgt_sents": 4651}, "num_translations": 3, "text_top1": 0.48884514435695536, "text_top5": 0.6332020997375327, "text_top10": 0.6850393700787402}