{"num_src_sents": 258, "luciusSamosata_1_1869": {"tgt_lang": "fr", "transl_top1": 0.2054263565891473, "transl_top5": 0.3333333333333333, "transl_top10": 0.40310077519379844, "num_nulls": 0, "num_tgt_sents": 14187}, "lucian_1866_1": {"tgt_lang": "de", "transl_top1": 0.5232558139534884, "transl_top5": 0.6744186046511628, "transl_top10": 0.7441860465116279, "num_nulls": 0, "num_tgt_sents": 4624}, "lucian_1867_3": {"tgt_lang": "de", "transl_top1": 0.01937984496124031, "transl_top5": 0.08139534883720931, "transl_top10": 0.12015503875968993, "num_nulls": 0, "num_tgt_sents": 3614}, "num_translations": 3, "text_top1": 0.24935400516795866, "text_top5": 0.36304909560723514, "text_top10": 0.42248062015503873}