{"num_src_sents": 41, "plutarch_1898_ethical": {"tgt_lang": "en", "transl_top1": 0.3170731707317073, "transl_top5": 0.4878048780487805, "transl_top10": 0.5609756097560976, "num_nulls": 0, "num_tgt_sents": 5242, "retrieval_preds": [[144, 5175, 424, 129, 194, 5217, 4607, 5129], [4385, 4271, 484, 3517, 4295, 1388, 917, 1883], [4975, 4974, 930, 4351, 645, 3838, 3827, 917], [4976, 3743, 4980, 4969, 2317, 501, 726, 441], [4977, 4372, 4969, 1522, 4712, 1311, 595, 3654], [4979, 4980, 2506, 2121, 448, 4345, 1360, 1466], [4980, 4345, 1388, 4457, 3990, 2506, 3700, 1522], [4981, 2056, 4339, 2520, 1788, 4732, 1400, 1762], [4984, 3364, 3158, 3067, 4679, 2656, 2219, 3015], [4986, 1573, 50, 4062, 737, 4217, 2105, 3739], [4987, 3902, 4980, 3700, 2658, 4308, 870, 4743], [1404, 2232, 1418, 4459, 1393, 3616, 1395, 879], [4991, 4589, 5005, 3850, 4777, 4656, 3570, 4783], [483, 481, 139, 406, 428, 488, 10, 651], [4993, 3517, 4409, 1975, 4837, 1883, 4778, 3838], [4994, 1859, 2281, 2284, 2562, 3382, 180, 2507], [533, 4998, 1935, 4996, 1112, 5000, 4117, 3522], [4993, 3489, 5000, 4999, 3954, 4628, 2024, 1581], [3034, 2857, 4887, 5028, 2579, 3035, 4899, 3894], [477, 155, 2857, 3894, 5001, 386, 724, 839], [2650, 4459, 2116, 4152, 1805, 1995, 1395, 3914], [3850, 4345, 3912, 3577, 4251, 4929, 1418, 3774], [5008, 2173, 3552, 1312, 4640, 3058, 1105, 863], [620, 3990, 3983, 4262, 3381, 4212, 1459, 1637], [5012, 406, 3790, 144, 741, 858, 860, 4289], [2521, 1637, 1688, 768, 4544, 4333, 4646, 4467], [5015, 1435, 42, 852, 138, 3606, 4728, 4509], [5016, 481, 1377, 4515, 3621, 4784, 5019, 681], [1566, 4722, 4334, 4845, 3389, 2124, 2213, 3827], [5019, 1878, 5018, 4514, 584, 3867, 4515, 1198], [5021, 2173, 5008, 5009, 5023, 1342, 3655, 4152], [5022, 3577, 1978, 3902, 1418, 4448, 4251, 3869], [3922, 4339, 3577, 4484, 4840, 4964, 3793, 5025], [1337, 1818, 4633, 704, 5120, 303, 4971, 5109], [1805, 4618, 3457, 1491, 2685, 1340, 3456, 89], [2715, 2483, 5029, 3201, 3457, 2190, 852, 3101], [5027, 492, 3165, 198, 1491, 1761, 462, 1858], [5028, 1333, 4662, 3894, 3936, 4887, 4899, 3034], [5029, 3743, 4195, 1717, 3914, 2190, 2633, 2386], [905, 4460, 2108, 4890, 5031, 4295, 2056, 1705], [5032, 4357, 2509, 2226, 4253, 4090, 270, 3987]]}, "plutarch_2_1844": {"tgt_lang": "fr", "transl_top1": 0.024390243902439025, "transl_top5": 0.07317073170731707, "transl_top10": 0.17073170731707318, "num_nulls": 0, "num_tgt_sents": 7523, "retrieval_preds": [[4846, 7341, 7270, 2128, 7245, 5404, 5978, 4494], [2002, 2438, 2485, 5562, 2550, 5979, 2510, 1679], [2002, 6555, 2561, 1679, 2513, 2550, 2510, 2785], [5690, 4620, 2327, 3236, 5130, 2527, 3244, 4499], [2093, 4499, 6573, 4961, 7, 4582, 4561, 3910], [4393, 7008, 2331, 4331, 4499, 4544, 5482, 2093], [4393, 1648, 7008, 2527, 3460, 2510, 3901, 3748], [4153, 3986, 3397, 2910, 4369, 7418, 3848, 3621], [787, 6573, 354, 4369, 7055, 4347, 671, 3179], [5247, 4559, 6949, 5264, 2121, 660, 7374, 82], [4266, 502, 1695, 5229, 3406, 3224, 537, 2910], [4184, 4266, 4425, 4143, 4424, 2220, 4423, 6184], [3969, 2372, 2713, 1768, 5701, 3221, 585, 3462], [866, 5959, 2875, 59, 3007, 7481, 7363, 1783], [2002, 2924, 5701, 3998, 5714, 7008, 3460, 1047], [6982, 5114, 2426, 3734, 1952, 6678, 3888, 5445], [3107, 5782, 2467, 3358, 2159, 3789, 1794, 7269], [3662, 2510, 703, 2951, 5714, 3401, 6734, 5274], [6299, 5321, 5384, 6289, 6567, 6568, 2161, 5126], [4641, 150, 6931, 6111, 4632, 332, 82, 4667], [1838, 3231, 6013, 4184, 2616, 3982, 5587, 4153], [1959, 3805, 4973, 2400, 4921, 5847, 6158, 2510], [6630, 4973, 5675, 5445, 3206, 1962, 3220, 5665], [3805, 3748, 7168, 3918, 83, 1667, 3658, 585], [1003, 4883, 790, 5769, 284, 1851, 3464, 1859], [3513, 6734, 4143, 5736, 2878, 3460, 6896, 3500], [5435, 3800, 2128, 1774, 7227, 2799, 4946, 3242], [2631, 4144, 4132, 3662, 3923, 3828, 3964, 5519], [2903, 2790, 7084, 6923, 195, 1775, 779, 4853], [4261, 2891, 3420, 3973, 1137, 1783, 3700, 2900], [2973, 4356, 2207, 2133, 6976, 2527, 4337, 5440], [4617, 5562, 4356, 2616, 3460, 502, 5847, 3170], [2616, 2510, 7467, 5562, 5675, 1838, 2018, 7272], [1136, 6636, 5657, 3275, 4362, 2933, 3281, 7071], [4363, 5475, 3029, 3993, 5445, 4805, 759, 6146], [2376, 365, 2945, 2385, 4631, 1356, 4761, 6798], [5004, 6080, 5677, 1807, 7313, 2261, 2749, 4647], [6299, 5384, 2708, 6289, 6298, 5321, 6945, 6694], [4454, 2510, 4983, 7142, 5130, 3950, 4761, 7008], [7013, 978, 2002, 3147, 7418, 794, 341, 2724], [326, 3161, 537, 4846, 5547, 6579, 2645, 5317]]}, "plutarch_1_1844": {"tgt_lang": "fr", "transl_top1": 0.024390243902439025, "transl_top5": 0.12195121951219512, "transl_top10": 0.14634146341463414, "num_nulls": 0, "num_tgt_sents": 8121, "retrieval_preds": [[2828, 2792, 1816, 686, 649, 3257, 1818, 3263], [4825, 2766, 4793, 5070, 551, 905, 4970, 4890], [2769, 3887, 7817, 4898, 6418, 8052, 7790, 4877], [2770, 2889, 4793, 3015, 2809, 1166, 4659, 2883], [2774, 2764, 2830, 1725, 2770, 2538, 2513, 5331], [2494, 2773, 2135, 4755, 2112, 7667, 281, 2362], [2135, 2112, 4755, 686, 2770, 1860, 1871, 2792], [1400, 2384, 2150, 2112, 4793, 2204, 771, 2362], [1640, 2781, 956, 4849, 4265, 2241, 2690, 2253], [3270, 3035, 4428, 912, 3261, 3327, 2537, 3219], [3186, 956, 2784, 640, 2841, 1871, 1361, 7512], [1258, 2384, 4888, 7339, 4510, 2334, 2370, 3598], [4392, 2374, 3151, 2792, 4902, 8119, 7365, 1649], [979, 69, 883, 5382, 7207, 3823, 4501, 442], [2643, 4755, 4898, 3192, 2797, 505, 1850, 2494], [1884, 1801, 2607, 1223, 1912, 5812, 1682, 2744], [2799, 6662, 5523, 5601, 8, 2756, 330, 1525], [2799, 2429, 2770, 2494, 6173, 4755, 2953, 3017], [6190, 4292, 2964, 148, 2380, 3601, 5454, 4311], [4298, 4333, 4294, 4304, 3012, 4306, 1095, 4292], [2547, 2370, 4888, 3566, 3222, 2384, 1570, 4902], [2112, 2135, 4885, 2384, 5382, 2247, 1871, 1936], [4404, 1367, 7326, 2406, 6446, 7144, 1978, 1682], [2155, 729, 4657, 2135, 4826, 3765, 2954, 979], [2792, 984, 4643, 4385, 840, 4719, 4767, 7144], [4825, 2112, 505, 1305, 6472, 4050, 3726, 7615], [686, 682, 2906, 2792, 4270, 2788, 1528, 7955], [2819, 3752, 1725, 2467, 3199, 3150, 2862, 1802], [3129, 988, 923, 3021, 299, 1573, 3317, 4109], [2822, 7435, 4026, 4593, 3653, 203, 6949, 4638], [2823, 2761, 2830, 7514, 4050, 181, 988, 2811], [2370, 4888, 3457, 2841, 2384, 2571, 3491, 7339], [2833, 4825, 3222, 1936, 4755, 3578, 4793, 4902], [4287, 7200, 7152, 5752, 7189, 2834, 6602, 4980], [5461, 2169, 4719, 4797, 1682, 1830, 509, 2834], [2878, 82, 1071, 4414, 4593, 1302, 4683, 2849], [2836, 4797, 703, 956, 3222, 3913, 1760, 1377], [3249, 2964, 2837, 4848, 4311, 5454, 1321, 3509], [3594, 2838, 2063, 919, 1730, 1860, 4286, 2839], [5332, 5911, 5104, 5795, 4825, 4261, 2766, 7508], [686, 640, 956, 2762, 4849, 4800, 2129, 4922]]}, "num_translations": 3, "text_top1": 0.12195121951219513, "text_top5": 0.22764227642276422, "text_top10": 0.29268292682926833}