{"num_src_sents": 56, "lysias_1856": {"tgt_lang": "de", "transl_top1": 0.30357142857142855, "transl_top5": 0.48214285714285715, "transl_top10": 0.5357142857142857, "num_nulls": 0, "num_tgt_sents": 5319}, "num_translations": 1, "text_top1": 0.30357142857142855, "text_top5": 0.48214285714285715, "text_top10": 0.5357142857142857}