{"num_src_sents": 30809, "livius_1853_1": {"tgt_lang": "de", "transl_top1": 0.20490765685351683, "transl_top5": 0.2413255866792171, "transl_top10": 0.25190691031841345, "num_nulls": 19408, "num_tgt_sents": 11628}, "livy_2_1860": {"tgt_lang": "fr", "transl_top1": 0.004771333052030251, "transl_top5": 0.008763672952708624, "transl_top10": 0.012820928949332988, "num_nulls": 17667, "num_tgt_sents": 7557}, "livy_1_1860": {"tgt_lang": "fr", "transl_top1": 0.02343471063650232, "transl_top5": 0.033204583076373785, "transl_top10": 0.038884741471647895, "num_nulls": 18614, "num_tgt_sents": 7485}, "livius_1853-1861_3": {"tgt_lang": "de", "transl_top1": 0.11074685968385861, "transl_top5": 0.12765750267778897, "transl_top10": 0.1343438605602259, "num_nulls": 14396, "num_tgt_sents": 11838}, "num_translations": 4, "text_top1": 0.08596514005647701, "text_top5": 0.10273783634652213, "text_top10": 0.10948911032490506}