{"num_src_sents": 70, "plutarch_1_1844": {"tgt_lang": "fr", "transl_top1": 0.02857142857142857, "transl_top5": 0.05714285714285714, "transl_top10": 0.1, "num_nulls": 0, "num_tgt_sents": 8121}, "plutarch_2_1844": {"tgt_lang": "fr", "transl_top1": 0.11428571428571428, "transl_top5": 0.18571428571428572, "transl_top10": 0.2714285714285714, "num_nulls": 0, "num_tgt_sents": 7523}, "num_translations": 2, "text_top1": 0.07142857142857142, "text_top5": 0.12142857142857143, "text_top10": 0.18571428571428572}