{"num_src_sents": 563, "euripides_2_1884": {"tgt_lang": "fr", "transl_top1": 0.1261101243339254, "transl_top5": 0.21492007104795738, "transl_top10": 0.27353463587921845, "num_nulls": 0, "num_tgt_sents": 6695}, "euripides_1910": {"tgt_lang": "it", "transl_top1": 0.12078152753108348, "transl_top5": 0.2344582593250444, "transl_top10": 0.3197158081705151, "num_nulls": 0, "num_tgt_sents": 2071}, "euripides_1913": {"tgt_lang": "it", "transl_top1": 0.2841918294849023, "transl_top5": 0.48134991119005327, "transl_top10": 0.5914742451154529, "num_nulls": 1, "num_tgt_sents": 832}, "euripides_1921": {"tgt_lang": "it", "transl_top1": 0.14209591474245115, "transl_top5": 0.30905861456483125, "transl_top10": 0.3978685612788632, "num_nulls": 0, "num_tgt_sents": 2653}, "euripides_1_1884": {"tgt_lang": "fr", "transl_top1": 0.008880994671403197, "transl_top5": 0.035523978685612786, "transl_top10": 0.056838365896980464, "num_nulls": 0, "num_tgt_sents": 6832}, "num_translations": 5, "text_top1": 0.13641207815275308, "text_top5": 0.25506216696269984, "text_top10": 0.327886323268206}