{"num_src_sents": 184, "lucian_1827_7": {"tgt_lang": "de", "transl_top1": 0.016304347826086956, "transl_top5": 0.06521739130434782, "transl_top10": 0.11956521739130435, "num_nulls": 0, "num_tgt_sents": 4692}, "Lucian_1827_ht8": {"tgt_lang": "de", "transl_top1": 0.02717391304347826, "transl_top5": 0.05434782608695652, "transl_top10": 0.125, "num_nulls": 0, "num_tgt_sents": 1131}, "lucian_1831_13": {"tgt_lang": "de", "transl_top1": 0.28804347826086957, "transl_top5": 0.44021739130434784, "transl_top10": 0.5054347826086957, "num_nulls": 0, "num_tgt_sents": 4049}, "num_translations": 3, "text_top1": 0.11050724637681159, "text_top5": 0.18659420289855072, "text_top10": 0.25}