{"num_src_sents": 254, "plutarch_4_1844": {"tgt_lang": "fr", "transl_top1": 0.015748031496062992, "transl_top5": 0.031496062992125984, "transl_top10": 0.05905511811023622, "num_nulls": 0, "num_tgt_sents": 6665}, "plutarch_5_1844": {"tgt_lang": "fr", "transl_top1": 0.3228346456692913, "transl_top5": 0.484251968503937, "transl_top10": 0.5669291338582677, "num_nulls": 0, "num_tgt_sents": 5916}, "num_translations": 2, "text_top1": 0.16929133858267714, "text_top5": 0.2578740157480315, "text_top10": 0.31299212598425197}