{"num_src_sents": 69, "plutarch_4_1844": {"tgt_lang": "fr", "transl_top1": 0.36231884057971014, "transl_top5": 0.5507246376811594, "transl_top10": 0.6521739130434783, "num_nulls": 0, "num_tgt_sents": 6665, "retrieval_preds": [[6566, 1264, 6584, 4485, 2716, 164, 2620, 952], [1306, 1270, 1314, 1139, 775, 743, 4949, 5316], [1152, 421, 273, 1130, 1199, 1139, 6069, 6019], [2383, 1326, 5018, 5871, 1327, 3001, 3158, 3156], [1272, 5232, 5234, 4176, 1365, 4427, 6587, 4736], [1070, 1140, 1365, 1306, 5156, 1305, 933, 6019], [1385, 1276, 6105, 2991, 2346, 1008, 1295, 711], [952, 2544, 2612, 189, 6302, 2308, 2196, 1070], [189, 1286, 2196, 6050, 1017, 952, 196, 1305], [2196, 485, 1036, 5048, 1998, 1150, 1021, 5116], [2196, 1087, 312, 1291, 1289, 1286, 1399, 2893], [1292, 339, 1021, 23, 63, 4881, 933, 312], [1301, 2687, 6172, 745, 2407, 6587, 5173, 498], [3001, 6132, 5253, 6147, 4484, 5232, 4418, 6434], [65, 1173, 1304, 6244, 72, 316, 289, 6098], [1305, 2583, 548, 2363, 1304, 5156, 1325, 1403], [2196, 1305, 1468, 5877, 2423, 2583, 1306, 2433], [1323, 1368, 972, 3834, 421, 1403, 5999, 15], [1315, 3222, 13, 3272, 3242, 3294, 1530, 1567], [1314, 6645, 3152, 3120, 1270, 6547, 1326, 5213], [1315, 6645, 1408, 1314, 5208, 1368, 2303, 2519], [1319, 6093, 5985, 5344, 5341, 6069, 1206, 1385], [1323, 1306, 1365, 164, 6547, 5575, 6377, 4268], [2308, 1224, 1356, 1306, 5914, 2444, 6250, 2541], [6188, 6434, 2621, 2530, 1347, 4153, 2185, 6303], [1326, 1327, 1293, 892, 1347, 1296, 5769, 4669], [1326, 1293, 1327, 4669, 892, 1028, 1318, 5769], [6182, 5023, 581, 2564, 2494, 2873, 2885, 3655], [2236, 2235, 6103, 6151, 6173, 5930, 4423, 3010], [51, 1396, 1356, 273, 1332, 1331, 578, 1086], [1335, 1331, 1270, 6018, 3769, 1356, 1139, 823], [1336, 4528, 5948, 6144, 3382, 5233, 5931, 2937], [1337, 2247, 5295, 1346, 1152, 5374, 6632, 627], [2247, 120, 6100, 4426, 2252, 2275, 4271, 5554], [1339, 1340, 13, 5448, 1566, 5208, 3008, 4729], [3572, 6151, 5943, 2235, 6020, 5927, 1136, 1394], [5374, 743, 1346, 6302, 316, 1152, 2252, 339], [1347, 4602, 3886, 4636, 3881, 4661, 2970, 2942], [3961, 4377, 3012, 224, 3476, 3962, 2323, 3883], [1349, 1450, 2029, 4170, 364, 2425, 1459, 2392], [1351, 2727, 2627, 6172, 6188, 5356, 5396, 6391], [90, 1352, 2217, 4427, 3158, 5952, 2126, 6420], [1353, 4323, 120, 5091, 4825, 3242, 2967, 4938], [6182, 1354, 5337, 1957, 5607, 5970, 2464, 1058], [1355, 1286, 1070, 1130, 1403, 1140, 63, 5048], [1357, 5653, 189, 6050, 5317, 2678, 2546, 5374], [1152, 63, 2252, 419, 316, 273, 1199, 120], [1365, 2306, 1363, 312, 2423, 888, 1305, 1021], [4316, 1021, 466, 3946, 1403, 6019, 1371, 6069], [1374, 5295, 6366, 5944, 6588, 5284, 5290, 5306], [5295, 2744, 5224, 3992, 3860, 5944, 1374, 4008], [1378, 1383, 5955, 1047, 1379, 6152, 1336, 6144], [1379, 6132, 1356, 6105, 1186, 1071, 5320, 4639], [5224, 26, 4423, 5288, 4687, 5252, 28, 6590], [1384, 1651, 839, 3744, 336, 201, 778, 5163], [1385, 14, 1318, 942, 1319, 6380, 6462, 5851], [3149, 111, 5060, 652, 1833, 1386, 2152, 627], [4461, 3665, 4790, 5163, 3726, 3704, 3361, 5787], [378, 5489, 6141, 4720, 6050, 4395, 6181, 5467], [4313, 666, 1350, 1376, 1392, 5929, 5931, 2450], [1393, 1326, 4085, 3966, 4101, 3952, 1270, 393], [776, 6491, 5703, 5719, 2583, 2713, 2544, 5894], [1396, 1326, 17, 826, 1270, 4493, 1374, 263], [1397, 445, 2975, 2923, 5415, 5138, 5159, 5217], [1168, 1398, 1790, 4917, 1708, 4796, 4520, 1088], [1552, 1484, 2152, 1398, 2722, 3050, 2919, 2970], [1399, 2648, 3766, 2585, 164, 1374, 4344, 312], [1667, 1793, 1271, 1471, 536, 1139, 1919, 1270], [1305, 1403, 2544, 2583, 6069, 671, 4076, 5156]]}, "plutarch_5_1844": {"tgt_lang": "fr", "transl_top1": 0.014492753623188406, "transl_top5": 0.08695652173913043, "transl_top10": 0.18840579710144928, "num_nulls": 0, "num_tgt_sents": 5916, "retrieval_preds": [[77, 4350, 2703, 1269, 2336, 2676, 635, 2066], [4384, 1248, 1339, 1293, 687, 635, 919, 819], [1269, 2972, 5232, 2162, 3015, 918, 2284, 1302], [1657, 2799, 84, 5833, 1457, 1287, 5530, 1688], [5561, 5772, 2053, 1311, 2785, 1544, 3051, 1166], [1269, 1289, 1205, 2114, 3869, 2312, 1425, 2768], [919, 918, 3912, 2152, 1688, 1698, 1044, 1669], [2351, 1316, 1425, 2544, 2066, 3068, 2768, 1256], [1480, 3870, 2231, 2283, 2351, 2312, 3829, 3878], [1305, 5732, 3878, 4499, 3623, 2379, 2768, 30], [2984, 3064, 1305, 2988, 30, 1366, 2703, 1893], [1269, 1167, 2139, 527, 1302, 3015, 2162, 776], [2798, 726, 2734, 3766, 3020, 5065, 2320, 3886], [1634, 2953, 2149, 1995, 1662, 3428, 4478, 1669], [3045, 5342, 1233, 1510, 2544, 3870, 1366, 1382], [1480, 3172, 2997, 2608, 4396, 1702, 4994, 3064], [3064, 2231, 3013, 5345, 3213, 2312, 3870, 2114], [4648, 4396, 2066, 1833, 986, 2139, 811, 1482], [3779, 3416, 4936, 4169, 2405, 3695, 4389, 3879], [1126, 395, 123, 4118, 527, 5355, 1163, 1158], [5576, 1767, 976, 527, 637, 409, 3213, 550], [3015, 2152, 5338, 1457, 2139, 2641, 1167, 1799], [1759, 1835, 1842, 2519, 1925, 1269, 2052, 1833], [2152, 3815, 2849, 1269, 2146, 2239, 2160, 5041], [1855, 5288, 4434, 2457, 2465, 1378, 4433, 2832], [1457, 985, 5602, 3115, 2987, 5881, 5157, 2737], [5157, 1457, 3119, 3115, 3700, 3699, 2506, 1794], [36, 131, 5248, 695, 543, 2260, 3726, 426], [2850, 2058, 1441, 2052, 2117, 1689, 2053, 2724], [1332, 1459, 5137, 5266, 1269, 2549, 1248, 5024], [1281, 2160, 1223, 1459, 5137, 1289, 1441, 2692], [2831, 5595, 1760, 5297, 1855, 1363, 1570, 5386], [5771, 1903, 2863, 5790, 1701, 2363, 5366, 1645], [5342, 2044, 1537, 3126, 2141, 4337, 2363, 4356], [637, 898, 1332, 51, 5355, 2747, 2737, 4093], [5210, 5007, 1466, 1555, 1780, 5171, 4600, 1441], [2231, 1302, 1269, 2667, 5338, 3015, 1375, 3869], [5341, 1620, 5423, 1783, 4041, 5398, 2097, 438], [4759, 4660, 3974, 4642, 4341, 4691, 3673, 4886], [4313, 4953, 4095, 4839, 3740, 3886, 5065, 4542], [4963, 1311, 1855, 5388, 2330, 3227, 5211, 5772], [1657, 4660, 5156, 5154, 738, 1654, 316, 2523], [2704, 5410, 4278, 3870, 3962, 2617, 1661, 1704], [5828, 2838, 5870, 5079, 5497, 236, 2036, 5340], [527, 3015, 2380, 5366, 1233, 5338, 1682, 1293], [1417, 2473, 1704, 2146, 919, 5335, 5232, 3015], [3015, 2849, 2380, 2377, 5338, 2231, 5212, 2665], [1885, 2641, 123, 1269, 2405, 2066, 5804, 1165], [1269, 2066, 2449, 2519, 2160, 1302, 2743, 5804], [3096, 1596, 2099, 924, 687, 987, 4383, 2780], [2058, 2099, 3096, 2863, 1411, 2953, 2117, 687], [1311, 5772, 5691, 1559, 675, 1747, 3367, 5702], [3093, 882, 5264, 1457, 1634, 2737, 1026, 3944], [2243, 2780, 2785, 1833, 97, 2566, 2861, 3209], [5651, 88, 84, 2867, 2259, 1757, 103, 5846], [1198, 815, 5235, 5266, 2844, 816, 4396, 1043], [3326, 3045, 395, 1942, 5154, 1222, 1936, 426], [1942, 285, 91, 1033, 5325, 2673, 5061, 1062], [2139, 1316, 3015, 4642, 1165, 1269, 1692, 3907], [2304, 5146, 5377, 1312, 2941, 2831, 863, 1855], [1504, 831, 1151, 118, 2306, 1130, 1262, 1266], [4810, 353, 2136, 4319, 3937, 776, 4642, 2139], [1486, 1441, 989, 1443, 1490, 1429, 1362, 1439], [1184, 1279, 4364, 4363, 3341, 52, 1207, 2152], [4940, 3197, 2534, 380, 4595, 241, 4752, 4930], [5423, 5452, 5684, 3027, 2276, 4029, 1455, 3145], [2768, 1305, 4943, 776, 4414, 3870, 276, 3080], [677, 5572, 2448, 987, 5891, 5291, 5594, 218], [2312, 5326, 4785, 3647, 1480, 2214, 3981, 1425]]}, "plutarch_1898_ethical": {"tgt_lang": "en", "transl_top1": 0.5652173913043478, "transl_top5": 0.7246376811594203, "transl_top10": 0.8260869565217391, "num_nulls": 0, "num_tgt_sents": 5242,