{"num_src_sents": 1046, "terence_1866": {"tgt_lang": "de", "transl_top1": 0.06309751434034416, "transl_top5": 0.1118546845124283, "transl_top10": 0.14531548757170173, "num_nulls": 1, "num_tgt_sents": 5170}, "terence_phaedrus_1891": {"tgt_lang": "en", "transl_top1": 0.4072657743785851, "transl_top5": 0.5535372848948374, "transl_top10": 0.6032504780114722, "num_nulls": 0, "num_tgt_sents": 15708}, "terence_1863": {"tgt_lang": "fr", "transl_top1": 0.35181644359464626, "transl_top5": 0.48279158699808794, "transl_top10": 0.5401529636711281, "num_nulls": 0, "num_tgt_sents": 12726}, "num_translations": 3, "text_top1": 0.27405991077119185, "text_top5": 0.3827278521351179, "text_top10": 0.42957297641810066}