{"num_src_sents": 186, "plutarch_nd": {"tgt_lang": "de", "transl_top1": 0.3279569892473118, "transl_top5": 0.4946236559139785, "transl_top10": 0.5860215053763441, "num_nulls": 0, "num_tgt_sents": 10643}, "num_translations": 1, "text_top1": 0.3279569892473118, "text_top5": 0.4946236559139785, "text_top10": 0.5860215053763441}