{"num_src_sents": 186, "plutarch_nd": {"tgt_lang": "de", "transl_top1": 0.3279569892473118, "transl_top5": 0.4946236559139785, "transl_top10": 0.5860215053763441, "num_nulls": 0, "num_tgt_sents": 10643, "retrieval_preds": [[6050, 5825, 8514, 2765, 9643, 582, 5197, 9077], [7008, 6882, 5864, 2400, 8657, 8620, 908, 8062], [10556, 6057, 7010, 5821, 6064, 1013, 8600, 10112], [6061, 9757, 721, 7010, 5821, 8071, 582, 6882], [1228, 10376, 960, 6064, 9323, 10074, 5947, 7085], [4159, 8513, 1606, 10445, 2488, 3866, 6559, 589], [7010, 5239, 2217, 10538, 10301, 5821, 530, 10556], [6566, 9318, 6305, 6133, 6510, 8842, 5289, 4525], [5737, 1173, 1418, 445, 3890, 5658, 2346, 4278], [5142, 4936, 10542, 3984, 6821, 7848, 6931, 1153], [6079, 6081, 2217, 7717, 9945, 7218, 1982, 10556], [6169, 2149, 1666, 1619, 1730, 6081, 6186, 6235], [6379, 6082, 326, 1666, 158, 6431, 372, 9015], [7995, 3458, 4230, 508, 1658, 8132, 3792, 9775], [6085, 6161, 6184, 6327, 3041, 6196, 7043, 1976], [10042, 2221, 4862, 5315, 402, 10062, 6625, 4815], [855, 4227, 9971, 10297, 7295, 7519, 310, 7545], [6091, 3436, 10100, 8136, 10089, 7953, 9607, 9532], [8513, 10311, 9462, 7155, 6093, 10518, 7040, 7067], [6126, 9514, 8057, 6670, 7905, 8948, 9224, 6095], [6659, 6190, 6245, 7091, 2850, 7, 6783, 9614], [6332, 6104, 5752, 3136, 1018, 6012, 1809, 147], [10379, 6109, 6408, 7729, 6119, 3192, 6373, 6107], [4069, 9, 7005, 10400, 8009, 7003, 10154, 5406], [6112, 5266, 5821, 7538, 4157, 7904, 6111, 4841], [1363, 5784, 6335, 806, 6196, 10325, 6566, 9938], [6114, 6268, 6465, 6279, 6425, 1182, 10104, 6257], [24, 6279, 8741, 1981, 4828, 6147, 6268, 7761], [6119, 6196, 6120, 6186, 6305, 6150, 6114, 6373], [6120, 468, 4166, 9757, 6498, 9712, 8065, 2033], [6121, 7641, 10585, 1383, 8227, 4568, 10386, 8003], [33, 9377, 9340, 2950, 4845, 5752, 5707, 8323], [6126, 24, 5697, 5821, 6186, 1606, 8057, 30], [7490, 9213, 6131, 8872, 9628, 8740, 9652, 4818], [6385, 363, 6186, 4227, 5730, 6132, 2217, 530], [6150, 9329, 6189, 6110, 6132, 9556, 6354, 6114], [6140, 6228, 8899, 1209, 5899, 910, 10281, 3847], [6143, 9827, 7420, 6424, 241, 8897, 1553, 90], [6147, 10558, 5448, 4227, 10556, 8790, 2217, 3784], [149, 721, 960, 6562, 7010, 6072, 4227, 375], [6541, 10556, 7996, 7009, 7037, 5957, 7010, 1771], [553, 4227, 7761, 8994, 6850, 10266, 4157, 6064], [6161, 6327, 6085, 6233, 2318, 6522, 6173, 4719], [10518, 7295, 6093, 6228, 7086, 276, 10295, 8994], [6167, 6170, 6300, 9974, 6235, 9951, 7882, 5244], [9935, 2443, 5011, 5050, 9489, 4015, 1256, 831], [6170, 6979, 4841, 8514, 2582, 9151, 6235, 933], [6174, 7010, 6194, 6064, 735, 10415, 8514, 1606], [8657, 10076, 5929, 5244, 3989, 8973, 1131, 6190], [6178, 6566, 5643, 5369, 6196, 10262, 6233, 5056], [5752, 24, 5924, 2849, 312, 10053, 10295, 5508], [5821, 7218, 5637, 10556, 4841, 8323, 6182, 312], [5601, 7866, 2763, 6184, 6126, 6049, 10355, 9661], [6374, 6186, 407, 9323, 5364, 8670, 6994, 5942], [6188, 6346, 6354, 2221, 6268, 4878, 6506, 6389], [10315, 6190, 7909, 9757, 10538, 9712, 1532, 5370], [4227, 349, 10415, 721, 7010, 310, 5239, 6882], [10069, 1658, 5467, 6174, 8994, 8254, 310, 3792], [6198, 7619, 2633, 10595, 10594, 2598, 10080, 9149], [6199, 8636, 10459, 9705, 6497, 8919, 8545, 3764], [4156, 2001, 4340, 530, 7685, 2217, 4985, 7274], [6147, 2217, 6205, 6081, 2597, 1605, 7356, 2047], [10556, 553, 4227, 6207, 7010, 9757, 310, 530], [6212, 6067, 8963, 10202, 10285, 8919, 10076, 1716], [5821, 6219, 28, 6126, 1981, 6120, 8346, 7010], [6221, 8295, 8414, 5821, 6222, 10533, 4166, 4160], [4619, 9864, 8025, 6525, 8071, 5142, 7209, 6064], [6373, 1781, 6500, 8651, 6969, 2685, 3946, 5026], [6228, 2763, 543, 8757, 5899, 9324, 1784, 9417], [6229, 6231, 6283, 6235, 6257, 3884, 6186, 1525], [6234, 5425, 7266, 9151, 1182, 829, 9187, 6393], [6235, 6120, 6234, 6566, 8651, 6237, 6133, 1623], [9065, 6566, 1383, 6235, 29, 5983, 6231, 6190], [6239, 7091, 2883, 6707, 5810, 851, 1613, 10456], [6240, 1877, 1849, 1336, 6310, 6126, 8834, 6194], [6243, 215, 2867, 468, 9319, 9221, 2856, 3685], [6114, 6346, 6246, 6150, 6110, 3764, 6465, 8385], [5104, 6251, 474, 8547, 933, 2049, 2577, 8698], [10527, 9067, 3816, 2462, 1501, 2461, 10339, 1793], [170, 7010, 735, 2400, 1520, 5821, 8319, 1738], [6781, 8651, 6256, 7866, 6399, 6333, 6291, 7945], [6257, 7351, 5736, 273, 6670, 1666, 6082, 10517], [6258, 5249, 5951, 6130, 4894, 9086, 6397, 917], [8353, 9101, 5904, 1011, 1307, 1876, 1929, 423], [5604, 6445, 5730, 4227, 6655, 2269, 1606, 7519], [6360, 6266, 6436, 6346, 6485, 6671, 6150, 6408], [3605, 6268, 10239, 2385, 8724, 474, 10393, 341], [6269, 847, 3, 2741, 3394, 2349, 7250, 1383], [6270, 847, 6333, 5256, 10325, 4021, 487, 5311], [4420, 3320, 6449, 3187, 4116, 6279, 4340, 8817], [10445, 8995, 1981, 9971, 10315, 6194, 6641, 10518], [7543, 5924, 1658, 8378, 6013, 10538, 7545, 1717], [2723, 5004, 6282, 4351, 10533, 2616, 834, 6283], [6283, 3884, 10313, 10585, 10581, 9667, 6343, 6630], [6284, 3580, 6678, 1328, 4708, 6781, 3675, 8287], [6287, 1257, 8314, 1372, 8515, 10430, 8731, 9236], [8000, 8066, 6197, 6100, 5643, 8013, 9149, 9532], [5752, 147, 5558, 10053, 6012, 10346, 6289, 310], [6559, 7295, 10556, 7010, 7451, 10112, 9750, 8720], [8054, 10076, 312, 2745, 1479, 8348, 9949, 9857], [8071, 10198, 2375, 9335, 6072, 5627, 1217, 7752], [8983, 678, 5812, 8029, 8210, 6303, 2904, 1127], [6304, 6495, 7902, 6490, 5892, 5710, 873, 5924], [6305, 6194, 1200, 2850, 539, 10239, 10629, 474], [6184, 7537, 9260, 3764, 67, 5604, 6838, 6385], [24, 3605, 1606, 2400, 5730, 6310, 10415, 1787], [8227, 6311, 7288, 2906, 300, 3572, 2972, 5915], [1652, 6312, 2850, 8065, 7360, 4802, 24, 5959], [7010, 8348, 6315, 2749, 3052, 6081, 1606, 1716], [6318, 5376, 5378, 1023, 8785, 5893, 2950, 5262], [4340, 7656, 8487, 9949, 1881, 10076, 2749, 6332], [3187, 7881, 2763, 4340, 5730, 3320, 9063, 7905], [9151, 5106, 8547, 4101, 6040, 3832, 6749, 965], [6332, 2488, 4837, 7085, 7044, 8914, 6333, 4160], [6333, 9158, 3589, 9151, 2583, 9857, 9149, 9010], [6670, 10484, 1667, 7936, 1708, 6184, 10317, 2640], [2221, 4878, 6339, 4416, 2086, 3715, 7759, 10506], [6337, 6203, 6279, 727, 735, 67, 5554, 7356], [6339, 10144, 4711, 5315, 7354, 9313, 2486, 4529], [6341, 10538, 7545, 3187, 4871, 9153, 125, 2948], [6343, 5911, 8843, 2640, 9596, 9206, 1179, 2763], [6346, 6268, 6114, 67, 2143, 6187, 6266, 6658], [6348, 9462, 9949, 5229, 5924, 8871, 9750, 8883], [6349, 9941, 8378, 8942, 2819, 9474, 873, 6043], [6350, 5780, 7957, 8872, 7028, 9709, 7494, 10424], [6333, 6563, 2763, 2821, 9158, 3436, 10538, 5871], [24, 569, 310, 5821, 7010, 1606, 6348, 9344], [407, 30, 6445, 1606, 6374, 363, 9323, 926], [6020, 6696, 1127, 9688, 1482, 7144, 8212, 5618], [9782, 5983, 6365, 6101, 6363, 4166, 5073, 6237], [10556, 6368, 5821, 8157, 310, 1018, 8323, 972], [10430, 6240, 759, 9234, 6563, 6630, 6781, 7462], [6374, 6659, 5399, 407, 2546, 622, 9323, 9098], [254, 2199, 2217, 5604, 8489, 10295, 5042, 10541], [6378, 622, 7000, 8538, 8431, 9495, 5745, 5955], [6379, 8566, 7076, 9542, 9532, 6052, 8850, 1897], [6088, 6380, 6189, 6132, 1728, 6125, 6465, 6187], [10315, 10518, 10538, 7656, 8631, 8320, 9757, 2217], [6385, 5604, 2430, 4227, 6445, 6126, 631, 553], [4346, 1167, 1172, 6354, 2219, 6581, 4618, 4585], [3187, 7086, 7881, 1606, 960, 30, 7010, 4227], [7010, 10175, 4227, 6559, 5730, 1018, 10556, 10112], [6397, 1383, 10517, 7529, 2604, 5271, 8134, 3618], [6399, 9639, 2524, 9031, 9065, 2446, 5866, 5474], [2948, 7379, 9611, 2850, 5618, 6630, 8318, 4618], [6403, 9704, 468, 2465, 4926, 8609, 6781, 152], [9757, 5697, 5147, 6429, 5370, 6559, 24, 9712], [6413, 6360, 6436, 806, 6346, 6150, 1932, 6465], [5947, 2765, 5987, 9565, 9721, 2849, 5381, 8198], [6559, 6417, 1228, 10162, 7387, 5408, 4985, 1103], [2304, 6013, 5378, 5560, 10047, 10591, 8224, 1889], [2041, 6419, 2079, 8401, 468, 2033, 8256, 7759], [1200, 1843, 2454, 666, 9968, 2419, 10095, 10386], [6576, 4803, 2528, 4687, 2473, 6604, 6694, 4653], [436, 468, 6431, 140, 2451, 8401, 159, 9377], [6267, 3873, 4048, 5403, 2129, 9347, 10613, 412], [9708, 1397, 