{"num_src_sents": 29284, "PlinyYounger_1855": {"tgt_lang": "de", "transl_top1": 0.017893730364704274, "transl_top5": 0.02516732686791422, "transl_top10": 0.029435869416746346, "num_nulls": 13803, "num_tgt_sents": 9485}, "plinyYounger_1854_14": {"tgt_lang": "de", "transl_top1": 0.06139871602240131, "transl_top5": 0.08110230842781041, "transl_top10": 0.08895642671766152, "num_nulls": 15199, "num_tgt_sents": 10206}, "PlinyYounger_1843": {"tgt_lang": "de", "transl_top1": 0.07662887583663434, "transl_top5": 0.09735691845376315, "transl_top10": 0.10681600874197514, "num_nulls": 14174, "num_tgt_sents": 9973}, "plinyElder_2_1883": {"tgt_lang": "fr", "transl_top1": 0.147452533806857, "transl_top5": 0.213358830760825, "transl_top10": 0.23815052588444202, "num_nulls": 10783, "num_tgt_sents": 22801}, "PlinyYounger_1840": {"tgt_lang": "de", "transl_top1": 0.002356235486955334, "transl_top5": 0.005532031143286436, "transl_top10": 0.00891271684196148, "num_nulls": 15335, "num_tgt_sents": 7411}, "plinyElder_1_1883": {"tgt_lang": "fr", "transl_top1": 0.025474661931430134, "transl_top5": 0.039270591449255564, "transl_top10": 0.04493921595410463, "num_nulls": 1377, "num_tgt_sents": 31724}, "PlinyYounger_1864": {"tgt_lang": "de", "transl_top1": 0.0008195601693757683, "transl_top5": 0.0029709056139871604, "transl_top10": 0.005668624504849064, "num_nulls": 11432, "num_tgt_sents": 9402}, "num_translations": 12, "text_top1": 0.02766869280152985, "text_top5": 0.03872990939307017, "text_top10": 0.04357328233847835}