{"num_src_sents": 547, "plutarch_1_1844": {"tgt_lang": "fr", "transl_top1": 0.3180987202925046, "transl_top5": 0.5137111517367459, "transl_top10": 0.603290676416819, "num_nulls": 0, "num_tgt_sents": 8121}, "plutarch_2_1844": {"tgt_lang": "fr", "transl_top1": 0.010968921389396709, "transl_top5": 0.027422303473491772, "transl_top10": 0.0603290676416819, "num_nulls": 0, "num_tgt_sents": 7523}, "num_translations": 2, "text_top1": 0.16453382084095064, "text_top5": 0.2705667276051188, "text_top10": 0.33180987202925044}