{"num_src_sents": 44, "sophistesGrecs_1842": {"tgt_lang": "fr", "transl_top1": 0.06818181818181818, "transl_top5": 0.13636363636363635, "transl_top10": 0.1590909090909091, "num_nulls": 0, "num_tgt_sents": 7988}, "isocrates_1835_5": {"tgt_lang": "de", "transl_top1": 0.38636363636363635, "transl_top5": 0.6590909090909091, "transl_top10": 0.7272727272727273, "num_nulls": 0, "num_tgt_sents": 4051}, "isocrates_1832_1": {"tgt_lang": "de", "transl_top1": 0.022727272727272728, "transl_top5": 0.06818181818181818, "transl_top10": 0.13636363636363635, "num_nulls": 0, "num_tgt_sents": 3528}, "num_translations": 3, "text_top1": 0.1590909090909091, "text_top5": 0.28787878787878785, "text_top10": 0.34090909090909094}