{"num_src_sents": 255, "plutarch_1_1844": {"tgt_lang": "fr", "transl_top1": 0.0196078431372549, "transl_top5": 0.054901960784313725, "transl_top10": 0.09019607843137255, "num_nulls": 0, "num_tgt_sents": 8121}, "plutarch_2_1844": {"tgt_lang": "fr", "transl_top1": 0.38823529411764707, "transl_top5": 0.5764705882352941, "transl_top10": 0.6588235294117647, "num_nulls": 0, "num_tgt_sents": 7523}, "num_translations": 2, "text_top1": 0.20392156862745098, "text_top5": 0.3156862745098039, "text_top10": 0.37450980392156863}