{"num_src_sents": 338, "plutarch_1898_ethical": {"tgt_lang": "en", "transl_top1": 0.46449704142011833, "transl_top5": 0.6420118343195266, "transl_top10": 0.7011834319526628, "num_nulls": 0, "num_tgt_sents": 5242, "retrieval_preds": [[512, 520, 516, 3409, 3415, 4907, 1029, 2752], [513, 3509, 693, 3435, 868, 544, 881, 892], [514, 518, 522, 4478, 5239, 3302, 1674, 3409], [515, 3507, 582, 1081, 4292, 4837, 4883, 827], [520, 512, 516, 3409, 3415, 4907, 1029, 2752], [517, 4683, 1710, 40, 4950, 4953, 4707, 2219], [514, 518, 522, 4478, 5239, 3302, 1674, 3409], [312, 395, 477, 519, 3885, 2805, 593, 1513], [520, 512, 516, 3409, 3415, 4907, 1029, 2752], [521, 3517, 4295, 1645, 4964, 2352, 3865, 3093], [3728, 1880, 2219, 4708, 1879, 2463, 2489, 3012], [524, 1342, 1250, 4462, 1608, 4379, 1249, 744], [514, 518, 522, 4478, 5239, 3302, 1674, 3409], [526, 425, 1750, 4302, 587, 4454, 1243, 3], [527, 1954, 4890, 528, 484, 4409, 4837, 664], [529, 530, 2407, 4271, 4856, 2838, 865, 3093], [531, 4409, 4295, 647, 3838, 532, 2407, 4271], [533, 2698, 4319, 2151, 4998, 1491, 1838, 2715], [535, 534, 4940, 536, 537, 1705, 4467, 3632], [536, 4371, 609, 537, 12, 3909, 422, 1623], [539, 537, 953, 1705, 2978, 658, 4271, 4940], [514, 518, 522, 4478, 5239, 3302, 1674, 3409], [842, 2407, 2056, 4251, 1767, 1705, 3616, 4070], [4836, 545, 1828, 807, 2400, 942, 4283, 2037], [488, 612, 125, 546, 1219, 469, 1, 3858], [514, 518, 522, 4478, 5239, 3302, 1674, 3409], [3827, 953, 698, 917, 842, 3643, 1010, 967], [1978, 360, 550, 549, 563, 1009, 4991, 595], [889, 4339, 1527, 1581, 2232, 653, 1978, 4251], [555, 4251, 1304, 2056, 1767, 901, 3909, 917], [557, 1599, 765, 708, 1805, 3996, 1761, 1769], [558, 2489, 3729, 683, 787, 704, 954, 4887], [3100, 3539, 2907, 559, 3606, 4674, 148, 2443], [1653, 953, 560, 1978, 1705, 2056, 3827, 917], [564, 3487, 1705, 1225, 3616, 1978, 2506, 2194], [1352, 565, 1206, 1222, 4998, 603, 499, 404], [514, 518, 522, 4478, 5239, 3302, 1674, 3409], [581, 755, 543, 870, 1741, 3172, 3728, 731], [201, 3621, 2567, 2893, 4515, 628, 3101, 1904], [2056, 1653, 1705, 953, 2194, 1009, 2232, 1978], [4467, 4802, 4576, 576, 1890, 4356, 4546, 3548], [579, 390, 1827, 3722, 2219, 3729, 1826, 4983], [4964, 4385, 1358, 4993, 4467, 3517, 4326, 1261], [2036, 582, 581, 448, 422, 3487, 3838, 1581], [917, 585, 1767, 563, 586, 595, 713, 3616], [587, 4251, 901, 1745, 3616, 4448, 4467, 1418], [2731, 1338, 477, 1339, 3936, 1333, 4662, 226], [1838, 3457, 3366, 2566, 3605, 2715, 482, 424], [566, 1859, 591, 2622, 554, 1901, 123, 1838], [592, 4551, 3058, 2388, 1462, 2208, 1839, 1810], [595, 748, 707, 1612, 878, 2354, 725, 4977], [596, 707, 878, 2301, 1105, 1679, 2760, 595], [514, 518, 522, 4478, 5239, 3302, 1674, 3409], [4333, 698, 2036, 3517, 602, 4591, 4467, 4964], [606, 1767, 1072, 4251, 842, 953, 3616, 917], [4251, 2352, 1304, 2769, 1009, 2521, 4517, 4823], [611, 1660, 4133, 2978, 1715, 3847, 2355, 631], [514, 518, 522, 4478, 5239, 3302, 1674, 3409], [3911, 689, 4345, 1705, 4494, 1009, 4980, 1767], [620, 5025, 1708, 1348, 1363, 4295, 1225, 4385], [514, 518, 522, 4478, 5239, 3302, 1674, 3409], [4454, 4419, 1944, 2108, 1767, 1653, 2352, 2644], [626, 3690, 3058, 2303, 4856, 646, 4666, 3835], [4515, 2758, 4514, 628, 3128, 2567, 3168, 2111], [3425, 3605, 49, 59, 629, 3178, 440, 584], [400, 1062, 565, 630, 616, 952, 1157, 1193], [514, 518, 522, 4478, 5239, 3302, 1674, 3409], [631, 4633, 2776, 1612, 4955, 3846, 604, 759], [955, 2130, 3729, 4697, 553, 4044, 920, 1938], [677, 2495, 3565, 631, 836, 4955, 822, 2892], [632, 3728, 1827, 1173, 548, 595, 4983, 4062], [194, 4708, 46, 1838, 1492, 633, 634, 4921], [634, 4708, 3894, 633, 194, 5001, 4921, 2707], [45, 1744, 3015, 3245, 3480, 736, 3093, 919], [638, 3728, 4970, 4972, 4950, 3722, 4973, 1561], [4636, 148, 1513, 4393, 1152, 2661, 247, 3579], [639, 4292, 4288, 4837, 950, 4300, 5047, 2757], [641, 942, 3200, 4293, 4819, 2439, 936, 646], [4251, 1637, 1354, 4231, 4028, 1472, 3889, 4460], [645, 646, 3827, 824, 2346, 4974, 4836, 4280], [646, 4292, 4975, 2894, 645, 4952, 3827, 4953], [45, 1062, 673, 3552, 4592, 919, 1838, 552], [3245, 2173, 1105, 647, 4195, 3788, 117, 4577], [648, 429, 2795, 4546, 616, 430, 1978, 1708], [650, 630, 4152, 3489, 2455, 1063, 4949, 1206], [653, 4940, 1119, 4041, 2455, 4271, 658, 1978], [3894, 477, 4651, 384, 3710, 4608, 3120, 2814], [1194, 537, 3827, 967, 657, 623, 3489, 1009], [4062, 634, 3012, 4708, 735, 4391, 4887, 2093], [657, 1745, 1020, 901, 1653, 2232, 1637, 4345], [658, 4448, 1547, 1578, 3820, 736, 2178, 4618], [659, 1113, 537, 12, 2839, 422, 3040, 679], [514, 518, 522, 4478, 5239, 3302, 1674, 3409], [661, 604, 302, 2771, 785, 3247, 106, 3692], [662, 1004, 1035, 654, 1876, 679, 536, 655], [663, 3032, 4471, 786, 664, 4138, 990, 534], [664, 1653, 666, 1767, 1705, 3570, 1225, 4486], [667, 325, 4589, 2211, 2620, 2214, 90, 2865], [668, 3126, 1004, 3979, 4036, 2346, 2782, 3840], [514, 518, 522, 4478, 5239, 3302, 1674, 3409], [670, 2206, 4802, 2411, 2352, 4028, 4333, 4917], [673, 1411, 3496, 1589, 855, 1522, 552, 1462], [674, 5028, 3894, 3011, 4899, 4751, 4894, 4887], [675, 4950, 561, 1132, 3597, 3791, 932, 1200], [4271, 917, 4409, 647, 4466, 4333, 3517, 4467], [679, 2056, 3838, 2304, 4271, 3577, 1762, 4781], [682, 4953, 4625, 704, 5001, 1827, 2463, 4923], [684, 3722, 2219, 4372, 683, 3364, 4969, 3012], [192, 428, 411, 451, 506, 4999, 2609, 419], [514, 518, 522, 4478, 5239, 3302, 1674, 3409], [725, 1823, 2771, 686, 1988, 4501, 1850, 4318], [2194, 1472, 2407, 1767, 698, 2099, 1529, 2223], [3931, 4379, 690, 870, 4911, 3607, 3937, 1231], [514, 518, 522, 4478, 5239, 3302, 1674, 3409], [691, 818, 537, 536, 2407, 4070, 4028, 668], [693, 4070, 842, 4379, 4409, 3643, 3517, 4271], [696, 4524, 3869, 2108, 4526, 4917, 4210, 845], [697, 2281, 4095, 1827, 1475, 1461, 198, 3728], [698, 3558, 2232, 4271, 744, 4371, 3909, 3827], [2056, 699, 879, 1009, 713, 3838, 4379, 595], [308, 5006, 4515, 2040, 4436, 1139, 3510, 2715], [706, 1696, 3839, 3252, 2402, 4292, 2894, 1182], [707, 596, 595, 708, 878, 1249, 2455, 2281], [557, 708, 744, 884, 1249, 713, 3522, 1769], [709, 775, 542, 872, 745, 723, 576, 706], [710, 972, 5, 4417, 3249, 3806, 3959, 28], [712, 55, 3511, 621, 4716, 4373, 1131, 3301], [713, 714, 4123, 2486, 2432, 2131, 1262, 3589], [3827, 2584, 715, 4284, 137, 4376, 2519, 1936], [718, 3607, 2216, 1224, 2483, 4385, 1839, 564], [720, 3827, 562, 753, 861, 1262, 5026, 3517], [721, 3507, 4816, 542, 4286, 775, 2894, 3728], [722, 737, 1750, 1443, 4976, 2656, 1411, 3374], [514, 518, 522, 4478, 5239, 3302, 1674, 3409], [723, 725, 595, 2920, 1612, 731, 1511, 879], [4950, 4953, 725, 4729, 856, 4878, 734, 3501], [725, 748, 4617, 2354, 917, 2349, 595, 1986], [726, 3517, 3820, 1780, 4980, 602, 3458, 448], [727, 726, 3954, 3827, 3616, 748, 3517, 4497], [730, 759, 4419, 548, 4437, 729, 744, 4459], [514, 518, 522, 4478, 5239, 3302, 1674, 3409], [731, 846, 1741, 724, 477, 3894, 4425, 1540], [732, 856, 735, 89, 26, 4635, 14, 481], [4419, 4385, 4783, 4437, 698, 3577, 3517, 4964], [3087, 4334, 4385, 1986, 1534, 4195, 2630, 3551], [4437, 4991, 4454, 4385, 1534, 3850, 422, 4345], [4459, 2232, 4448, 3903, 730, 2584, 4345, 4437], [1370, 128, 3894, 3702, 3679, 3206, 32, 3988], [744, 4437, 4097, 4466, 4345, 2232, 1466, 4251], [870, 3728, 4952, 645, 2833, 906, 3064, 795], [514, 518, 522, 4478, 5239, 3302, 1674, 3409], [748, 4097, 953, 1578, 698, 2056, 842, 1978], [749, 4873, 3972, 4291, 2447, 607, 299, 4622], [3511, 2198, 3692, 870, 1131, 2614, 192, 1491], [2232, 1466, 1529, 1360, 1585, 1393, 889, 1581], [757, 584, 1524, 4514, 4515, 117, 3168, 3388], [3194, 2190, 753, 758, 4436, 1270, 3433, 1878], [759, 736, 730, 842, 744, 698, 548, 595], [633, 4708, 1838, 4999, 916, 636, 839, 3074], [761, 917, 1466, 3093, 1739, 4448, 1199, 1653], [3925, 4263, 1823, 1995, 901, 1363, 1364, 3476], [859, 767, 1318, 1520, 3987, 3019, 2920, 563], [768, 1745, 4485, 4544, 4506, 882, 3925, 4484], [769, 4251, 4257, 4964, 1751, 1496, 2232, 3911], [771, 4152, 730, 4266, 4730, 857, 879, 2614], [3874, 