{"num_src_sents": 137, "luciusSamosata_1_1869": {"tgt_lang": "fr", "transl_top1": 0.029197080291970802, "transl_top5": 0.051094890510948905, "transl_top10": 0.08759124087591241, "num_nulls": 0, "num_tgt_sents": 14187, "retrieval_preds": [[10268, 1769, 9533, 11191, 13575, 10995, 10994, 1785], [10269, 10275, 2006, 10500, 6583, 12188, 2490, 10498], [4361, 10270, 10269, 5246, 4112, 3543, 10300, 13532], [10270, 13449, 10293, 506, 10271, 10365, 10488, 10884], [10270, 10275, 10428, 13575, 4016, 10475, 10424, 10442], [10278, 10277, 10459, 10671, 10275, 10271, 10442, 4383], [10428, 10667, 10281, 10279, 3560, 5821, 10997, 2555], [10284, 5826, 10390, 8096, 2919, 10348, 775, 1285], [4914, 12041, 13835, 2115, 8945, 8213, 9053, 8239], [7513, 513, 7478, 5826, 2919, 5516, 13951, 8953], [10293, 12480, 13843, 5563, 10292, 10291, 7811, 13591], [10294, 7248, 4032, 7198, 3069, 10271, 12714, 10428], [14127, 3070, 9953, 11141, 10428, 11938, 10671, 7286], [10453, 8992, 10301, 10997, 5262, 7226, 12480, 6724], [4195, 11110, 1361, 4312, 11270, 11274, 10453, 6576], [10303, 10582, 10706, 10761, 10589, 10400, 10581, 9274], [11348, 7784, 7730, 7725, 4382, 3070, 10428, 12101], [1562, 10316, 10271, 12805, 4352, 11018, 7319, 4028], [4498, 9218, 10771, 7687, 6707, 8582, 7514, 7126], [10365, 5821, 2328, 7837, 12943, 13843, 10671, 10321], [8634, 8642, 3417, 10365, 14127, 5821, 9248, 5826], [7730, 10331, 3311, 9218, 5262, 10365, 6724, 9316], [7529, 855, 5871, 7513, 11103, 6673, 10344, 1184], [1438, 2453, 2562, 7387, 7768, 13744, 10875, 593], [10336, 10348, 9235, 10428, 10390, 10730, 1294, 10294], [1743, 3686, 12770, 840, 3441, 13790, 10328, 2200], [10340, 10308, 12632, 10474, 13346, 13343, 105, 10275], [10501, 10330, 10369, 1060, 10341, 3256, 9931, 10285], [12161, 4699, 1350, 12062, 4656, 887, 4313, 2975], [513, 5548, 10365, 4382, 10428, 10344, 5549, 10730], [10348, 7286, 10390, 11009, 1353, 7730, 8148, 10730], [10348, 11467, 6404, 11023, 10755, 10401, 4817, 3860], [3623, 2421, 9692, 2957, 10480, 3475, 10368, 10741], [3503, 7886, 405, 11269, 948, 6215, 406, 5577], [3503, 7886, 405, 406, 2049, 481, 948, 4466], [1146, 10352, 10353, 7720, 10676, 3503, 10677, 6606], [10354, 1146, 10352, 6337, 10353, 10398, 405, 13594], [7886, 7405, 405, 481, 1874, 3503, 407, 406], [7886, 7405, 1874, 3503, 407, 405, 948, 481], [406, 405, 7886, 10468, 10353, 10435, 407, 129], [406, 13024, 10357, 10353, 405, 407, 583, 10677], [8937, 741, 4724, 3766, 5415, 3927, 2627, 4434], [10360, 338, 10369, 7709, 7727, 10365, 8792, 336], [7019, 993, 6540, 1148, 5691, 1438, 1646, 4722], [2877, 7763, 583, 13632, 4667, 2808, 3527, 5910], [10364, 8466, 5848, 1512, 5548, 7175, 10425, 10865], [10365, 10406, 10956, 10463, 10285, 5699, 10964, 5548], [1908, 3665, 4814, 1655, 13632, 8473, 5158, 651], [10366, 10401, 10395, 1084, 3860, 10279, 6706, 10690], [10368, 7601, 2488, 10962, 10958, 10960, 2918, 3625], [10369, 10366, 5262, 12910, 7689, 10354, 10285, 3382], [6916, 2259, 1430, 1338, 12433, 10798, 7731, 10707], [10371, 2447, 4133, 9711, 173, 10281, 3114, 13139], [10372, 471, 2837, 13289, 5745, 10325, 3706, 6565], [7923, 1317, 8212, 9095, 8367, 10849, 8921, 8213], [10365, 10960, 10427, 10404, 10378, 10590, 10390, 5565], [10406, 13346, 12119, 4074, 13864, 10688, 10849, 3280], [1320, 894, 13835, 8148, 598, 7001, 9102, 4914], [10390, 10348, 7286, 5826, 11016, 10383, 513, 11938], [10390, 5552, 10730, 7711, 6927, 10664, 711, 11009], [10390, 5792, 11297, 482, 10438, 10409, 12913, 7249], [13744, 7020, 10399, 1957, 1028, 4034, 1438, 1003], [1438, 10392, 1309, 7995, 10401, 2630, 8433, 10602], [13815, 8148, 7103, 11904, 12000, 11023, 10393, 1702], [8937, 3840, 13536, 3766, 7911, 4434, 2687, 3227], [10401, 4119, 2443, 10797, 13867, 10395, 10430, 1388], [10724, 11067, 11568, 11468, 4866, 13808, 4256, 7347], [10962, 10501, 7615, 353, 10960, 6930, 3625, 10398], [10400, 10628, 10386, 8945, 418, 556, 8422, 12398], [6781, 2110, 861, 10389, 13592, 3775, 8577, 10749], [10401, 10395, 10351, 8449, 10366, 10421, 8433, 13004], [5323, 10770, 6940, 249, 5331, 3872, 10769, 8935], [11467, 10613, 4902, 3255, 10291, 1851, 11622, 13522], [10299, 7285, 14127, 10404, 10939, 513, 7010, 10590], [10405, 656, 8277, 12607, 12042, 13053, 12381, 12954], [10406, 10365, 10391, 10425, 2328, 10421, 12943, 1802], [8937, 741, 4724, 3766, 5415, 3927, 2627, 4434], [4819, 1353, 10730, 8344, 8367, 10390, 10627, 6654], [10365, 10936, 1349, 4380, 10412, 8576, 13343, 8588], [10365, 8642, 1370, 5821, 10348, 6650, 5826, 10390], [3417, 7837, 8939, 12820, 10424, 10294, 9182, 10428], [14082, 2041, 10942, 9923, 13562, 7514, 13815, 10419], [10414, 10420, 10365, 10227, 9580, 12943, 2430, 3118], [10421, 10425, 10958, 10962, 10960, 10610, 5628, 3854], [10428, 10365, 7837, 1890, 1370, 5821, 8213, 10616], [1388, 7545, 10425, 6717, 5331, 6004, 3063, 1172], [10427, 10365, 4134, 7286, 13591, 1957, 6926, 9248], [8092, 11593, 8946, 12894, 499, 8549, 2827, 7986], [10428, 10294, 10453, 7638, 3070, 10300, 12455, 775], [10430, 10376, 13717, 1682, 3581, 3854, 6765, 10401], [2097, 311, 10227, 1232, 9004, 3368, 882, 8551], [6781, 2110, 861, 1119, 10389, 13592, 3775, 4412], [1752, 2974, 3160, 3810, 4103, 5480, 11187, 5760], [1874, 6564, 2049, 5157, 3353, 4155, 7886, 1602], [3503, 948, 4466, 2973, 13753, 11269, 10435, 405], [3503, 4466, 948, 2973, 5760, 1752, 2974, 3160], [3503, 2973, 11269, 405, 2687, 7886, 4466, 1146], [10428, 11141, 7286, 8367, 10940, 7837, 5826, 775], [13603, 10773, 10443, 10463, 10954, 1213, 10458, 4299], [10448, 5247, 7514, 7810, 1317, 11904, 5304, 13832], [10453, 11373, 12455, 11054, 8945, 14127, 10582, 2391], [7669, 1056, 10583, 5792, 5512, 10600, 2041, 6923], [4702, 10456, 4663, 5699, 4665, 3283, 10406, 8452], [12462, 13621, 9514, 5408, 3235, 8044, 13685, 14102], [10905, 9678, 10485, 12889, 10906, 10626, 4354, 9962], [10458, 10428, 10459, 10442, 10488, 10471, 7036, 9053], [13752, 6564, 2187, 6352, 13754, 12733, 4155, 835], [5282, 6050, 3839, 8128, 5247, 10461, 4740, 10777], [3236, 3599, 7768, 4323, 593, 10350, 11895, 13661], [7503, 2808, 8446, 3122, 10362, 583, 10363, 5607], [4038, 5432, 4163, 4188, 10352, 10489, 2187, 10791], [7503, 1807, 2877, 1438, 13632, 571, 11187, 7886], [10463, 5669, 6918, 10365, 13834, 4250, 579, 11036], [13520, 6930, 10284, 4382, 393, 12659, 5517, 11009], [1852, 10468, 10352, 3891, 10433, 129, 4038, 10469], [10469, 6022, 1852, 10352, 3891, 12395, 406, 7549], [11981, 1852, 7621, 928, 12395, 12014, 2875, 8727], [7837, 8399, 5826, 10939, 7967, 8642, 4335, 8109], [8473, 3674, 2216, 10479, 6781, 1119, 870, 10676], [13960, 1502, 10479, 4036, 8766, 2791, 10481, 5505], [10482, 7656, 13040, 4053, 8380, 7581, 1298, 715], [10483, 2490, 12815, 7573, 1516, 10598, 1787, 4031], [7299, 9525, 4891, 10209, 1839, 7075, 10227, 2687], [12762, 13236, 10679, 1141, 12804, 12953, 985, 4635], [12805, 12752, 6196, 6061, 9620, 12498, 617, 12815], [3931, 2648, 3980, 4410, 3833, 1879, 9080, 7377], [4119, 3724, 8311, 9772, 6929, 6223, 6919, 13531], [8212, 1136, 8436, 7218, 9274, 13562, 5792, 1890], [12460, 10779, 10493, 7241, 10690, 3526, 10752, 538], [2181, 4698, 5026, 5387, 13002, 6564, 8133, 4412], [10494, 10495, 6238, 6037, 5387, 6981, 4323, 651], [10495, 2808, 10494, 5387, 3623, 3227, 9707, 1438], [10496, 10495, 10494, 994, 2235, 4698, 4030, 4836], [4698, 5387, 10497, 10495, 994, 947, 4030, 5026], [3070, 775, 7286, 10348, 7923, 8434, 13787, 174], [11904, 12104, 10504, 11574, 1769, 10452, 8739, 9593], [10506, 4450, 8876, 8002, 10365, 9920, 11783, 158]]}, "lucian_1888": {"tgt_lang": "en", "transl_top1": 0.014598540145985401, "transl_top5": 0.08759124087591241, "transl_top10": 0.11678832116788321, "num_nulls": 0, "num_tgt_sents": 6788,