{"num_src_sents": 185, "plato_6_1854": {"tgt_lang": "en", "transl_top1": 0.35135135135135137, "transl_top5": 0.5891891891891892, "transl_top10": 0.6648648648648648, "num_nulls": 0, "num_tgt_sents": 9064}, "plato_1_1848": {"tgt_lang": "en", "transl_top1": 0.010810810810810811, "transl_top5": 0.06486486486486487, "transl_top10": 0.11351351351351352, "num_nulls": 0, "num_tgt_sents": 12817}, "plato_2_1849": {"tgt_lang": "en", "transl_top1": 0.005405405405405406, "transl_top5": 0.07027027027027027, "transl_top10": 0.08648648648648649, "num_nulls": 0, "num_tgt_sents": 9568}, "plato_5_1852": {"tgt_lang": "en", "transl_top1": 0.010810810810810811, "transl_top5": 0.07567567567567568, "transl_top10": 0.12972972972972974, "num_nulls": 0, "num_tgt_sents": 8721}, "plato_3_1850": {"tgt_lang": "en", "transl_top1": 0.032432432432432434, "transl_top5": 0.08648648648648649, "transl_top10": 0.13513513513513514, "num_nulls": 0, "num_tgt_sents": 13689}, "num_translations": 5, "text_top1": 0.08216216216216218, "text_top5": 0.1772972972972973, "text_top10": 0.22594594594594594}