{"num_src_sents": 558, "luca_siliusItalicus_claudius_1842": {"tgt_lang": "fr", "transl_top1": 0.31899641577060933, "transl_top5": 0.47491039426523296, "transl_top10": 0.5591397849462365, "num_nulls": 0, "num_tgt_sents": 20880}, "num_translations": 1, "text_top1": 0.31899641577060933, "text_top5": 0.47491039426523296, "text_top10": 0.5591397849462365}