{"num_src_sents": 192, "lysias_1856": {"tgt_lang": "de", "transl_top1": 0.5052083333333334, "transl_top5": 0.6822916666666666, "transl_top10": 0.765625, "num_nulls": 0, "num_tgt_sents": 5319}, "lysias_1902": {"tgt_lang": "it", "transl_top1": 0.078125, "transl_top5": 0.20833333333333334, "transl_top10": 0.28125, "num_nulls": 0, "num_tgt_sents": 3788}, "num_translations": 2, "text_top1": 0.2916666666666667, "text_top5": 0.4453125, "text_top10": 0.5234375}