{"num_src_sents": 11, "plutarch_4_1844": {"tgt_lang": "fr", "transl_top1": 0.0, "transl_top5": 0.18181818181818182, "transl_top10": 0.18181818181818182, "num_nulls": 0, "num_tgt_sents": 6665, "retrieval_preds": [[2893, 2195, 1021, 3156, 2306, 2196, 2998, 2544], [4382, 1021, 2998, 1998, 823, 1184, 2392, 6302], [164, 5369, 5698, 5138, 3038, 4457, 2686, 3987], [2894, 2095, 5037, 493, 2102, 27, 6225, 239], [6219, 977, 364, 2544, 490, 693, 327, 205], [3670, 2316, 4007, 6250, 4039, 6024, 3518, 6584], [693, 1021, 977, 339, 6356, 1151, 6550, 1346], [3132, 3711, 3984, 4313, 3931, 5931, 3889, 3881], [76, 6279, 1202, 942, 2998, 6441, 4821, 3127], [933, 2544, 5489, 332, 940, 2648, 693, 2507], [419, 1403, 1646, 2544, 490, 677, 403, 955]]}, "plutarch_5_1844": {"tgt_lang": "fr", "transl_top1": 0.36363636363636365, "transl_top5": 0.7272727272727273, "transl_top10": 0.9090909090909091, "num_nulls": 0, "num_tgt_sents": 5916, "retrieval_preds": [[1165, 1885, 3907, 1186, 1182, 2758, 3647, 4167], [1165, 1167, 2498, 3907, 2162, 1341, 2139, 1289], [1175, 2423, 1176, 4279, 4103, 2139, 3787, 3948], [3925, 5594, 3882, 2166, 2815, 5684, 5701, 2006], [1177, 3870, 1186, 2283, 2312, 2176, 4414, 2231], [1608, 881, 1182, 3162, 4491, 785, 1183, 912], [1186, 1269, 1767, 2768, 1188, 1138, 1302, 5731], [5386, 5388, 1855, 2234, 1488, 5288, 455, 4963], [1101, 1430, 1441, 730, 1124, 1085, 5427, 5106], [1885, 796, 1269, 2312, 2911, 2231, 3266, 2066], [796, 1202, 937, 1885, 5262, 3739, 797, 3716]]}, "num_translations": 2, "text_top1": 0.18181818181818182, "text_top5": 0.4545454545454546, "text_top10": 0.5454545454545454}