{"num_src_sents": 115, "isocrates_1835_5": {"tgt_lang": "de", "transl_top1": 0.017391304347826087, "transl_top5": 0.06086956521739131, "transl_top10": 0.13043478260869565, "num_nulls": 0, "num_tgt_sents": 4051}, "isocrates_1832_1": {"tgt_lang": "de", "transl_top1": 0.46956521739130436, "transl_top5": 0.5826086956521739, "transl_top10": 0.6347826086956522, "num_nulls": 0, "num_tgt_sents": 3528}, "num_translations": 2, "text_top1": 0.24347826086956523, "text_top5": 0.3217391304347826, "text_top10": 0.3826086956521739}