{"num_src_sents": 97, "plutarch_1898_ethical": {"tgt_lang": "en", "transl_top1": 0.35051546391752575, "transl_top5": 0.5463917525773195, "transl_top10": 0.5670103092783505, "num_nulls": 0, "num_tgt_sents": 5242}, "plutarch_2_1844": {"tgt_lang": "fr", "transl_top1": 0.0, "transl_top5": 0.010309278350515464, "transl_top10": 0.061855670103092786, "num_nulls": 0, "num_tgt_sents": 7523}, "plutarch_1_1844": {"tgt_lang": "fr", "transl_top1": 0.07216494845360824, "transl_top5": 0.12371134020618557, "transl_top10": 0.16494845360824742, "num_nulls": 0, "num_tgt_sents": 8121}, "num_translations": 3, "text_top1": 0.140893470790378, "text_top5": 0.22680412371134018, "text_top10": 0.2646048109965636}