{"num_src_sents": 36, "plutarch_2_1908": {"tgt_lang": "en", "transl_top1": 0.05555555555555555, "transl_top5": 0.19444444444444445, "transl_top10": 0.2222222222222222, "num_nulls": 0, "num_tgt_sents": 5773}, "plutarch_1_1906": {"tgt_lang": "en", "transl_top1": 0.08333333333333333, "transl_top5": 0.08333333333333333, "transl_top10": 0.08333333333333333, "num_nulls": 0, "num_tgt_sents": 6800}, "num_translations": 2, "text_top1": 0.06944444444444445, "text_top5": 0.1388888888888889, "text_top10": 0.15277777777777776}