{"num_src_sents": 68, "plutarch_1898_ethical": {"tgt_lang": "en", "transl_top1": 0.14705882352941177, "transl_top5": 0.2647058823529412, "transl_top10": 0.3382352941176471, "num_nulls": 0, "num_tgt_sents": 5242, "retrieval_preds": [[413, 3960, 1566, 3394, 3318, 1082, 4497, 4446], [414, 4881, 1087, 1961, 4533, 4245, 3531, 1252], [415, 4457, 4980, 4251, 2121, 3616, 1842, 3570], [416, 1501, 1527, 1995, 1395, 4121, 1713, 1745], [417, 1979, 3161, 1738, 1632, 4641, 4323, 1020], [418, 1745, 889, 1868, 2650, 814, 4251, 4499], [419, 428, 3868, 2584, 1947, 3389, 4988, 2330], [1075, 421, 568, 1000, 1435, 623, 1323, 3679], [422, 3820, 825, 1761, 905, 4466, 4656, 3850], [4319, 4592, 423, 247, 1605, 3019, 137, 4509], [1581, 3939, 4783, 466, 1495, 4543, 4784, 425], [250, 487, 464, 2190, 4436, 59, 4593, 4733], [4319, 2557, 4212, 1105, 1605, 4737, 3621, 1422], [428, 3925, 2173, 3616, 3042, 721, 5005, 3569], [4538, 429, 1637, 1745, 1833, 1810, 4661, 4980], [430, 2011, 433, 1459, 3922, 1450, 4398, 3574], [440, 2390, 431, 507, 4592, 1157, 3381, 4194], [433, 445, 3480, 448, 3216, 2173, 45, 1584], [434, 1794, 2951, 2483, 646, 1610, 4195, 2123], [488, 384, 48, 441, 955, 235, 917, 565], [3616, 2232, 4251, 3487, 2194, 360, 550, 508], [438, 1713, 1738, 3381, 4457, 4251, 2390, 1745], [439, 4457, 2986, 1633, 1745, 1788, 1653, 2531], [3616, 3517, 4251, 4991, 1767, 4437, 3487, 4457], [639, 2719, 46, 4976, 1062, 3621, 327, 3015], [563, 4266, 360, 3245, 3616, 1785, 325, 2255], [4640, 448, 445, 1824, 3743, 327, 89, 1363], [4909, 2661, 446, 3457, 3015, 1513, 2715, 2685], [448, 2232, 3854, 4251, 2506, 3922, 4467, 3820], [4777, 4964, 3902, 1978, 4345, 744, 4385, 1312], [451, 467, 5006, 481, 651, 2508, 428, 3833], [452, 1302, 4964, 4508, 1301, 1304, 1455, 3862], [473, 139, 480, 409, 379, 4659, 651, 4514], [1637, 4467, 587, 1745, 1739, 1713, 887, 448], [2998, 2808, 59, 1139, 3716, 3124, 191, 591], [2232, 1581, 4484, 1304, 4485, 1466, 3954, 889], [466, 4640, 3093, 327, 2232, 919, 3480, 3581], [2906, 1849, 4607, 1860, 2208, 1363, 4593, 4579], [456, 2173, 744, 2281, 1105, 4152, 4640, 596], [3457, 2703, 1206, 2483, 1503, 2507, 1508, 2284], [477, 3936, 226, 41, 384, 850, 3894, 5028], [1805, 2483, 3892, 4437, 2455, 2031, 4500, 2195], [924, 3597, 1472, 1822, 3489, 466, 1581, 3570], [477, 2857, 1338, 3894, 2858, 1333, 4662, 1205], [422, 4467, 658, 1653, 4437, 4448, 1906, 3892], [384, 1777, 3729, 1132, 477, 5122, 4708, 472], [4280, 4755, 3324, 4543, 3425, 2214, 2920, 4589], [474, 1805, 3914, 2253, 3577, 4661, 4251, 1544], [476, 1879, 4372, 2093, 4707, 4708, 4669, 2219], [3457, 478, 3066, 1838, 4509, 1980, 4909, 3742], [4371, 4546, 4467, 1363, 4251, 4993, 3517, 1304], [484, 3517, 4271, 4466, 4351, 4890, 790, 4385], [487, 510, 4592, 3381, 1979, 4385, 4601, 3990], [490, 4777, 1307, 1138, 489, 1340, 1831, 4627], [491, 3791, 623, 3309, 1376, 4679, 4386, 403], [477, 3894, 1338, 2857, 384, 1339, 1333, 4662], [1299, 4357, 4437, 4200, 3953, 4454, 2584, 422], [495, 3874, 1987, 904, 371, 977, 2251, 3854], [497, 1838, 214, 129, 4117, 618, 5120, 2469], [498, 1936, 462, 960, 411, 428, 1859, 1831], [499, 1605, 4777, 4656, 5000, 3456, 911, 3871], [3101, 2590, 1566, 3482, 4436, 3960, 3316, 3132], [502, 3456, 1826, 920, 3178, 3960, 3531, 1895], [503, 1408, 480, 4030, 3709, 4548, 608, 3638], [1816, 294, 3298, 1376, 3295, 802, 504, 4282], [508, 2232, 4457, 1802, 3487, 4285, 4251, 3428], [3381, 1979, 2865, 4499, 3476, 4436, 3856, 1593], [1534, 510, 508, 3227, 3953, 4448, 3820, 1583]]}, "plutarch_2_1844": {"tgt_lang": "fr", "transl_top1": 0.014705882352941176, "transl_top5": 0.10294117647058823, "transl_top10": 0.14705882352941177, "num_nulls": 0, "num_tgt_sents": 7523, "retrieval_preds": [[5874, 6114, 951, 4961, 4988, 5653, 2973, 2689], [5875, 787, 671, 6757, 3850, 67, 4499, 7218], [5876, 6073, 5916, 4973, 7008, 6847, 7216, 4035], [7008, 7218, 3497, 2910, 4628, 4035, 4499, 3803], [3969, 3748, 3805, 3645, 665, 648, 46, 663], [4424, 6734, 3460, 6763, 6727, 4617, 5378, 6414], [5395, 5378, 3910, 3395, 5877, 4337, 3058, 3439], [614, 15, 3616, 1769, 47, 59, 734, 9], [5889, 2271, 4681, 424, 706, 5562, 7401, 5675], [3017, 5892, 3007, 3670, 3001, 4115, 694, 3023], [3683, 7008, 1793, 3215, 6652, 6734, 5529, 3660], [5939, 7006, 4983, 159, 4278, 508, 1770, 4153], [2093, 4576, 4553, 6593, 3969, 3733, 4972, 4241], [4682, 7127, 2467, 4168, 3050, 4972, 4456, 4266], [1653, 7008, 4262, 2881, 5900, 4777, 3236, 4060], [5902, 2214, 5728, 4423, 2882, 2879, 6562, 7490], [5912, 1883, 784, 7233, 3748, 5746, 1122, 3969], [508, 3305, 7006, 5921, 5675, 3964, 4682, 3441], [639, 1126, 21, 4369, 5807, 1013, 5587, 6946], [222, 546, 6921, 73, 5907, 714, 6905, 691], [7008, 5847, 5916, 5988, 4838, 2510, 4636, 1151], [5912, 5911, 5847, 5850, 7006, 4983, 3748, 5988], [6531, 5847, 7006, 4133, 5916, 4983, 5607, 6657], [4973, 5916, 4838, 3460, 5701, 7008, 6734, 3756], [5919, 400, 5112, 4973, 383, 3460, 4437, 3294], [706, 5547, 607, 5921, 4970, 752, 4973, 643], [6828, 5921, 5979, 5494, 5924, 4838, 490, 508], [7304, 3888, 6146, 7272, 829, 6573, 3709, 3025], [5924, 5562, 7418, 5553, 3460, 2002, 1653, 5558], [5562, 2510, 3693, 7008, 4423, 3460, 2882, 3248], [5839, 5932, 5484, 5959, 325, 2558, 2223, 6984], [5933, 4143, 3693, 3704, 3801, 4660, 4011, 4153], [2292, 159, 4261, 666, 334, 1977, 1590, 145], [3002, 7008, 288, 2878, 2527, 3621, 4060, 5743], [3703, 5366, 3912, 976, 3757, 1021, 2690, 384], [7240, 4096, 4153, 7, 5955, 5601, 204, 3052], [1767, 5943, 3719, 774, 4423, 1034, 3286, 502], [1718, 1261, 5174, 6594, 2335, 4596, 2680, 6867], [3460, 5445, 2078, 5555, 5675, 2244, 4973, 2467], [3963, 2945, 5555, 183, 3422, 4024, 772, 4342], [2977, 3685, 6507, 6299, 6698, 3014, 6454, 6289], [5159, 5675, 3406, 5587, 5601, 7272, 5553, 5445], [607, 3460, 7256, 7320, 5949, 80, 7406, 2527], [4845, 3412, 6299, 24, 546, 2238, 576, 1668], [6625, 5562, 5594, 103, 5558, 5847, 5850, 2208], [1071, 383, 2342, 462, 420, 720, 5954, 141], [6429, 3427, 2061, 5954, 495, 4822, 1768, 3547], [5955, 4617, 2510, 5503, 2616, 5015, 6013, 5382], [5126, 6918, 2161, 966, 6887, 5193, 5383, 787], [5956, 5983, 3762, 7438, 7272, 5845, 2244, 790], [3693, 1746, 6584, 1667, 794, 2002, 179, 3745], [2670, 6429, 5962, 5963, 2549, 5562, 2513, 2002], [5968, 5690, 5979, 6975, 6909, 5643, 5969, 5562], [4052, 790, 1842, 2631, 3019, 3993, 3017, 759], [5970, 5728, 5526, 5570, 3967, 2263, 2165, 5594], [6299, 887, 6110, 5126, 6289, 4845, 3685, 6921], [2384, 1775, 664, 5553, 3248, 4938, 3406, 3719], [5979, 4154, 5684, 6946, 5274, 7517, 2038, 7341], [5319, 6975, 2191, 184, 5414, 1683, 2449, 5440], [6078, 6999, 4183, 6967, 4025, 3662, 3785, 3010], [5184, 4047, 3910, 4061, 3913, 2271, 4647, 3907], [5982, 7294, 4644, 2254, 5405, 6991, 3579, 6053], [5984, 1065, 3575, 3563, 5554, 7361, 1168, 219], [6778, 3341, 299, 1284, 3464, 6784, 1072, 2219], [5771, 6026, 3642, 3644, 1524, 1345, 1556, 883], [5988, 3805, 4983, 5916, 5159, 6734, 4238, 3719], [3973, 4168, 7320, 3107, 6923, 3420, 3791, 5382], [5991, 5558, 5988, 5979, 7006, 3805, 5553, 5159]]}, "plutarch_1_1844": {"tgt_lang": "fr", "transl_top1": 0.04411764705882353, "transl_top5": 0.1323529411764706, "transl_top10": 0.19117647058823528, "num_nulls": 0, "num_tgt_sents": 8121,