{"num_src_sents": 856, "plautus_1862_1": {"tgt_lang": "de", "transl_top1": 0.010514018691588784, "transl_top5": 0.04088785046728972, "transl_top10": 0.06542056074766354, "num_nulls": 0, "num_tgt_sents": 4446}, "plautus_1866_2": {"tgt_lang": "de", "transl_top1": 0.0035046728971962616, "transl_top5": 0.036214953271028034, "transl_top10": 0.056074766355140186, "num_nulls": 0, "num_tgt_sents": 4445}, "plautus_3_1855": {"tgt_lang": "de", "transl_top1": 0.04088785046728972, "transl_top5": 0.08411214953271028, "transl_top10": 0.12032710280373832, "num_nulls": 0, "num_tgt_sents": 5003}, "plautus_4_1855": {"tgt_lang": "de", "transl_top1": 0.0035046728971962616, "transl_top5": 0.028037383177570093, "transl_top10": 0.06074766355140187, "num_nulls": 0, "num_tgt_sents": 5818}, "num_translations": 4, "text_top1": 0.014602803738317757, "text_top5": 0.04731308411214953, "text_top10": 0.07564252336448597}