{"num_src_sents": 675, "aristotle_1855-1907_5": {"tgt_lang": "de", "transl_top1": 0.013333333333333334, "transl_top5": 0.03259259259259259, "transl_top10": 0.06962962962962962, "num_nulls": 0, "num_tgt_sents": 6432}, "aristotle_2_1902": {"tgt_lang": "en", "transl_top1": 0.0962962962962963, "transl_top5": 0.2, "transl_top10": 0.25925925925925924, "num_nulls": 0, "num_tgt_sents": 7716}, "aristotle_1_1908": {"tgt_lang": "en", "transl_top1": 0.005925925925925926, "transl_top5": 0.02074074074074074, "transl_top10": 0.035555555555555556, "num_nulls": 0, "num_tgt_sents": 4899}, "num_translations": 3, "text_top1": 0.03851851851851852, "text_top5": 0.08444444444444443, "text_top10": 0.12148148148148147}