{"num_src_sents": 219, "demosthenes_1856": {"tgt_lang": "en", "transl_top1": 0.3698630136986301, "transl_top5": 0.547945205479452, "transl_top10": 0.6575342465753424, "num_nulls": 0, "num_tgt_sents": 7116}, "demosthenes_aeschynes_1861": {"tgt_lang": "fr", "transl_top1": 0.0502283105022831, "transl_top5": 0.1141552511415525, "transl_top10": 0.1461187214611872, "num_nulls": 0, "num_tgt_sents": 36182}, "num_translations": 2, "text_top1": 0.2100456621004566, "text_top5": 0.33105022831050224, "text_top10": 0.4018264840182648}