{"num_src_sents": 47, "demosthenes_2_1861": {"tgt_lang": "fr", "transl_top1": 0.10638297872340426, "transl_top5": 0.2127659574468085, "transl_top10": 0.3191489361702128, "num_nulls": 0, "num_tgt_sents": 2969}, "demosthenes_1_1863": {"tgt_lang": "fr", "transl_top1": 0.02127659574468085, "transl_top5": 0.0851063829787234, "transl_top10": 0.1702127659574468, "num_nulls": 0, "num_tgt_sents": 3406}, "demosthenes_aeschynes_1861": {"tgt_lang": "fr", "transl_top1": 0.0, "transl_top5": 0.06382978723404255, "transl_top10": 0.0851063829787234, "num_nulls": 0, "num_tgt_sents": 36182}, "num_translations": 3, "text_top1": 0.04255319148936171, "text_top5": 0.12056737588652483, "text_top10": 0.19148936170212766}