{"num_src_sents": 522, "demosthenes_aeschynes_1861": {"tgt_lang": "fr", "transl_top1": 0.10153256704980843, "transl_top5": 0.19157088122605365, "transl_top10": 0.23180076628352492, "num_nulls": 0, "num_tgt_sents": 36182}, "num_translations": 1, "text_top1": 0.10153256704980843, "text_top5": 0.19157088122605365, "text_top10": 0.23180076628352492}