{"num_src_sents": 29, "lysias_1856": {"tgt_lang": "de", "transl_top1": 0.06896551724137931, "transl_top5": 0.10344827586206896, "transl_top10": 0.13793103448275862, "num_nulls": 0, "num_tgt_sents": 5319, "retrieval_preds": [[1741, 4063, 546, 561, 1511, 3201, 1068, 1988], [4218, 3329, 4308, 2771, 1485, 3024, 3025, 4417], [4178, 2777, 2857, 4716, 4155, 2034, 3090, 949], [4223, 2563, 1435, 1321, 554, 4155, 4350, 2482], [4224, 3079, 4219, 1744, 1977, 4381, 1806, 1923], [4225, 978, 4395, 4086, 453, 716, 3079, 4106], [4226, 704, 1975, 4170, 724, 4236, 3772, 2636], [4228, 4033, 2460, 732, 2046, 1428, 2380, 1861], [4229, 4086, 2651, 4544, 4395, 3886, 3090, 716], [4231, 1394, 3983, 3302, 644, 200, 1365, 4470], [3398, 4232, 3759, 4126, 1708, 2101, 1734, 3702], [4589, 3059, 3858, 3475, 2055, 4720, 3537, 4350], [4237, 376, 2339, 4155, 2255, 1410, 4728, 1325], [2383, 4238, 1106, 3736, 1512, 3592, 2323, 1361], [4102, 2651, 1873, 4589, 3190, 4672, 1143, 4463], [4242, 3756, 2468, 2928, 3733, 2034, 4163, 3090], [1068, 3421, 978, 2214, 1094, 1632, 1089, 1067], [4741, 3475, 4126, 4133, 4201, 2125, 4122, 1106], [3338, 4246, 4396, 1253, 2530, 4192, 715, 2425], [4248, 1998, 2556, 3920, 2165, 2716, 4251, 4122], [1365, 3611, 3932, 1996, 3355, 3923, 691, 2185], [4250, 551, 3080, 2632, 1441, 4525, 3284, 624], [4251, 1129, 3823, 576, 4133, 2028, 1994, 652], [1510, 599, 4685, 3379, 2689, 4159, 1511, 4252], [4253, 3537, 3959, 135, 2168, 125, 4463, 4486], [4256, 4126, 4133, 4137, 4178, 4102, 4141, 4201], [2234, 2852, 2029, 1818, 2073, 3989, 3705, 4258], [4259, 4235, 1972, 4102, 3121, 3399, 2498, 3413], [2059, 4204, 1124, 4260, 2060, 3237, 4379, 1180]]}, "num_translations": 1, "text_top1": 0.06896551724137931, "text_top5": 0.10344827586206896, "text_top10": 0.13793103448275862}