{"num_src_sents": 26, "lysias_1856": {"tgt_lang": "de", "transl_top1": 0.07692307692307693, "transl_top5": 0.3076923076923077, "transl_top10": 0.38461538461538464, "num_nulls": 0, "num_tgt_sents": 5319, "retrieval_preds": [[2433, 3858, 3939, 1662, 2340, 3542, 644, 2108], [2168, 4102, 3492, 3475, 4137, 4133, 4141, 4122], [4099, 824, 1106, 2954, 2439, 2185, 2696, 4029], [4100, 4120, 3338, 4497, 716, 704, 2530, 3995], [4102, 4327, 4201, 2186, 3092, 3332, 3475, 3858], [4104, 4388, 4133, 4256, 1793, 3929, 4141, 2186], [4106, 3607, 3940, 637, 1540, 549, 1033, 833], [4108, 4764, 1067, 1068, 2597, 1621, 4235, 4133], [4109, 2689, 2831, 3025, 3592, 2667, 1979, 546], [4111, 4037, 1983, 3267, 3338, 4426, 4416, 3356], [4104, 4113, 1994, 3596, 2558, 576, 4388, 3858], [4115, 2130, 644, 2515, 3499, 1612, 3914, 3858], [4116, 4388, 3355, 2558, 4104, 3964, 4741, 2732], [4104, 4113, 4133, 1620, 1793, 3929, 2732, 1040], [4121, 2689, 3294, 4320, 1510, 1706, 1513, 2830], [4122, 1510, 3329, 2172, 3338, 2173, 4067, 1013], [3338, 4246, 2831, 2425, 4126, 4497, 2324, 3901], [4123, 4256, 2951, 3947, 4642, 1106, 4221, 3237], [4126, 4133, 2168, 4137, 4201, 4141, 3398, 4388], [1574, 3973, 3779, 4113, 2568, 663, 4102, 3964], [4129, 3329, 836, 4167, 2679, 2070, 4547, 1560], [3929, 4133, 449, 2130, 4141, 4104, 1686, 4388], [2380, 2186, 449, 4137, 4135, 4102, 4053, 4133], [4137, 3398, 4133, 3858, 1686, 3351, 2957, 1927], [2059, 4138, 1180, 1996, 3597, 2726, 1457, 1620], [2716, 3893, 1808, 3937, 3858, 3964, 3991, 4325]]}, "num_translations": 1, "text_top1": 0.07692307692307693, "text_top5": 0.3076923076923077, "text_top10": 0.38461538461538464}