{"num_src_sents": 447, "plutarch_4_1908": {"tgt_lang": "en", "transl_top1": 0.008948545861297539, "transl_top5": 0.03355704697986577, "transl_top10": 0.053691275167785234, "num_nulls": 0, "num_tgt_sents": 13066}, "plutarch_nd": {"tgt_lang": "de", "transl_top1": 0.3400447427293065, "transl_top5": 0.5078299776286354, "transl_top10": 0.5973154362416108, "num_nulls": 0, "num_tgt_sents": 10643}, "plutarch_3_1908": {"tgt_lang": "en", "transl_top1": 0.7136465324384788, "transl_top5": 0.8970917225950783, "transl_top10": 0.9821029082774049, "num_nulls": 0, "num_tgt_sents": 6633}, "num_translations": 3, "text_top1": 0.3542132736763609, "text_top5": 0.47949291573452646, "text_top10": 0.5443698732289336}