{"num_src_sents": 47, "justin_cNepos_eutropius_1902": {"tgt_lang": "en", "transl_top1": 0.46808510638297873, "transl_top5": 0.6808510638297872, "transl_top10": 0.7446808510638298, "num_nulls": 0, "num_tgt_sents": 9841}, "corneliusNepos_1856": {"tgt_lang": "de", "transl_top1": 0.574468085106383, "transl_top5": 0.723404255319149, "transl_top10": 0.7446808510638298, "num_nulls": 0, "num_tgt_sents": 2320}, "num_translations": 2, "text_top1": 0.5212765957446809, "text_top5": 0.7021276595744681, "text_top10": 0.7446808510638298}