{"num_src_sents": 85, "suetonius_1855-1897": {"tgt_lang": "de", "transl_top1": 0.4588235294117647, "transl_top5": 0.6588235294117647, "transl_top10": 0.7294117647058823, "num_nulls": 0, "num_tgt_sents": 5120, "retrieval_preds": [[4171, 4288, 4173, 1098, 2235, 3460, 4179, 2224], [4172, 4173, 4299, 2637, 2557, 1881, 4028, 994], [4173, 4172, 994, 3460, 2401, 4299, 4171, 95], [4174, 3451, 4465, 2473, 2136, 4530, 2822, 3165], [4175, 1899, 3709, 4311, 5086, 3495, 314, 4043], [2015, 2017, 967, 2752, 3001, 4177, 759, 1458], [4176, 4678, 309, 4308, 763, 3051, 2647, 3483], [4177, 4453, 3332, 3499, 4976, 4454, 3991, 1458], [4179, 2668, 1915, 3004, 1869, 2493, 1398, 2071], [4180, 3469, 2253, 5117, 5109, 1870, 1939, 1758], [4181, 5088, 5114, 5094, 5073, 5086, 5065, 988], [4181, 5092, 5117, 871, 3641, 5104, 5094, 4003], [2882, 3113, 3008, 2887, 2890, 1642, 4102, 2395], [5052, 4184, 4579, 3757, 4804, 4182, 2454, 2379], [4185, 834, 3425, 2477, 4058, 794, 78, 1126], [2980, 404, 3050, 3332, 915, 2140, 386, 2266], [4186, 4833, 4560, 3294, 943, 2638, 4216, 4264], [4187, 4027, 4186, 2809, 4189, 2251, 4448, 2252], [2352, 4190, 3248, 1500, 1903, 2407, 2650, 5069], [4756, 4191, 2934, 792, 2798, 2736, 3754, 3865], [4194, 2352, 2761, 3363, 2702, 3346, 3927, 4572], [4776, 1550, 3752, 2945, 2164, 827, 4906, 1754], [4196, 4054, 4369, 782, 1180, 608, 1176, 2974], [4197, 1457, 3330, 3247, 3993, 1855, 3197, 3946], [4198, 756, 263, 4497, 2289, 4001, 1158, 204], [3821, 4200, 3266, 4571, 338, 2034, 4065, 4185], [2103, 4666, 4151, 2742, 1356, 4722, 2832, 1382], [3700, 3338, 3787, 4521, 4554, 1570, 2009, 4151], [4206, 4330, 4013, 871, 4259, 3993, 4215, 3829], [4207, 456, 2862, 3921, 4699, 2354, 3754, 1728], [4209, 4254, 1243, 1955, 1116, 3147, 1441, 4388], [2353, 4210, 3262, 2446, 3782, 5055, 2219, 1093], [4673, 1015, 3431, 4522, 408, 2247, 1333, 278], [4212, 4213, 1174, 1874, 3106, 712, 4964, 2342], [4213, 4737, 2562, 1868, 723, 1846, 4834, 1873], [4214, 2889, 4064, 2017, 1167, 1081, 2112, 1583], [4215, 4347, 3857, 1925, 4216, 4218, 2990, 4035], [668, 1296, 2180, 1195, 1632, 304, 2191, 1988], [4218, 4453, 2579, 4215, 2021, 3514, 1613, 3548], [1972, 3050, 5012, 2062, 1851, 4218, 4350, 754], [4219, 4760, 2959, 4339, 3017, 2697, 1716, 5026], [3698, 4153, 4222, 3669, 4409, 3134, 3631, 1757], [4223, 717, 4236, 4919, 2849, 4507, 503, 4116], [4225, 3842, 1276, 3050, 4408, 457, 2068, 4710], [4227, 4186, 3349, 4082, 4088, 1152, 4438, 2360], [4229, 2565, 3787, 102, 3338, 2872, 735, 3244], [4231, 4183, 2358, 4270, 2890, 2196, 2887, 2834], [4012, 4039, 2737, 3155, 1316, 3001, 4015, 2740], [1551, 3394, 3379, 4426, 4147, 928, 1554, 4572], [4232, 1189, 4308, 34, 1567, 749, 4293, 2463], [4234, 493, 2062, 3558, 4418, 2069, 3537, 3539], [4235, 3537, 1376, 2182, 4236, 1195, 2101, 5038], [4236, 4286, 4477, 33, 4247, 2123, 4515, 4331], [4356, 3855, 4367, 2856, 2848, 4237, 1987, 1296], [3102, 4238, 2682, 1016, 1756, 2192, 1406, 1327], [3100, 4151, 2166, 4409, 1317, 4239, 2074, 3854], [4241, 2251, 2252, 4519, 2272, 3370, 2487, 1743], [4245, 2694, 1073, 2540, 3673, 3922, 2489, 509], [4246, 4247, 773, 4474, 2013, 2832, 4254, 2894], [4686, 4248, 3058, 4376, 1425, 1125, 565, 3730], [4250, 1092, 195, 4447, 4443, 1123, 1467, 3423], [4252, 4236, 1226, 4142, 4529, 4153, 4260, 4406], [1167, 3806, 3553, 4102, 776, 2360, 3351, 3650], [4255, 1119, 487, 805, 1977, 1082, 12, 3422], [4256, 988, 4442, 1032, 4787, 35, 1121, 1930], [4258, 3412, 4153, 1020, 3459, 2042, 2311, 395], [4259, 3859, 543, 4013, 2643, 5054, 4209, 761], [4260, 1063, 535, 2848, 395, 4765, 4490, 4252], [5004, 1081, 2645, 2737, 1979, 1340, 846, 2362], [4263, 2369, 4264, 333, 2674, 3854, 2697, 4186], [4959, 4265, 2541, 1425, 1428, 2772, 5006, 219], [4335, 2810, 4296, 609, 1266, 3418, 604, 3181], [4267, 4411, 3076, 3856, 3783, 3190, 846, 4240], [449, 4268, 4572, 4703, 2530, 3082, 2712, 2027], [4120, 79, 2513, 1217, 3017, 3933, 4542, 4487], [4271, 3929, 2876, 2956, 3920, 2873, 1917, 3903], [3827, 178, 1175, 3920, 3281, 927, 4132, 4452], [4275, 2880, 3674, 1425, 4755, 2675, 1658, 2772], [4276, 630, 1649, 4618, 3669, 3314, 2822, 3952], [4277, 5046, 4379, 3312, 632, 4492, 4611, 4590], [4278, 2328, 1612, 2332, 2555, 3291, 3108, 5032], [4279, 1503, 971, 2345, 3406, 1207, 1583, 2948], [2832, 4280, 2835, 3220, 1749, 2074, 2393, 773], [4281, 2898, 2142, 4367, 1227, 978, 2340, 4720], [792, 3670, 2339, 4282, 1389, 3754, 1523, 3149]]}, "num_translations": 1, "text_top1": 0.4588235294117647, "text_top5": 0.6588235294117647, "text_top10": 0.7294117647058823}