{"num_src_sents": 1178, "plautus_1862_1": {"tgt_lang": "de", "transl_top1": 0.03735144312393888, "transl_top5": 0.06196943972835314, "transl_top10": 0.08234295415959253, "num_nulls": 0, "num_tgt_sents": 4446}, "plautus_1866_2": {"tgt_lang": "de", "transl_top1": 0.006791171477079796, "transl_top5": 0.028862478777589132, "transl_top10": 0.053480475382003394, "num_nulls": 0, "num_tgt_sents": 4445}, "plautus_4_1855": {"tgt_lang": "de", "transl_top1": 0.005942275042444821, "transl_top5": 0.022920203735144314, "transl_top10": 0.03225806451612903, "num_nulls": 0, "num_tgt_sents": 5818}, "plautus_3_1855": {"tgt_lang": "de", "transl_top1": 0.011884550084889643, "transl_top5": 0.0365025466893039, "transl_top10": 0.055178268251273345, "num_nulls": 0, "num_tgt_sents": 5003}, "num_translations": 4, "text_top1": 0.015492359932088286, "text_top5": 0.03756366723259762, "text_top10": 0.055814940577249575}