{"num_src_sents": 1647, "cicero_1855-1893_10": {"tgt_lang": "de", "transl_top1": 0.006678809957498482, "transl_top5": 0.018214936247723135, "transl_top10": 0.03217972070431087, "num_nulls": 0, "num_tgt_sents": 6044}, "cicero_1855-1893_9": {"tgt_lang": "de", "transl_top1": 0.7474195506982392, "transl_top5": 0.8755312689738919, "transl_top10": 0.9143897996357013, "num_nulls": 0, "num_tgt_sents": 5238}, "cicero_1896": {"tgt_lang": "en", "transl_top1": 0.4899817850637523, "transl_top5": 0.6715239829993929, "transl_top10": 0.7352762598664238, "num_nulls": 1, "num_tgt_sents": 10330}, "num_translations": 3, "text_top1": 0.4146933819064966, "text_top5": 0.5217567294070026, "text_top10": 0.560615260068812}