{"num_src_sents": 3146, "seneca_1900": {"tgt_lang": "en", "transl_top1": 0.6993006993006993, "transl_top5": 0.8655435473617292, "transl_top10": 0.9249841068022886, "num_nulls": 0, "num_tgt_sents": 3978}, "seneca_1877": {"tgt_lang": "fr", "transl_top1": 0.6265098537825811, "transl_top5": 0.8146853146853147, "transl_top10": 0.8817546090273363, "num_nulls": 0, "num_tgt_sents": 29079}, "num_translations": 2, "text_top1": 0.6629052765416401, "text_top5": 0.840114431023522, "text_top10": 0.9033693579148124}