{"num_src_sents": 273, "xenophon_1_1872": {"tgt_lang": "fr", "transl_top1": 0.04395604395604396, "transl_top5": 0.06593406593406594, "transl_top10": 0.1282051282051282, "num_nulls": 0, "num_tgt_sents": 11058}, "xenophon_2_1872": {"tgt_lang": "fr", "transl_top1": 0.28205128205128205, "transl_top5": 0.45054945054945056, "transl_top10": 0.5128205128205128, "num_nulls": 1, "num_tgt_sents": 10554}, "xenophon_1898": {"tgt_lang": "en", "transl_top1": 0.6117216117216118, "transl_top5": 0.8315018315018315, "transl_top10": 0.9413919413919414, "num_nulls": 0, "num_tgt_sents": 5439}, "xenophon_3_1737": {"tgt_lang": "it", "transl_top1": 0.2857142857142857, "transl_top5": 0.48717948717948717, "transl_top10": 0.6007326007326007, "num_nulls": 0, "num_tgt_sents": 12015}, "num_translations": 4, "text_top1": 0.3058608058608059, "text_top5": 0.4587912087912088, "text_top10": 0.5457875457875457}