{"num_src_sents": 61, "corneliusNepos_1856": {"tgt_lang": "de", "transl_top1": 0.08196721311475409, "transl_top5": 0.19672131147540983, "transl_top10": 0.36065573770491804, "num_nulls": 0, "num_tgt_sents": 2320, "retrieval_preds": [[386, 569, 565, 1728, 704, 727, 2197, 514], [779, 1703, 387, 1666, 1247, 687, 984, 1700], [388, 2179, 380, 837, 193, 463, 1355, 277], [389, 1530, 270, 725, 376, 1531, 968, 227], [403, 390, 984, 1682, 1394, 946, 100, 1548], [391, 544, 971, 1271, 172, 1319, 745, 1616], [392, 585, 835, 656, 374, 269, 380, 1758], [393, 307, 145, 1255, 1283, 1436, 284, 1469], [402, 992, 124, 106, 1030, 1649, 289, 1093], [403, 390, 100, 344, 889, 2108, 1113, 1927], [404, 639, 178, 626, 1659, 1633, 182, 1695], [405, 1094, 409, 1111, 289, 392, 411, 1130], [406, 470, 467, 1300, 89, 2271, 319, 1253], [407, 2058, 813, 1326, 1255, 1342, 421, 233], [409, 432, 1143, 408, 2276, 336, 2277, 1094], [410, 419, 742, 1298, 668, 2097, 1550, 545], [542, 411, 552, 688, 772, 450, 540, 1325], [412, 1630, 186, 1046, 465, 1269, 1221, 1277], [414, 1269, 994, 645, 1387, 932, 898, 1153], [415, 778, 1870, 742, 1628, 1703, 1942, 1270], [1646, 742, 1020, 567, 568, 1882, 2093, 743], [985, 1481, 2281, 251, 271, 503, 249, 1483], [1735, 252, 1665, 1883, 1492, 1682, 709, 257], [218, 1946, 1443, 1229, 1178, 1550, 1814, 1590], [1283, 417, 178, 1392, 1269, 950, 1321, 251], [98, 1883, 708, 941, 184, 568, 255, 482], [1314, 360, 609, 419, 1192, 921, 2283, 568], [418, 1315, 298, 299, 559, 541, 1265, 304], [419, 309, 1277, 1770, 412, 498, 1764, 993], [420, 340, 2181, 1116, 412, 738, 1885, 1045], [117, 1397, 174, 327, 15, 662, 1129, 103], [1927, 421, 807, 1401, 1314, 1652, 1278, 75], [1175, 1589, 2122, 593, 782, 1368, 422, 568], [796, 1652, 889, 841, 2091, 1177, 2269, 422], [423, 945, 151, 1271, 128, 2220, 397, 552], [424, 1376, 1060, 131, 1650, 1723, 1720, 447], [425, 668, 300, 1279, 2246, 2092, 2101, 602], [432, 409, 2277, 1335, 1519, 686, 404, 2276], [433, 1917, 1530, 1652, 450, 1373, 796, 487], [434, 1173, 804, 1160, 442, 608, 1908, 1773], [435, 608, 542, 84, 1264, 1325, 1794, 552], [436, 1175, 2100, 950, 2239, 75, 426, 136], [437, 804, 1136, 687, 1927, 287, 1167, 1697], [438, 96, 775, 1588, 1481, 55, 257, 942], [608, 508, 1908, 439, 340, 1393, 695, 1103], [440, 1114, 103, 2118, 408, 1128, 1675, 1447], [440, 1123, 1160, 88, 1319, 97, 2161, 821], [441, 317, 1745, 560, 1393, 183, 1874, 974], [441, 364, 360, 1393, 1707, 840, 1559, 1585], [442, 434, 804, 559, 1934, 979, 340, 2236], [443, 1935, 436, 455, 1708, 537, 2200, 1709], [445, 2071, 829, 1394, 792, 1907, 2045, 1015], [449, 184, 1332, 681, 529, 1907, 218, 1745], [450, 451, 1432, 432, 441, 318, 1519, 694], [452, 1651, 128, 115, 179, 458, 2253, 1687], [453, 913, 259, 296, 2278, 132, 1008, 1950], [454, 319, 441, 1743, 866, 1084, 2039, 909], [456, 157, 2046, 439, 695, 1289, 1716, 984], [455, 779, 984, 157, 1794, 945, 1736, 946], [457, 458, 1164, 459, 1137, 1434, 1186, 38], [459, 458, 2300, 457, 1755, 1758, 1152, 928]]}, "justin_cNepos_eutropius_1902": {"tgt_lang": "en", "transl_top1": 0.26229508196721313, "transl_top5": 0.4098360655737705, "transl_top10": 0.5081967213114754, "num_nulls": 0, "num_tgt_sents": 9841, "retrieval_preds": [[4914, 282, 6664, 2391, 1411, 6226, 2452, 4913], [4915, 4609, 953, 8484, 6178, 3478, 285, 412], [7424, 5213, 5772, 5334, 368, 7842, 5823, 5765], [4916, 3197, 1256, 6028, 7425, 7702, 4361, 7619], [2612, 4918, 8089, 269, 3037, 5473, 4998, 1147], [4919, 1686, 4925, 5772, 90, 792, 650, 778], [8034, 3372, 2565, 2418, 3179, 5332, 7045, 8150], [4920, 752, 814, 4728, 7329, 4117, 1005, 7380], [4922, 719, 4704, 7194, 6977, 7693, 3560, 749], [2612, 4918, 7957, 5356, 4923, 8393, 837, 5450], [4924, 4642, 1426, 1272, 8274, 4197, 1700, 4345], [4927, 4931, 1173, 4924, 4453, 635, 1426, 4456], [4928, 1880, 8107, 2113, 8915, 8028, 4047, 9531], [4929, 291, 605, 3734, 5905, 7570, 5801, 3602], [4931, 4956, 5607, 5603, 5171, 5794, 5634, 743], [4932, 1524, 4580, 3181, 5628, 6545, 6207, 5788], [5042, 4933, 1172, 1054, 5030, 1173, 5173, 1167], [4934, 4756, 5777, 3754, 7006, 4984, 2446, 3752], [4937, 3034, 7788, 6894, 3039, 8412, 1318, 2277], [4938, 3442, 1186, 6369, 2138, 2012, 5430, 652], [487, 4939, 6049, 223, 7947, 4298, 5424, 2159], [4940, 4190, 2173, 8892, 435, 9582, 7654, 922], [4941, 889, 7811, 5493, 4874, 6234, 374, 1780], [8015, 997, 4943, 7154, 6675, 4942, 7679, 5749], [3462, 6295, 7810, 8136, 5526, 7214, 5444, 4192], [5862, 2791, 7109, 9153, 2777, 1092, 2156, 7296], [4145, 501, 1225, 3856, 5395, 8426, 6300, 1548], [1193, 4945, 2483, 5055, 839, 829, 817, 5598], [4947, 1102, 4847, 4581, 5472, 471, 6503, 3181], [4948, 3681, 4870, 2303, 1890, 674, 2097, 1684], [4664, 7502, 967, 6912, 4416, 2755, 1092, 3037], [168, 4950, 3534, 575, 7946, 1807, 6149, 3444], [6422, 1318, 7889, 1452, 5159, 6545, 8465, 1524], [6149, 3125, 8075, 5337, 3156, 3701, 3023, 1254], [4952, 4611, 9208, 1003, 5640, 4675, 4920, 9203], [7268, 5482, 667, 5537, 6640, 4055, 413, 5224], [4954, 5078, 4960, 598, 600, 84, 6422, 6708], [4956, 4970, 4931, 6735, 743, 4967, 214, 2329], [4957, 7509, 6494, 3782, 7244, 6221, 2330, 6148], [4958, 109, 7360, 4943, 7965, 7649, 6156, 5624], [5822, 1167, 4959, 4661, 2514, 5899, 5437, 5153], [4960, 5082, 1933, 2060, 759, 3290, 6582, 1515], [4961, 5286, 6056, 5626, 1807, 6052, 5606, 6067], [4962, 3891, 535, 3606, 8196, 5470, 8901, 3314], [6156, 7900, 1948, 917, 7716, 5139, 1988, 2013], [4964, 5669, 395, 7090, 4932, 6215, 5397, 4989], [4965, 4748, 8462, 2839, 1395, 3575, 352, 5361], [4966, 6245, 3745, 2275, 2663, 7264, 5353, 1061], [4966, 344, 5397, 6205, 7250, 2907, 6086, 3517], [109, 5286, 4958, 4870, 6421, 4946, 4967, 1679], [6696, 4967, 1933, 758, 994, 7890, 5082, 4960], [6559, 6696, 1147, 3517, 6400, 5573, 6533, 2277], [4969, 8425, 3676, 6784, 7663, 987, 542, 1460], [4970, 4933, 4956, 4966, 5903, 780, 5927, 5054], [4971, 7208, 4348, 6526, 2188, 539, 4709, 8080], [4972, 3230, 4750, 4712, 8291, 648, 1956, 676], [4973, 1496, 5579, 1492, 3348, 4966, 216, 584], [4975, 4963, 2042, 6190, 3230, 3009, 3749, 310], [4974, 837, 3737, 7440, 5784, 1671, 5473, 8426], [4976, 5728, 5627, 5243, 6086, 1494, 5658, 6097], [4977, 792, 7844, 1258, 5800, 5644, 2049, 6999]]}, "num_translations": 2, "text_top1": 0.1721311475409836, "text_top5": 0.30327868852459017, "text_top10": 0.43442622950819676}