{"num_src_sents": 113, "lucian_1831_13": {"tgt_lang": "de", "transl_top1": 0.017699115044247787, "transl_top5": 0.061946902654867256, "transl_top10": 0.1592920353982301, "num_nulls": 0, "num_tgt_sents": 4049}, "lucian_1827_7": {"tgt_lang": "de", "transl_top1": 0.2743362831858407, "transl_top5": 0.4247787610619469, "transl_top10": 0.5398230088495575, "num_nulls": 0, "num_tgt_sents": 4692}, "lucian_1888": {"tgt_lang": "en", "transl_top1": 0.4778761061946903, "transl_top5": 0.6902654867256637, "transl_top10": 0.8141592920353983, "num_nulls": 0, "num_tgt_sents": 6788}, "luciusSamosata_1_1869": {"tgt_lang": "fr", "transl_top1": 0.1592920353982301, "transl_top5": 0.3185840707964602, "transl_top10": 0.4247787610619469, "num_nulls": 0, "num_tgt_sents": 14187}, "Lucian_1827_ht8": {"tgt_lang": "de", "transl_top1": 0.008849557522123894, "transl_top5": 0.09734513274336283, "transl_top10": 0.20353982300884957, "num_nulls": 0, "num_tgt_sents": 1131}, "num_translations": 5, "text_top1": 0.18761061946902652, "text_top5": 0.3185840707964602, "text_top10": 0.4283185840707964}