{"num_src_sents": 26, "lysias_1856": {"tgt_lang": "de", "transl_top1": 0.07692307692307693, "transl_top5": 0.3076923076923077, "transl_top10": 0.38461538461538464, "num_nulls": 0, "num_tgt_sents": 5319}, "num_translations": 1, "text_top1": 0.07692307692307693, "text_top5": 0.3076923076923077, "text_top10": 0.38461538461538464}