{"num_src_sents": 3572, "homer_1902": {"tgt_lang": "en", "transl_top1": 0.2648376259798432, "transl_top5": 0.43029115341545354, "transl_top10": 0.5165173572228443, "num_nulls": 0, "num_tgt_sents": 9924}, "homer_1843": {"tgt_lang": "en", "transl_top1": 0.06522956326987682, "transl_top5": 0.11982082866741321, "transl_top10": 0.15145576707726763, "num_nulls": 0, "num_tgt_sents": 14172}, "homer_1_1845": {"tgt_lang": "it", "transl_top1": 0.013997760358342666, "transl_top5": 0.040033594624860024, "transl_top10": 0.059630459126539755, "num_nulls": 2884, "num_tgt_sents": 196}, "homer_1866": {"tgt_lang": "fr", "transl_top1": 0.20548712206047032, "transl_top5": 0.37458006718924974, "transl_top10": 0.45604703247480405, "num_nulls": 0, "num_tgt_sents": 8755}, "homer_11_1914": {"tgt_lang": "it", "transl_top1": 0.006159014557670772, "transl_top5": 0.027435610302351622, "transl_top10": 0.04535274356103024, "num_nulls": 1901, "num_tgt_sents": 678}, "homer_7_1914": {"tgt_lang": "it", "transl_top1": 0.001959686450167973, "transl_top5": 0.012597984322508398, "transl_top10": 0.028275475923852184, "num_nulls": 922, "num_tgt_sents": 1775}, "num_translations": 7, "text_top1": 0.07966725323948169, "text_top5": 0.14353703407454807, "text_top10": 0.1796112621980483}