{"num_src_sents": 33, "plutarch_2_1908": {"tgt_lang": "en", "transl_top1": 0.12121212121212122, "transl_top5": 0.24242424242424243, "transl_top10": 0.30303030303030304, "num_nulls": 0, "num_tgt_sents": 5773}, "plutarch_1_1906": {"tgt_lang": "en", "transl_top1": 0.0, "transl_top5": 0.06060606060606061, "transl_top10": 0.12121212121212122, "num_nulls": 0, "num_tgt_sents": 6800}, "num_translations": 2, "text_top1": 0.06060606060606061, "text_top5": 0.15151515151515152, "text_top10": 0.21212121212121213}