{"num_src_sents": 73, "demosthenes_1856_1": {"tgt_lang": "de", "transl_top1": 0.0, "transl_top5": 0.0684931506849315, "transl_top10": 0.2054794520547945, "num_nulls": 0, "num_tgt_sents": 4305}, "demosthenes_2_1861": {"tgt_lang": "fr", "transl_top1": 0.1917808219178082, "transl_top5": 0.4246575342465753, "transl_top10": 0.4931506849315068, "num_nulls": 0, "num_tgt_sents": 2969}, "demosthenes_1_1863": {"tgt_lang": "fr", "transl_top1": 0.0136986301369863, "transl_top5": 0.0547945205479452, "transl_top10": 0.0821917808219178, "num_nulls": 0, "num_tgt_sents": 3406}, "demosthenes_aeschynes_1861": {"tgt_lang": "fr", "transl_top1": 0.1095890410958904, "transl_top5": 0.2054794520547945, "transl_top10": 0.2328767123287671, "num_nulls": 0, "num_tgt_sents": 36182}, "num_translations": 4, "text_top1": 0.07876712328767123, "text_top5": 0.18835616438356162, "text_top10": 0.25342465753424653}