{"num_src_sents": 115, "plutarch_2_1844": {"tgt_lang": "fr", "transl_top1": 0.0, "transl_top5": 0.0782608695652174, "transl_top10": 0.1391304347826087, "num_nulls": 0, "num_tgt_sents": 7523, "retrieval_preds": [[4497, 5088, 4499, 7218, 6114, 3833, 4674, 3665], [7069, 4666, 7274, 7308, 7210, 4512, 6257, 7024], [6677, 4853, 4843, 7228, 6099, 7096, 3805, 4695], [2790, 4510, 7294, 1640, 6156, 5663, 5652, 7315], [2331, 4660, 3964, 7418, 4475, 497, 7084, 4493], [4617, 5482, 7008, 3719, 6734, 3805, 4970, 3756], [7008, 502, 3719, 5916, 5682, 3488, 5553, 179], [4786, 7018, 3805, 4538, 3386, 3314, 4918, 4044], [7315, 6677, 4538, 4512, 7133, 4918, 7492, 7264], [4515, 7024, 4538, 6114, 4582, 6842, 4583, 4514], [3805, 6073, 2276, 4544, 5420, 6076, 5159, 5503], [7315, 4426, 3720, 4933, 4400, 4664, 2244, 4962], [4631, 7018, 7142, 3888, 4553, 3497, 5114, 4666], [4625, 2223, 3214, 4505, 6184, 5831, 2931, 4761], [7050, 2945, 4805, 7018, 4631, 5114, 6842, 365], [6052, 5962, 2670, 2616, 5447, 3476, 2550, 2002], [4983, 4790, 5274, 7218, 5488, 4844, 6076, 6615], [4153, 3050, 3805, 3460, 6068, 3203, 502, 4266], [3460, 3969, 5701, 3221, 6052, 2581, 4617, 7263], [7183, 5701, 1600, 5533, 1973, 7263, 2300, 5206], [502, 3488, 3719, 7328, 7419, 561, 4424, 3368], [282, 6832, 3973, 3645, 3621, 5499, 502, 3286], [282, 4143, 4682, 502, 537, 3621, 4136, 543], [3979, 3833, 4044, 2968, 3667, 3856, 2879, 2881], [3854, 7272, 4982, 5447, 2880, 497, 5498, 3910], [2277, 914, 2508, 1963, 5184, 1517, 1444, 1689], [6038, 204, 3052, 543, 3664, 3220, 3645, 3923], [5035, 2435, 3474, 6893, 3057, 2058, 6939, 263], [7008, 7418, 3983, 561, 4424, 502, 3693, 5553], [1049, 5690, 2119, 4983, 3805, 6041, 5159, 5954], [7217, 502, 3748, 3487, 3660, 6669, 7008, 3791], [4951, 4914, 4883, 5052, 4917, 4968, 4918, 7438], [5321, 6299, 5384, 6364, 6567, 6566, 4974, 3997], [5454, 5503, 5448, 1262, 4323, 2715, 2544, 3006], [3460, 5274, 6657, 5051, 6018, 3719, 3515, 4201], [7228, 7022, 6991, 6676, 6988, 4533, 4538, 4739], [3512, 3859, 4184, 6973, 5482, 4695, 3462, 6171], [2900, 5746, 7018, 4426, 4822, 4089, 490, 4454], [5493, 4544, 3693, 3206, 4184, 4424, 3719, 1781], [2561, 1727, 648, 913, 2513, 3401, 2337, 2512], [2078, 7096, 7283, 5092, 6724, 6953, 2244, 6676], [5562, 6625, 5847, 2021, 5701, 5979, 1123, 6727], [2708, 6299, 5384, 6298, 6945, 2206, 5321, 6289], [5374, 4632, 4657, 6101, 5369, 5335, 4551, 6379], [3460, 3662, 4883, 6593, 5274, 179, 5159, 3805], [7008, 2951, 3719, 5924, 5553, 3665, 3662, 5979], [7241, 4835, 4667, 4761, 7198, 7204, 5729, 1720], [7096, 3630, 7492, 5990, 7319, 6081, 4691, 4698], [88, 4800, 81, 5988, 6409, 2951, 5725, 3662], [5378, 3850, 4337, 5399, 4544, 3985, 2951, 6734], [5847, 4983, 2501, 7008, 5682, 2262, 5850, 5916], [7008, 4970, 5847, 3756, 2510, 4983, 2616, 3497], [4153, 2030, 5916, 5109, 4970, 794, 3719, 6856], [6567, 5321, 6568, 5384, 6299, 6289, 1759, 4974], [6299, 6694, 6289, 6568, 6364, 6567, 6454, 4309], [2329, 3719, 103, 5042, 4838, 4800, 3756, 5921], [4277, 4548, 5159, 4983, 7067, 6008, 5847, 4355], [2951, 3662, 4089, 4091, 5445, 6053, 4838, 490], [4983, 5159, 6573, 7210, 5316, 5498, 4947, 4692], [4983, 6625, 4752, 6584, 6669, 7013, 580, 294], [2512, 7013, 1286, 4096, 7055, 5847, 5714, 3660], [2977, 3685, 688, 760, 4632, 39, 5335, 3459], [4983, 3066, 3460, 4133, 5225, 3488, 5710, 7320], [4739, 2300, 5982, 6988, 5218, 7254, 6991, 4923], [2339, 2314, 3805, 4662, 2715, 5575, 6876, 5746], [1286, 7053, 1520, 1238, 1151, 4866, 1130, 3587], [1775, 1023, 6205, 3587, 2616, 3633, 2337, 2372], [6052, 5447, 2616, 7272, 594, 1746, 4141, 3221], [6276, 5447, 1714, 1557, 3828, 4278, 6098, 5451], [2372, 1087, 1941, 3289, 3807, 1189, 5701, 7053], [1931, 2720, 195, 495, 3646, 4246, 2321, 4966], [3969, 2467, 3973, 5052, 2298, 1842, 7217, 2587], [4961, 3017, 4115, 3221, 3985, 7018, 3805, 4586], [3719, 5499, 3838, 2951, 3084, 3982, 3710, 3708], [4636, 5555, 7340, 5496, 179, 7006, 4035, 3745], [3805, 4938, 5159, 2749, 7018, 4599, 4698, 4575], [7008, 3409, 502, 3660, 5847, 3368, 3460, 3693], [7366, 4951, 4698, 2646, 7264, 7012, 4918, 4699], [2061, 3263, 2960, 543, 7382, 3873, 3254, 7390], [5321, 5384, 4974, 6299, 6567, 966, 4361, 5197], [3709, 3261, 458, 3325, 81, 554, 5335, 767], [5334, 2100, 6832, 5370, 74, 4712, 6812, 5350], [5916, 7055, 5849, 5558, 7183, 2882, 5847, 4970], [7156, 1060, 415, 6354, 3289, 1202, 6170, 2348], [3547, 495, 904, 2372, 3660, 648, 7053, 3248], [6429, 3161, 2046, 4326, 3177, 3623, 3356, 758], [103, 123, 122, 6665, 703, 5594, 298, 119], [4527, 2100, 365, 4601, 5161, 2945, 4805, 309], [3719, 3645, 5445, 5849, 2510, 1959, 4424, 3368], [3660, 580, 6375, 648, 5040, 3756, 4226, 3719], [122, 434, 6573, 374, 94, 3572, 81, 2908], [633, 100, 82, 1034, 4070, 88, 4559, 546], [7147, 5040, 7133, 5225, 7226, 3185, 7275, 7521], [3662, 7420, 3665, 5274, 81, 7008, 87, 2300], [512, 6299, 3953, 5982, 2100, 5247, 159, 3805], [7239, 4631, 4603, 7242, 4805, 4601, 6265, 7438], [5690, 4292, 3487, 87, 451, 3969, 502, 88], [2561, 2469, 7038, 5963, 2550, 2399, 1044, 4866], [2749, 7133, 7210, 4698, 7497, 6407, 3708, 5727], [7005, 7008, 4983, 7256, 2510, 4501, 7004, 5454], [7210, 7018, 7067, 7272, 502, 3314, 4698, 7264], [4575, 3497, 4599, 74, 5690, 4938, 5159, 4918], [3699, 179, 3460, 3719, 3645, 1648, 3854, 4241], [2708, 5384, 6299, 6298, 6945, 5321, 2206, 6289], [2438, 302, 450, 4585, 4947, 671, 2368, 127], [5562, 5847, 5979, 5850, 5558, 5701, 2882, 5643], [6625, 7467, 4238, 5587, 502, 4983, 5988, 4544], [5186, 502, 1109, 543, 1767, 4136, 6103, 3841], [913, 1899, 1211, 1047, 2567, 1202, 805, 2550], [2571, 874, 781, 2156, 7156, 883, 7452, 1351], [3721, 3325, 122, 3034, 948, 767, 3653, 7247], [6078, 3286, 5112, 6839, 1838, 5990, 7438, 3035], [3497, 4973, 4423, 502, 3969, 5483, 3221, 6625], [5038, 2680, 5956, 1718, 4457, 4924, 4789, 3204], [7264, 6999, 7204, 5746, 5725, 6724, 5161, 4951]]}, "plutarch_1_1844": {"tgt_lang": "fr", "transl_top1": 0.26956521739130435, "transl_top5": 0.4782608695652174, "transl_top10": 0.5391304347826087, "num_nulls": 0, "num_tgt_sents": 8121,