{"num_src_sents": 328, "cicero_1855-1892_13": {"tgt_lang": "de", "transl_top1": 0.7408536585365854, "transl_top5": 0.8719512195121951, "transl_top10": 0.9237804878048781, "num_nulls": 0, "num_tgt_sents": 5014}, "cicero_1855-1892_14": {"tgt_lang": "de", "transl_top1": 0.021341463414634148, "transl_top5": 0.054878048780487805, "transl_top10": 0.11280487804878049, "num_nulls": 0, "num_tgt_sents": 6557}, "num_translations": 2, "text_top1": 0.38109756097560976, "text_top5": 0.4634146341463415, "text_top10": 0.5182926829268293}