{"num_src_sents": 137, "demosthenes_1877": {"tgt_lang": "en", "transl_top1": 0.4744525547445255, "transl_top5": 0.6861313868613139, "transl_top10": 0.7372262773722628, "num_nulls": 0, "num_tgt_sents": 7775}, "demosthenes_aeschynes_1861": {"tgt_lang": "fr", "transl_top1": 0.021897810218978103, "transl_top5": 0.12408759124087591, "transl_top10": 0.15328467153284672, "num_nulls": 0, "num_tgt_sents": 36182}, "num_translations": 2, "text_top1": 0.2481751824817518, "text_top5": 0.4051094890510949, "text_top10": 0.44525547445255476}