{"num_src_sents": 121, "demosthenes_1902": {"tgt_lang": "en", "transl_top1": 0.4297520661157025, "transl_top5": 0.6115702479338843, "transl_top10": 0.6942148760330579, "num_nulls": 0, "num_tgt_sents": 6778}, "demosthenes_aeschynes_1861": {"tgt_lang": "fr", "transl_top1": 0.024793388429752067, "transl_top5": 0.04132231404958678, "transl_top10": 0.05785123966942149, "num_nulls": 0, "num_tgt_sents": 36182}, "num_translations": 2, "text_top1": 0.2272727272727273, "text_top5": 0.3264462809917355, "text_top10": 0.3760330578512397}