{"num_src_sents": 247, "aristotle_1855-1906_6": {"tgt_lang": "de", "transl_top1": 0.09716599190283401, "transl_top5": 0.1862348178137652, "transl_top10": 0.2631578947368421, "num_nulls": 0, "num_tgt_sents": 8895}, "num_translations": 1, "text_top1": 0.09716599190283401, "text_top5": 0.1862348178137652, "text_top10": 0.2631578947368421}