{"num_src_sents": 12, "isocrates_1835_5": {"tgt_lang": "de", "transl_top1": 0.08333333333333333, "transl_top5": 0.4166666666666667, "transl_top10": 0.5, "num_nulls": 0, "num_tgt_sents": 4051}, "isocrates_1832_1": {"tgt_lang": "de", "transl_top1": 0.0, "transl_top5": 0.25, "transl_top10": 0.3333333333333333, "num_nulls": 0, "num_tgt_sents": 3528}, "num_translations": 2, "text_top1": 0.041666666666666664, "text_top5": 0.33333333333333337, "text_top10": 0.41666666666666663}