{"num_src_sents": 176, "demosthenes_aeschynes_1861": {"tgt_lang": "fr", "transl_top1": 0.017045454545454544, "transl_top5": 0.056818181818181816, "transl_top10": 0.07954545454545454, "num_nulls": 0, "num_tgt_sents": 36182, "retrieval_preds": [[25134, 28687, 4932, 7456, 24739, 4560, 4219, 12268], [24071, 8816, 15808, 13907, 15056, 11295, 4560, 23110], [15871, 19029, 26428, 9539, 8848, 21785, 11698, 19310], [24076, 9914, 35437, 30683, 19448, 22951, 27395, 20516], [27571, 25146, 26914, 3316, 30773, 16999, 18392, 30922], [33414, 27000, 35786, 9618, 30759, 13263, 9892, 35437], [13042, 7346, 2461, 5, 27946, 23339, 9249, 16151], [24080, 31925, 21067, 9249, 27803, 27839, 24272, 9333], [24272, 25085, 26428, 28636, 9334, 9238, 8816, 9383], [24101, 24102, 24269, 3394, 26231, 25002, 36012, 24088], [24092, 7202, 17032, 4189, 16151, 24952, 32856, 20756], [10012, 35648, 14546, 22829, 21992, 19802, 1158, 15013], [24269, 24339, 28636, 24095, 9383, 30828, 9189, 25002], [31956, 5261, 18337, 24861, 15304, 27084, 24929, 5727], [20283, 1070, 1242, 3520, 23653, 23137, 18064, 20384], [21208, 21308, 27923, 1119, 27413, 407, 12823, 30982], [24098, 27385, 26020, 36012, 28730, 23405, 8621, 11351], [26428, 26023, 9238, 24269, 16151, 24101, 9059, 22779], [24343, 24269, 27926, 24102, 25002, 24088, 24215, 6595], [24106, 9059, 32464, 12062, 22779, 27267, 1466, 26372], [26231, 24109, 26390, 9059, 20756, 21079, 21067, 2533], [20574, 13737, 18623, 26106, 24629, 24632, 24110, 24258], [24227, 1480, 28774, 10980, 1482, 6964, 18570, 28768], [23977, 3635, 28495, 33766, 26478, 7024, 24980, 33848], [20673, 12203, 35816, 33744, 33810, 9216, 17876, 6948], [24115, 7202, 4560, 24124, 24272, 7359, 26123, 21302], [15155, 17736, 7233, 15056, 1843, 16081, 34310, 11701], [24119, 24135, 28895, 27403, 27410, 246, 30454, 28298], [24122, 24133, 24215, 25005, 24281, 24232, 16151, 26648], [24123, 19606, 24656, 20639, 24281, 3237, 24133, 25005], [24124, 24125, 27663, 24926, 24256, 15746, 27747, 32492], [24126, 24371, 18107, 24630, 26189, 10409, 6, 7674], [9168, 20519, 9008, 15189, 4372, 84, 32511, 15303], [15056, 7202, 21067, 9059, 4560, 7431, 7432, 7511], [31847, 14229, 25315, 15169, 24577, 25901, 34645, 1589], [20283, 1070, 23653, 3520, 1242, 18064, 20384, 27860], [24823, 7558, 15743, 16273, 3564, 8475, 11251, 34257], [24138, 28976, 32227, 24318, 25022, 27197, 6826, 28968], [13103, 24157, 1496, 11049, 1490, 12193, 29480, 28344], [25327, 7164, 24588, 28712, 25328, 31389, 27374, 8347], [24215, 27926, 32729, 13979, 7696, 24162, 25688, 17210], [4239, 24144, 7641, 14974, 31433, 24152, 24122, 24656], [9015, 8816, 1731, 84, 4560, 20519, 12413, 16207], [21551, 24787, 8614, 10653, 25424, 9009, 18199, 11344], [24149, 14702, 84, 22002, 23058, 25737, 13852, 30813], [24151, 24215, 24060, 24122, 24152, 540, 18654, 24632], [35001, 22560, 10290, 24152, 24632, 8493, 20574, 34965], [16080, 28574, 23769, 24038, 29252, 28968, 27949, 32310], [24157, 21373, 24632, 25803, 24152, 1513, 26747, 24339], [22923, 2381, 21373, 29781, 22880, 11471, 17580, 6835], [8058, 23413, 30270, 4209, 15392, 4373, 14290, 30472], [24184, 17162, 26646, 31505, 31623, 28712, 25541, 6896], [20283, 1070, 23653, 3520, 1242, 18064, 20384, 27860], [24162, 24235, 24157, 7164, 1496, 24215, 27926, 24193], [3691, 12943, 30982, 9602, 15147, 10290, 17901, 27926], [33655, 1626, 9982, 15378, 30136, 7825, 4202, 15155], [4187, 24164, 12800, 20524, 18349, 34513, 15573, 2437], [24166, 4560, 10527, 22779, 1466, 3689, 17032, 27839], [15871, 15682, 23025, 9008, 9931, 15370, 32281, 8819], [24175, 8369, 6996, 8933, 23201, 25074, 29146, 14381], [32280, 5223, 6173, 1513, 12413, 8933, 32277, 34965], [15871, 30930, 12534, 9467, 9422, 8900, 16047, 2384], [14821, 9358, 32460, 25034, 30927, 28712, 29695, 32412], [20283, 1070, 23653, 3520, 1242, 18064, 20384, 27860], [24187, 12670, 9238, 9059, 8816, 26428, 4560, 28437], [8451, 11229, 24190, 25181, 20791, 29781, 33090, 24350], [31847, 14229, 15169, 25315, 24577, 34645, 34595, 17417], [20283, 1070, 1242, 3520, 23653, 23137, 18064, 20384], [24193, 24162, 24269, 24102, 18654, 36012, 24215, 25375], [4724, 3825, 19237, 27007, 2536, 4908, 25136, 28857], [24197, 22444, 1481, 11732, 18767, 25218, 5772, 14061], [31705, 1496, 24342, 18150, 4284, 33678, 20289, 30494], [32170, 4560, 19029, 19310, 15813, 19442, 3728, 7479], [36174, 2287, 24149, 5025, 24101, 26023, 19029, 24200], [24204, 24101, 24157, 9238, 13963, 26106, 24632, 29794], [24509, 19290, 27797, 27803, 9059, 24383, 6948, 27839], [14025, 24210, 6835, 22923, 9584, 11483, 29869, 35180], [24865, 17846, 8685, 34941, 27329, 26856, 8671, 15506], [24184, 23913, 9483, 23637, 23635, 32148, 33312, 30330], [34597, 10961, 8933, 12596, 12279, 1512, 27161, 16351], [26428, 24215, 16151, 7202, 24269, 15682, 8169, 20241], [24215, 24257, 32729, 26372, 24122, 25005, 20813, 2489], [24222, 18117, 26232, 26391, 14988, 15550, 25929, 24110], [24162, 24048, 24532, 11593, 24215, 5559, 24245, 26372], [24102, 28730, 24558, 24193, 7696, 2503, 1478, 7164], [24229, 32372, 13216, 23997, 27141, 32600, 24115, 24925], [24215, 18738, 11075, 24082, 24230, 7696, 24629, 24102], [359, 8700, 7011, 26648, 254, 1865, 22447, 24182], [24232, 24122, 24133, 24215, 26359, 26186, 32729, 24612], [24234, 15699, 33241, 4380, 21748, 6989, 5546, 27564], [32856, 10290, 6828, 20603, 4560, 27902, 7138, 1910], [21609, 17002, 24237, 29869, 25570, 6046, 31905, 31729], [26625, 5619, 7294, 24238, 24745, 2490, 23003, 5770], [26106, 24632, 29910, 24152, 29928, 5629, 28636, 20574], [24242, 29009, 9596, 13477, 27284, 11183, 15363, 35293], [24242, 29009, 24243, 21202, 8632, 11360, 11183, 16509], [15726, 34031, 30235, 24244, 22923, 10946, 9132, 5704], [28730, 32729, 22359, 24215, 18654, 36012, 7559, 24269], [32387, 8933, 33364, 25339, 18337, 12062, 30922, 10290], [20283, 1070, 23653, 3520, 1242, 18064, 20384, 27860], [18427, 9914, 6868, 9302, 26428, 11292, 15585, 35576], [24251, 24182, 4182, 14912, 13982, 24187, 25001, 10961], [6564, 20606, 15747, 13690, 13408, 35629, 35610, 3212], [24602, 24254, 1513, 30458, 7479, 32856, 9488, 24596], [24596, 31895, 24184, 24976, 15747, 34711, 23637, 8247], [20283, 1070, 23653, 3520, 1242, 18064, 20384, 27860], [9059, 15746, 14778, 24272, 12670, 24133, 24122, 12371], [34522, 14953, 6339, 29900, 7558, 17113, 5462, 11893], [20283, 1070, 1242, 3520, 23653, 23137, 18064, 20384], [12670, 4560, 18438, 14847, 15746, 24256, 24133, 26078], [13552, 14836, 7479, 20574, 1512, 21149, 7674, 22560], [30458, 16402, 26788, 6040, 31806, 24703, 24333, 10840], [24269, 25002, 25688, 26271, 24101, 24215, 36012, 17210], [7202, 24272, 8816, 3052, 17739, 26428, 29781, 15295], [32533, 18033, 15351, 326, 21340, 23685, 26428, 19715], [8667, 21552, 25248, 23637, 28932, 32193, 12544, 24775], [20283, 1070, 23653, 3520, 1242, 18064, 20384, 27860], [24136, 31840, 13862, 29156, 30542, 9383, 24773, 28529], [28394, 6, 25061, 34547, 6482, 24633, 32886, 23110], [7431, 9539, 20519, 9238, 6947, 15303, 4372, 19029], [1563, 17249, 4127, 2157, 30255, 33317, 13843, 15982], [24281, 24133, 24272, 25005, 24187, 24122, 29910, 29686], [29894, 26428, 18413, 21556, 29327, 24284, 29763, 24315], [7202, 9238, 10712, 7456, 29781, 9383, 15225, 15546], [24294, 9216, 26005, 7356, 30853, 30565, 7062, 25222], [21551, 14737, 24296, 9271, 9009, 29113, 7278, 22923], [25363, 9225, 22923, 7038, 20200, 1874, 21302, 27902], [32591, 35510, 6899, 34375, 30915, 8191, 17002, 32391], [24301, 26804, 10737, 25066, 13843, 15982, 18366, 4564], [19180, 23175, 13089, 32445, 26899, 10949, 9909, 30853], [28482, 21099, 21578, 31847, 20837, 15839, 8201, 2296], [24303, 16207, 15295, 30837, 30792, 14774, 24950, 21065], [7202, 17002, 5509, 7217, 25564, 4586, 15295, 30091], [25327, 32741, 24989, 24787, 10290, 24309, 30663, 21149], [24190, 7202, 29326, 29225, 269, 4426, 8470, 7192], [28560, 19576, 15747, 22841, 3969, 5433, 25408, 9798], [25019, 15108, 8058, 24315, 24580, 28425, 15388, 28968], [15108, 21551, 24317, 22923, 25021, 15246, 25019, 7176], [29781, 32277, 25185, 24321, 32279, 25025, 24315, 