{"num_src_sents": 521, "cicero_1871_15": {"tgt_lang": "de", "transl_top1": 0.007677543186180422, "transl_top5": 0.04222648752399232, "transl_top10": 0.09404990403071017, "num_nulls": 0, "num_tgt_sents": 3588}, "cicero_1855-1895_16": {"tgt_lang": "de", "transl_top1": 0.7312859884836852, "transl_top5": 0.8637236084452975, "transl_top10": 0.9232245681381958, "num_nulls": 0, "num_tgt_sents": 5529}, "num_translations": 2, "text_top1": 0.3694817658349328, "text_top5": 0.4529750479846449, "text_top10": 0.508637236084453}