{"num_src_sents": 109, "justin_cNepos_eutropius_1902": {"tgt_lang": "en", "transl_top1": 0.5779816513761468, "transl_top5": 0.6880733944954128, "transl_top10": 0.7431192660550459, "num_nulls": 0, "num_tgt_sents": 9841}, "corneliusNepos_1856": {"tgt_lang": "de", "transl_top1": 0.8532110091743119, "transl_top5": 0.926605504587156, "transl_top10": 0.981651376146789, "num_nulls": 0, "num_tgt_sents": 2320}, "num_translations": 2, "text_top1": 0.7155963302752293, "text_top5": 0.8073394495412844, "text_top10": 0.8623853211009174}