{"num_src_sents": 367, "plutarch_2_1908": {"tgt_lang": "en", "transl_top1": 0.005449591280653951, "transl_top5": 0.043596730245231606, "transl_top10": 0.07901907356948229, "num_nulls": 0, "num_tgt_sents": 5773}, "plutarch_1_1906": {"tgt_lang": "en", "transl_top1": 0.4250681198910082, "transl_top5": 0.5667574931880109, "transl_top10": 0.6348773841961853, "num_nulls": 1, "num_tgt_sents": 6800}, "num_translations": 2, "text_top1": 0.21525885558583108, "text_top5": 0.30517711171662126, "text_top10": 0.35694822888283384}