{"num_src_sents": 135, "lucian_1888": {"tgt_lang": "en", "transl_top1": 0.3925925925925926, "transl_top5": 0.5777777777777777, "transl_top10": 0.6814814814814815, "num_nulls": 0, "num_tgt_sents": 6788}, "luciusSamosata_1_1869": {"tgt_lang": "fr", "transl_top1": 0.24444444444444444, "transl_top5": 0.4222222222222222, "transl_top10": 0.4888888888888889, "num_nulls": 0, "num_tgt_sents": 14187}, "num_translations": 2, "text_top1": 0.31851851851851853, "text_top5": 0.5, "text_top10": 0.5851851851851851}