{"num_src_sents": 247, "aristotle_1855-1906_6": {"tgt_lang": "de", "transl_top1": 0.09716599190283401, "transl_top5": 0.1862348178137652, "transl_top10": 0.2631578947368421, "num_nulls": 0, "num_tgt_sents": 8895, "retrieval_preds": [[7091, 6642, 879, 2078, 864, 681, 3058, 751], [4494, 1406, 2519, 3161, 7699, 3391, 6665, 1672], [1794, 8433, 8557, 4242, 1344, 8524, 8134, 7594], [226, 3466, 8527, 6305, 602, 582, 6628, 4243], [1344, 3852, 2423, 5849, 5188, 916, 7967, 2425], [6288, 3083, 7579, 8529, 759, 8708, 339, 8715], [5188, 8439, 6411, 6422, 8721, 1531, 8531, 1000], [6288, 8357, 8696, 6158, 5198, 5052, 6163, 6868], [8604, 7058, 4567, 5729, 3161, 876, 4942, 4123], [5613, 3174, 7910, 5128, 6650, 4691, 6163, 7798], [1597, 8537, 3894, 5226, 1077, 4899, 6487, 1273], [8555, 8625, 8543, 8795, 8650, 1279, 4945, 8565], [3826, 4450, 5715, 6045, 368, 1878, 8544, 4984], [8498, 8545, 7678, 982, 5074, 1758, 4275, 1978], [4480, 8369, 4393, 5233, 8438, 2433, 4515, 7594], [8555, 8750, 8552, 3178, 8560, 1389, 566, 8226], [2012, 2897, 4322, 6495, 7201, 2621, 2259, 288], [8552, 8555, 8642, 2215, 8549, 8849, 987, 8750], [8262, 991, 8624, 8118, 8044, 3381, 8885, 1376], [8555, 4691, 7659, 3950, 1370, 4945, 7595, 7530], [8555, 8560, 8750, 339, 3582, 8739, 7485, 8755], [8557, 8433, 5061, 3987, 8214, 7944, 5138, 1292], [4691, 7944, 8555, 1370, 1794, 2782, 3174, 1226], [8555, 214, 7579, 2555, 4563, 6510, 4404, 377], [8555, 3279, 4305, 3089, 4563, 214, 2555, 2759], [8565, 8555, 8795, 8552, 5341, 7579, 8521, 214], [4562, 7698, 1179, 8567, 7017, 6538, 5913, 7932], [4242, 3404, 1370, 2124, 7750, 3190, 4492, 5265], [7355, 3741, 7224, 3785, 4254, 4728, 437, 4598], [6605, 6748, 6405, 5860, 8570, 3804, 5358, 3635], [8681, 8795, 8555, 8847, 8560, 5335, 214, 3418], [7594, 766, 3178, 1230, 1794, 1370, 3181, 3337], [8847, 8795, 8715, 7929, 8555, 8355, 8768, 4691], [8555, 566, 1273, 1374, 5530, 1285, 8795, 4051], [8274, 8555, 2761, 6712, 1273, 496, 2759, 1077], [8584, 7586, 8803, 2538, 8013, 8075, 8391, 563], [8681, 7884, 8746, 3572, 921, 4973, 366, 1878], [4557, 411, 932, 271, 4421, 273, 8586, 7714], [8555, 588, 8588, 8431, 4510, 568, 3178, 4534], [7847, 5061, 2217, 4036, 3770, 3167, 2121, 6364], [3582, 1421, 5457, 8592, 690, 1307, 4494, 2121], [8593, 7362, 7800, 8594, 343, 4563, 8272, 7714], [8588, 3488, 5648, 8885, 5138, 3529, 5808, 453], [4242, 1344, 4663, 5188, 7649, 2124, 4074, 2782], [4563, 8597, 4697, 1385, 8438, 1370, 4305, 8555], [5573, 6982, 6949, 6501, 6400, 6402, 5289, 7354], [8599, 4529, 574, 6140, 6145, 6139, 6879, 724], [2990, 6749, 4691, 3156, 8714, 6750, 8495, 5515], [5937, 2125, 8644, 7544, 962, 2506, 4805, 8883], [8604, 8503, 8679, 7058, 8625, 8080, 8880, 8501], [3553, 5188, 584, 2348, 3150, 3303, 1033, 4328], [8555, 214, 8816, 7453, 1597, 3396, 1077, 8795], [6473, 6383, 8368, 5997, 5778, 4468, 1786, 6240], [8625, 8879, 8555, 8612, 4042, 8880, 403, 4404], [7332, 7316, 7683, 593, 7963, 7888, 6944, 8037], [6605, 7735, 5986, 820, 6402, 869, 6059, 5997], [8616, 2252, 4393, 6487, 2830, 7762, 3315, 2348], [3759, 7800, 2486, 4305, 1307, 3903, 3733, 8555], [3087, 8483, 8589, 8109, 6928, 4691, 8496, 418], [8555, 8496, 4243, 8659, 8625, 8664, 5381, 1520], [7466, 8621, 8678, 7371, 8625, 8077, 8193, 2459], [3852, 2430, 5285, 4961, 6053, 4467, 1904, 2803], [8604, 8518, 8625, 7058, 8679, 107, 8624, 8501], [6042, 3804, 4448, 4243, 4063, 2905, 5061, 594], [5900, 8555, 2691, 3240, 1374, 7724, 8438, 4899], [4515, 5958, 6724, 7460, 378, 8496, 981, 2059], [4393, 6374, 3768, 5900, 3741, 5777, 3284, 2691], [8126, 1048, 2518, 8555, 5061, 3628, 2068, 3582], [3119, 8634, 4741, 6180, 4912, 7264, 8883, 7552], [8555, 7355, 8635, 7359, 5679, 8636, 6374, 4243], [5061, 8134, 8434, 4243, 4691, 8636, 602, 8588], [7594, 5668, 7998, 2519, 7593, 6455, 6721, 3160], [8757, 8014, 8031, 7986, 8639, 4771, 409, 5039], [8555, 8849, 8795, 1279, 8641, 4305, 8642, 8625], [7282, 8885, 2423, 8883, 3253, 8642, 4313, 8588], [8645, 1096, 7286, 4351, 7767, 1788, 1921, 6327], [8753, 8652, 8098, 8863, 8646, 8855, 8645, 2910], [8555, 8681, 8795, 583, 8726, 6665, 8560, 8650], [8555, 2014, 4044, 4064, 2937, 214, 7453, 2938], [8642, 8569, 8098, 8555, 8616, 8863, 8476, 8496], [3305, 7289, 7276, 7579, 8312, 3391, 8653, 8137], [2622, 8137, 2862, 8806, 8654, 5714, 2733, 7791], [8495, 8880, 8625, 3156, 8795, 8816, 8493, 8763], [1145, 8659, 7594, 4051, 8557, 7967, 2806, 4124], [7579, 3671, 2151, 4965, 6158, 8795, 1672, 2267], [4189, 7388, 5936, 3852, 3858, 7279, 2129, 2800], [8555, 2649, 8726, 2907, 7941, 3156, 6750, 2990], [8666, 7276, 4480, 7800, 4510, 6749, 3156, 769], [6040, 5656, 7988, 4466, 174, 3440, 5702, 7165], [3852, 5188, 8557, 1324, 3491, 2430, 4927, 3407], [4346, 8343, 6600, 8011, 4515, 8865, 5188, 8669], [8670, 7935, 4466, 2300, 1610, 8435, 839, 2367], [4515, 1505, 8369, 5061, 1717, 6857, 1508, 1597], [1878, 6582, 5065, 6383, 5801, 6139, 5329, 4142], [4703, 8330, 8674, 2160, 1704, 2649, 4691, 8483], [4319, 6411, 5840, 2910, 1875, 7967, 7027, 4123], [4609, 4494, 6064, 4899, 3139, 366, 2252, 1597], [7579, 6158, 3727, 2910, 2564, 6064, 1374, 5076], [5052, 1370, 8636, 6299, 8555, 3646, 4121, 5863], [1043, 1012, 5592, 5939, 553, 5609, 6929, 2650], [7453, 8555, 8393, 339, 8521, 7480, 4404, 8682], [3655, 7435, 4943, 2252, 3659, 8685, 6155, 4941], [8355, 8715, 897, 2618, 8437, 8725, 2555, 7579], [897, 6158, 8555, 2267, 3240, 4945, 7579, 4899], [5188, 3216, 3852, 7988, 1344, 2430, 4691, 1448], [6290, 5430, 7632, 3342, 4208, 6294, 4147, 3217], [5188, 3150, 6282, 418, 3216, 8871, 8342, 6718], [8555, 6070, 7724, 246, 245, 123, 6163, 3727], [8698, 8763, 897, 8714, 8355, 2910, 4731, 8383], [7594, 1988, 993, 1258, 3418, 2476, 2483, 6744], [8715, 8355, 8702, 7579, 2555, 2906, 8016, 214], [8456, 2769, 8760, 8720, 7814, 6659, 7960, 6694], [7666, 8706, 5432, 3288, 921, 8653, 3858, 6145], [7047, 1895, 413, 4608, 4905, 2831, 864, 648], [7579, 8795, 8763, 8495, 566, 8355, 4534, 940], [3418, 566, 8310, 8280, 8316, 3548, 8432, 2906], [2966, 825, 2399, 3105, 3540, 3582, 4107, 1290], [3391, 4945, 8795, 2423, 8202, 3305, 3852, 8521], [8715, 7601, 937, 2206, 1693, 6028, 3250, 4341], [7279, 4504, 8004, 7183, 3852, 4323, 188, 8716], [6048, 6022, 5747, 8409, 8588, 6411, 7559, 7920], [897, 2014, 2267, 7480, 8785, 4404, 2907, 2555], [7279, 5188, 3852, 2423, 6488, 5190, 4393, 6837], [5188, 318, 5285, 3852, 1344, 3503, 2950, 2430], [4600, 5678, 4932, 867, 2342, 4771, 4541, 1654], [1141, 6873, 3856, 8548, 1272, 5785, 5162, 5436], [8725, 412, 8437, 1406, 4808, 3709, 3759, 1771], [3889, 1391, 3582, 2707, 8555, 3755, 2691, 1240], [6158, 7579, 8555, 1279, 2014, 7453, 5188, 2564], [5061, 4243, 874, 3162, 6178, 3609, 2122, 4612], [2733, 7211, 8730, 4015, 3785, 2438, 7379, 3063], [2484, 203, 214, 8555, 2555, 4563, 4224, 3582], [1672, 5061, 6158, 2519, 1558, 8726, 2555, 3156], [366, 8369, 7579, 2910, 7279, 3852, 8714, 8521], [566, 2407, 8555, 7594, 3050, 3582, 4494, 1672], [3160, 839, 3628, 6455, 7716, 2367, 3136, 8555], [8742, 6392, 6158, 3305, 6837, 1071, 4861, 8357], [4504, 7988, 6659, 3852, 5188, 6048, 6963, 4927], [5061, 8524, 5958, 4306, 8369, 5419, 4612, 4932], [3852, 3357, 5188, 4927, 354, 5600, 3523, 5065], [6022, 6048, 8409, 5747, 4912, 5224, 4485, 1512], [8555, 8636, 418, 8750, 8134, 8625, 8098, 8057], [8625, 8513, 8750, 8642, 6158, 4812, 3964, 5188], [4515, 8438, 3050, 354, 1373, 603, 3160, 2252], [8754, 2910, 2616, 8847, 8075, 8552, 8890, 3440], [7594, 566, 889, 3582, 4494, 2845, 8555, 8325], [7579, 8756, 8714, 8795, 8555, 6064, 8357, 2947], [921, 8547, 4369, 2991, 8524, 5192, 8557, 3523], [2075, 3553, 7583, 4516, 8555, 8758, 8759, 3305], [7255, 8759, 3305, 2423, 2886, 3553, 2616, 6513], [1344, 3852, 5188, 916, 2430, 867, 5211, 4209], [566, 8725, 3156, 7614, 8485, 8726, 2154, 8795], [8763, 1240, 3156, 4938, 2782, 7763, 7927, 2564], [5225, 1597, 603, 1477, 4716, 4910, 8871, 1520], [6626, 1144, 7305, 4685, 5758, 8377, 4508, 5024], [8768, 897, 2918, 8521, 8355, 8555, 8795, 2907], [4932, 4402, 4258, 4504, 7557, 4771, 8377, 6388], [3156, 8795, 6370, 