{"num_src_sents": 387, "seneca_1889": {"tgt_lang": "en", "transl_top1": 0.7131782945736435, "transl_top5": 0.8863049095607235, "transl_top10": 0.9534883720930233, "num_nulls": 0, "num_tgt_sents": 6989}, "seneca_1877": {"tgt_lang": "fr", "transl_top1": 0.627906976744186, "transl_top5": 0.8397932816537468, "transl_top10": 0.9043927648578811, "num_nulls": 0, "num_tgt_sents": 29079}, "num_translations": 2, "text_top1": 0.6705426356589148, "text_top5": 0.8630490956072352, "text_top10": 0.9289405684754521}