{"num_src_sents": 835, "terence_1863": {"tgt_lang": "fr", "transl_top1": 0.3844311377245509, "transl_top5": 0.5281437125748503, "transl_top10": 0.5940119760479042, "num_nulls": 0, "num_tgt_sents": 12726}, "terence_1866": {"tgt_lang": "de", "transl_top1": 0.046706586826347304, "transl_top5": 0.08383233532934131, "transl_top10": 0.11137724550898204, "num_nulls": 0, "num_tgt_sents": 5170}, "terence_phaedrus_1891": {"tgt_lang": "en", "transl_top1": 0.5161676646706587, "transl_top5": 0.637125748502994, "transl_top10": 0.6802395209580838, "num_nulls": 0, "num_tgt_sents": 15708}, "terence_1855_1": {"tgt_lang": "de", "transl_top1": 0.48263473053892214, "transl_top5": 0.6335329341317365, "transl_top10": 0.7065868263473054, "num_nulls": 0, "num_tgt_sents": 690}, "num_translations": 4, "text_top1": 0.35748502994011977, "text_top5": 0.47065868263473054, "text_top10": 0.5230538922155689}