{"num_src_sents": 876, "plautus_1862_1": {"tgt_lang": "de", "transl_top1": 0.012557077625570776, "transl_top5": 0.03538812785388128, "transl_top10": 0.06164383561643835, "num_nulls": 0, "num_tgt_sents": 4446}, "plautus_1866_2": {"tgt_lang": "de", "transl_top1": 0.0136986301369863, "transl_top5": 0.04452054794520548, "transl_top10": 0.07077625570776255, "num_nulls": 0, "num_tgt_sents": 4445}, "plautus_4_1855": {"tgt_lang": "de", "transl_top1": 0.00684931506849315, "transl_top5": 0.02968036529680365, "transl_top10": 0.05136986301369863, "num_nulls": 0, "num_tgt_sents": 5818}, "plautus_3_1855": {"tgt_lang": "de", "transl_top1": 0.00684931506849315, "transl_top5": 0.033105022831050226, "transl_top10": 0.0593607305936073, "num_nulls": 0, "num_tgt_sents": 5003}, "num_translations": 4, "text_top1": 0.009988584474885844, "text_top5": 0.035673515981735154, "text_top10": 0.060787671232876705}