{"num_src_sents": 7163, "pausanias_2_nd": {"tgt_lang": "fr", "transl_top1": 0.0037693703755409744, "transl_top5": 0.01200614267764903, "transl_top10": 0.021499371771604076, "num_nulls": 2969, "num_tgt_sents": 2431}, "pausanias_2_1817": {"tgt_lang": "it", "transl_top1": 0.00432779561636186, "transl_top5": 0.012145748987854251, "transl_top10": 0.021220159151193633, "num_nulls": 1955, "num_tgt_sents": 3624}, "pausanias_1855-1902_1": {"tgt_lang": "de", "transl_top1": 0.14882032667876588, "transl_top5": 0.2046628507608544, "transl_top10": 0.22658104146307412, "num_nulls": 293, "num_tgt_sents": 8400}, "pausanias_2_1886": {"tgt_lang": "en", "transl_top1": 0.0012564567918469914, "transl_top5": 0.005305039787798408, "transl_top10": 0.010191260644981152, "num_nulls": 992, "num_tgt_sents": 5305}, "pausanias_1_1817": {"tgt_lang": "it", "transl_top1": 0.002094094653078319, "transl_top5": 0.007119921820466285, "transl_top10": 0.012843780538880358, "num_nulls": 1428, "num_tgt_sents": 4383}, "pausanias_1_1814": {"tgt_lang": "fr", "transl_top1": 0.002652519893899204, "transl_top5": 0.010051654334775931, "transl_top10": 0.019126064498115315, "num_nulls": 2091, "num_tgt_sents": 3302}, "pausanias_1886_1": {"tgt_lang": "en", "transl_top1": 0.23188608125087254, "transl_top5": 0.2861929359207036, "transl_top10": 0.3099260086555912, "num_nulls": 1312, "num_tgt_sents": 6367}, "num_translations": 7, "text_top1": 0.0564009493229094, "text_top5": 0.07678347061287169, "text_top10": 0.08876966953191999}