{"num_src_sents": 27, "plutarch_1898_ethical": {"tgt_lang": "en", "transl_top1": 0.07407407407407407, "transl_top5": 0.25925925925925924, "transl_top10": 0.3333333333333333, "num_nulls": 0, "num_tgt_sents": 5242}, "plutarch_2_1844": {"tgt_lang": "fr", "transl_top1": 0.037037037037037035, "transl_top5": 0.2222222222222222, "transl_top10": 0.25925925925925924, "num_nulls": 0, "num_tgt_sents": 7523}, "plutarch_1_1844": {"tgt_lang": "fr", "transl_top1": 0.0, "transl_top5": 0.037037037037037035, "transl_top10": 0.3333333333333333, "num_nulls": 0, "num_tgt_sents": 8121}, "num_translations": 3, "text_top1": 0.037037037037037035, "text_top5": 0.1728395061728395, "text_top10": 0.30864197530864196}