{"num_src_sents": 646, "euripides_2_1884": {"tgt_lang": "fr", "transl_top1": 0.007739938080495356, "transl_top5": 0.03869969040247678, "transl_top10": 0.07275541795665634, "num_nulls": 0, "num_tgt_sents": 6695}, "euripides_1_1884": {"tgt_lang": "fr", "transl_top1": 0.20123839009287925, "transl_top5": 0.33900928792569657, "transl_top10": 0.413312693498452, "num_nulls": 0, "num_tgt_sents": 6832}, "num_translations": 2, "text_top1": 0.1044891640866873, "text_top5": 0.18885448916408668, "text_top10": 0.24303405572755418}