{"num_src_sents": 77, "lucian_1827_7": {"tgt_lang": "de", "transl_top1": 0.0, "transl_top5": 0.06493506493506493, "transl_top10": 0.14285714285714285, "num_nulls": 0, "num_tgt_sents": 4692}, "Lucian_1827_ht8": {"tgt_lang": "de", "transl_top1": 0.07792207792207792, "transl_top5": 0.19480519480519481, "transl_top10": 0.3116883116883117, "num_nulls": 0, "num_tgt_sents": 1131}, "lucian_1831_13": {"tgt_lang": "de", "transl_top1": 0.2727272727272727, "transl_top5": 0.4025974025974026, "transl_top10": 0.45454545454545453, "num_nulls": 0, "num_tgt_sents": 4049}, "num_translations": 3, "text_top1": 0.11688311688311687, "text_top5": 0.2207792207792208, "text_top10": 0.303030303030303}