{"num_src_sents": 37, "isocrates_1835_5": {"tgt_lang": "de", "transl_top1": 0.10810810810810811, "transl_top5": 0.2702702702702703, "transl_top10": 0.35135135135135137, "num_nulls": 0, "num_tgt_sents": 4051}, "isocrates_1832_1": {"tgt_lang": "de", "transl_top1": 0.08108108108108109, "transl_top5": 0.13513513513513514, "transl_top10": 0.21621621621621623, "num_nulls": 0, "num_tgt_sents": 3528}, "num_translations": 2, "text_top1": 0.0945945945945946, "text_top5": 0.20270270270270271, "text_top10": 0.28378378378378377}