{"num_src_sents": 660, "luca_siliusItalicus_claudius_1842": {"tgt_lang": "fr", "transl_top1": 0.27424242424242423, "transl_top5": 0.4303030303030303, "transl_top10": 0.48333333333333334, "num_nulls": 0, "num_tgt_sents": 20880}, "num_translations": 1, "text_top1": 0.27424242424242423, "text_top5": 0.4303030303030303, "text_top10": 0.48333333333333334}