{"num_src_sents": 226, "plutarch_2_1908": {"tgt_lang": "en", "transl_top1": 0.008849557522123894, "transl_top5": 0.0752212389380531, "transl_top10": 0.12831858407079647, "num_nulls": 0, "num_tgt_sents": 5773}, "plutarch_1_1906": {"tgt_lang": "en", "transl_top1": 0.6415929203539823, "transl_top5": 0.8407079646017699, "transl_top10": 0.8938053097345132, "num_nulls": 0, "num_tgt_sents": 6800}, "num_translations": 2, "text_top1": 0.3252212389380531, "text_top5": 0.4579646017699115, "text_top10": 0.5110619469026548}