{"num_src_sents": 17, "lysias_1856": {"tgt_lang": "de", "transl_top1": 0.058823529411764705, "transl_top5": 0.058823529411764705, "transl_top10": 0.29411764705882354, "num_nulls": 0, "num_tgt_sents": 5319}, "num_translations": 1, "text_top1": 0.058823529411764705, "text_top5": 0.058823529411764705, "text_top10": 0.29411764705882354}