{"num_src_sents": 53, "luciusSamosata_1_1869": {"tgt_lang": "fr", "transl_top1": 0.18867924528301888, "transl_top5": 0.32075471698113206, "transl_top10": 0.41509433962264153, "num_nulls": 0, "num_tgt_sents": 14187, "retrieval_preds": [[8730, 8741, 8732, 8524, 11015, 775, 7226, 7337], [8737, 8741, 11796, 8730, 8828, 11911, 4646, 4899], [8741, 3491, 8828, 5833, 11814, 11549, 11791, 8523], [8741, 11152, 12567, 4350, 8524, 11226, 9994, 8511], [6633, 14054, 8741, 11867, 7211, 8742, 2399, 7639], [8745, 6633, 7286, 13787, 12153, 9221, 1924, 7923], [8746, 13496, 6000, 3609, 8124, 12661, 527, 2485], [11762, 8997, 7337, 4938, 13707, 9163, 7829, 11808], [14127, 7829, 3995, 13846, 775, 11141, 8634, 12013], [8741, 8730, 8825, 8761, 9247, 8732, 12144, 3363], [8761, 2272, 6991, 8730, 10940, 8771, 8525, 11867], [6385, 1122, 1816, 412, 1194, 1620, 7420, 224], [12224, 3684, 8763, 14003, 13996, 2793, 1097, 3531], [8828, 8774, 8771, 9102, 7223, 8996, 8808, 3475], [6651, 12525, 6790, 10988, 6114, 139, 7432, 4392], [8771, 8828, 1180, 8774, 3495, 11778, 8439, 7828], [7867, 5002, 7181, 7528, 2920, 1129, 7173, 12770], [8774, 14127, 8353, 6926, 8761, 3530, 8308, 13847], [8777, 11015, 8741, 8828, 11009, 9925, 11791, 11054], [4406, 13992, 8759, 11809, 12169, 4112, 9028, 1445], [1317, 7006, 1370, 11009, 11574, 10940, 1890, 7730], [8786, 2272, 8809, 13757, 9265, 3195, 8491, 8898], [3037, 3987, 7730, 7725, 8714, 315, 8839, 8524], [8792, 5694, 6587, 13834, 328, 8466, 13701, 7707], [8793, 7006, 7829, 6944, 7734, 8003, 12659, 12427], [4428, 8794, 12488, 3684, 14009, 9202, 8828, 8774], [8798, 6374, 10290, 14, 13722, 1445, 7432, 8729], [4058, 1113, 9227, 3455, 9062, 6928, 11067, 7638], [8816, 775, 766, 9509, 1836, 11707, 3995, 8060], [9953, 508, 5673, 10887, 11009, 11141, 11015, 7286], [8807, 2303, 4417, 2311, 10996, 11213, 11015, 13532], [8808, 8816, 8828, 3475, 3751, 8774, 8491, 3495], [4142, 8619, 8739, 3368, 7986, 1831, 5530, 10510], [8815, 7329, 7828, 11818, 9199, 8741, 8817, 8730], [8821, 4628, 10976, 4185, 2006, 5997, 9096, 3084], [8816, 11141, 7286, 8491, 5529, 7829, 8060, 8460], [11141, 8821, 7730, 8367, 8460, 11015, 8816, 577], [8826, 9055, 8825, 14054, 10920, 3624, 12522, 9018], [8827, 7656, 8433, 3563, 2050, 8413, 4119, 11603], [8828, 9926, 9925, 11818, 11390, 12100, 8741, 9869], [8741, 3491, 10940, 8730, 8996, 1317, 8985, 11029], [8833, 2919, 11015, 250, 10365, 11900, 8405, 4303], [1320, 10032, 9070, 12956, 10261, 7926, 4818, 4637], [711, 6848, 8093, 12062, 8320, 7103, 299, 8229], [7387, 568, 7032, 8709, 781, 1501, 7607, 7995], [7288, 5666, 9183, 7967, 7758, 3509, 14022, 513], [13843, 8741, 775, 9163, 5529, 11009, 11141, 8839], [8844, 11753, 6721, 12042, 9290, 8956, 47, 9218], [775, 8847, 14054, 11141, 8405, 5529, 11814, 5833], [11015, 12144, 8741, 8651, 8524, 5529, 11009, 4834], [8853, 7544, 13915, 8182, 87, 8124, 1136, 7006], [7638, 11918, 10614, 1335, 13681, 10900, 10725, 7931], [3002, 11141, 8306, 7655, 4426, 9218, 9554, 7286]]}, "num_translations": 1, "text_top1": 0.18867924528301888, "text_top5": 0.32075471698113206, "text_top10": 0.41509433962264153}