{"num_src_sents": 24, "plutarch_4_1908": {"tgt_lang": "en", "transl_top1": 0.08333333333333333, "transl_top5": 0.2916666666666667, "transl_top10": 0.375, "num_nulls": 0, "num_tgt_sents": 13066}, "plutarch_3_1908": {"tgt_lang": "en", "transl_top1": 0.041666666666666664, "transl_top5": 0.08333333333333333, "transl_top10": 0.125, "num_nulls": 0, "num_tgt_sents": 6633}, "num_translations": 2, "text_top1": 0.0625, "text_top5": 0.1875, "text_top10": 0.25}