{"num_src_sents": 190, "plato_3_1826": {"tgt_lang": "fr", "transl_top1": 0.031578947368421054, "transl_top5": 0.10526315789473684, "transl_top10": 0.17894736842105263, "num_nulls": 0, "num_tgt_sents": 3903}, "plato_1_1846": {"tgt_lang": "fr", "transl_top1": 0.02631578947368421, "transl_top5": 0.07368421052631578, "transl_top10": 0.14210526315789473, "num_nulls": 0, "num_tgt_sents": 3203}, "num_translations": 2, "text_top1": 0.02894736842105263, "text_top5": 0.08947368421052632, "text_top10": 0.16052631578947368}