{"num_src_sents": 174, "luca_siliusItalicus_claudius_1842": {"tgt_lang": "fr", "transl_top1": 0.3045977011494253, "transl_top5": 0.47126436781609193, "transl_top10": 0.5402298850574713, "num_nulls": 0, "num_tgt_sents": 20880, "retrieval_preds": [[14705, 422, 11946, 14268, 16552, 18557, 9256, 3784], [7244, 15460, 16331, 3361, 16874, 20241, 3784, 315], [6602, 9255, 15392, 14709, 17025, 11070, 2673, 9597], [14710, 8775, 2386, 12431, 13605, 18054, 10601, 750], [3825, 14820, 3334, 301, 16029, 3475, 9160, 15799], [14714, 13069, 5616, 6413, 11144, 16140, 15511, 7162], [11325, 3841, 13131, 19962, 10042, 7646, 2751, 16625], [14717, 16119, 15128, 15979, 7319, 10054, 4256, 17099], [14718, 18145, 2170, 9480, 16812, 1208, 9279, 9726], [11408, 16864, 7566, 14643, 10003, 4556, 14742, 17253], [14720, 6837, 14420, 7090, 14719, 18659, 4885, 9240], [12489, 5691, 10152, 16449, 5363, 18005, 13823, 5152], [14722, 3925, 16765, 8278, 10098, 4956, 8040, 7000], [18442, 8809, 19403, 14722, 2213, 7141, 510, 18481], [16080, 6247, 19021, 368, 11123, 14437, 18125, 17798], [8348, 1353, 16999, 8704, 18181, 8503, 14726, 14759], [14727, 4010, 14769, 20310, 665, 380, 14837, 16810], [16164, 5281, 13132, 16754, 16011, 8649, 4448, 13140], [5258, 5534, 14315, 12616, 8925, 13235, 4563, 6780], [16614, 980, 20310, 6358, 13282, 12572, 19138, 7367], [14734, 5185, 3476, 615, 17851, 9109, 13425, 19271], [17871, 6288, 19560, 13442, 18089, 4861, 15198, 15787], [14737, 4006, 12950, 19482, 18278, 16904, 13178, 10440], [18880, 18177, 536, 555, 12617, 10720, 6330, 18720], [14739, 9726, 20468, 18156, 1405, 18722, 11015, 14193], [14740, 18078, 4447, 1026, 13776, 16966, 14510, 5760], [11073, 14741, 15517, 404, 3210, 17631, 14834, 11074], [13100, 14983, 7833, 6756, 2563, 20107, 10632, 5317], [14743, 16763, 13980, 13919, 19318, 18884, 15494, 19945], [14744, 2907, 13255, 18187, 16980, 18153, 7974, 4887], [14745, 7960, 14766, 5080, 14896, 3721, 5232, 749], [3296, 2199, 3269, 9787, 3298, 7288, 5994, 5238], [7434, 14746, 12986, 6371, 16193, 17009, 13655, 11319], [16832, 17291, 5329, 958, 16741, 13047, 17755, 12780], [14748, 17507, 11503, 3896, 17725, 2699, 17809, 425], [19073, 15874, 16693, 8602, 16258, 9348, 15483, 13625], [14752, 5167, 15261, 16337, 5488, 5815, 10540, 3589], [2751, 12954, 19879, 18542, 19731, 14754, 1944, 3228], [7367, 14756, 980, 5433, 15869, 16614, 17397, 20320], [14829, 16399, 14757, 15697, 18728, 17809, 2902, 12523], [18249, 18126, 14774, 4078, 12609, 11360, 16255, 8897], [14760, 9205, 2705, 2728, 12007, 16879, 3802, 2524], [20114, 2258, 19700, 14684, 19673, 9232, 2881, 18463], [14762, 10535, 2563, 2662, 15337, 14761, 12087, 4955], [3158, 3090, 13094, 17725, 14703, 14062, 1533, 1348], [16199, 18714, 19711, 14764, 18786, 3253, 13633, 5846], [1794, 4800, 20151, 17488, 14953, 5305, 15998, 3205], [14766, 5080, 13663, 5060, 1726, 7430, 19394, 16562], [380, 11022, 16630, 7611, 3692, 906, 14767, 3902], [11197, 15050, 2396, 11906, 12485, 17450, 12480, 7647], [19700, 20399, 18068, 13569, 11556, 14019, 1835, 2000], [12321, 14769, 18187, 797, 19569, 9042, 12417, 18251], [14770, 14773, 17093, 6196, 16045, 3581, 6197, 18122], [6908, 6550, 6755, 17311, 5318, 875, 9379, 7786], [14624, 17832, 2048, 14774, 19362, 9073, 20698, 1468], [14778, 20075, 117, 163, 400, 20509, 19228, 2087], [14680, 8648, 8685, 345, 6271, 18175, 3598, 3677], [16548, 6268, 6569, 12313, 19233, 2576, 12580, 12433], [12381, 6723, 3676, 17161, 14776, 11818, 16671, 4704], [14777, 1128, 1583, 11825, 13424, 16166, 2522, 15611], [11246, 6504, 14778, 9378, 19781, 14988, 2550, 18200], [1945, 14679, 16696, 13658, 18145, 14683, 1207, 12126], [14780, 6300, 14781, 13655, 7434, 2879, 2741, 2876], [16529, 7003, 13530, 17916, 3960, 11558, 11328, 20120], [14782, 13655, 5838, 6300, 7456, 20293, 7743, 4775], [9925, 16677, 6745, 17360, 17511, 18701, 17069, 16387], [5317, 17223, 5239, 20155, 5279, 11328, 2392, 15108], [7500, 18018, 14785, 15968, 18019, 14731, 13639, 14712], [17093, 11798, 16015, 11888, 16266, 16047, 14787, 9989], [4096, 8570, 12407, 14788, 657, 13339, 7882, 6952], [2915, 1561, 12051, 497, 561, 5798, 12464, 10118], [4950, 14790, 18291, 2495, 16313, 15582, 19140, 19310], [4264, 14794, 2937, 17002, 5219, 4438, 781, 1918], [19918, 6290, 20434, 20092, 2860, 12053, 19489, 19103], [9925, 14731, 8567, 17930, 2715, 16529, 3274, 18438], [14796, 6584, 10640, 13151, 20309, 8874, 8904, 2223], [14797, 8910, 14756, 5637, 12051, 16031, 8980, 14759], [9548, 3259, 4913, 10324, 1646, 2959, 7965, 10559], [14799, 7201, 18794, 16389, 2807, 17051, 15779, 12616], [14800, 15149, 15084, 5165, 5188, 3852, 5187, 5139], [12626, 16808, 13032, 18491, 12792, 235, 1045, 3752], [16491, 233, 19174, 14245, 17727, 183, 14803, 186], [14807, 5633, 19612, 2570, 15814, 14266, 10739, 8787], [14808, 15874, 630, 10579, 17059, 6393, 16253, 13255], [14809, 735, 18277, 20178, 15535, 18402, 13776, 19423], [14810, 15588, 2645, 8211, 20028, 4428, 15160, 19263], [5139, 18391, 18334, 15160, 5142, 18104, 9597, 18896], [14812, 16295, 18195, 18840, 17928, 14526, 18350, 17387], [20372, 19895, 10619, 19861, 20044, 11568, 9976, 2831], [14814, 15258, 3983, 181, 3541, 4738, 1305, 9920], [14815, 17969, 5722, 17042, 2724, 7807, 13802, 16610], [14820, 2464, 626, 2156, 11105, 18230, 20681, 2020], [14549, 15850, 16741, 14233, 15967, 19053, 11080, 18715], [5520, 15646, 2912, 4260, 10848, 15481, 1139, 2047], [14825, 20284, 13151, 9191, 5490, 686, 10625, 18883], [14826, 16648, 4342, 12884, 2007, 20481, 20075, 5016], [2223, 19855, 7717, 834, 4993, 1185, 5403, 15407], [2450, 18913, 19861, 13469, 97, 15973, 6860, 19635], [18441, 14830, 20630, 314, 9597, 16970, 15766, 18442], [16076, 14859, 3065, 17600, 16358, 6705, 3771, 2892], [14834, 20279, 2116, 18925, 15030, 4663, 1189, 10849], [14836, 5433, 12218, 13690, 4937, 1329, 15336, 14337], [14837, 18553, 13691, 2503, 13183, 19668, 15530, 18297], [4096, 14782, 17197, 3092, 11091, 3391, 6597, 2050], [14839, 19129, 16232, 12107, 5786, 3906, 826, 1207], [8522, 8436, 3375, 1098, 2879, 5786, 17207, 12460], [14841, 2781, 8922, 19336, 4281, 15549, 7963, 16060], [3299, 9787, 3269, 19369, 6759, 2730, 19042, 16654], [9750, 2191, 17213, 14804, 7330, 9787, 9823, 5892], [14430, 19335, 18270, 18333, 12126, 13440, 6924, 2881], [14845, 5260, 16098, 6335, 2868, 17421, 1452, 5821], [14847, 3902, 3092, 12690, 15560, 11117, 482, 20458], [6900, 2080, 1468, 5500, 14848, 10809, 15692, 4061], [1039, 4475, 15341, 5142, 8275, 18104, 1464, 15077], [12716, 19700, 5643, 14852, 19673, 16890, 20713, 14802], [9951, 531, 16758, 14853, 13032, 18925, 553, 977], [14854, 18580, 15106, 19226, 10826, 1665, 6247, 9946], [20351, 12476, 19223, 17221, 4031, 3081, 9810, 2392], [14856, 20471, 17354, 1807, 2067, 16815, 16930, 9830], [14774, 20643, 565, 10672, 14634, 19668, 11743, 491], [14859, 4802, 19403, 12616, 19433, 10951, 3396, 17399], [6326, 9301, 7000, 18640, 14861, 18331, 16392, 5018], [11168, 5654, 19383, 1831, 18803, 14445, 18874, 3109], [16532, 16110, 9066, 4575, 6634, 11680, 13356, 10112], [14865, 5261, 20397, 5673, 2086, 5521, 2710, 8656], [13340, 19594, 7318, 735, 19272, 19601, 13085, 16318], [2574, 7029, 13136, 1365, 17907, 15373, 16671, 19336], [8497, 15172, 19897, 15840, 10991, 8429, 4065, 2750], [10472, 14580, 12296, 15108, 20130, 7833, 8397, 17551], [14869, 3646, 653, 11075, 13833, 16358, 18628, 11116], [10700, 2382, 6918, 14432, 18729, 13409, 15181, 6932], [12616, 13176, 17413, 15530, 19403, 8995, 3211, 13393], [1817, 15454, 15312, 15185, 6550, 445, 5301, 13057], [6988, 14874, 17664, 5710, 14875, 17422, 14846, 10332], [14876, 15964, 19859, 3697, 3797, 8710, 14875, 8211], [14877, 15797, 20634, 17826, 20530, 8210, 18116, 17723], [6210, 247, 222, 248, 120, 17534, 5467, 14878], [14880, 10786, 8771, 18134, 18597, 18171, 18112, 6197], [15784, 16962, 14882, 4564, 18114, 17798, 1861, 4309], [7830, 16618, 6247, 17654, 12221, 13865, 19021, 9637], [18072, 14883, 18114, 7174, 2444, 13365, 5613, 1695], [10034, 2178, 9844, 919, 4379, 15382, 20477, 12408], [3350, 14885, 16098, 18040, 18957, 18173, 