{"num_src_sents": 613, "plautus_1862_1": {"tgt_lang": "de", "transl_top1": 0.009787928221859706, "transl_top5": 0.04241435562805873, "transl_top10": 0.07177814029363784, "num_nulls": 0, "num_tgt_sents": 4446}, "plautus_1866_2": {"tgt_lang": "de", "transl_top1": 0.02936378466557912, "transl_top5": 0.06688417618270799, "transl_top10": 0.09624796084828711, "num_nulls": 0, "num_tgt_sents": 4445}, "plautus_4_1855": {"tgt_lang": "de", "transl_top1": 0.004893964110929853, "transl_top5": 0.04567699836867863, "transl_top10": 0.06851549755301795, "num_nulls": 0, "num_tgt_sents": 5818}, "plautus_3_1855": {"tgt_lang": "de", "transl_top1": 0.01468189233278956, "transl_top5": 0.04404567699836868, "transl_top10": 0.0766721044045677, "num_nulls": 0, "num_tgt_sents": 5003}, "num_translations": 4, "text_top1": 0.014681892332789558, "text_top5": 0.049755301794453505, "text_top10": 0.07830342577487764}