{"num_src_sents": 1738, "apolloniusRhodius_1_1791": {"tgt_lang": "it", "transl_top1": 0.0023014959723820483, "transl_top5": 0.013233601841196778, "transl_top10": 0.023590333716915997, "num_nulls": 0, "num_tgt_sents": 2980}, "tlg0001.tlg001.opp-eng1": {"tgt_lang": "en", "transl_top1": 0.34177215189873417, "transl_top5": 0.5270425776754891, "transl_top10": 0.6052934407364787, "num_nulls": 0, "num_tgt_sents": 3248}, "apolloniusRhodius_1892": {"tgt_lang": "fr", "transl_top1": 0.19275028768699654, "transl_top5": 0.3486766398158803, "transl_top10": 0.4315304948216341, "num_nulls": 0, "num_tgt_sents": 12099}, "num_translations": 3, "text_top1": 0.17894131185270423, "text_top5": 0.29631760644418875, "text_top10": 0.35347142309167623}