{"num_src_sents": 550, "seneca_1877": {"tgt_lang": "fr", "transl_top1": 0.6581818181818182, "transl_top5": 0.8109090909090909, "transl_top10": 0.8581818181818182, "num_nulls": 0, "num_tgt_sents": 29079}, "seneca_1889": {"tgt_lang": "en", "transl_top1": 0.6890909090909091, "transl_top5": 0.8327272727272728, "transl_top10": 0.88, "num_nulls": 14, "num_tgt_sents": 6989}, "num_translations": 2, "text_top1": 0.6736363636363636, "text_top5": 0.8218181818181818, "text_top10": 0.8690909090909091}