{"num_src_sents": 2223, "polybius_1836": {"tgt_lang": "fr", "transl_top1": 0.26675663517768783, "transl_top5": 0.38011695906432746, "transl_top10": 0.4331983805668016, "num_nulls": 25, "num_tgt_sents": 20303}, "num_translations": 1, "text_top1": 0.26675663517768783, "text_top5": 0.38011695906432746, "text_top10": 0.4331983805668016}