{"num_src_sents": 922, "plato_3_1826": {"tgt_lang": "fr", "transl_top1": 0.006507592190889371, "transl_top5": 0.020607375271149676, "transl_top10": 0.04121475054229935, "num_nulls": 0, "num_tgt_sents": 3903}, "plato_1_1846": {"tgt_lang": "fr", "transl_top1": 0.006507592190889371, "transl_top5": 0.026030368763557483, "transl_top10": 0.0509761388286334, "num_nulls": 0, "num_tgt_sents": 3203}, "num_translations": 2, "text_top1": 0.006507592190889371, "text_top5": 0.02331887201735358, "text_top10": 0.04609544468546638}