{"num_src_sents": 31, "justin_cNepos_eutropius_1902": {"tgt_lang": "en", "transl_top1": 0.06451612903225806, "transl_top5": 0.12903225806451613, "transl_top10": 0.1935483870967742, "num_nulls": 0, "num_tgt_sents": 9841}, "corneliusNepos_1856": {"tgt_lang": "de", "transl_top1": 0.7741935483870968, "transl_top5": 0.9354838709677419, "transl_top10": 1.0, "num_nulls": 0, "num_tgt_sents": 2320}, "num_translations": 2, "text_top1": 0.4193548387096774, "text_top5": 0.532258064516129, "text_top10": 0.5967741935483871}