{"num_src_sents": 32, "appian_1830_5": {"tgt_lang": "de", "transl_top1": 0.03125, "transl_top5": 0.1875, "transl_top10": 0.3125, "num_nulls": 0, "num_tgt_sents": 7584, "retrieval_preds": [[3204, 2962, 5916, 2438, 5954, 5053, 747, 681], [4207, 3477, 3177, 36, 5271, 1220, 3064, 3799], [644, 5575, 3630, 743, 5643, 7224, 5316, 6510], [5271, 7079, 2724, 6373, 3477, 7429, 2177, 1757], [5271, 6118, 4207, 3657, 2013, 3477, 1080, 1499], [2197, 7079, 7429, 3799, 6373, 2177, 1757, 4060], [7079, 3064, 2177, 39, 5271, 7429, 36, 2197], [3325, 7276, 5430, 3437, 1388, 7153, 2363, 5605], [352, 2530, 4148, 3918, 5112, 1821, 2962, 2438], [644, 5575, 3630, 743, 5643, 7224, 5316, 6510], [7079, 3477, 5271, 36, 7368, 7429, 1162, 6373], [6057, 3257, 186, 1324, 7387, 1267, 1059, 3267], [593, 6521, 4094, 632, 3202, 846, 2438, 6516], [3970, 541, 7295, 3897, 2678, 1999, 7338, 476], [36, 2177, 5271, 2197, 7079, 3477, 1499, 7429], [54, 5271, 7429, 2177, 6274, 1624, 1186, 7079], [4002, 4448, 1391, 2569, 5795, 5482, 2260, 4220], [5935, 4036, 4775, 2053, 4245, 7132, 4624, 465], [6458, 3093, 2327, 2266, 593, 503, 397, 6766], [2323, 7493, 1391, 4793, 6024, 883, 1185, 3182], [7379, 1961, 1641, 3101, 239, 4416, 340, 2373], [2784, 982, 4072, 5765, 1301, 7412, 5947, 3036], [5271, 2177, 7079, 7429, 36, 3477, 2197, 3316], [7079, 3477, 5271, 36, 7368, 7429, 1162, 6373], [3451, 3325, 1388, 2363, 1277, 1470, 3888, 7368], [5930, 6120, 1391, 5953, 6156, 4612, 699, 5136], [2101, 2152, 4055, 4036, 2164, 3080, 6135, 1395], [981, 2265, 4695, 4380, 5942, 4361, 761, 1601], [788, 2899, 1072, 928, 3136, 1861, 350, 3007], [2643, 5935, 830, 7428, 4775, 4036, 2554, 6842], [36, 2177, 5271, 2197, 7079, 3477, 1499, 7429], [54, 5271, 7429, 2177, 6274, 1624, 1186, 7079]]}, "Appianus_1828": {"tgt_lang": "de", "transl_top1": 0.03125, "transl_top5": 0.21875, "transl_top10": 0.3125, "num_nulls": 0, "num_tgt_sents": 6120, "retrieval_preds": [[1926, 2166, 5861, 819, 6106, 5361, 1397, 2698], [2277, 2120, 5516, 4725, 4736, 2192, 3964, 3196], [5741, 1658, 1455, 307, 2721, 4622, 4866, 1650], [2633, 2192, 5416, 4725, 2120, 3964, 2277, 3080], [2277, 2120, 2633, 3964, 4725, 2192, 3080, 5416], [2633, 2192, 3964, 5416, 2120, 5740, 2277, 5110], [5416, 2192, 3964, 2633, 3080, 3230, 2277, 2120], [353, 4439, 3254, 1564, 4024, 4123, 3356, 3372], [1991, 3701, 5855, 4991, 5486, 1077, 4198, 2078], [5741, 1658, 1455, 307, 2721, 4622, 4866, 1650], [2192, 2633, 2277, 4725, 5110, 3964, 5416, 184], [5310, 2471, 2524, 5326, 4749, 2536, 3356, 1390], [3607, 1122, 1249, 1865, 4290, 2579, 983, 5428], [5348, 5643, 1467, 5318, 5250, 5841, 5336, 5217], [2120, 2633, 2192, 5416, 2277, 3964, 4744, 4725], [2192, 5416, 2120, 2277, 2633, 3964, 2389, 4000], [5349, 3796, 5861, 990, 2580, 4127, 579, 1317], [4308, 5350, 2803, 3025, 582, 4127, 1961, 562], [569, 5355, 565, 1081, 3972, 2637, 3365, 1397], [5359, 865, 1323, 3697, 500, 4032, 4317, 4644], [5922, 2699, 1039, 5360, 1918, 1241, 4016, 4116], [5362, 5009, 2423, 5368, 665, 2145, 1812, 3265], [2192, 5416, 3080, 2120, 2277, 2633, 4725, 249], [2192, 2633, 2277, 4725, 5110, 3964, 5416, 184], [3361, 4439, 353, 1600, 4024, 4123, 1493, 3372], [5363, 5349, 5341, 5639, 6041, 3595, 4556, 825], [5364, 968, 3689, 5942, 4331, 2003, 1227, 2656], [5365, 4881, 5361, 4314, 1055, 5676, 5308, 2205], [6111, 5366, 1895, 5428, 1067, 3109, 2328, 5539], [5369, 5539, 6111, 4308, 582, 5363, 2848, 1467], [2120, 2633, 2192, 5416, 2277, 3964, 4744, 4725], [2192, 5416, 2120, 2277, 2633, 3964, 2389, 4000]]}, "appian_1832_10": {"tgt_lang": "de", "transl_top1": 0.0625, "transl_top5": 0.125, "transl_top10": 0.1875, "num_nulls": 0, "num_tgt_sents": 12614, "retrieval_preds": [[5286, 4016, 498, 901, 5349, 5180, 2073, 5208], [10039, 7347, 1430, 5890, 6237, 6833, 7795, 8167], [791, 815, 1358, 1371, 12565, 878, 12308, 12276], [6334, 10299, 4333, 12328, 3981, 2300, 820, 3792], [7347, 10039, 12167, 7386, 11462, 5890, 6237, 6833], [5389, 8561, 7467, 6334, 10299, 12328, 820, 2300], [6334, 10299, 3872, 820, 4038, 2300, 11317, 12328], [11682, 7205, 12236, 9164, 10753, 9931, 12505, 7002], [2371, 2085, 2388, 11134, 751, 4280, 4748, 5123], [791, 815, 1358, 1371, 12565, 878, 12308, 12276], [6233, 2740, 8603, 9575, 12328, 2300, 6334, 10299], [3491, 12291, 12505, 7066, 11597, 645, 8591, 6808], [3918, 5056, 533, 4530, 1768, 800, 990, 2279], [5106, 1971, 3910, 2371, 2519, 1311, 4059, 1875], [8284, 10060, 11317, 3872, 6499, 10210, 1430, 9032], [12452, 4038, 3872, 8248, 10233, 11317, 6334, 10299], [3952, 8224, 6706, 2437, 7072, 2687, 10455, 7071], [9079, 3813, 3598, 9060, 995, 2171, 4405, 10884], [660, 3247, 2318, 5208, 5217, 4515, 677, 995], [9142, 4066, 6403, 8022, 4405, 5052, 4526, 2048], [2765, 2834, 640, 955, 673, 2098, 2813, 3919], [4550, 10172, 5295, 4771, 493, 2463, 1209, 987], [3872, 820, 6334, 10299, 12417, 4038, 2300, 7347], [6233, 2740, 8603, 9575, 12328, 2300, 6334, 10299], [11682, 10347, 7205, 12236, 1654, 1727, 12220, 12251], [4804, 4123, 8224, 4504, 2490, 5240, 3688, 4121], [1349, 4123, 862, 2379, 251, 5240, 10884, 2298], [4715, 4178, 3089, 4583, 9114, 4271, 10241, 1288], [4296, 5172, 4826, 365, 4366, 280, 5280, 937], [4508, 2313, 4423, 2612, 1758, 4303, 3813, 4562], [8284, 10060, 11317, 3872, 6499, 10210, 1430, 9032], [12452, 4038, 3872, 8248, 10233, 11317, 6334, 10299]]}, "num_translations": 3, "text_top1": 0.041666666666666664, "text_top5": 0.17708333333333334, "text_top10": 0.27083333333333337}