{"num_src_sents": 74, "demosthenes_1877": {"tgt_lang": "en", "transl_top1": 0.04054054054054054, "transl_top5": 0.13513513513513514, "transl_top10": 0.17567567567567569, "num_nulls": 0, "num_tgt_sents": 7775}, "demosthenes_aeschynes_1861": {"tgt_lang": "fr", "transl_top1": 0.0, "transl_top5": 0.05405405405405406, "transl_top10": 0.16216216216216217, "num_nulls": 0, "num_tgt_sents": 36182}, "num_translations": 2, "text_top1": 0.02027027027027027, "text_top5": 0.0945945945945946, "text_top10": 0.16891891891891891}