{"num_src_sents": 152, "luciusSamosata_1_1869": {"tgt_lang": "fr", "transl_top1": 0.02631578947368421, "transl_top5": 0.06578947368421052, "transl_top10": 0.09868421052631579, "num_nulls": 0, "num_tgt_sents": 14187}, "lucian_1829_10": {"tgt_lang": "de", "transl_top1": 0.26973684210526316, "transl_top5": 0.3355263157894737, "transl_top10": 0.4276315789473684, "num_nulls": 0, "num_tgt_sents": 4222}, "num_translations": 2, "text_top1": 0.14802631578947367, "text_top5": 0.2006578947368421, "text_top10": 0.2631578947368421}