{"num_src_sents": 44, "lysias_1856": {"tgt_lang": "de", "transl_top1": 0.18181818181818182, "transl_top5": 0.4318181818181818, "transl_top10": 0.45454545454545453, "num_nulls": 0, "num_tgt_sents": 5319, "retrieval_preds": [[3508, 3499, 2233, 2667, 3599, 2558, 3332, 2568], [3442, 3439, 5279, 3443, 3440, 935, 1908, 3441], [3443, 3442, 4659, 3450, 3441, 3446, 281, 3449], [3444, 3448, 4687, 2871, 3446, 4653, 2862, 3440], [3445, 3329, 2181, 2057, 3021, 3442, 4096, 2446], [3446, 3887, 3460, 4253, 4659, 3442, 3443, 2871], [3448, 1670, 1774, 1772, 2215, 4687, 4602, 3444], [3449, 3442, 3443, 4659, 3441, 3450, 3446, 125], [4526, 2047, 1808, 2423, 2055, 3842, 1293, 1669], [3454, 1666, 1620, 1908, 1379, 1612, 2867, 4333], [1603, 3329, 2850, 3455, 895, 1373, 1467, 3587], [3465, 3095, 3456, 3890, 3504, 3390, 3878, 712], [3457, 3909, 970, 4064, 1492, 1504, 1377, 2743], [1816, 1763, 3459, 1515, 3427, 4388, 1735, 1460], [1825, 3887, 654, 135, 2051, 2114, 4347, 1293], [3464, 4395, 3079, 2830, 2010, 1057, 2131, 4364], [3794, 3792, 3797, 2010, 2830, 1297, 2214, 1803], [2010, 2214, 834, 748, 998, 1872, 1803, 1805], [3467, 2381, 2185, 2275, 3165, 1998, 4203, 787], [1129, 3470, 787, 3468, 3080, 4716, 4175, 4463], [3472, 3329, 2820, 3250, 2782, 2641, 2614, 3028], [3473, 4295, 3229, 3075, 2878, 5159, 2921, 1899], [4659, 2871, 3475, 931, 3474, 3091, 3224, 4641], [3475, 4137, 4133, 1808, 4126, 2625, 3513, 1426], [4104, 2168, 4133, 4116, 3920, 4388, 1996, 3964], [2059, 4113, 2568, 1180, 3031, 3329, 4260, 2934], [4539, 2606, 1640, 3939, 2165, 1994, 4189, 2965], [3475, 3800, 3868, 3858, 2951, 3991, 4686, 1119], [4113, 3973, 2059, 1574, 1632, 3296, 2568, 4386], [3487, 1686, 3939, 3920, 2718, 3514, 2125, 2055], [4741, 4248, 3351, 3868, 3964, 3489, 3514, 4634], [4589, 3868, 4582, 3492, 1564, 3858, 2828, 3988], [3493, 4133, 4419, 1564, 2168, 704, 3611, 4104], [3800, 3868, 4741, 1808, 3903, 4589, 1435, 3475], [3498, 3964, 3991, 4325, 2340, 3868, 2828, 2716], [3499, 1808, 2716, 3351, 3205, 4388, 1003, 3858], [723, 3329, 2207, 2147, 2547, 1197, 3376, 2918], [2405, 2558, 4170, 3294, 3338, 1996, 3332, 1955], [3858, 3478, 3868, 4634, 3893, 2716, 4589, 2185], [3507, 1979, 2935, 2928, 3508, 3920, 2696, 4741], [1686, 2563, 4741, 3508, 1612, 2967, 4116, 3903], [3858, 2185, 4481, 1808, 2687, 4064, 1460, 1998], [3858, 3513, 3475, 3514, 4647, 2687, 4137, 1808], [3332, 3733, 2340, 2614, 2563, 3950, 2516, 3338]]}, "num_translations": 1, "text_top1": 0.18181818181818182, "text_top5": 0.4318181818181818, "text_top10": 0.45454545454545453}