{"num_src_sents": 222, "luca_siliusItalicus_claudius_1842": {"tgt_lang": "fr", "transl_top1": 0.3333333333333333, "transl_top5": 0.536036036036036, "transl_top10": 0.5990990990990991, "num_nulls": 0, "num_tgt_sents": 20880}, "num_translations": 1, "text_top1": 0.3333333333333333, "text_top5": 0.536036036036036, "text_top10": 0.5990990990990991}