{"num_src_sents": 300, "plutarch_4_1908": {"tgt_lang": "en", "transl_top1": 0.006666666666666667, "transl_top5": 0.05, "transl_top10": 0.09, "num_nulls": 0, "num_tgt_sents": 13066}, "plutarch_nd": {"tgt_lang": "de", "transl_top1": 0.36, "transl_top5": 0.5833333333333334, "transl_top10": 0.64, "num_nulls": 0, "num_tgt_sents": 10643}, "plutarch_3_1908": {"tgt_lang": "en", "transl_top1": 0.5466666666666666, "transl_top5": 0.74, "transl_top10": 0.8533333333333334, "num_nulls": 0, "num_tgt_sents": 6633}, "num_translations": 3, "text_top1": 0.3044444444444444, "text_top5": 0.4577777777777778, "text_top10": 0.5277777777777778}