{"num_src_sents": 72, "demosthenes_aeschynes_1861": {"tgt_lang": "fr", "transl_top1": 0.027777777777777776, "transl_top5": 0.027777777777777776, "transl_top10": 0.027777777777777776, "num_nulls": 0, "num_tgt_sents": 36182}, "demosthenes_2_1861": {"tgt_lang": "fr", "transl_top1": 0.027777777777777776, "transl_top5": 0.09722222222222222, "transl_top10": 0.16666666666666666, "num_nulls": 0, "num_tgt_sents": 2969}, "demosthenes_1_1863": {"tgt_lang": "fr", "transl_top1": 0.05555555555555555, "transl_top5": 0.16666666666666666, "transl_top10": 0.2777777777777778, "num_nulls": 0, "num_tgt_sents": 3406}, "num_translations": 3, "text_top1": 0.037037037037037035, "text_top5": 0.09722222222222221, "text_top10": 0.1574074074074074}