{"num_src_sents": 28, "isocrates_1835_5": {"tgt_lang": "de", "transl_top1": 0.07142857142857142, "transl_top5": 0.2857142857142857, "transl_top10": 0.39285714285714285, "num_nulls": 0, "num_tgt_sents": 4051}, "isocrates_1832_1": {"tgt_lang": "de", "transl_top1": 0.0, "transl_top5": 0.07142857142857142, "transl_top10": 0.17857142857142858, "num_nulls": 0, "num_tgt_sents": 3528}, "num_translations": 2, "text_top1": 0.03571428571428571, "text_top5": 0.17857142857142855, "text_top10": 0.2857142857142857}