{"num_src_sents": 290, "plutarch_5_1844": {"tgt_lang": "fr", "transl_top1": 0.013793103448275862, "transl_top5": 0.04827586206896552, "transl_top10": 0.07586206896551724, "num_nulls": 0, "num_tgt_sents": 5916}, "plutarch_4_1844": {"tgt_lang": "fr", "transl_top1": 0.35172413793103446, "transl_top5": 0.593103448275862, "transl_top10": 0.6758620689655173, "num_nulls": 0, "num_tgt_sents": 6665}, "num_translations": 2, "text_top1": 0.18275862068965515, "text_top5": 0.32068965517241377, "text_top10": 0.37586206896551727}