{"num_src_sents": 218, "cicero_1855-1893_9": {"tgt_lang": "de", "transl_top1": 0.009174311926605505, "transl_top5": 0.05963302752293578, "transl_top10": 0.08256880733944955, "num_nulls": 0, "num_tgt_sents": 5238}, "cicero_1855-1893_10": {"tgt_lang": "de", "transl_top1": 0.6284403669724771, "transl_top5": 0.8165137614678899, "transl_top10": 0.8807339449541285, "num_nulls": 0, "num_tgt_sents": 6044}, "num_translations": 2, "text_top1": 0.3188073394495413, "text_top5": 0.4380733944954128, "text_top10": 0.481651376146789}