{"num_src_sents": 14, "lysias_1856": {"tgt_lang": "de", "transl_top1": 0.14285714285714285, "transl_top5": 0.6428571428571429, "transl_top10": 0.7142857142857143, "num_nulls": 0, "num_tgt_sents": 5319, "retrieval_preds": [[3858, 4189, 2716, 3937, 2630, 2578, 1808, 4548], [2720, 1003, 3537, 4032, 3858, 4028, 1994, 1188], [2732, 2125, 1996, 2722, 2141, 4551, 4042, 4095], [3613, 1410, 2614, 2433, 2034, 4242, 2482, 3192], [2723, 1527, 4163, 2725, 2578, 765, 2169, 2801], [2725, 2324, 2168, 2416, 2643, 4192, 2292, 2223], [2727, 3351, 2628, 2928, 554, 2165, 3991, 3556], [2729, 4741, 2731, 4388, 3779, 3920, 3763, 4010], [3858, 4388, 2731, 4104, 2735, 1808, 4116, 1998], [2735, 3858, 2716, 4582, 2736, 4388, 4104, 2399], [2738, 3937, 2687, 2945, 4589, 1808, 2063, 4536], [4109, 2740, 2233, 546, 599, 4685, 2563, 3379], [2741, 1808, 4189, 4325, 4389, 4018, 4720, 2578], [2743, 4678, 2340, 3442, 2738, 2879, 652, 2558]]}, "num_translations": 1, "text_top1": 0.14285714285714285, "text_top5": 0.6428571428571429, "text_top10": 0.7142857142857143}