{"num_src_sents": 127, "philo_4_1855": {"tgt_lang": "en", "transl_top1": 0.031496062992125984, "transl_top5": 0.08661417322834646, "transl_top10": 0.11811023622047244, "num_nulls": 0, "num_tgt_sents": 7517, "retrieval_preds": [[256, 3767, 4883, 3772, 679, 2461, 4170, 3596], [7369, 734, 1935, 6527, 6450, 7370, 6893, 7437], [4530, 4940, 5772, 4199, 1561, 5924, 1830, 4086], [3358, 5519, 5806, 5818, 347, 2272, 1378, 5810], [98, 2703, 2702, 1043, 310, 5109, 5111, 4545], [285, 5339, 3286, 1915, 584, 4605, 4063, 4979], [1673, 4585, 1503, 4781, 4009, 2638, 3321, 4728], [269, 5444, 1345, 294, 124, 2685, 21, 2393], [2393, 578, 3655, 4244, 4456, 1613, 5444, 1150], [388, 2314, 2128, 4160, 3120, 4158, 3250, 135], [7369, 7252, 6392, 6634, 6893, 6013, 7236, 7400], [4167, 6094, 3320, 3395, 2219, 6266, 4936, 3442], [4373, 1402, 997, 4999, 5256, 239, 2232, 1159], [4394, 1735, 4441, 4820, 3626, 4544, 5355, 239], [4076, 808, 5091, 5090, 2390, 575, 548, 1699], [4166, 4836, 394, 2320, 4013, 666, 2448, 347], [2554, 2039, 5399, 862, 3397, 724, 2510, 915], [2699, 3458, 3806, 6767, 4101, 1467, 4928, 3588], [364, 420, 430, 449, 494, 508, 1364, 2290], [5551, 5027, 5198, 5283, 5352, 4823, 5072, 4966], [364, 420, 430, 449, 494, 508, 1364, 2290], [4680, 2437, 3508, 649, 1896, 4915, 4007, 4581], [5756, 3890, 12, 581, 582, 3571, 2884, 6692], [4166, 1351, 2286, 360, 295, 2031, 3423, 5789], [4166, 483, 2680, 5210, 4960, 5095, 194, 3277], [4357, 3804, 1967, 4567, 1905, 4647, 4866, 7107], [2122, 4363, 591, 592, 3464, 4287, 2147, 4634], [2124, 1383, 2740, 1141, 1231, 1345, 1309, 45], [2126, 2703, 3130, 2850, 2978, 4667, 5490, 4168], [2128, 156, 2167, 3119, 2127, 1039, 138, 2057], [2177, 1926, 4835, 2544, 5181, 2130, 4891, 5609], [6139, 5843, 1868, 2971, 6890, 3748, 6044, 6975], [2738, 5495, 2774, 3119, 65, 172, 1401, 138], [137, 2781, 1417, 294, 2662, 45, 138, 2777], [460, 5657, 5560, 5659, 4826, 5983, 5933, 4635], [2141, 4846, 2984, 4818, 4170, 3510, 4884, 4872], [7369, 6791, 755, 7236, 6139, 6164, 7152, 6890], [2072, 2851, 3294, 491, 240, 2233, 686, 2468], [1549, 214, 5198, 4668, 5090, 4166, 5728, 930], [4541, 3045, 3634, 4816, 3809, 347, 2272, 5], [1954, 4949, 4489, 4403, 2783, 902, 1506, 908], [4380, 4828, 4611, 4884, 3776, 3596, 3236, 4492], [4280, 4201, 2243, 316, 4287, 4211, 246, 2239], [4102, 4835, 2250, 5102, 4645, 4872, 5621, 4807], [4568, 7161, 5122, 3365, 7043, 7310, 4956, 5336], [5551, 2163, 5433, 3508, 534, 5351, 4425, 3190], [5573, 2141, 4616, 4921, 5570, 4099, 4882, 5614], [6780, 3448, 1868, 7465, 6174, 716, 1015, 1405], [285, 4599, 215, 719, 2503, 4701, 5091, 2870], [5450, 309, 5208, 2870, 1543, 219, 5611, 1917], [385, 2311, 5302, 5362, 3455, 2535, 4809, 5115], [2155, 398, 3157, 316, 2243, 3235, 844, 240], [3763, 2393, 578, 320, 2246, 3450, 4570, 2781], [4418, 3506, 4268, 4103, 3458, 5819, 4595, 5693], [2039, 2554, 3397, 1290, 724, 2510, 5721, 5399], [3817, 3822, 4074, 3050, 4378, 3895, 3166, 3652], [5351, 3008, 3812, 5421, 5688, 3181, 3778, 3190], [4586, 310, 4007, 4774, 4901, 3801, 5061, 4350], [2205, 895, 347, 2272, 549, 1652, 5353, 3462], [5968, 6015, 5157, 4952, 3199, 5663, 766, 130], [385, 2311, 5679, 3626, 176, 3055, 2928, 4821], [2122, 656, 660, 1424, 627, 657, 1709, 2766], [4831, 968, 1502, 1676, 1039, 3868, 4579, 4572], [7377, 6818, 7369, 7103, 6195, 6199, 6240, 487], [1963, 1414, 2699, 844, 3609, 2566, 35, 3571], [3114, 4715, 4828, 4209, 3314, 666, 2448, 4836], [3181, 5906, 4209, 2983, 3778, 4923, 4915, 2522], [3508, 5090, 4809, 2820, 3938, 908, 902, 142], [5276, 299, 686, 2468, 616, 2410, 561, 2376], [4790, 2870, 3832, 1136, 4364, 1133, 4541, 4892], [4082, 1741, 1703, 817, 2718, 2834, 5519, 613], [4512, 4953, 1553, 1702, 165, 4794, 5145, 3464], [3496, 5091, 668, 2450, 3305, 3976, 3864, 4103], [5111, 1501, 1234, 40, 2749, 2701, 1041, 1157], [2749, 827, 2083, 1234, 2664, 1167, 5495, 2774], [4642, 3130, 4901, 3129, 7224, 3175, 4048, 3160], [1844, 4949, 2121, 131, 902, 948, 5585, 3083], [3842, 4453, 2156, 3107, 405, 3790, 5279, 4216], [1370, 65, 5748, 1522, 81, 310, 5737, 1932], [4248, 5044, 5362, 5608, 3799, 4826, 5221, 3657], [5289, 4866, 4642, 2190, 4244, 3386, 4381, 3563], [5433, 16, 81, 5839, 5421, 309, 5208, 2662], [4828, 5175, 5105, 4645, 305, 3243, 3755, 1400], [780, 5679, 874, 3267, 3166, 5164, 1017, 3012], [2789, 4068, 2861, 1270, 974, 654, 3498, 591], [5184, 178, 4570, 898, 2994, 4651, 2831, 2126], [2076, 5918, 4879, 5182, 2190, 4723, 1845, 5916], [3462, 687, 2469, 2615, 4408, 2661, 4166, 1683], [2167, 4949, 1911, 2062, 2767, 131, 2778, 1115], [5396, 3190, 5412, 3488, 4201, 2535, 3561, 4570], [7300, 6206, 1906, 1748, 6139, 1695, 1868, 1935], [3498, 4642, 4866, 2155, 480, 5779, 2367, 4244], [3699, 2250, 3736, 2755, 3801, 1092, 3559, 4373], [7377, 6818, 6422, 6699, 6911, 7465, 6882, 7397], [1237, 2870, 2795, 2725, 1039, 21, 2778, 2551], [4013, 5351, 4456, 4185, 4583, 2621, 5631, 4572], [7313, 6195, 6199, 426, 1002, 1399, 2372, 7252], [4637, 6123, 6156, 6332, 6240, 6336, 6984, 1695], [316, 2243, 4425, 433, 2329, 2820, 4253, 4828], [3508, 5421, 272, 4038, 4156, 908, 152, 2123], [7061, 2204, 4751, 5019, 5860, 2175, 4542, 3792], [5374, 3769, 4398, 4777, 429, 5114, 5390, 3243], [1311, 4167, 5621, 5055, 687, 2469, 4511, 5758], [4242, 3179, 5969, 4630, 4156, 4846, 4726, 4921], [7369, 6791, 755, 7236, 6139, 6164, 7152, 6890], [6269, 4165, 6901, 7510, 6266, 2192, 5934, 7033], [1868, 4637, 6123, 7419, 1906, 1878, 1748, 1695], [926, 2699, 7304, 3609, 5030, 5198, 5718, 5535], [5724, 3443, 719, 2503, 5419, 245, 2238, 2624], [4348, 6000, 5654, 4478, 4041, 5661, 1585, 2024], [4882, 230, 2223, 6192, 6102, 5236, 4170, 1796], [7236, 6038, 1935, 7369, 6336, 1919, 7357, 6045], [2732, 1181, 2621, 3357, 5982, 218, 5588, 5994], [3446, 4812, 260, 2735, 5026, 1977, 4892, 4364], [4373, 2121, 399, 1309, 20, 172, 277, 3099], [2085, 5760, 3526, 739, 4528, 1000, 1213, 5389], [1868, 6780, 716, 1015, 1405, 2394, 734, 1546], [5106, 5099, 4828, 574, 2389, 2680, 2190, 5707], [5739, 5760, 5738, 5761, 5742, 3870, 4167, 5488], [5660, 775, 130, 5102, 766, 2076, 4879, 902], [2505, 3502, 721, 201, 1697, 3179, 4160, 3796], [4807, 4571, 1874, 5081, 3545, 1924, 4565, 4691], [3315, 1658, 5361, 2002, 1797, 1268, 3976, 908], [4518, 4585, 4728, 4513, 4517, 4510, 4350, 4781], [4710, 1310, 4646, 3684, 3518, 4167, 5154, 4202], [4554, 2071, 293, 2833, 5823, 1583, 4157, 1146], [3345, 1602, 2696, 5441, 1462, 369, 2295, 1162]]}, "philo_1_1854": {"tgt_lang": "en", "transl_top1": 0.49606299212598426, "transl_top5": 0.6771653543307087, "transl_top10": 0.7401574803149606, "num_nulls": 0, "num_tgt_sents": 8507,