{"num_src_sents": 164, "plutarch_4_1844": {"tgt_lang": "fr", "transl_top1": 0.23170731707317074, "transl_top5": 0.3902439024390244, "transl_top10": 0.4878048780487805, "num_nulls": 0, "num_tgt_sents": 6665}, "plutarch_5_1844": {"tgt_lang": "fr", "transl_top1": 0.03048780487804878, "transl_top5": 0.07926829268292683, "transl_top10": 0.14634146341463414, "num_nulls": 0, "num_tgt_sents": 5916}, "num_translations": 2, "text_top1": 0.13109756097560976, "text_top5": 0.23475609756097562, "text_top10": 0.3170731707317073}