{"num_src_sents": 57, "demosthenes_1856_1": {"tgt_lang": "de", "transl_top1": 0.14035087719298245, "transl_top5": 0.22807017543859648, "transl_top10": 0.2807017543859649, "num_nulls": 0, "num_tgt_sents": 4305}, "demosthenes_aeschynes_1861": {"tgt_lang": "fr", "transl_top1": 0.0, "transl_top5": 0.05263157894736842, "transl_top10": 0.07017543859649122, "num_nulls": 0, "num_tgt_sents": 36182}, "demosthenes_2_1861": {"tgt_lang": "fr", "transl_top1": 0.12280701754385964, "transl_top5": 0.3333333333333333, "transl_top10": 0.38596491228070173, "num_nulls": 0, "num_tgt_sents": 2969}, "demosthenes_1_1863": {"tgt_lang": "fr", "transl_top1": 0.03508771929824561, "transl_top5": 0.07017543859649122, "transl_top10": 0.10526315789473684, "num_nulls": 0, "num_tgt_sents": 3406}, "num_translations": 4, "text_top1": 0.07456140350877193, "text_top5": 0.17105263157894735, "text_top10": 0.21052631578947367}