{"num_src_sents": 2857, "plato_3_1826": {"tgt_lang": "fr", "transl_top1": 0.0168008400420021, "transl_top5": 0.03080154007700385, "transl_top10": 0.04060203010150507, "num_nulls": 3, "num_tgt_sents": 3903}, "plato_1_1848": {"tgt_lang": "en", "transl_top1": 0.25726286314315716, "transl_top5": 0.4567728386419321, "transl_top10": 0.4977248862443122, "num_nulls": 3, "num_tgt_sents": 12817}, "plato_1855-1903_2": {"tgt_lang": "de", "transl_top1": 0.0010500525026251313, "transl_top5": 0.007000350017500875, "transl_top10": 0.01855092754637732, "num_nulls": 0, "num_tgt_sents": 6411}, "plato_1855-1903_4": {"tgt_lang": "de", "transl_top1": 0.0035001750087504373, "transl_top5": 0.012250612530626532, "transl_top10": 0.017150857542877145, "num_nulls": 0, "num_tgt_sents": 7126}, "plato_5_1852": {"tgt_lang": "en", "transl_top1": 0.004900245012250612, "transl_top5": 0.013650682534126707, "transl_top10": 0.028701435071753587, "num_nulls": 0, "num_tgt_sents": 8721}, "plato_1855-1903_1": {"tgt_lang": "de", "transl_top1": 0.002450122506125306, "transl_top5": 0.008050402520126006, "transl_top10": 0.013300665033251663, "num_nulls": 0, "num_tgt_sents": 3965}, "plato_1855-1903_3": {"tgt_lang": "de", "transl_top1": 0.03255162758137907, "transl_top5": 0.052502625131256565, "transl_top10": 0.06825341267063353, "num_nulls": 0, "num_tgt_sents": 7777}, "plato_2_1849": {"tgt_lang": "en", "transl_top1": 0.011900595029751488, "transl_top5": 0.02975148757437872, "transl_top10": 0.05810290514525726, "num_nulls": 0, "num_tgt_sents": 9568}, "plato_1_1846": {"tgt_lang": "fr", "transl_top1": 0.0017500875043752187, "transl_top5": 0.005950297514875744, "transl_top10": 0.012250612530626532, "num_nulls": 5, "num_tgt_sents": 3203}, "plato_6_1854": {"tgt_lang": "en", "transl_top1": 0.004550227511375569, "transl_top5": 0.010150507525376268, "transl_top10": 0.016100805040252013, "num_nulls": 0, "num_tgt_sents": 9064}, "plato_1864": {"tgt_lang": "en", "transl_top1": 0.2982149107455373, "transl_top5": 0.4256212810640532, "transl_top10": 0.5666783339166959, "num_nulls": 4, "num_tgt_sents": 4272}, "plato_3_1850": {"tgt_lang": "en", "transl_top1": 0.0035001750087504373, "transl_top5": 0.028701435071753587, "transl_top10": 0.03640182009100455, "num_nulls": 0, "num_tgt_sents": 13689}, "num_translations": 15, "text_top1": 0.04256212810640533, "text_top5": 0.07208027068020068, "text_top10": 0.0915879127289698}