{"num_src_sents": 530, "plutarch_1_1844": {"tgt_lang": "fr", "transl_top1": 0.009433962264150943, "transl_top5": 0.03773584905660377, "transl_top10": 0.06792452830188679, "num_nulls": 0, "num_tgt_sents": 8121}, "plutarch_2_1844": {"tgt_lang": "fr", "transl_top1": 0.43018867924528303, "transl_top5": 0.6056603773584905, "transl_top10": 0.7169811320754716, "num_nulls": 0, "num_tgt_sents": 7523}, "num_translations": 2, "text_top1": 0.219811320754717, "text_top5": 0.32169811320754715, "text_top10": 0.3924528301886792}