{"num_src_sents": 17, "isocrates_1835_5": {"tgt_lang": "de", "transl_top1": 0.11764705882352941, "transl_top5": 0.35294117647058826, "transl_top10": 0.47058823529411764, "num_nulls": 0, "num_tgt_sents": 4051}, "isocrates_1832_1": {"tgt_lang": "de", "transl_top1": 0.058823529411764705, "transl_top5": 0.23529411764705882, "transl_top10": 0.29411764705882354, "num_nulls": 0, "num_tgt_sents": 3528}, "num_translations": 2, "text_top1": 0.08823529411764705, "text_top5": 0.29411764705882354, "text_top10": 0.38235294117647056}