{"num_src_sents": 375, "luciusSamosata_1_1869": {"tgt_lang": "fr", "transl_top1": 0.21066666666666667, "transl_top5": 0.3466666666666667, "transl_top10": 0.4026666666666667, "num_nulls": 0, "num_tgt_sents": 14187, "retrieval_preds": [[5508, 13846, 506, 7861, 9855, 5791, 11576, 8491], [5462, 5974, 14003, 13660, 5772, 2766, 3562, 1517], [3775, 13592, 4033, 745, 10389, 1015, 1765, 6327], [3602, 5188, 5301, 5457, 7570, 11980, 5428, 1917], [3335, 7886, 481, 10529, 12902, 4063, 9907, 9450], [864, 14003, 3240, 871, 13760, 4051, 5919, 13996], [6089, 3784, 3504, 8052, 3506, 5468, 4366, 1171], [3304, 2179, 1121, 5635, 5472, 722, 3120, 5338], [5919, 4795, 11585, 1553, 10630, 5754, 11354, 7475], [11187, 1520, 6284, 10696, 6012, 2877, 5245, 12733], [8150, 2488, 6715, 7931, 13521, 8032, 3580, 12362], [335, 8205, 5944, 9203, 1097, 9930, 8270, 643], [3980, 9801, 7009, 5794, 5772, 3735, 3368, 940], [235, 257, 12857, 426, 1595, 8237, 10955, 8885], [5665, 7642, 13414, 36, 7009, 1169, 13362, 10485], [5559, 1171, 12253, 4365, 3431, 3784, 11979, 12224], [6363, 3249, 6353, 8696, 2533, 3195, 5065, 12414], [5481, 12017, 7138, 2272, 9986, 14137, 5834, 9980], [13387, 678, 1048, 3750, 6142, 10969, 13994, 3452], [7205, 3520, 12093, 3835, 12095, 3841, 1079, 2995], [10092, 4328, 7838, 3498, 12339, 13853, 11635, 6353], [8096, 2305, 6404, 8148, 1896, 9079, 506, 3832], [9740, 8476, 11989, 5490, 9598, 8234, 9610, 13782], [8223, 1561, 1939, 2264, 1453, 4619, 1418, 13814], [6126, 788, 11490, 6745, 574, 3051, 506, 6551], [5269, 5494, 7597, 14078, 13988, 1007, 4050, 3134], [5495, 8855, 7981, 13717, 13586, 11099, 5295, 1722], [12209, 662, 4950, 3766, 3676, 2744, 1574, 1393], [10389, 1765, 3039, 8268, 3352, 3601, 6214, 10426], [2587, 5497, 14053, 14003, 2039, 2973, 12200, 1253], [4837, 10357, 10744, 10655, 8473, 10377, 909, 1644], [539, 12247, 6633, 13996, 4204, 9101, 7540, 6583], [10960, 1338, 4426, 5541, 10463, 13598, 10936, 9117], [5508, 5826, 5507, 7805, 14054, 6930, 775, 506], [1317, 1338, 2575, 2253, 3495, 6123, 8221, 10988], [4451, 5512, 4896, 5570, 11343, 10156, 3213, 13559], [3171, 4981, 3502, 5965, 6481, 6280, 6290, 5513], [12815, 13121, 11148, 9070, 5881, 9589, 10035, 9594], [6926, 6123, 5516, 14054, 2971, 8148, 10988, 5888], [4928, 3281, 8953, 5517, 14183, 13844, 11102, 4585], [744, 6018, 2963, 5456, 3778, 5611, 2968, 3272], [10655, 6834, 6323, 5012, 4837, 5519, 7988, 583], [14167, 96, 110, 10397, 8257, 575, 7615, 355], [8477, 2958, 10482, 7238, 5521, 4316, 4718, 10655], [5522, 5888, 7615, 10960, 7673, 7804, 3495, 5507], [2181, 2187, 6839, 13844, 10936, 7615, 4273, 1851], [8141, 4382, 5826, 8308, 7513, 11938, 8377, 11141], [711, 1451, 1885, 13632, 7996, 10936, 850, 7615], [7211, 5529, 3366, 4621, 13670, 9301, 8212, 7786], [5826, 5516, 5508, 11009, 13843, 506, 1485, 7478], [5538, 11617, 6828, 4089, 14080, 5151, 8151, 5918], [5775, 5539, 7885, 5890, 5742, 8019, 5840, 7829], [8225, 4186, 1045, 2259, 5541, 10658, 3689, 13994], [7248, 8267, 9017, 3207, 7801, 8191, 4022, 5865], [5546, 5548, 10730, 10960, 7285, 7373, 10958, 914], [513, 5548, 5549, 508, 11898, 5552, 5826, 10755], [1381, 5550, 3348, 4308, 295, 6123, 5778, 2227], [5861, 5558, 8961, 10650, 5419, 642, 10700, 10386], [5552, 7615, 10627, 146, 5504, 10390, 10960, 10533], [2305, 10818, 1723, 6926, 8145, 10960, 11023, 2259], [5988, 5555, 8150, 7799, 7863, 8192, 5567, 5927], [5556, 12652, 914, 5901, 10750, 7238, 13620, 10741], [3900, 5974, 14003, 4023, 1089, 7373, 5935, 10386], [3508, 4453, 10912, 418, 13834, 5717, 253, 10285], [5559, 4365, 3881, 5301, 6075, 7833, 1493, 2473], [2458, 2121, 2342, 6433, 4622, 7522, 14158, 1366], [8491, 5561, 4288, 10960, 11288, 7804, 4365, 7884], [6394, 9214, 6782, 7719, 6661, 1239, 2037, 12462], [8696, 565, 5564, 7889, 4143, 6673, 5563, 6661], [5565, 4134, 13947, 9301, 10616, 11030, 7211, 2631], [5927, 3321, 6124, 8490, 8311, 4564, 5555, 8340], [6834, 12049, 10704, 10261, 2397, 454, 2107, 12379], [10969, 5730, 5644, 4453, 4955, 1029, 3238, 6408], [13835, 1562, 4102, 10027, 4308, 3084, 10626, 12362], [5572, 8045, 8217, 8404, 8164, 8205, 5411, 5426], [10227, 9450, 7438, 13443, 2630, 10352, 231, 5815], [12257, 6385, 10524, 12987, 12684, 5574, 9595, 5035], [1317, 2455, 7910, 12007, 459, 5578, 9245, 12119], [2157, 2158, 10065, 1690, 3739, 4245, 4064, 7282], [6926, 5529, 9163, 8308, 13520, 775, 11141, 8109], [5584, 7286, 1317, 5821, 7396, 5826, 13843, 8141], [11141, 6995, 4382, 8642, 2455, 5863, 14136, 13847], [11004, 8885, 2079, 10681, 7832, 8370, 10514, 1568], [5589, 8997, 13631, 5549, 3684, 2455, 7798, 7211], [5591, 12199, 14163, 3563, 7438, 7149, 4469, 7373], [7498, 5594, 9610, 9525, 4487, 210, 6582, 9450], [5596, 429, 2439, 7829, 2434, 12564, 7582, 12635], [5894, 4152, 3268, 5599, 7670, 13955, 3280, 2889], [4363, 13943, 4410, 967, 9227, 10902, 13614, 13330], [5603, 8205, 8177, 8164, 4947, 8270, 5996, 8045], [3171, 5179, 2093, 2915, 3086, 5965, 5590, 7558], [11700, 13331, 9187, 9826, 13439, 6883, 3006, 1668], [5606, 5775, 5539, 8019, 5890, 7861, 7614, 5840], [5212, 5607, 4034, 2110, 1438, 7503, 11438, 5697], [1908, 13493, 5158, 13960, 13632, 1655, 5607, 10363], [5609, 6221, 3502, 6555, 13032, 4657, 6809, 4624], [4412, 1438, 6834, 5012, 2877, 5910, 1908, 8473], [5611, 11857, 2587, 7570, 2845, 7915, 2651, 1374], [6123, 7828, 8444, 7804, 6926, 5508, 5826, 5516], [8439, 7804, 11571, 508, 7828, 7881, 646, 284], [5921, 5584, 5623, 13713, 13287, 4518, 13346, 190], [747, 11603, 493, 4836, 2995, 9456, 7881, 1491], [2110, 14159, 5691, 4412, 1438, 993, 8104, 7503], [9424, 536, 10260, 7035, 5625, 5925, 3898, 11460], [4258, 565, 2953, 6127, 10951, 5626, 5613, 2993], [8217, 8177, 8099, 8205, 8311, 8404, 8258, 13791], [11619, 5090, 6872, 1717, 12419, 6301, 622, 5633], [10665, 8281, 5666, 5694, 8378, 10960, 7123, 10366], [8404, 5614, 5627, 5648, 5658, 5701, 5711, 5759], [6123, 6119, 8444, 7804, 3710, 6926, 11445, 8873], [14003, 5237, 13996, 3122, 5902, 4598, 7821, 5188], [5744, 5927, 5752, 8288, 5593, 8340, 11445, 8143], [5639, 5840, 7672, 6916, 8142, 5694, 7811, 5939], [7697, 5935, 5874, 8182, 5546, 8010, 13218, 4130], [5593, 7669, 8140, 2942, 5927, 1184, 9102, 8819], [6123, 5927, 5555, 10658, 6926, 5644, 1381, 7828], [5411, 5634, 6124, 8404, 5988, 5421, 3321, 1145], [12795, 4657, 1041, 4121, 7964, 4316, 10197, 3921], [5649, 10386, 3382, 7508, 5694, 5976, 1136, 1139], [7351, 5649, 7638, 4396, 13421, 12815, 11739, 5782], [5179, 12254, 10982, 5812, 5730, 3713, 3750, 7321], [6245, 3321, 5894, 7615, 8258, 8217, 1184, 13864], [10990, 6052, 5812, 6119, 3682, 4256, 5798, 5403], [1438, 1852, 3662, 3967, 5317, 2630, 5691, 2550], [10658, 5657, 258, 8711, 5898, 1340, 12795, 3348], [7828, 5694, 5567, 7884, 5631, 5927, 8140, 8150], [4189, 7947, 2145, 1338, 5510, 117, 8978, 12742], [5694, 8476, 10960, 7884, 5567, 7664, 7863, 8279], [3562, 3917, 8579, 9183, 999, 7234, 10964, 231], [5614, 5627, 5643, 5648, 5658, 5701, 5711, 5759], [5669, 9092, 2555, 11564, 13501, 2318, 13847, 5508], [5772, 3614, 5635, 14003, 3476, 6074, 6483, 13593], [3710, 775, 7337, 1370, 13843, 12115, 12546, 11009], [12805, 2744, 11557, 5675, 3809, 5339, 11472, 4079], [5764, 5666, 10658, 2178, 3348, 6581, 3354, 10665], [3039, 9050, 5611, 5680, 4034, 6075, 13483, 6022], [5678, 360, 6124, 6952, 5677, 5634, 3441, 5773], [5890, 5680, 5775, 6930, 8059, 5606, 8019, 5539], [5682, 6717, 5512, 7155, 12366, 546, 5865, 7299], [5694, 10665, 5685, 5567, 5614, 5627, 5643, 5658], [5648, 5908, 5916, 5960, 6001, 5614, 5627, 5658], [6163, 3646, 3658, 12655, 12692, 3623, 1908, 6323], [2680, 9050, 3876, 6012, 5375, 3503, 3926, 2792], [3518, 5688, 3474, 3589, 3557, 3484, 7348, 7468], [8217, 5593, 5614, 5627, 5648, 5658, 5701, 5711], [6018, 12274, 5966, 5688, 5614, 5627, 5648, 5658], [1148, 993, 6540, 5691, 1438, 1096, 10651, 3582], [5693, 13757, 7730, 10795, 7531, 13832, 8460, 1453], [10616, 5694, 7373, 7521, 12661, 8725, 5751, 7408], [8192, 6124, 5648, 5908, 5916, 5960, 6001, 5614], [5069, 5697, 8446, 6050, 12655, 2110, 861, 1438], [5762, 3220, 11458, 4636, 1907, 1248, 8728, 