{"num_src_sents": 1026, "terence_1866": {"tgt_lang": "de", "transl_top1": 0.08771929824561403, "transl_top5": 0.14912280701754385, "transl_top10": 0.19005847953216373, "num_nulls": 0, "num_tgt_sents": 5170}, "terence_phaedrus_1891": {"tgt_lang": "en", "transl_top1": 0.44639376218323584, "transl_top5": 0.6072124756335283, "transl_top10": 0.6598440545808967, "num_nulls": 0, "num_tgt_sents": 15708}, "terence_1863": {"tgt_lang": "fr", "transl_top1": 0.2933723196881092, "transl_top5": 0.42787524366471735, "transl_top10": 0.4873294346978557, "num_nulls": 0, "num_tgt_sents": 12726}, "num_translations": 3, "text_top1": 0.27582846003898637, "text_top5": 0.39473684210526316, "text_top10": 0.4457439896036387}