{"num_src_sents": 418, "plutarch_1864-1867_14-20": {"tgt_lang": "de", "transl_top1": 0.0, "transl_top5": 0.03349282296650718, "transl_top10": 0.05502392344497608, "num_nulls": 0, "num_tgt_sents": 6866}, "plutarch_4_1908": {"tgt_lang": "en", "transl_top1": 0.007177033492822967, "transl_top5": 0.023923444976076555, "transl_top10": 0.05263157894736842, "num_nulls": 0, "num_tgt_sents": 13066}, "plutarch_3_1908": {"tgt_lang": "en", "transl_top1": 0.6148325358851675, "transl_top5": 0.8181818181818182, "transl_top10": 0.8947368421052632, "num_nulls": 0, "num_tgt_sents": 6633}, "plutarch_1855-1903_4": {"tgt_lang": "de", "transl_top1": 0.009569377990430622, "transl_top5": 0.04066985645933014, "transl_top10": 0.07416267942583732, "num_nulls": 0, "num_tgt_sents": 5144}, "plutarch_1855-1897_1": {"tgt_lang": "de", "transl_top1": 0.3253588516746411, "transl_top5": 0.5167464114832536, "transl_top10": 0.631578947368421, "num_nulls": 0, "num_tgt_sents": 7147}, "num_translations": 5, "text_top1": 0.19138755980861244, "text_top5": 0.2866028708133971, "text_top10": 0.3416267942583732}