{"num_src_sents": 219, "plato_6_1854": {"tgt_lang": "en", "transl_top1": 0.4703196347031963, "transl_top5": 0.6255707762557078, "transl_top10": 0.7123287671232876, "num_nulls": 0, "num_tgt_sents": 9064}, "plato_1_1848": {"tgt_lang": "en", "transl_top1": 0.0502283105022831, "transl_top5": 0.0593607305936073, "transl_top10": 0.1050228310502283, "num_nulls": 0, "num_tgt_sents": 12817}, "plato_2_1849": {"tgt_lang": "en", "transl_top1": 0.0319634703196347, "transl_top5": 0.0547945205479452, "transl_top10": 0.0776255707762557, "num_nulls": 0, "num_tgt_sents": 9568}, "plato_5_1852": {"tgt_lang": "en", "transl_top1": 0.045662100456621, "transl_top5": 0.0730593607305936, "transl_top10": 0.091324200913242, "num_nulls": 0, "num_tgt_sents": 8721}, "plato_3_1850": {"tgt_lang": "en", "transl_top1": 0.0091324200913242, "transl_top5": 0.0319634703196347, "transl_top10": 0.0684931506849315, "num_nulls": 0, "num_tgt_sents": 13689}, "num_translations": 5, "text_top1": 0.12146118721461187, "text_top5": 0.16894977168949774, "text_top10": 0.21095890410958903}