{"num_src_sents": 784, "plutarch_4_1844": {"tgt_lang": "fr", "transl_top1": 0.4247448979591837, "transl_top5": 0.6492346938775511, "transl_top10": 0.7283163265306123, "num_nulls": 0, "num_tgt_sents": 6665}, "plutarch_5_1844": {"tgt_lang": "fr", "transl_top1": 0.007653061224489796, "transl_top5": 0.030612244897959183, "transl_top10": 0.05357142857142857, "num_nulls": 0, "num_tgt_sents": 5916}, "num_translations": 2, "text_top1": 0.21619897959183673, "text_top5": 0.33992346938775514, "text_top10": 0.39094387755102045}