{"num_src_sents": 2639, "xenophon_2_1737": {"tgt_lang": "it", "transl_top1": 0.42743463433118606, "transl_top5": 0.6218264494126563, "transl_top10": 0.7063281546040167, "num_nulls": 1, "num_tgt_sents": 6092}, "xenophon_2_1872": {"tgt_lang": "fr", "transl_top1": 0.0007578628268283441, "transl_top5": 0.009473285335354301, "transl_top10": 0.01667298219022357, "num_nulls": 0, "num_tgt_sents": 10554}, "xenophon_2_1856": {"tgt_lang": "de", "transl_top1": 0.5297461159530125, "transl_top5": 0.722243273967412, "transl_top10": 0.7934823796892763, "num_nulls": 1, "num_tgt_sents": 8441}, "xenophon_3_1858": {"tgt_lang": "de", "transl_top1": 0.0015157256536566881, "transl_top5": 0.010610079575596816, "transl_top10": 0.023114816218264493, "num_nulls": 1, "num_tgt_sents": 5067}, "xenophon_1_1872": {"tgt_lang": "fr", "transl_top1": 0.3842364532019704, "transl_top5": 0.5498294808639637, "transl_top10": 0.6248579007199697, "num_nulls": 2, "num_tgt_sents": 11058}, "xenophon_1_1854": {"tgt_lang": "de", "transl_top1": 0.0022735884804850324, "transl_top5": 0.009473285335354301, "transl_top10": 0.01667298219022357, "num_nulls": 0, "num_tgt_sents": 7813}, "xenophon_1909": {"tgt_lang": "en", "transl_top1": 0.5888594164456233, "transl_top5": 0.7684729064039408, "transl_top10": 0.8416066691928761, "num_nulls": 0, "num_tgt_sents": 10845}, "num_translations": 7, "text_top1": 0.2764033995561089, "text_top5": 0.3845612515563255, "text_top10": 0.4318194121149786}