{"num_src_sents": 1437, "marcusAurelius_1921": {"tgt_lang": "fr", "transl_top1": 0.46346555323590816, "transl_top5": 0.6778009742519137, "transl_top10": 0.7682672233820459, "num_nulls": 1, "num_tgt_sents": 2736}, "Epictetus_MarcusAurelius_Theophrastus_1855-1891": {"tgt_lang": "de", "transl_top1": 0.33402922755741127, "transl_top5": 0.4906054279749478, "transl_top10": 0.5643702157272095, "num_nulls": 0, "num_tgt_sents": 5160}, "num_translations": 2, "text_top1": 0.39874739039665974, "text_top5": 0.5842032011134307, "text_top10": 0.6663187195546276}