{"num_src_sents": 29, "plutarch_1_1906": {"tgt_lang": "en", "transl_top1": 0.06896551724137931, "transl_top5": 0.1724137931034483, "transl_top10": 0.3103448275862069, "num_nulls": 0, "num_tgt_sents": 6800, "retrieval_preds": [[2617, 563, 3896, 1740, 1181, 1441, 25, 51], [1182, 2061, 1156, 1637, 4350, 5686, 1227, 5176], [1186, 2265, 5241, 6109, 4116, 902, 5078, 6680], [1188, 2508, 3540, 2594, 1599, 4792, 799, 3291], [1190, 1227, 4837, 1968, 4940, 1228, 5136, 902], [1193, 4835, 1450, 6317, 1528, 2493, 1210, 6355], [1156, 5854, 6014, 1637, 2061, 1227, 2473, 293], [1198, 6105, 4088, 4331, 2190, 6742, 2578, 2046], [3291, 1832, 1849, 2931, 1201, 6633, 2909, 1708], [1201, 1218, 859, 6509, 1927, 2060, 1874, 2909], [1203, 5714, 4773, 1163, 51, 2388, 6765, 4692], [1156, 5825, 4429, 5854, 4338, 5859, 4651, 2459], [2473, 6336, 1465, 2245, 1962, 1460, 2441, 1779], [1210, 1889, 2593, 6250, 6045, 2429, 3598, 461], [1211, 2745, 790, 763, 1188, 2428, 1974, 3540], [1215, 2364, 999, 2308, 4095, 358, 6095, 1839], [1217, 1215, 3555, 3625, 3096, 1234, 1218, 4085], [1221, 4960, 4530, 701, 6341, 1227, 5544, 2324], [1968, 2459, 5307, 5599, 2061, 5273, 6315, 1460], [3461, 5736, 1195, 1226, 583, 5711, 787, 2477], [1227, 1228, 358, 2285, 3527, 306, 4117, 560], [2976, 3007, 4488, 1003, 3635, 1893, 3802, 1644], [1217, 4350, 5511, 5487, 1260, 1341, 5386, 6565], [3865, 1129, 6411, 6534, 1852, 1483, 6250, 1963], [1233, 2141, 1217, 1232, 2144, 1156, 1234, 2914], [1202, 1120, 4103, 4997, 1240, 4381, 6638, 3577], [1234, 425, 4940, 4085, 358, 4251, 4116, 4294], [1235, 6725, 6316, 2061, 3253, 4429, 3438, 6315], [1237, 2061, 2721, 1779, 623, 6725, 6662, 1152]]}, "plutarch_2_1908": {"tgt_lang": "en", "transl_top1": 0.10344827586206896, "transl_top5": 0.20689655172413793, "transl_top10": 0.20689655172413793, "num_nulls": 0, "num_tgt_sents": 5773, "retrieval_preds": [[1062, 3902, 5767, 3198, 1612, 4978, 1778, 2274], [2409, 691, 2319, 3538, 4396, 5024, 1764, 1314], [2665, 3665, 2611, 1229, 2508, 368, 4738, 5393], [2866, 758, 885, 2426, 3234, 4713, 5560, 875], [5720, 4344, 3133, 5143, 271, 1226, 1288, 5583], [5767, 1578, 5559, 2987, 3027, 8, 2627, 141], [633, 1764, 2155, 1747, 4658, 674, 104, 2610], [1510, 5084, 4825, 3684, 2499, 4991, 3715, 1700], [3855, 2133, 4060, 428, 5767, 527, 1730, 972], [736, 4508, 963, 2293, 3708, 1730, 1841, 885], [1730, 3449, 968, 5496, 1724, 2424, 5604, 5335], [4707, 3567, 3343, 2288, 3975, 4061, 4576, 5644], [1764, 3890, 3567, 1573, 633, 213, 356, 2627], [5182, 427, 87, 4408, 4583, 3109, 965, 1090], [1732, 527, 989, 2887, 3711, 1850, 126, 5182], [963, 3603, 1229, 1700, 1851, 235, 5412, 3739], [1926, 29, 405, 4530, 1851, 5191, 4832, 155], [5741, 1288, 2186, 3133, 610, 5262, 3145, 3665], [3343, 5720, 3665, 4658, 4344, 1267, 3286, 2917], [5396, 4995, 5081, 4573, 5539, 1062, 5080, 3100], [1046, 5412, 895, 1705, 4396, 5419, 44, 64], [4597, 4022, 4900, 783, 4138, 386, 3381, 5088], [3823, 974, 4636, 5060, 677, 3450, 3343, 1537], [1222, 5299, 4907, 2863, 3028, 1717, 205, 3265], [213, 4576, 4636, 1764, 467, 1700, 5023, 2601], [5378, 5520, 4439, 4120, 5743, 3661, 4438, 2160], [5421, 1247, 1183, 1229, 1851, 4831, 1046, 1058], [3890, 356, 4508, 3644, 5026, 164, 3263, 2224], [2167, 3890, 1000, 674, 626, 696, 3956, 897]]}, "num_translations": 2, "text_top1": 0.08620689655172414, "text_top5": 0.1896551724137931, "text_top10": 0.25862068965517243}