{"num_src_sents": 21, "isocrates_1832_1": {"tgt_lang": "de", "transl_top1": 0.0, "transl_top5": 0.047619047619047616, "transl_top10": 0.047619047619047616, "num_nulls": 0, "num_tgt_sents": 3528, "retrieval_preds": [[815, 3483, 3243, 3240, 1180, 1232, 971, 2815], [2472, 443, 2900, 1685, 3365, 445, 3351, 2752], [658, 2592, 1924, 1952, 2769, 796, 3447, 440], [3147, 3386, 3397, 3407, 2485, 3238, 1921, 976], [2815, 1889, 1739, 2833, 2451, 2531, 2782, 2341], [2482, 2622, 2995, 455, 2833, 456, 1289, 3198], [2814, 281, 2346, 2811, 602, 571, 1690, 3199], [1399, 1710, 865, 1705, 62, 3196, 3363, 1867], [2017, 2808, 2797, 398, 432, 440, 2984, 698], [2312, 2266, 680, 499, 1816, 2799, 1719, 2770], [395, 455, 497, 456, 698, 1656, 2451, 445], [1644, 1944, 1656, 2769, 2782, 3447, 1889, 2833], [2897, 1784, 1471, 1808, 2745, 2816, 3445, 588], [1174, 2772, 1395, 2606, 2147, 214, 669, 915], [11, 3296, 3304, 513, 32, 62, 325, 2007], [1155, 300, 678, 673, 599, 2859, 679, 2610], [869, 216, 3222, 970, 1395, 672, 2444, 1916], [1924, 954, 2815, 817, 3393, 2989, 1298, 1840], [2543, 1705, 1183, 587, 591, 2868, 3227, 3436], [2178, 1803, 2114, 1335, 3398, 711, 1180, 513], [276, 2266, 244, 2189, 672, 2263, 680, 1705]]}, "isocrates_1835_5": {"tgt_lang": "de", "transl_top1": 0.23809523809523808, "transl_top5": 0.2857142857142857, "transl_top10": 0.3333333333333333, "num_nulls": 0, "num_tgt_sents": 4051, "retrieval_preds": [[3258, 488, 1225, 153, 620, 1794, 3130, 3385], [3260, 1634, 614, 3074, 617, 1354, 649, 2352], [1513, 619, 3385, 1043, 3048, 1201, 3175, 494], [3263, 1809, 2777, 1721, 1361, 3130, 1271, 2572], [3264, 1831, 1225, 488, 1580, 1834, 554, 3032], [1831, 1804, 3138, 479, 1695, 1158, 369, 1027], [1224, 1057, 3046, 3233, 750, 1335, 2024, 405], [3272, 2143, 2380, 1398, 1385, 2680, 1939, 3050], [3273, 527, 3068, 3406, 1568, 3385, 309, 1476], [3274, 150, 208, 3904, 1211, 317, 1569, 473], [3278, 369, 404, 513, 488, 1850, 420, 1951], [3280, 776, 3048, 1513, 276, 1245, 275, 1695], [3281, 2981, 3101, 232, 3028, 1582, 2984, 528], [716, 3218, 44, 2839, 528, 1755, 1052, 2661], [3283, 2681, 406, 2145, 2918, 2954, 2224, 3107], [2285, 3284, 3074, 2983, 2464, 1044, 1837, 1046], [3403, 2498, 3357, 2992, 2187, 2357, 3217, 1418], [3285, 1225, 1021, 361, 625, 275, 769, 420], [2363, 2498, 2463, 3218, 3286, 2316, 3149, 1839], [3288, 3287, 3069, 714, 3422, 2478, 3260, 1425], [3159, 150, 1633, 591, 3073, 3161, 2090, 2513]]}, "num_translations": 2, "text_top1": 0.11904761904761904, "text_top5": 0.16666666666666666, "text_top10": 0.19047619047619047}