{"num_src_sents": 70, "lysias_1856": {"tgt_lang": "de", "transl_top1": 0.35714285714285715, "transl_top5": 0.4714285714285714, "transl_top10": 0.5142857142857142, "num_nulls": 0, "num_tgt_sents": 5319, "retrieval_preds": [[2967, 4327, 2894, 2563, 3412, 4649, 2133, 2165], [2558, 576, 2706, 3597, 4388, 4141, 3973, 3542], [4312, 4327, 4010, 1305, 3997, 2118, 4301, 4389], [4314, 1713, 4321, 2602, 4352, 1170, 935, 2726], [4316, 2921, 4349, 4315, 2715, 2726, 3603, 2326], [4317, 4269, 2735, 552, 2727, 1612, 2102, 802], [4327, 4102, 4589, 3991, 1808, 2118, 3800, 1848], [4327, 1808, 2563, 2643, 4420, 4403, 4388, 3858], [3628, 4550, 1532, 1710, 3187, 2399, 4328, 2689], [4042, 2784, 4329, 4490, 3513, 1587, 1588, 1101], [4330, 3933, 4253, 2687, 190, 264, 2578, 4025], [4333, 3448, 1670, 2791, 2704, 3337, 3914, 3174], [4310, 2513, 1143, 1786, 3583, 4044, 1679, 2130], [4336, 3302, 1588, 4448, 2758, 3018, 1666, 4272], [554, 3592, 2165, 546, 3332, 2233, 2556, 2894], [4340, 81, 789, 3285, 2068, 4463, 2018, 2736], [4341, 1205, 1605, 4140, 2416, 4109, 3640, 4008], [4316, 3597, 1617, 1605, 1612, 2715, 2726, 802], [4344, 2726, 2383, 1169, 3329, 4317, 3603, 4140], [4347, 4350, 3964, 1686, 4403, 4104, 2165, 3858], [4349, 4316, 4298, 4272, 1535, 1239, 3260, 2726], [4350, 4347, 3858, 4327, 2055, 4189, 3823, 2034], [4352, 4018, 3991, 2965, 1845, 4403, 2120, 2175], [4353, 3214, 4108, 3900, 2028, 1071, 1666, 2706], [576, 3893, 2765, 1106, 3784, 4481, 1612, 2769], [4246, 3329, 3424, 4658, 3338, 1784, 4396, 1310], [2633, 1784, 1180, 4359, 4519, 4133, 1816, 1457], [1760, 3331, 1149, 4708, 1909, 1813, 1644, 1771], [4361, 1620, 2340, 4366, 2634, 3779, 4363, 4389], [4363, 1435, 1003, 1695, 3858, 1704, 4137, 878], [3962, 3923, 3926, 1250, 2404, 565, 1180, 2380], [4366, 4349, 569, 4116, 4327, 2563, 3405, 4728], [4367, 761, 652, 787, 1994, 793, 644, 2885], [4369, 946, 2696, 4099, 3787, 1305, 968, 3478], [4370, 4327, 3475, 4371, 2563, 4201, 4102, 4122], [4373, 1370, 1369, 3444, 3440, 2569, 2278, 99], [4375, 2521, 4175, 4236, 2034, 2767, 4481, 2008], [931, 3383, 929, 2852, 4376, 3878, 3103, 984], [4377, 3599, 2324, 1982, 1682, 4388, 1695, 2186], [4381, 2682, 1887, 4589, 4481, 4686, 2118, 2185], [4383, 3284, 3322, 4111, 569, 3285, 2547, 3405], [3858, 4327, 2558, 1994, 3973, 2738, 1154, 4403], [4388, 4104, 3499, 2558, 1793, 1704, 2727, 4006], [4389, 1358, 4349, 161, 316, 4804, 4327, 4312], [1805, 1948, 3792, 1228, 3794, 1952, 978, 2010], [5164, 2543, 740, 62, 948, 2602, 374, 1069], [4390, 3608, 1300, 2376, 4534, 1872, 3172, 4750], [4391, 3329, 1640, 4426, 2385, 3961, 3304, 3043], [4509, 1798, 4513, 4364, 748, 2830, 2456, 2291], [4393, 2798, 741, 670, 1302, 959, 1928, 2900], [1239, 2726, 546, 4394, 4377, 4138, 1250, 4036], [4395, 3079, 1872, 3080, 1805, 716, 1868, 3464], [3338, 4396, 2324, 2425, 2184, 2530, 4192, 4246], [161, 834, 2764, 4516, 1988, 87, 819, 3765], [1540, 2572, 2237, 1467, 3031, 1560, 1404, 3329], [1178, 3338, 4309, 4096, 4497, 819, 3803, 2340], [4320, 1457, 3353, 1505, 1124, 2060, 1705, 1965], [4400, 444, 2733, 1578, 2159, 2679, 1577, 2432], [4401, 4539, 2447, 1510, 1302, 3945, 3767, 3185], [4403, 4327, 1686, 4163, 2951, 4325, 2687, 4347], [3045, 2516, 4246, 3329, 4497, 3803, 4192, 3592], [4407, 1335, 4327, 4672, 4295, 3047, 1268, 2662], [4116, 3499, 4104, 4141, 2643, 3611, 4388, 1639], [1498, 1399, 3878, 2568, 1525, 2871, 1539, 1366], [970, 3909, 2182, 1625, 2185, 1153, 3475, 1488], [4416, 1679, 2643, 1808, 2716, 1686, 1435, 4327], [4419, 2558, 2574, 2165, 1515, 4582, 2556, 3736], [4420, 4327, 1269, 1808, 1746, 3821, 2563, 2055], [4422, 2727, 1662, 3542, 3599, 3329, 2186, 2695], [4426, 2130, 2727, 3991, 3964, 4113, 2605, 4141]]}, "num_translations": 1, "text_top1": 0.35714285714285715, "text_top5": 0.4714285714285714, "text_top10": 0.5142857142857142}