{"num_src_sents": 231, "lucian_1831_13": {"tgt_lang": "de", "transl_top1": 0.030303030303030304, "transl_top5": 0.0735930735930736, "transl_top10": 0.09956709956709957, "num_nulls": 0, "num_tgt_sents": 4049}, "lucian_1827_7": {"tgt_lang": "de", "transl_top1": 0.021645021645021644, "transl_top5": 0.05194805194805195, "transl_top10": 0.06926406926406926, "num_nulls": 0, "num_tgt_sents": 4692}, "lucian_1867_3": {"tgt_lang": "de", "transl_top1": 0.12987012987012986, "transl_top5": 0.2597402597402597, "transl_top10": 0.3463203463203463, "num_nulls": 0, "num_tgt_sents": 3614}, "lucian_1866_1": {"tgt_lang": "de", "transl_top1": 0.021645021645021644, "transl_top5": 0.06493506493506493, "transl_top10": 0.11688311688311688, "num_nulls": 0, "num_tgt_sents": 4624}, "Lucian_1827_ht8": {"tgt_lang": "de", "transl_top1": 0.2857142857142857, "transl_top5": 0.5021645021645021, "transl_top10": 0.6363636363636364, "num_nulls": 0, "num_tgt_sents": 1131}, "num_translations": 5, "text_top1": 0.09783549783549783, "text_top5": 0.19047619047619047, "text_top10": 0.25367965367965367}