{"num_src_sents": 295, "Epictetus_MarcusAurelius_Theophrastus_1855-1891": {"tgt_lang": "de", "transl_top1": 0.5084745762711864, "transl_top5": 0.7457627118644068, "transl_top10": 0.8203389830508474, "num_nulls": 0, "num_tgt_sents": 5160, "retrieval_preds": [[139, 146, 666, 2133, 148, 2135, 856, 2195], [1674, 1950, 1949, 787, 1997, 989, 1200, 2581], [834, 769, 787, 163, 1600, 1997, 1583, 1849], [1659, 1084, 1904, 1512, 2344, 149, 1077, 417], [1635, 1193, 1593, 265, 925, 1589, 1648, 796], [153, 417, 1182, 2292, 2564, 820, 619, 2636], [1633, 155, 186, 2615, 1699, 1208, 2575, 1325], [156, 1775, 2615, 832, 417, 781, 2304, 2478], [163, 2069, 1659, 1529, 2197, 417, 150, 2327], [2135, 1595, 2555, 1877, 788, 163, 156, 2505], [1764, 2022, 2598, 1775, 417, 344, 1727, 2244], [651, 992, 2644, 897, 1288, 1948, 855, 333], [2335, 2520, 2615, 169, 2004, 417, 505, 1190], [173, 150, 1421, 2510, 550, 263, 151, 1659], [2167, 375, 433, 1059, 175, 369, 973, 4227], [176, 777, 3920, 1117, 1831, 433, 702, 203], [1078, 296, 1081, 433, 1397, 297, 544, 723], [375, 179, 492, 793, 4456, 1223, 1577, 1365], [2564, 2261, 2089, 1741, 2105, 417, 2156, 2096], [2096, 183, 835, 2654, 186, 837, 836, 832], [187, 550, 150, 2301, 188, 1593, 1341, 795], [1965, 2105, 2080, 340, 394, 552, 1526, 304], [1223, 192, 2602, 1130, 2202, 1687, 4768, 498], [1082, 3850, 2574, 837, 1440, 552, 1920, 2576], [198, 4274, 2349, 1707, 2045, 3982, 2199, 319], [3218, 3428, 1786, 1620, 1442, 2523, 188, 2154], [478, 297, 1916, 459, 1195, 2536, 216, 1630], [4245, 1191, 1659, 1109, 1122, 2544, 2605, 2478], [207, 206, 152, 1945, 202, 1593, 545, 513], [208, 1180, 2310, 506, 2284, 547, 2334, 796], [209, 1749, 210, 2018, 1467, 1639, 551, 4098], [210, 2231, 209, 147, 429, 1072, 191, 1459], [394, 985, 2520, 2486, 1259, 4217, 2128, 2158], [846, 200, 4219, 280, 3986, 673, 1960, 576], [2598, 1082, 2493, 1749, 100, 2256, 1528, 163], [216, 2158, 290, 2431, 1223, 1442, 288, 1712], [3849, 796, 58, 920, 1193, 219, 537, 2659], [220, 359, 222, 2027, 1421, 2508, 2559, 994], [2730, 3428, 221, 223, 2971, 4468, 4459, 699], [222, 994, 220, 2349, 2559, 3586, 359, 1235], [2730, 3428, 221, 223, 2971, 4468, 4459, 699], [1847, 5087, 2730, 3428, 4468, 3429, 2670, 224], [1923, 398, 697, 3848, 2966, 1011, 1072, 1307], [2663, 844, 666, 407, 226, 662, 4863, 1324], [1927, 1574, 198, 2191, 1507, 4274, 2199, 1137], [228, 1053, 2823, 846, 4301, 5101, 1394, 1411], [382, 371, 248, 1370, 4262, 4726, 3922, 2425], [229, 230, 1467, 2598, 941, 552, 3904, 4094], [1086, 1529, 1278, 1600, 1803, 1242, 1604, 638], [401, 1528, 99, 1421, 2493, 1199, 1526, 1929], [1847, 4787, 4966, 4161, 529, 3924, 4818, 4752], [3850, 2598, 4007, 1117, 550, 747, 834, 836], [1489, 1741, 417, 1355, 354, 1512, 1702, 2598], [2598, 417, 478, 805, 153, 1355, 1078, 317], [153, 2261, 358, 1074, 265, 1465, 967, 2623], [245, 1512, 246, 150, 578, 2456, 173, 1586], [247, 246, 1341, 304, 513, 232, 2510, 163], [248, 2425, 1960, 352, 2257, 1011, 246, 2598], [195, 249, 357, 211, 1581, 4523, 1684, 1960], [250, 2362, 251, 1826, 1824, 2473, 3503, 1828], [251, 2301, 1493, 1062, 1965, 150, 4416, 1074], [2258, 673, 1059, 463, 2665, 514, 386, 200], [1059, 200, 1052, 673, 345, 227, 3895, 2425], [256, 1436, 523, 527, 1027, 398, 3973, 1227], [258, 208, 265, 266, 2534, 1362, 828, 479], [259, 2483, 422, 278, 1843, 262, 2129, 1947], [261, 2256, 459, 619, 1082, 1476, 1355, 795], [262, 421, 1942, 1603, 1890, 2727, 4617, 1513], [1775, 2344, 2244, 2150, 972, 263, 2156, 417], [266, 1489, 828, 4150, 468, 1773, 2598, 478], [1471, 1652, 2654, 1977, 2316, 270, 435, 2294], [394, 1864, 1905, 2486, 1681, 790, 5038, 1424], [441, 1950, 2224, 928, 3858, 1977, 278, 2150], [280, 3849, 2058, 1744, 1270, 279, 2133, 1751], [281, 339, 2563, 165, 162, 1001, 341, 536], [290, 2043, 169, 2371, 3567, 281, 4747, 1879], [283, 1997, 883, 1747, 1950, 282, 2517, 1073], [1587, 284, 1001, 3940, 1011, 3458, 666, 1960], [1398, 2621, 1476, 1637, 836, 1143, 100, 2096], [2258, 2425, 1059, 297, 238, 4227, 1610, 637], [478, 2261, 1977, 1080, 1355, 2568, 266, 370], [289, 1288, 578, 989, 2351, 2620, 2581, 1868], [2446, 1164, 1058, 1741, 2004, 1873, 291, 1500], [1659, 296, 1775, 1077, 2329, 297, 414, 1869], [299, 2425, 1490, 1994, 468, 2614, 459, 495], [2395, 1911, 449, 1082, 897, 2612, 2332, 390], [869, 725, 1879, 277, 1051, 2586, 2088, 789], [163, 1526, 1514, 428, 2493, 2371, 852, 2156], [306, 1570, 2152, 3428, 3429, 1266, 4459, 1436], [307, 1882, 2190, 324, 2407, 2199, 1303, 1568], [2053, 150, 340, 308, 1831, 2050, 1190, 2614], [309, 2663, 844, 666, 320, 4863, 1900, 857], [3982, 2190, 4274, 3977, 2191, 994, 2199, 2189], [415, 454, 151, 1610, 325, 2158, 1333, 1960], [314, 2210, 688, 1221, 731, 2659, 856, 923], [315, 2345, 2267, 1761, 1758, 1011, 237, 2222], [316, 1175, 1159, 1001, 2104, 2310, 4658, 479], [317, 915, 3912, 2046, 2460, 278, 1791, 1506], [318, 2598, 150, 1584, 165, 1979, 1192, 352], [1707, 198, 4274, 2199, 2191, 1814, 2190, 1137], [320, 2559, 1759, 1501, 1421, 1105, 647, 1991], [1341, 321, 2204, 318, 1368, 415, 2004, 916], [1639, 3912, 1633, 407, 2332, 186, 897, 2240], [324, 1479, 1303, 1507, 311, 2330, 2407, 2349], [1072, 325, 429, 147, 290, 2663, 1571, 347], [326, 4856, 198, 2045, 2407, 4274, 591, 1700], [2412, 327, 2007, 2623, 4116, 3940, 3939, 2042], [329, 334, 2240, 1740, 1162, 1123, 2008, 333], [4569, 2152, 690, 4857, 699, 600, 4954, 4931], [2494, 2015, 2663, 2361, 455, 241, 830, 174], [1753, 332, 2165, 1021, 2037, 647, 2190, 1535], [1948, 333, 1126, 1501, 2295, 2593, 807, 168], [334, 2240, 329, 1979, 1606, 352, 1192, 2008], [305, 336, 813, 3939, 2205, 2131, 1857, 4236], [1775, 1920, 417, 2598, 1741, 344, 1440, 2575], [2345, 340, 1007, 1758, 2597, 2218, 1021, 1535], [311, 324, 2218, 1027, 2561, 1311, 2191, 340], [160, 2022, 795, 340, 2105, 352, 1190, 1600], [1882, 4077, 711, 666, 662, 1328, 560, 1303], [357, 398, 476, 195, 346, 1300, 204, 3922], [2598, 344, 1173, 836, 795, 3851, 513, 354], [345, 2158, 1526, 4309, 2026, 1173, 790, 1518], [357, 346, 2580, 2711, 195, 204, 642, 361], [3983, 1231, 1112, 311, 1325, 2561, 1333, 2246], [348, 345, 349, 680, 4336, 4095, 1424, 4602], [350, 349, 677, 4336, 4029, 3098, 235, 2266], [677, 351, 2425, 345, 2258, 4029, 341, 2949], [352, 318, 1773, 160, 388, 341, 165, 2512], [353, 347, 3983, 2561, 2238, 3902, 198, 324], [354, 162, 2030, 2026, 828, 251, 248, 163], [355, 1001, 146, 2505, 1450, 554, 394, 1378], [356, 4262, 4307, 3872, 4227, 1286, 2372, 4063], [358, 297, 433, 1286, 1531, 2372, 150, 1244], [2160, 357, 179, 1656, 1684, 750, 903, 204], [359, 1421, 1105, 320, 1400, 278, 2559, 4456], [2623, 2608, 4323, 150, 2313, 1429, 459, 2513], [365, 635, 1595, 562, 472, 3844, 4219, 1383], [1526, 366, 3940, 3008, 2158, 1424, 1845, 1638], [2598, 1977, 2292, 1355, 368, 1741, 478, 1702], [369, 1636, 1447, 2582, 280, 2613, 1725, 1386], [1080, 370, 2265, 1893, 2022, 2372, 2030, 153], [372, 839, 291, 319, 392, 1991, 1229, 1215], [1616, 373, 1352, 2436, 2208, 2157, 1754, 1926], [374, 1463, 1676, 605, 375, 853, 2582, 678], [1077, 1122, 1061, 2316, 1853, 777, 441, 4165], [382, 1175, 2425, 3922, 673, 371, 465, 1697], [1077, 2316, 383, 2294, 1122, 777, 581, 2296], [388, 2461, 370, 796, 1490, 2247, 829, 1062], [389, 390, 3829, 811, 3872, 3953, 340, 716], [390, 534, 5155, 291, 4071, 4536, 606, 3863], [2482, 1261, 390, 459, 1648, 433, 1876, 297], [2559, 320, 1421, 2965, 1501, 647, 2627, 1759], [393, 3912, 3745, 2413, 1912, 1891, 406, 56], [4768, 394, 359, 1681, 666, 4456, 1560, 2219], [395, 176, 665, 1979, 340, 1584, 992, 664], [396, 787, 1076, 1061, 1496, 1305, 777, 1879], [217, 219, 2730, 1847, 3428, 357, 1620, 4569], [2598, 397, 163, 283, 251, 2346, 317, 2586], [399, 385, 383, 1398, 283, 2163, 606, 583], [400, 2966, 945, 1436, 1353, 3973, 523, 527], [402, 550, 401, 1533, 883, 2428, 547, 1947], [404, 4705, 1731, 273, 1894, 2582, 611, 3128], [406, 1791, 503, 2335, 2413, 1375, 1790, 250], [407, 844, 408, 2663, 666, 4863, 3999, 697], [2165, 3877, 198, 407, 4899, 1927, 3345, 1215], [408, 697, 405, 407, 662, 2358, 4863, 