{"num_src_sents": 82, "luca_siliusItalicus_claudius_1842": {"tgt_lang": "fr", "transl_top1": 0.036585365853658534, "transl_top5": 0.0975609756097561, "transl_top10": 0.15853658536585366, "num_nulls": 0, "num_tgt_sents": 20880}, "num_translations": 1, "text_top1": 0.036585365853658534, "text_top5": 0.0975609756097561, "text_top10": 0.15853658536585366}