{"num_src_sents": 29, "lysias_1856": {"tgt_lang": "de", "transl_top1": 0.06896551724137931, "transl_top5": 0.10344827586206896, "transl_top10": 0.13793103448275862, "num_nulls": 0, "num_tgt_sents": 5319}, "num_translations": 1, "text_top1": 0.06896551724137931, "text_top5": 0.10344827586206896, "text_top10": 0.13793103448275862}