{"num_src_sents": 28, "isocrates_1832_1": {"tgt_lang": "de", "transl_top1": 0.0, "transl_top5": 0.07142857142857142, "transl_top10": 0.17857142857142858, "num_nulls": 0, "num_tgt_sents": 3528, "retrieval_preds": [[448, 586, 3355, 209, 214, 1938, 2868, 3353], [3350, 3406, 3447, 1654, 2107, 1840, 3393, 726], [2879, 2444, 2312, 1411, 1353, 2106, 1911, 2213], [2118, 1710, 2288, 1474, 3265, 2942, 1718, 197], [247, 1948, 2451, 3007, 440, 2531, 445, 1901], [182, 700, 216, 3486, 3431, 674, 2179, 2313], [2770, 3521, 2849, 3192, 687, 1158, 244, 2814], [977, 443, 1916, 1807, 2826, 298, 1161, 2868], [1638, 970, 3426, 1377, 1784, 1892, 298, 3521], [1162, 1662, 1653, 2124, 1467, 2295, 3498, 1330], [3355, 2868, 3365, 3352, 1655, 1829, 1784, 2826], [3350, 476, 1719, 1148, 3447, 1656, 971, 2180], [3447, 3350, 494, 1156, 1148, 3351, 2107, 2105], [3447, 3406, 2124, 1162, 589, 665, 977, 298], [958, 1718, 878, 703, 1149, 3263, 1176, 2670], [1685, 1201, 2843, 812, 513, 3141, 318, 1569], [1684, 866, 2880, 2814, 3521, 3522, 1874, 660], [589, 1780, 1732, 3447, 2989, 2107, 456, 445], [1685, 3350, 1808, 3516, 2861, 440, 1156, 811], [2897, 2745, 1276, 1858, 1444, 1471, 2880, 281], [2770, 1278, 2538, 1660, 2849, 3192, 2862, 1719], [2170, 641, 1656, 2993, 2482, 584, 2568, 3024], [2260, 1684, 976, 1722, 474, 294, 2753, 475], [970, 2849, 288, 1943, 304, 230, 443, 2539], [395, 1889, 445, 2017, 1227, 2494, 2534, 3232], [2531, 879, 698, 257, 2167, 2759, 1790, 2815], [3447, 2769, 2762, 3351, 815, 494, 3195, 3406], [681, 711, 1686, 2489, 265, 415, 2899, 3146]]}, "isocrates_1835_5": {"tgt_lang": "de", "transl_top1": 0.07142857142857142, "transl_top5": 0.2857142857142857, "transl_top10": 0.39285714285714285, "num_nulls": 0, "num_tgt_sents": 4051, "retrieval_preds": [[3097, 3181, 2360, 1098, 3197, 1819, 596, 592], [634, 2982, 2578, 2381, 619, 3396, 1400, 1695], [3052, 3202, 1231, 1243, 214, 1664, 2497, 925], [3204, 3050, 176, 594, 1471, 2292, 749, 2520], [3161, 3205, 2024, 3031, 3233, 788, 1346, 1819], [3102, 3206, 1422, 496, 388, 44, 2517, 2379], [150, 1760, 2461, 214, 317, 3142, 188, 1035], [1088, 2498, 1034, 3207, 1238, 3101, 2014, 2649], [3332, 3208, 3209, 3053, 3281, 318, 1581, 3162], [3209, 230, 193, 232, 2313, 630, 1355, 2464], [3074, 3281, 612, 3211, 1586, 634, 617, 3260], [3212, 1634, 619, 1043, 1830, 634, 628, 3074], [2982, 3396, 1586, 409, 1695, 1580, 634, 408], [1355, 1400, 634, 1013, 1043, 1857, 1419, 2464], [3220, 2289, 2761, 1303, 2243, 2581, 2590, 676], [3221, 53, 1774, 268, 1600, 197, 1747, 1763], [3222, 1501, 2086, 1571, 2587, 228, 473, 2558], [3223, 1794, 1831, 1804, 3179, 1513, 1834, 617], [3226, 1574, 1518, 634, 612, 619, 1021, 3072], [3218, 3226, 3028, 1355, 431, 2492, 200, 2325], [1148, 3227, 143, 214, 411, 1231, 1529, 1664], [404, 3228, 1055, 160, 1523, 1287, 1031, 1016], [3229, 3054, 1576, 1811, 1398, 2993, 1752, 1571], [1755, 3231, 387, 1957, 1262, 2319, 2498, 2993], [3232, 1796, 489, 2733, 3233, 369, 610, 560], [3233, 369, 515, 1225, 2650, 1794, 1850, 2651], [3029, 3234, 1586, 1580, 3396, 1240, 1400, 1792], [1070, 1310, 3274, 1848, 1970, 150, 2146, 2586]]}, "num_translations": 2, "text_top1": 0.03571428571428571, "text_top5": 0.17857142857142855, "text_top10": 0.2857142857142857}