{"num_src_sents": 855, "aristophanes_4_1911": {"tgt_lang": "en", "transl_top1": 0.05146198830409357, "transl_top5": 0.09473684210526316, "transl_top10": 0.12046783625730995, "num_nulls": 0, "num_tgt_sents": 13008}, "aristophanes_1_1858": {"tgt_lang": "en", "transl_top1": 0.011695906432748537, "transl_top5": 0.028070175438596492, "transl_top10": 0.05263157894736842, "num_nulls": 0, "num_tgt_sents": 10625}, "aristophanes_1873": {"tgt_lang": "fr", "transl_top1": 0.11578947368421053, "transl_top5": 0.21754385964912282, "transl_top10": 0.2584795321637427, "num_nulls": 0, "num_tgt_sents": 14269}, "Aristophanes_1_1855-1885": {"tgt_lang": "de", "transl_top1": 0.008187134502923977, "transl_top5": 0.0304093567251462, "transl_top10": 0.056140350877192984, "num_nulls": 0, "num_tgt_sents": 5841}, "Aristophanes_2_1855-1885": {"tgt_lang": "de", "transl_top1": 0.03625730994152047, "transl_top5": 0.08070175438596491, "transl_top10": 0.10760233918128655, "num_nulls": 0, "num_tgt_sents": 5321}, "aristophanes_3_1830": {"tgt_lang": "fr", "transl_top1": 0.010526315789473684, "transl_top5": 0.03976608187134503, "transl_top10": 0.07017543859649122, "num_nulls": 0, "num_tgt_sents": 4330}, "aristophanes_1_1830": {"tgt_lang": "fr", "transl_top1": 0.007017543859649123, "transl_top5": 0.03742690058479532, "transl_top10": 0.05497076023391813, "num_nulls": 0, "num_tgt_sents": 2544}, "aristophanes_1907_1": {"tgt_lang": "en", "transl_top1": 0.32397660818713453, "transl_top5": 0.5064327485380117, "transl_top10": 0.5894736842105263, "num_nulls": 0, "num_tgt_sents": 8398}, "num_translations": 8, "text_top1": 0.0706140350877193, "text_top5": 0.12938596491228072, "text_top10": 0.16374269005847952}