{"num_src_sents": 901, "aristophanes_1_1858": {"tgt_lang": "en", "transl_top1": 0.34295227524972255, "transl_top5": 0.5083240843507214, "transl_top10": 0.5793562708102109, "num_nulls": 0, "num_tgt_sents": 10625}, "aristophanes_1_1915": {"tgt_lang": "it", "transl_top1": 0.006659267480577136, "transl_top5": 0.022197558268590455, "transl_top10": 0.04550499445061043, "num_nulls": 0, "num_tgt_sents": 2665}, "aristophanes_2_1915": {"tgt_lang": "it", "transl_top1": 0.08213096559378469, "transl_top5": 0.1853496115427303, "transl_top10": 0.21864594894561598, "num_nulls": 1, "num_tgt_sents": 3069}, "aristophanes_3_1830": {"tgt_lang": "fr", "transl_top1": 0.1220865704772475, "transl_top5": 0.22641509433962265, "transl_top10": 0.28190899001109876, "num_nulls": 2, "num_tgt_sents": 4330}, "aristophanes_1881_1": {"tgt_lang": "de", "transl_top1": 0.041065482796892344, "transl_top5": 0.08324084350721421, "transl_top10": 0.12652608213096558, "num_nulls": 0, "num_tgt_sents": 10289}, "aristophanes_1_1830": {"tgt_lang": "fr", "transl_top1": 0.008879023307436182, "transl_top5": 0.038845726970033294, "transl_top10": 0.05771365149833518, "num_nulls": 0, "num_tgt_sents": 2544}, "aristophanes_1873": {"tgt_lang": "fr", "transl_top1": 0.15760266370699222, "transl_top5": 0.25083240843507215, "transl_top10": 0.30854605993340734, "num_nulls": 0, "num_tgt_sents": 14269}, "tlg0019.tlg004.ogl-eng2": {"tgt_lang": "en", "transl_top1": 0.1997780244173141, "transl_top5": 0.3462819089900111, "transl_top10": 0.43729189789123196, "num_nulls": 0, "num_tgt_sents": 7619}, "aristophanes_1907_1": {"tgt_lang": "en", "transl_top1": 0.003329633740288568, "transl_top5": 0.01997780244173141, "transl_top10": 0.04550499445061043, "num_nulls": 0, "num_tgt_sents": 8398}, "num_translations": 9, "text_top1": 0.10716487853002837, "text_top5": 0.18682944876063634, "text_top10": 0.23344432112467628}