{"num_src_sents": 1100, "aristotle_1855-1906_6": {"tgt_lang": "de", "transl_top1": 0.21181818181818182, "transl_top5": 0.39545454545454545, "transl_top10": 0.48727272727272725, "num_nulls": 0, "num_tgt_sents": 8895}, "num_translations": 1, "text_top1": 0.21181818181818182, "text_top5": 0.39545454545454545, "text_top10": 0.48727272727272725}