{"num_src_sents": 47, "corneliusNepos_1856": {"tgt_lang": "de", "transl_top1": 0.574468085106383, "transl_top5": 0.723404255319149, "transl_top10": 0.7446808510638298, "num_nulls": 0, "num_tgt_sents": 2320, "retrieval_preds": [[1668, 1718, 1014, 1689, 1637, 1680, 80, 1687], [1669, 779, 1598, 42, 217, 984, 2012, 2097], [1670, 631, 1771, 1693, 875, 899, 1350, 575], [1671, 2184, 1682, 1349, 883, 1097, 2227, 1594], [1672, 1633, 1303, 2091, 1204, 1030, 805, 95], [1673, 1061, 472, 494, 1079, 358, 213, 841], [1674, 313, 1628, 366, 753, 1870, 1175, 1145], [1675, 646, 1138, 1749, 1515, 1794, 592, 2005], [217, 678, 1238, 1669, 1702, 516, 2096, 1439], [403, 1682, 651, 591, 1676, 1916, 1806, 997], [1677, 1796, 1175, 1220, 466, 2203, 2271, 1316], [1678, 1285, 1492, 1010, 1675, 2081, 893, 1583], [1704, 1746, 857, 877, 1679, 838, 1684, 823], [1679, 1421, 1418, 868, 1207, 1326, 1496, 1869], [1680, 877, 1718, 1687, 836, 875, 837, 873], [1681, 1693, 1672, 1407, 1685, 520, 653, 2086], [1684, 857, 1679, 825, 1685, 846, 868, 849], [1685, 854, 838, 651, 1576, 828, 851, 858], [1686, 1895, 1670, 1693, 492, 1830, 1687, 661], [1687, 1692, 1775, 1071, 972, 2038, 374, 2187], [1693, 1670, 875, 482, 1694, 1686, 1767, 818], [1694, 482, 1339, 178, 1410, 1627, 2108, 1916], [1726, 1693, 983, 944, 1939, 768, 1353, 1326], [1695, 1704, 875, 233, 830, 858, 270, 877], [1696, 651, 1479, 1170, 610, 1808, 573, 1726], [1698, 1076, 426, 1695, 1520, 998, 1688, 252], [1699, 1574, 672, 508, 217, 2226, 516, 1870], [889, 1700, 1760, 421, 1652, 1927, 1360, 1916], [1701, 2250, 741, 751, 750, 762, 1708, 1198], [1702, 2122, 2095, 741, 632, 1175, 2097, 1699], [111, 1703, 2204, 678, 214, 1735, 2227, 1574], [1705, 1842, 1658, 592, 1081, 893, 678, 618], [1706, 1175, 592, 2212, 1114, 1665, 589, 1439], [1707, 174, 1166, 1950, 1630, 1717, 1280, 1090], [1708, 742, 1621, 508, 2122, 444, 1175, 2097], [1708, 2094, 2212, 1298, 1660, 742, 2226, 217], [1710, 2212, 573, 605, 2111, 1997, 1437, 2270], [217, 1711, 2096, 743, 742, 646, 2095, 1794], [1712, 1287, 1716, 942, 249, 159, 1110, 779], [1669, 1714, 1792, 1794, 1238, 779, 2081, 1440], [1716, 1715, 871, 2018, 877, 631, 681, 1508], [1717, 1721, 899, 1718, 910, 570, 1079, 102], [1719, 445, 1928, 349, 322, 1208, 407, 1525], [1720, 1723, 1170, 2121, 1228, 797, 915, 421], [1721, 1717, 624, 1186, 1292, 1065, 1627, 1303], [1723, 1170, 1720, 2270, 854, 2228, 719, 838], [1724, 1680, 945, 1356, 1687, 574, 622, 1716]]}, "justin_cNepos_eutropius_1902": {"tgt_lang": "en", "transl_top1": 0.46808510638297873, "transl_top5": 0.6808510638297872, "transl_top10": 0.7446808510638298, "num_nulls": 0, "num_tgt_sents": 9841, "retrieval_preds": [[6177, 6157, 8872, 9673, 9782, 8851, 1541, 8860], [2289, 3673, 4027, 494, 6097, 4782, 837, 7440], [6164, 6188, 4270, 4087, 891, 4123, 4271, 5390], [6166, 1506, 941, 2845, 1760, 5156, 5991, 592], [6167, 5288, 3458, 4683, 8061, 1338, 6164, 5781], [6168, 5543, 4440, 4254, 5633, 4105, 8034, 6780], [6169, 5385, 1536, 6634, 5725, 1399, 3481, 6369], [6170, 6941, 3290, 1453, 1524, 4341, 2324, 1176], [6171, 2445, 5276, 7668, 6201, 4782, 6642, 6937], [6172, 937, 2612, 1585, 8462, 7838, 4695, 2097], [6173, 4224, 3115, 6284, 1032, 2200, 4137, 5850], [6174, 4618, 571, 2049, 6439, 6249, 4402, 5172], [2858, 6178, 6176, 6246, 2760, 6192, 6183, 3110], [7753, 4685, 2736, 2878, 5918, 7130, 827, 4097], [5369, 2770, 6157, 6246, 9678, 5331, 3063, 7216], [6180, 1008, 5350, 6571, 1308, 6188, 1753, 6164], [6183, 6178, 549, 5374, 3714, 5341, 5308, 5316], [6184, 1782, 5351, 921, 5375, 1554, 5335, 2867], [6185, 2842, 3101, 7211, 6278, 6188, 3033, 3030], [6186, 7047, 7617, 3283, 7390, 8358, 7768, 8212], [6188, 7459, 6191, 271, 2906, 2992, 172, 4790], [6189, 1017, 1625, 1197, 1163, 280, 443, 2990], [6191, 6224, 3111, 7137, 5472, 1634, 873, 5818], [6192, 6193, 5367, 6176, 5351, 3063, 6157, 2905], [6194, 5146, 2056, 8310, 2387, 3291, 5605, 4285], [6195, 2895, 2906, 2503, 2861, 3104, 5572, 4424], [5263, 2065, 6092, 5159, 2463, 6545, 4209, 5480], [6197, 7957, 2100, 3552, 1717, 3125, 8408, 6149], [6199, 4897, 6153, 1347, 1756, 5631, 6164, 3920], [6200, 116, 3673, 2289, 6020, 7668, 5631, 6601], [6201, 4695, 2612, 7890, 2815, 1228, 2092, 2289], [6203, 6343, 7671, 5356, 2276, 7088, 2548, 4738], [6204, 1347, 770, 3455, 6663, 6182, 1281, 2658], [6205, 3743, 3549, 1034, 2957, 4664, 4949, 5411], [6206, 6198, 4665, 2065, 3869, 5159, 1452, 5964], [6207, 3673, 1452, 5611, 2289, 6198, 1347, 2815], [6208, 1423, 4270, 3321, 989, 1545, 5933, 5082], [6209, 3920, 4782, 167, 2288, 5964, 4665, 5385], [6210, 2042, 1225, 2841, 7861, 501, 1562, 4354], [3123, 6282, 8250, 6212, 7958, 992, 1294, 5937], [6213, 6219, 3978, 3033, 6937, 6563, 2934, 5260], [6214, 6216, 202, 2520, 3175, 4987, 4687, 3464], [5432, 4313, 63, 1354, 4292, 1328, 147, 6696], [6215, 6217, 3845, 6640, 413, 4040, 6719, 5378], [6216, 6214, 3750, 2380, 6132, 5673, 3458, 7858], [6217, 6729, 6215, 5661, 4040, 6640, 2895, 4762], [6218, 981, 6258, 876, 4663, 7216, 7377, 858]]}, "num_translations": 2, "text_top1": 0.5212765957446809, "text_top5": 0.7021276595744681, "text_top10": 0.7446808510638298}