{"num_src_sents": 321, "luca_siliusItalicus_claudius_1842": {"tgt_lang": "fr", "transl_top1": 0.3426791277258567, "transl_top5": 0.4797507788161994, "transl_top10": 0.5482866043613707, "num_nulls": 0, "num_tgt_sents": 20880, "retrieval_preds": [[4316, 13192, 1776, 14312, 15209, 3306, 1777, 15759], [2294, 14313, 5033, 14660, 9872, 18711, 9634, 6637], [14314, 13796, 17996, 9144, 8328, 1014, 2608, 14816], [14315, 1824, 4503, 19722, 1498, 20723, 3843, 6222], [14316, 17063, 6009, 1468, 15914, 19328, 15181, 2708], [7356, 3121, 14510, 14317, 15680, 7615, 15599, 720], [14516, 14317, 901, 8625, 14543, 14376, 4206, 14424], [14318, 16077, 9480, 16190, 5864, 17710, 7201, 16874], [19234, 11537, 16326, 8703, 19081, 18420, 724, 19572], [14321, 673, 5088, 10332, 10752, 14810, 9267, 6453], [1990, 13981, 13102, 12780, 8567, 8932, 18871, 18472], [12321, 8554, 18302, 11309, 460, 6882, 7602, 1657], [14325, 7973, 1965, 3332, 10645, 11924, 16455, 13657], [13122, 20107, 12296, 2093, 16754, 2297, 8649, 14580], [13679, 2856, 7585, 919, 8436, 9844, 2178, 18860], [14327, 20519, 5105, 2395, 14832, 2299, 14910, 20352], [9808, 18271, 17233, 804, 7704, 14818, 7113, 16378], [9901, 16516, 2324, 5080, 18306, 2888, 1099, 2861], [14330, 19795, 14331, 4666, 4838, 20162, 9270, 19946], [14333, 622, 4806, 483, 2865, 2897, 19975, 16098], [11209, 6901, 5143, 17759, 2219, 20297, 1503, 17933], [18573, 945, 15880, 10015, 11036, 18561, 8536, 1504], [14337, 14618, 8026, 12662, 19249, 1873, 6990, 16707], [2362, 1449, 17736, 2576, 13570, 3608, 5808, 9579], [18640, 9901, 20018, 18181, 5837, 20428, 4066, 12660], [17478, 8858, 5613, 3873, 2685, 14364, 610, 15824], [14340, 3697, 10911, 4078, 17402, 17547, 17763, 18108], [18116, 708, 1311, 20112, 20044, 1955, 12107, 9255], [7405, 7435, 20479, 19138, 6333, 15344, 19771, 18377], [15068, 11973, 13513, 14347, 4006, 6601, 16464, 636], [1471, 5973, 11031, 858, 1208, 18230, 15809, 15068], [7626, 7889, 17289, 9992, 14062, 7792, 15279, 12541], [18286, 6697, 715, 11764, 2138, 6923, 3448, 14348], [10506, 20209, 19621, 15161, 18448, 3976, 11078, 9548], [4499, 1973, 14354, 14353, 5445, 9150, 4444, 19153], [14237, 17483, 14357, 18302, 13548, 8983, 14653, 12115], [14359, 2210, 4802, 2159, 15800, 19138, 8878, 9830], [14360, 7892, 7669, 19218, 14622, 6723, 18899, 9028], [11360, 2665, 8107, 2054, 16112, 2998, 9830, 14237], [20416, 2082, 16209, 20199, 18600, 2250, 18878, 10953], [15926, 2862, 19396, 14566, 2825, 15711, 10191, 19643], [7216, 7968, 18895, 13511, 7885, 8852, 14709, 14365], [10787, 13799, 8172, 11936, 7216, 5784, 15231, 19646], [9974, 19000, 20044, 6222, 13719, 13914, 1268, 2431], [6961, 7265, 7600, 18365, 9784, 10777, 12447, 12961], [14371, 18339, 11400, 11702, 18395, 10088, 10441, 3888], [7216, 16911, 13719, 7476, 14372, 7968, 12558, 16121], [14373, 9596, 13474, 1310, 17711, 3053, 15864, 15231], [9596, 5526, 18917, 17711, 14569, 17594, 8224, 5166], [14379, 11776, 1296, 2610, 14568, 2432, 5587, 18725], [14380, 472, 1407, 10789, 6279, 11055, 14298, 7602], [14382, 17617, 4741, 14381, 7491, 16739, 774, 13825], [14385, 17668, 13706, 19229, 3589, 17670, 5356, 2869], [7196, 1637, 19616, 9132, 4223, 18330, 4451, 15108], [14216, 14387, 19221, 19550, 15072, 17419, 18330, 16991], [1659, 44, 2960, 1881, 9602, 10324, 10174, 18448], [19249, 15319, 19576, 15699, 7818, 16388, 537, 8573], [14391, 14392, 17985, 761, 14333, 15578, 13647, 16226], [14393, 16211, 20272, 10801, 15207, 20262, 20248, 10917], [14394, 14519, 13710, 2294, 14843, 9634, 14357, 20399], [3502, 13888, 7965, 19947, 595, 5240, 4843, 16483], [3743, 979, 6577, 18491, 4565, 8827, 1302, 4429], [6489, 1013, 14396, 6990, 2861, 16328, 17325, 3856], [14397, 2717, 18256, 5202, 18383, 17010, 3262, 4076], [14774, 16252, 2159, 14399, 18419, 15997, 8926, 18284], [14400, 6591, 13782, 7590, 5414, 18905, 16741, 17699], [14401, 12383, 19639, 9853, 14671, 3906, 17223, 17700], [14402, 6692, 20618, 18841, 16947, 19636, 15645, 1405], [20700, 7204, 19786, 14389, 646, 14403, 20191, 5018], [10932, 19832, 14404, 19965, 14961, 6608, 12104, 19647], [2283, 14406, 19997, 2714, 18013, 11909, 19014, 16323], [14408, 18561, 12903, 6833, 10554, 13590, 8884, 2408], [12999, 10477, 13614, 14410, 13344, 14928, 7498, 1255], [19773, 15349, 17966, 5808, 559, 17944, 10687, 20497], [6481, 5332, 832, 19411, 12082, 8491, 7781, 15776], [12588, 459, 14413, 3661, 6423, 935, 1083, 4688], [12175, 6230, 14414, 11031, 14804, 12093, 15795, 2356], [14415, 15205, 12161, 1540, 4247, 1195, 3280, 1539], [14416, 14394, 19196, 20278, 20261, 2967, 1113, 10930], [8247, 15035, 13510, 14737, 2434, 17864, 2276, 14417], [14419, 16661, 5317, 17200, 19896, 1770, 15488, 17551], [15978, 6286, 3892, 14420, 17319, 18659, 482, 3304], [4382, 17794, 17124, 2762, 4451, 4256, 6864, 3602], [17233, 12340, 5190, 16378, 5255, 18874, 7113, 19423], [19849, 20076, 17402, 17547, 17763, 18108, 10005, 14771], [3696, 5966, 19924, 19849, 10005, 14771, 15805, 17402], [14424, 17649, 14516, 3904, 19097, 14543, 10802, 11956], [14425, 13441, 15904, 17286, 11776, 20063, 19491, 15699], [5537, 17606, 18547, 18325, 17383, 6695, 14426, 13712], [18698, 4410, 18269, 5556, 3287, 14210, 17836, 17329], [14430, 5029, 19674, 3763, 7387, 5975, 16779, 5973], [12331, 20126, 19687, 15611, 16166, 2778, 6301, 16270], [14432, 14434, 18333, 16063, 15494, 5106, 17794, 19898], [14433, 14578, 11894, 16175, 2163, 14446, 16091, 19614], [17556, 20425, 17177, 16087, 7231, 11287, 11507, 16866], [14436, 170, 14278, 15363, 19403, 15706, 1482, 3317], [2601, 10316, 18478, 1006, 16742, 8857, 470, 17919], [12932, 13032, 4565, 11990, 5252, 1047, 18704, 1766], [14440, 14439, 11903, 2850, 9808, 5261, 19204, 3072], [4670, 20481, 14944, 12202, 8383, 2096, 7758, 3450], [14444, 18628, 7298, 20199, 14443, 12971, 12511, 14442], [14445, 17155, 17889, 5768, 9265, 19537, 15928, 5223], [11456, 17312, 14446, 14337, 11778, 1214, 18464, 11784], [8227, 14447, 12304, 14339, 18874, 8643, 15035, 12380], [2116, 13176, 12197, 18080, 19403, 4559, 18332, 17541], [19256, 19255, 10041, 16817, 14719, 5778, 3536, 19675], [14450, 12123, 8955, 12844, 17436, 17596, 16701, 15148], [14451, 17698, 15127, 20221, 16757, 17435, 17419, 3730], [2856, 19597, 15791, 16604, 19518, 3969, 9840, 18553], [14453, 13057, 17311, 9352, 16351, 9747, 8586, 17449], [7880, 17281, 976, 15709, 17954, 13073, 7709, 493], [14454, 2386, 8029, 16249, 970, 6952, 919, 1233], [16054, 19828, 10562, 2792, 6752, 16575, 18619, 1184], [14456, 1208, 4119, 7116, 9144, 14691, 15704, 637], [637, 13785, 9144, 12524, 20195, 15376, 17134, 12351], [14459, 12855, 16907, 4112, 4113, 664, 4367, 14800], [17826, 16076, 18817, 9994, 8783, 10977, 2162, 18500], [1271, 20513, 7977, 13848, 11975, 4708, 7984, 750], [8084, 2949, 2679, 19617, 14139, 20719, 3513, 7500], [14465, 11446, 9436, 945, 3866, 13509, 13190, 4845], [13036, 18922, 4868, 11055, 1267, 15228, 3667, 6915], [14467, 14766, 19454, 19333, 15617, 4598, 4630, 15848], [19457, 797, 9880, 5446, 11730, 2206, 7238, 12732], [14468, 18351, 16838, 14253, 4285, 17777, 19339, 18001], [14469, 19982, 12732, 20021, 4973, 3180, 7257, 17059], [14679, 12126, 14457, 20355, 16183, 20198, 18680, 7996], [18017, 6755, 16793, 14470, 11632, 16298, 18018, 16498], [14471, 3701, 20621, 4247, 18190, 1555, 1370, 5418], [1919, 6015, 1316, 18820, 11634, 9932, 5409, 6844], [8799, 13334, 14480, 581, 7088, 2615, 11520, 17073], [491, 7259, 4088, 5165, 9633, 16055, 18742, 2161], [3637, 9578, 7973, 4331, 2759, 9946, 8360, 1272], [1246, 1472, 9537, 10735, 14891, 15189, 10827, 5086], [14482, 14481, 15122, 5787, 9541, 17411, 14314, 16117], [14636, 16294, 19933, 17352, 1161, 17986, 19859, 1310], [15019, 8712, 5616, 10603, 5488, 6048, 7988, 8909], [9991, 5371, 18117, 8507, 14271, 11257, 15786, 10015], [14490, 9473, 3765, 13417, 13848, 14261, 14876, 18424], [20733, 15537, 18640, 14136, 4451, 16537, 14491, 12524], [5726, 13481, 2644, 15363, 365, 1609, 17680, 8437], [14494, 15841, 281, 20515, 17708, 16764, 17442, 7852], [13540, 4259, 3949, 1384, 4085, 8918, 11339, 10662], [14497, 17709, 1615, 8173, 