{"num_src_sents": 24, "plutarch_4_1908": {"tgt_lang": "en", "transl_top1": 0.08333333333333333, "transl_top5": 0.2916666666666667, "transl_top10": 0.375, "num_nulls": 0, "num_tgt_sents": 13066, "retrieval_preds": [[757, 6531, 3996, 345, 4005, 4359, 3141, 2145], [3388, 4359, 4057, 999, 4749, 70, 4005, 5613], [48, 1168, 5788, 5889, 757, 4359, 57, 5228], [3038, 95, 1169, 2837, 222, 2140, 6082, 354], [1171, 3301, 4799, 2724, 1926, 5087, 5911, 4885], [4398, 5921, 1172, 3120, 2044, 3758, 1648, 6531], [1337, 1176, 566, 4333, 2837, 3419, 5786, 3179], [1177, 345, 6099, 3632, 5949, 1289, 60, 132], [1178, 6024, 6099, 375, 402, 510, 1374, 210], [1180, 3813, 4961, 2724, 213, 5327, 3186, 2030], [6129, 6077, 625, 1181, 1187, 4375, 6109, 1699], [3650, 4109, 5170, 6413, 1182, 6300, 5106, 1347], [48, 6099, 3758, 3768, 3087, 126, 6062, 736], [1188, 5012, 2838, 2397, 3483, 5277, 6196, 6681], [1189, 6383, 4625, 1405, 1163, 1182, 5086, 2715], [4626, 5004, 1190, 2698, 1743, 3729, 5278, 5277], [3133, 5004, 3481, 2397, 6844, 4961, 3483, 689], [1192, 5079, 2698, 4626, 5277, 5422, 3518, 837], [1194, 794, 802, 702, 4572, 2479, 1602, 5856], [1197, 560, 216, 6092, 1415, 107, 4570, 3855], [1198, 3302, 374, 1178, 6099, 379, 375, 5373], [757, 3141, 4702, 5228, 4580, 4648, 2164, 4359], [1204, 1655, 4359, 5228, 5652, 5788, 750, 5157], [2011, 2008, 5351, 6236, 1631, 727, 663, 6471]]}, "plutarch_3_1908": {"tgt_lang": "en", "transl_top1": 0.041666666666666664, "transl_top5": 0.08333333333333333, "transl_top10": 0.125, "num_nulls": 0, "num_tgt_sents": 6633, "retrieval_preds": [[5210, 2659, 3244, 1782, 766, 6, 765, 861], [2659, 6021, 6427, 6492, 2580, 4064, 5951, 1782], [1469, 784, 5210, 3244, 4959, 2188, 1712, 4788], [494, 6569, 2553, 6271, 1236, 6372, 856, 3934], [739, 996, 959, 4327, 34, 6278, 5258, 2786], [2570, 6021, 6133, 3244, 6229, 2860, 4234, 4881], [865, 2257, 356, 1291, 6550, 3340, 475, 876], [86, 4257, 2659, 915, 3244, 2806, 6292, 1123], [86, 1782, 1916, 3947, 2218, 9, 5483, 2570], [3064, 3438, 13, 851, 4321, 971, 6334, 2633], [6241, 902, 6303, 934, 5248, 2790, 6186, 4819], [3244, 1450, 5963, 4823, 86, 2570, 6473, 4881], [6303, 4881, 226, 4940, 3175, 6098, 4456, 4234], [2535, 1413, 4173, 891, 6322, 6280, 4727, 6378], [1938, 1851, 2652, 2736, 3458, 6620, 5871, 2340], [6192, 507, 2392, 701, 2215, 6324, 756, 3531], [953, 200, 6325, 5258, 5336, 5441, 542, 1179], [976, 541, 487, 2296, 6042, 1476, 5092, 6434], [6111, 571, 4749, 1413, 2588, 4942, 1169, 6059], [2371, 1024, 4902, 1883, 1172, 9, 3386, 6023], [5210, 1851, 9, 2806, 407, 4543, 5458, 1123], [934, 5210, 1782, 2659, 3244, 5966, 5236, 2652], [2878, 4767, 6077, 5210, 3214, 2743, 5951, 52], [6269, 6241, 6144, 6488, 2806, 6590, 4122, 2597]]}, "num_translations": 2, "text_top1": 0.0625, "text_top5": 0.1875, "text_top10": 0.25}