{"num_src_sents": 83, "demosthenes_1902": {"tgt_lang": "en", "transl_top1": 0.4457831325301205, "transl_top5": 0.5783132530120482, "transl_top10": 0.6506024096385542, "num_nulls": 0, "num_tgt_sents": 6778, "retrieval_preds": [[5198, 3587, 3047, 2816, 4352, 47, 4739, 806], [4349, 5555, 2874, 5439, 4959, 4437, 1178, 5207], [4544, 2346, 4565, 4350, 4448, 370, 4800, 4322], [3637, 4352, 4194, 3047, 3659, 5478, 4493, 5555], [4468, 4493, 4354, 4522, 460, 5411, 2816, 4580], [4355, 4952, 1113, 4315, 925, 1431, 58, 2328], [4356, 5444, 4362, 5452, 629, 5232, 2311, 5043], [4357, 4358, 2908, 210, 4462, 431, 654, 3314], [4359, 4553, 4100, 3116, 4358, 4161, 1463, 4160], [4360, 1184, 3407, 588, 4362, 1226, 4357, 4123], [4358, 4361, 5342, 820, 2936, 5196, 276, 4100], [4362, 200, 4473, 4356, 4358, 208, 447, 206], [4502, 5355, 2549, 4601, 5469, 1292, 4817, 5573], [4365, 4206, 5555, 5553, 4468, 5441, 5439, 4072], [4369, 4147, 4144, 2099, 2104, 4378, 5555, 3851], [4371, 3463, 5727, 544, 5600, 4369, 5322, 3922], [4372, 1921, 241, 5265, 3274, 2908, 1669, 2052], [4373, 5336, 4549, 4807, 806, 1836, 4331, 4645], [4375, 2076, 5555, 2124, 4132, 4153, 4437, 4131], [4378, 4925, 5555, 3072, 5573, 5384, 3781, 2760], [4379, 5469, 5080, 4872, 4398, 2360, 5277, 2936], [4380, 5466, 3466, 4742, 5182, 566, 5363, 4905], [615, 4967, 1135, 2867, 5019, 4702, 566, 712], [4382, 460, 5501, 4354, 4063, 5327, 369, 3878], [256, 4326, 4461, 820, 581, 4266, 4269, 3314], [5160, 5573, 1429, 4807, 1234, 3605, 1607, 2816], [4651, 4522, 4493, 4601, 4386, 5160, 2816, 4468], [4692, 2563, 5126, 4390, 566, 2936, 1297, 3508], [4392, 5200, 5522, 4420, 4524, 3217, 2686, 3509], [4393, 1463, 231, 2720, 581, 4583, 433, 4460], [4394, 2680, 1127, 5377, 2258, 2489, 4665, 3398], [4395, 4358, 4861, 5149, 2394, 108, 5456, 3298], [789, 820, 5288, 2874, 4627, 2713, 4189, 383], [728, 4990, 2932, 5112, 5073, 5464, 2882, 2818], [2760, 5555, 4401, 1429, 4887, 2445, 5439, 5336], [4403, 4958, 4402, 4426, 4758, 4948, 232, 4999], [907, 3714, 1532, 84, 2576, 4872, 4860, 429], [84, 83, 1532, 4406, 664, 660, 1200, 237], [5460, 5439, 4788, 4496, 5327, 2694, 3303, 4887], [4496, 5079, 4410, 5460, 3230, 1933, 3252, 4887], [4411, 2816, 2749, 4949, 4554, 5355, 4887, 2694], [4925, 5384, 4889, 1307, 5555, 3230, 2736, 5553], [4417, 4925, 4522, 108, 2358, 4502, 4159, 4645], [4420, 4136, 2602, 5336, 3326, 5470, 2359, 2048], [4423, 4807, 5027, 5355, 5439, 5449, 5553, 460], [4995, 5228, 5009, 3214, 3400, 4424, 4418, 54], [4958, 4426, 5449, 4522, 5460, 4493, 4570, 4807], [4428, 5128, 4742, 5469, 2939, 4925, 4178, 4429], [4430, 5552, 5079, 4461, 4455, 4437, 4497, 5548], [4431, 3296, 4354, 5460, 5207, 4352, 3411, 4393], [4434, 4371, 4218, 3781, 2799, 5129, 544, 3459], [4455, 562, 4514, 4471, 1199, 4461, 4365, 211], [4436, 124, 557, 3390, 1505, 535, 2290, 6395], [4437, 5291, 4865, 108, 4439, 5393, 283, 4455], [4438, 6374, 6642, 104, 120, 133, 113, 2186], [4439, 1325, 4420, 4905, 4203, 521, 2878, 3479], [4440, 481, 6161, 579, 478, 3096, 4155, 523], [1200, 639, 4078, 4418, 258, 4103, 1563, 256], [4442, 3369, 3379, 3385, 1073, 114, 168, 3359], [3310, 4444, 2908, 5527, 5082, 2724, 3309, 602], [4445, 1091, 3920, 1923, 177, 4294, 145, 3661], [3215, 4446, 4418, 3748, 5292, 4430, 2360, 2753], [4447, 4215, 2388, 4742, 1438, 4468, 3274, 212], [629, 5163, 4789, 4448, 370, 2655, 2670, 2677], [4449, 4117, 5538, 1606, 1674, 1615, 76, 3780], [629, 641, 4789, 2670, 2327, 2349, 3386, 370], [4452, 4203, 449, 373, 468, 6022, 3168, 2317], [4418, 4413, 4715, 572, 5459, 2179, 2096, 3120], [4454, 557, 4203, 2429, 3988, 652, 688, 3660], [4455, 3341, 4709, 1199, 5105, 1053, 3991, 1967], [4461, 241, 1463, 4259, 581, 5421, 351, 4462], [4461, 2080, 4642, 4460, 4259, 5373, 4162, 648], [4461, 4474, 2126, 2096, 4471, 4469, 2643, 310], [4462, 5555, 5439, 3296, 4423, 5478, 4206, 1031], [4463, 208, 2163, 3733, 4465, 3456, 2602, 3172], [2295, 5032, 5010, 3722, 2002, 976, 5234, 5128], [4887, 4522, 4493, 4538, 4468, 4925, 4648, 4651], [5228, 4100, 4906, 4471, 241, 4460, 2330, 1126], [4460, 4471, 4470, 4259, 5228, 4072, 4461, 5421], [4473, 4472, 680, 110, 206, 4470, 124, 1199], [4474, 1126, 4881, 2795, 4461, 2360, 4115, 5558], [5537, 1545, 5426, 5520, 4475, 5017, 3702, 2540], [1126, 427, 1439, 3506, 4060, 5217, 3533, 4867]]}, "demosthenes_aeschynes_1861": {"tgt_lang": "fr", "transl_top1": 0.012048192771084338, "transl_top5": 0.03614457831325301, "transl_top10": 0.08433734939759036, "num_nulls": 0, "num_tgt_sents": 36182,