{"num_src_sents": 1223, "plautus_1862_1": {"tgt_lang": "de", "transl_top1": 0.007358953393295176, "transl_top5": 0.02125919869174162, "transl_top10": 0.044153720359771054, "num_nulls": 0, "num_tgt_sents": 4446}, "plautus_1866_2": {"tgt_lang": "de", "transl_top1": 0.008994276369582993, "transl_top5": 0.03761242845461979, "transl_top10": 0.058871627146361405, "num_nulls": 0, "num_tgt_sents": 4445}, "plautus_3_1855": {"tgt_lang": "de", "transl_top1": 0.007358953393295176, "transl_top5": 0.029435813573180702, "transl_top10": 0.06132461161079313, "num_nulls": 0, "num_tgt_sents": 5003}, "plautus_4_1855": {"tgt_lang": "de", "transl_top1": 0.005723630417007359, "transl_top5": 0.027800490596892886, "transl_top10": 0.05151267375306623, "num_nulls": 0, "num_tgt_sents": 5818}, "num_translations": 4, "text_top1": 0.007358953393295176, "text_top5": 0.029026982829108747, "text_top10": 0.05396565821749796}