{"num_src_sents": 133, "corneliusNepos_1856": {"tgt_lang": "de", "transl_top1": 0.8195488721804511, "transl_top5": 0.924812030075188, "transl_top10": 0.9699248120300752, "num_nulls": 0, "num_tgt_sents": 2320, "retrieval_preds": [[1455, 1592, 1415, 1668, 960, 1917, 1180, 1070], [1456, 1068, 2220, 757, 573, 2134, 1671, 2092], [1457, 1751, 995, 2214, 2045, 2199, 895, 1458], [1458, 169, 1438, 1521, 1316, 1484, 1523, 1677], [1459, 718, 2206, 2012, 2204, 1406, 569, 42], [1460, 359, 701, 1742, 2151, 464, 1651, 850], [1461, 1658, 1700, 884, 961, 563, 1659, 1983], [1462, 948, 2046, 25, 1805, 1469, 269, 477], [1463, 1462, 1401, 1228, 2063, 418, 979, 1887], [1464, 2120, 292, 1219, 797, 522, 300, 1117], [1465, 1823, 1357, 1983, 498, 1975, 850, 1466], [1466, 1528, 1605, 1474, 2150, 1859, 1375, 1536], [1467, 1529, 942, 323, 1786, 120, 1778, 1792], [1950, 2197, 2122, 86, 1372, 722, 782, 1110], [1470, 1478, 686, 1753, 1469, 1607, 1606, 1758], [1483, 1442, 1157, 251, 1043, 1398, 1405, 503], [1471, 1271, 1344, 1606, 526, 1351, 1094, 1470], [633, 1134, 609, 1808, 1471, 202, 272, 520], [1472, 445, 2102, 593, 1333, 829, 444, 757], [1473, 1952, 590, 1096, 1208, 768, 811, 654], [1474, 999, 1870, 2156, 1050, 578, 1628, 678], [1475, 1523, 1648, 1646, 1358, 252, 376, 544], [1476, 1928, 1273, 1925, 501, 557, 403, 1473], [1477, 1500, 1935, 138, 1937, 202, 1492, 1631], [1478, 587, 691, 960, 1753, 1611, 1757, 630], [1479, 2227, 1081, 1175, 1219, 1628, 2120, 2206], [1480, 1530, 124, 274, 1830, 983, 130, 276], [1481, 1453, 1959, 1744, 269, 255, 1754, 985], [1483, 1482, 1530, 2215, 661, 1554, 1271, 986], [203, 1470, 1615, 1307, 1700, 568, 2093, 889], [1485, 1168, 1579, 1294, 1493, 1934, 1542, 1631], [1486, 1487, 300, 1541, 1831, 1114, 1526, 1312], [1487, 1390, 944, 1353, 1485, 1171, 1539, 1549], [1488, 1541, 1010, 815, 1697, 1682, 1208, 905], [1489, 1483, 1079, 744, 1494, 1878, 1578, 1917], [1490, 1600, 1455, 1592, 1357, 1340, 1586, 1662], [1491, 1097, 810, 1505, 1008, 1294, 1010, 2280], [1493, 1293, 1471, 214, 1500, 1942, 1008, 1787], [1494, 500, 983, 1505, 137, 1831, 1925, 1932], [1495, 1550, 551, 1134, 1805, 2142, 1393, 422], [1496, 1592, 247, 1573, 1904, 257, 192, 2191], [1497, 2151, 69, 678, 1628, 1474, 1532, 682], [1497, 1523, 351, 1752, 1610, 1648, 1609, 347], [1498, 986, 242, 1612, 611, 626, 992, 781], [1499, 1268, 1573, 135, 155, 542, 2161, 1493], [1500, 666, 2226, 1353, 1372, 1847, 1550, 214], [1501, 1500, 214, 1870, 32, 1175, 1574, 2024], [1502, 1577, 1147, 1396, 1831, 2279, 1153, 1829], [1503, 1786, 1145, 458, 1501, 1134, 1866, 1229], [1504, 2173, 458, 946, 737, 178, 1651, 1653], [1505, 570, 1146, 1391, 1125, 1164, 1395, 1153], [1506, 1168, 260, 627, 160, 1272, 1491, 291], [1507, 401, 1212, 1776, 214, 739, 1192, 281], [1508, 504, 180, 1437, 1770, 1950, 871, 1505], [1509, 1571, 1568, 1140, 1642, 503, 1609, 1037], [1510, 379, 1505, 872, 1949, 2207, 1515, 1675], [1511, 1618, 2287, 1865, 1176, 365, 1245, 1295], [1512, 1597, 378, 1577, 1642, 1545, 126, 1568], [1519, 2276, 686, 1497, 786, 2277, 1257, 1981], [1521, 1523, 2311, 1748, 1170, 1274, 1932, 1475], [217, 1574, 508, 742, 1522, 672, 2097, 1298], [1523, 1521, 1648, 1458, 1225, 1118, 1457, 568], [1524, 1519, 1611, 987, 102, 471, 1303, 1273], [2118, 1134, 1525, 896, 1389, 1139, 1783, 148], [1526, 115, 308, 1485, 944, 303, 2238, 557], [1527, 668, 445, 403, 512, 2167, 1671, 1388], [1530, 612, 1156, 235, 249, 1481, 896, 1915], [1531, 1530, 520, 1350, 376, 1606, 1257, 786], [648, 1533, 603, 131, 1411, 516, 26, 2023], [1534, 1997, 1652, 1932, 634, 1770, 1512, 983], [1538, 1653, 994, 1512, 1495, 57, 1575, 1597], [1539, 1635, 863, 1550, 1544, 1864, 112, 99], [1540, 1369, 1484, 378, 1530, 315, 813, 1519], [1541, 115, 1280, 2049, 1434, 1137, 2246, 1167], [1542, 783, 1464, 2254, 2071, 1316, 811, 1279], [1543, 867, 1402, 603, 1160, 1618, 1870, 210], [1544, 1870, 1748, 1327, 503, 214, 1293, 1655], [1545, 1597, 1577, 1568, 1588, 1037, 1905, 1432], [1546, 1550, 1134, 264, 609, 1805, 1829, 1125], [1547, 1254, 1510, 1324, 275, 268, 1868, 1604], [1548, 2197, 2064, 2196, 1950, 2199, 576, 782], [1549, 901, 1168, 1562, 1550, 1487, 1391, 1545], [1550, 1134, 261, 1942, 1805, 1132, 863, 2255], [1551, 2304, 1562, 1547, 1604, 1151, 1642, 1570], [1552, 1921, 1829, 1548, 2309, 2033, 1585, 2109], [1553, 401, 131, 100, 2242, 1567, 2118, 568], [1558, 1568, 1805, 1919, 1938, 318, 1550, 1405], [1618, 312, 1185, 921, 796, 1043, 1987, 1780], [743, 1163, 1559, 2023, 1137, 437, 1084, 441], [1560, 1588, 1545, 1580, 1597, 1564, 1568, 1495], [1561, 298, 1485, 1573, 1135, 1398, 1137, 1294], [1562, 1547, 132, 151, 1551, 275, 1569, 1293], [1563, 1110, 2033, 1552, 264, 1185, 1618, 1168], [1597, 1564, 1588, 1580, 1545, 1571, 612, 1481], [1565, 1139, 160, 1549, 1486, 602, 1831, 1391], [1566, 648, 2155, 356, 1572, 1489, 1533, 1571], [1652, 889, 1553, 1987, 1927, 944, 1095, 921], [1568, 1571, 1564, 1597, 1588, 1580, 2135, 1577], [1568, 879, 1134, 600, 1162, 1101, 158, 2053], [1569, 265, 602, 1565, 1147, 1570, 900, 1937], [1573, 1493, 788, 1476, 1273, 1327, 1471, 1482], [1575, 1604, 1530, 376, 790, 1512, 783, 1905], [1576, 593, 511, 1665, 1189, 2143, 1585, 1443], [1577, 1545, 2160, 1502, 127, 1953, 1597, 2014], [1578, 1608, 1753, 1755, 1038, 1481, 1758, 1754], [1579, 1167, 103, 1560, 1600, 999, 1474, 1485], [1580, 1597, 1588, 1545, 1577, 1509, 170, 1560], [1794, 577, 2257, 1492, 889, 593, 1323, 1665], [1581, 840, 1582, 663, 805, 1409, 964, 689], [508, 2097, 2226, 742, 1749, 2154, 217, 1862], [1584, 1585, 1717, 1438, 49, 1040, 364, 1598], [1586, 1604, 1537, 2149, 1606, 1925, 1276, 262], [1588, 1597, 1560, 1545, 1564, 379, 2063, 1580], [1589, 1987, 32, 1179, 1163, 666, 2122, 1583], [1590, 1951, 796, 1559, 1586, 1245, 437, 2067], [1591, 1250, 1779, 1747, 2312, 863, 205, 1682], [1594, 1600, 1482, 1702, 1493, 214, 1323, 1664], [1702, 1594, 743, 742, 509, 2226, 2097, 444], [1595, 1052, 517, 1493, 202, 1134, 214, 1628], [1596, 706, 1594, 1794, 566, 300, 1482, 1440], [1597, 1588, 1580, 1545, 1564, 1560, 1481, 1590], [1598, 39, 570, 1659, 1445, 2087, 1438, 1407], [1599, 1161, 1081, 1662, 1603, 694, 1102, 506], [1600, 1357, 1490, 2154, 1368, 1427, 508, 1455], [1601, 681, 2300, 907, 1465, 1510, 1583, 1152], [1602, 1935, 115, 1635, 364, 1485, 1269, 1353], [1603, 1134, 1357, 332, 2168, 2078, 1599, 850], [1604, 1571, 1580, 1685, 887, 680, 1597, 1588], [1605, 1466, 1753, 1607, 929, 1257, 1895, 1612], [1606, 1607, 520, 1532, 1350, 1435, 1469, 1531], [1608, 1612, 1753, 772, 1498, 1578, 552, 1555], [1609, 1597, 1604, 656, 1568, 1499, 1571, 1014], [1610, 960, 1119, 2163, 1497, 1093, 1030, 1854]]}, "justin_cNepos_eutropius_1902": {"tgt_lang": "en", "transl_top1": 0.5413533834586466, "transl_top5": 0.6390977443609023, "transl_top10": 0.6992481203007519, "num_nulls": 0, "num_tgt_sents": 9841,