{"num_src_sents": 43, "justin_cNepos_eutropius_1902": {"tgt_lang": "en", "transl_top1": 0.5348837209302325, "transl_top5": 0.6511627906976745, "transl_top10": 0.6511627906976745, "num_nulls": 0, "num_tgt_sents": 9841}, "corneliusNepos_1856": {"tgt_lang": "de", "transl_top1": 0.5813953488372093, "transl_top5": 0.6511627906976745, "transl_top10": 0.7209302325581395, "num_nulls": 0, "num_tgt_sents": 2320}, "num_translations": 2, "text_top1": 0.5581395348837209, "text_top5": 0.6511627906976745, "text_top10": 0.686046511627907}