{"num_src_sents": 84, "lucian_1827_7": {"tgt_lang": "de", "transl_top1": 0.32142857142857145, "transl_top5": 0.5119047619047619, "transl_top10": 0.5833333333333334, "num_nulls": 0, "num_tgt_sents": 4692}, "Lucian_1827_ht8": {"tgt_lang": "de", "transl_top1": 0.03571428571428571, "transl_top5": 0.13095238095238096, "transl_top10": 0.27380952380952384, "num_nulls": 0, "num_tgt_sents": 1131}, "lucian_1831_13": {"tgt_lang": "de", "transl_top1": 0.03571428571428571, "transl_top5": 0.09523809523809523, "transl_top10": 0.14285714285714285, "num_nulls": 0, "num_tgt_sents": 4049}, "luciusSamosata_1_1869": {"tgt_lang": "fr", "transl_top1": 0.19047619047619047, "transl_top5": 0.30952380952380953, "transl_top10": 0.40476190476190477, "num_nulls": 0, "num_tgt_sents": 14187}, "num_translations": 4, "text_top1": 0.14583333333333331, "text_top5": 0.26190476190476186, "text_top10": 0.35119047619047616}