{"num_src_sents": 765, "aristotle_1_1900": {"tgt_lang": "fr", "transl_top1": 0.5124183006535947, "transl_top5": 0.7790849673202614, "transl_top10": 0.8784313725490196, "num_nulls": 0, "num_tgt_sents": 1420}, "aristotle_1855-1907_5": {"tgt_lang": "de", "transl_top1": 0.3738562091503268, "transl_top5": 0.5725490196078431, "transl_top10": 0.6470588235294118, "num_nulls": 0, "num_tgt_sents": 6432}, "aristotle_1879": {"tgt_lang": "it", "transl_top1": 0.023529411764705882, "transl_top5": 0.0457516339869281, "transl_top10": 0.07450980392156863, "num_nulls": 99, "num_tgt_sents": 561}, "num_translations": 3, "text_top1": 0.3032679738562092, "text_top5": 0.46579520697167753, "text_top10": 0.5333333333333333}