{"num_src_sents": 612, "ovid_1882_2": {"tgt_lang": "de", "transl_top1": 0.006535947712418301, "transl_top5": 0.03104575163398693, "transl_top10": 0.058823529411764705, "num_nulls": 0, "num_tgt_sents": 10840}, "ovid_1_1875": {"tgt_lang": "fr", "transl_top1": 0.3839869281045752, "transl_top5": 0.5866013071895425, "transl_top10": 0.6715686274509803, "num_nulls": 0, "num_tgt_sents": 7295}, "ovid_1850": {"tgt_lang": "fr", "transl_top1": 0.3006535947712418, "transl_top5": 0.43790849673202614, "transl_top10": 0.5049019607843137, "num_nulls": 0, "num_tgt_sents": 27705}, "ovid_1855-1890_1": {"tgt_lang": "de", "transl_top1": 0.6078431372549019, "transl_top5": 0.7238562091503268, "transl_top10": 0.7859477124183006, "num_nulls": 0, "num_tgt_sents": 7974}, "ovid_1866-1897_3": {"tgt_lang": "de", "transl_top1": 0.0032679738562091504, "transl_top5": 0.02287581699346405, "transl_top10": 0.07352941176470588, "num_nulls": 0, "num_tgt_sents": 7793}, "num_translations": 7, "text_top1": 0.18604108309990663, "text_top5": 0.25746965452847803, "text_top10": 0.2992530345471522}