{"num_src_sents": 290, "plutarch_5_1844": {"tgt_lang": "fr", "transl_top1": 0.006896551724137931, "transl_top5": 0.041379310344827586, "transl_top10": 0.07241379310344828, "num_nulls": 0, "num_tgt_sents": 5916}, "plutarch_4_1844": {"tgt_lang": "fr", "transl_top1": 0.33448275862068966, "transl_top5": 0.4827586206896552, "transl_top10": 0.5724137931034483, "num_nulls": 0, "num_tgt_sents": 6665}, "num_translations": 2, "text_top1": 0.1706896551724138, "text_top5": 0.2620689655172414, "text_top10": 0.3224137931034483}