{"num_src_sents": 34, "plutarch_1898_ethical": {"tgt_lang": "en", "transl_top1": 0.47058823529411764, "transl_top5": 0.6470588235294118, "transl_top10": 0.7941176470588235, "num_nulls": 0, "num_tgt_sents": 5242, "retrieval_preds": [[3909, 842, 4993, 1795, 4641, 4409, 1020, 3904], [1796, 867, 1705, 3903, 3517, 3577, 2056, 3821], [1799, 3248, 2194, 2539, 4231, 1802, 1745, 4263], [1338, 1339, 477, 226, 4606, 1333, 4662, 2238], [1801, 308, 3456, 3959, 4627, 4737, 2151, 3953], [1802, 2531, 1199, 2232, 4285, 3577, 3743, 1363], [1804, 1805, 4251, 3577, 3904, 1637, 4323, 1360], [1806, 36, 2508, 3008, 1377, 3940, 4504, 2715], [1807, 3093, 4457, 1792, 1117, 3125, 2514, 1791], [1810, 3517, 4980, 1225, 1837, 2506, 1312, 1802], [1812, 2891, 548, 1352, 3018, 3489, 4982, 2552], [1813, 2236, 3894, 477, 194, 4697, 5218, 2857], [1814, 2439, 4364, 4830, 4589, 12, 4429, 515], [1815, 477, 3715, 3719, 4372, 4606, 3729, 2236], [1816, 4030, 3052, 3690, 390, 1815, 734, 2469], [1817, 4695, 3727, 2240, 1339, 2236, 2234, 388], [1818, 1819, 1679, 4618, 726, 3586, 1744, 825], [4386, 1820, 717, 1300, 700, 4949, 741, 235], [1821, 4279, 4915, 2782, 2582, 4366, 761, 800], [1822, 3489, 923, 4677, 3954, 2147, 1208, 2645], [1823, 1360, 4437, 1307, 3892, 4738, 1781, 1400], [46, 1824, 4292, 1838, 4969, 3662, 2173, 4556], [1825, 1838, 566, 4292, 1457, 1081, 2508, 1006], [1826, 477, 217, 3457, 3178, 53, 1632, 4909], [1827, 2219, 3894, 4730, 4764, 4784, 477, 194], [1828, 4827, 4490, 4592, 4817, 483, 361, 4785], [3011, 2004, 5028, 4708, 2857, 4426, 2093, 1879], [1831, 3389, 1838, 117, 4292, 3743, 4837, 4949], [1832, 3053, 3549, 2577, 3598, 2657, 338, 4686], [1833, 1911, 1637, 1870, 508, 3233, 3909, 2539], [4263, 1653, 1834, 2350, 1472, 1833, 508, 2194], [3722, 3100, 3792, 4337, 46, 3316, 1835, 4970], [226, 1333, 4662, 1338, 1339, 477, 3894, 5028], [1837, 1810, 3577, 3904, 1466, 4840, 1745, 1907]]}, "plutarch_2_1844": {"tgt_lang": "fr", "transl_top1": 0.058823529411764705, "transl_top5": 0.20588235294117646, "transl_top10": 0.2647058823529412, "num_nulls": 0, "num_tgt_sents": 7523, "retrieval_preds": [[6894, 2249, 7013, 2368, 580, 648, 7008, 2510], [5701, 5562, 2002, 3296, 2021, 2438, 1746, 2616], [4983, 7008, 2521, 2262, 2510, 3497, 5847, 4890], [6299, 630, 3685, 6110, 4706, 6298, 6289, 5175], [3017, 7016, 3662, 7018, 6975, 5444, 490, 7521], [5159, 3460, 6669, 2527, 4276, 3719, 6838, 4983], [1790, 3719, 5447, 5159, 6763, 4617, 6013, 5107], [5901, 206, 4538, 503, 4172, 5046, 7096, 4805], [6014, 6669, 495, 4226, 2489, 3737, 6734, 3084], [2081, 2510, 1679, 5714, 3660, 585, 2616, 5274], [4838, 3220, 3365, 1183, 2208, 337, 121, 1135], [5460, 6939, 2389, 2161, 6814, 2092, 1673, 1840], [2730, 1269, 1919, 1867, 4873, 5182, 1010, 6024], [2918, 6037, 6882, 4457, 2419, 2581, 6969, 2258], [6026, 3398, 2849, 389, 6877, 4345, 433, 5146], [6028, 6031, 1841, 6110, 6009, 1840, 6022, 6297], [6029, 3993, 3964, 1793, 2368, 3260, 3854, 3998], [2714, 963, 159, 3799, 6030, 40, 3057, 2514], [1919, 5765, 1137, 1914, 1672, 6800, 1939, 2321], [6034, 5270, 5705, 2561, 3201, 2510, 1135, 5747], [7, 643, 4423, 497, 204, 4277, 2225, 3811], [5112, 2078, 2276, 2467, 2631, 3734, 6081, 6870], [6036, 2296, 4494, 1801, 7281, 6940, 893, 7250], [6037, 6025, 6481, 6111, 1759, 6702, 4216, 6969], [6038, 3964, 3927, 543, 6056, 3699, 94, 3664], [1197, 5051, 6040, 2254, 585, 4549, 1137, 2526], [2395, 2394, 6041, 887, 3459, 2342, 2396, 6887], [6042, 5371, 7247, 5979, 5533, 3662, 5676, 1842], [6043, 6622, 6990, 7181, 6062, 1859, 4784, 4333], [3805, 7008, 204, 4983, 4096, 2881, 365, 4890], [4846, 6600, 7008, 3460, 574, 3791, 6035, 2527], [6814, 2327, 6041, 339, 1673, 4333, 2100, 4561], [2708, 5384, 6298, 4706, 6299, 1759, 2206, 5321], [6052, 5447, 3221, 2550, 6098, 2431, 2549, 2388]]}, "plutarch_1_1844": {"tgt_lang": "fr", "transl_top1": 0.029411764705882353, "transl_top5": 0.14705882352941177, "transl_top10": 0.20588235294117646, "num_nulls": 0, "num_tgt_sents": 8121, "retrieval_preds": [[4825, 3192, 5377, 7399, 1299, 1907, 6462, 4794], [5092, 4825, 6312, 640, 5227, 2766, 1850, 4257], [2112, 1669, 4825, 2384, 1666, 4902, 790, 4732], [4300, 4306, 4294, 4339, 4296, 4308, 4298, 4348], [4797, 5919, 1760, 919, 4885, 1367, 161, 565], [3519, 640, 1723, 680, 2384, 4865, 1570, 2893], [4825, 2187, 4002, 7725, 3232, 2384, 3689, 3631], [4845, 2858, 4762, 5047, 1216, 808, 2972, 2094], [6069, 594, 3865, 2406, 1367, 3375, 592, 1683], [4755, 5985, 1850, 6910, 4825, 4537, 7568, 3192], [919, 7672, 5110, 7110, 562, 5906, 1656, 2483], [2998, 148, 5461, 2809, 6190, 4296, 482, 6526], [4424, 7993, 4356, 7790, 5166, 2012, 3333, 7406], [2083, 2502, 5454, 1501, 5461, 1828, 1475, 2826], [7197, 6088, 2513, 7310, 6617, 4978, 1451, 4736], [1517, 1732, 6526, 1502, 2117, 1738, 6190, 1521], [4002, 59, 3680, 2811, 5870, 2766, 5461, 7515], [4785, 3110, 3196, 3364, 3198, 3135, 3226, 3200], [7943, 2730, 4949, 6061, 5689, 6657, 7679, 5299], [7533, 7590, 3822, 7912, 7560, 7790, 1615, 7543], [4529, 299, 7080, 3115, 6904, 4002, 6008, 3513], [2862, 6969, 1460, 2856, 2832, 2809, 1912, 2833], [911, 1585, 1352, 4388, 4394, 4913, 1613, 5421], [1828, 5461, 6772, 2088, 1714, 1095, 2098, 1302], [4749, 4869, 3414, 4352, 7264, 3780, 4394, 7290], [979, 7603, 2343, 6528, 3387, 4457, 622, 7657], [148, 2964, 2837, 2452, 1321, 3509, 2802, 1706], [412, 1660, 82, 7835, 1612, 1367, 444, 925], [3904, 2361, 3518, 2924, 1819, 915, 2881, 1082], [4825, 3548, 2135, 1871, 4793, 2124, 3792, 1666], [2112, 1364, 2384, 5911, 1570, 1871, 1286, 640], [786, 7490, 2765, 1293, 2809, 2513, 3318, 2844], [4311, 4306, 4848, 4294, 4296, 4300, 1321, 3509], [4825, 6910, 4793, 3726, 3598, 2954, 905, 2341]]}, "num_translations": 3, "text_top1": 0.18627450980392155, "text_top5": 0.3333333333333333, "text_top10": 0.4215686274509804}