{"num_src_sents": 353, "lucian_1829_10": {"tgt_lang": "de", "transl_top1": 0.31728045325779036, "transl_top5": 0.45892351274787535, "transl_top10": 0.5410764872521246, "num_nulls": 2, "num_tgt_sents": 4222, "retrieval_preds": [[1176, 1191, 1177, 128, 1200, 77, 2816, 3236], [1736, 1178, 3803, 2012, 1326, 4096, 1256, 184], [1259, 185, 4054, 309, 3967, 1606, 2361, 790], [1016, 1018, 1640, 1206, 1220, 4202, 2737, 1242], [1180, 1200, 1282, 1214, 1240, 1233, 1382, 1238], [75, 1183, 4127, 4086, 888, 1223, 4071, 1662], [1178, 1256, 397, 933, 379, 1200, 3803, 3976], [309, 1830, 2202, 1395, 1983, 1182, 1015, 1219], [1183, 397, 1483, 1184, 3759, 1724, 1855, 3036], [1275, 3944, 1662, 399, 1411, 3901, 3959, 3981], [1178, 1256, 46, 1150, 1736, 1203, 379, 933], [1186, 1377, 1565, 799, 1406, 764, 770, 1394], [1189, 503, 1270, 2293, 1321, 4197, 777, 493], [4146, 28, 3788, 3177, 2074, 2886, 1849, 3754], [1491, 1502, 1532, 1637, 3944, 1032, 3829, 872], [1191, 772, 1743, 557, 2172, 162, 201, 1021], [2415, 1930, 1363, 1277, 1382, 1380, 1889, 1446], [1193, 2048, 1295, 2119, 1189, 2264, 3393, 2052], [1195, 933, 46, 908, 3831, 1203, 1200, 1506], [1506, 1528, 3329, 933, 1051, 46, 379, 1057], [841, 2602, 1189, 1745, 2895, 102, 160, 3945], [3919, 739, 3393, 1055, 1889, 2717, 1886, 1897], [1051, 46, 908, 1506, 1256, 379, 1200, 1528], [1318, 69, 3489, 1194, 1978, 1940, 1237, 3153], [114, 1340, 3102, 1672, 3401, 3887, 1202, 2561], [3924, 3393, 1830, 4130, 1055, 476, 1215, 2509], [1205, 1180, 1284, 1214, 1202, 1494, 1344, 1208], [1078, 4073, 2836, 1194, 1185, 1215, 1672, 1197], [1326, 1193, 2391, 1178, 2371, 3937, 1211, 1491], [3393, 2502, 1008, 2514, 2360, 4130, 2326, 11], [3944, 1639, 3874, 3901, 3959, 3981, 1660, 1228], [1282, 1208, 1210, 1200, 1484, 1202, 1180, 1224], [1212, 1344, 1340, 1341, 1258, 1438, 1672, 1357], [1213, 128, 1680, 1622, 3156, 2805, 1732, 1589], [1200, 1214, 1210, 1282, 1180, 3960, 1278, 1183], [1284, 1196, 3618, 1200, 1282, 1283, 1382, 1180], [1216, 789, 3951, 920, 397, 1736, 1019, 3187], [1326, 2391, 1193, 1178, 1211, 2371, 1491, 1502], [1336, 3892, 3420, 4130, 397, 3036, 1278, 4099], [2514, 3393, 3891, 1892, 1889, 3967, 990, 2513], [1659, 2841, 1473, 3812, 4210, 1410, 2860, 3264], [577, 1224, 1442, 1493, 181, 1601, 991, 3757], [3783, 2906, 65, 4073, 831, 3857, 1047, 3773], [1506, 1528, 379, 46, 600, 2695, 3697, 933], [372, 1422, 563, 3809, 3825, 917, 792, 3952], [250, 1315, 4176, 3363, 394, 577, 3089, 1319], [1177, 2602, 346, 4130, 3272, 1870, 3772, 2709], [1506, 1278, 1324, 1528, 933, 379, 46, 3204], [1233, 1370, 1357, 1376, 1680, 3734, 1269, 1373], [1224, 1246, 1196, 1234, 4163, 1867, 2177, 1177], [1235, 411, 1071, 1727, 1870, 2709, 2602, 3401], [1892, 1587, 2502, 1236, 977, 2503, 3891, 3089], [1284, 1258, 1238, 1233, 1374, 1180, 1265, 105], [1200, 1240, 1180, 1238, 1283, 1282, 1184, 3831], [2720, 2893, 508, 1130, 809, 3884, 410, 242], [1506, 1528, 933, 1278, 379, 46, 4099, 3204], [1973, 1252, 2134, 2149, 3971, 2177, 3393, 3891], [1243, 2389, 127, 2602, 842, 1196, 3070, 186], [481, 495, 574, 3891, 2391, 3442, 3824, 3166], [1233, 851, 1200, 1180, 1246, 1373, 1406, 1214], [1284, 1196, 1200, 1283, 1180, 1214, 1282, 1382], [1390, 2940, 1251, 2694, 1009, 1718, 2950, 3075], [1251, 2691, 1191, 2722, 3407, 2688, 2900, 1374], [2458, 1523, 3135, 1992, 2926, 677, 2889, 2409], [1255, 2399, 1340, 3636, 1732, 1344, 2861, 1176], [684, 995, 2821, 3776, 2805, 2840, 3243, 346], [349, 599, 1386, 3819, 3008, 2969, 1923, 1965], [2403, 1258, 684, 1191, 2722, 3423, 2897, 772], [1491, 1502, 1532, 1637, 1182, 399, 2346, 1973], [1255, 1561, 2372, 2805, 1846, 3752, 328, 2871], [1191, 1359, 1265, 2612, 3397, 3174, 1010, 1586], [1935, 11, 28, 298, 4129, 1598, 2890, 4030], [1267, 1101, 2361, 1331, 1886, 3658, 3494, 762], [1491, 1502, 1532, 1637, 1182, 358, 3944, 1536], [1269, 1191, 1446, 1277, 1255, 1340, 234, 1200], [1973, 920, 379, 1222, 789, 1256, 2552, 980], [1272, 1344, 1363, 1331, 1330, 4030, 1382, 1313], [1106, 3932, 4072, 1711, 3210, 1461, 4104, 3189], [1491, 1502, 1532, 1637, 1182, 399, 2346, 1973], [302, 2697, 394, 1282, 699, 266, 2847, 1659], [4071, 971, 4209, 1973, 1434, 3558, 1491, 1502], [1282, 1363, 1277, 1320, 1200, 1364, 1344, 1382], [349, 599, 1386, 3819, 3008, 2969, 1923, 1965], [1550, 1488, 1280, 2724, 183, 2258, 3019, 1644], [1491, 1502, 1532, 1637, 3944, 1032, 3829, 872], [1282, 250, 1484, 1894, 1278, 1364, 1435, 4036], [1491, 1502, 1532, 1637, 1182, 358, 3944, 1536], [1283, 1214, 1284, 1200, 1271, 1282, 1180, 1382], [1284, 1283, 1200, 1180, 1196, 1282, 1223, 1344], [2339, 3828, 1285, 2592, 3861, 369, 1143, 132], [1287, 1191, 1269, 1446, 2058, 1265, 1249, 1382], [2602, 103, 2120, 2264, 736, 850, 1189, 2482], [1372, 1257, 1027, 3874, 2001, 1662, 627, 1247], [1340, 2886, 1881, 1191, 1677, 1233, 1284, 1341], [319, 1128, 1191, 3307, 2988, 1969, 1586, 332], [987, 1005, 1509, 686, 1010, 3045, 1988, 3381], [2451, 1161, 3421, 1677, 23, 851, 1071, 1069], [1686, 1729, 3364, 1318, 1304, 3307, 264, 81], [1305, 334, 1846, 541, 3532, 1992, 2018, 3148], [1307, 819, 3144, 674, 3611, 3027, 2659, 1498], [1308, 2186, 1008, 4177, 1514, 1766, 3510, 1969], [1309, 402, 2921, 770, 1545, 3367, 563, 531], [379, 2695, 1724, 1855, 3204, 600, 2955, 3831], [204, 1888, 1767, 2332, 4007, 1622, 1773, 2818], [814, 1734, 1029, 3120, 2186, 1296, 1313, 954], [1313, 1315, 1604, 3356, 3637, 3956, 3616, 3443], [2028, 4167, 1033, 2136, 3887, 3307, 4, 1878], [1316, 686, 2400, 680, 52, 334, 1498, 430], [1317, 987, 1005, 332, 1011, 2723, 674, 1677], [3174, 2320, 3049, 340, 1601, 1509, 2723, 2701], [2727, 789, 1324, 1518, 1736, 1276, 3803, 1057], [2173, 1213, 2393, 26, 2288, 954, 2119, 1659], [2929, 725, 3779, 1796, 2686, 2984, 2992, 1917], [600, 2884, 1852, 1195, 379, 3872, 2695, 3187], [1491, 1502, 1532, 1637, 3587, 4209, 1973, 1217], [1329, 1601, 3757, 82, 2718, 2714, 2451, 1442], [1644, 2711, 1332, 1650, 1006, 1648, 1331, 3364], [3831, 1195, 379, 1051, 933, 1506, 1518, 600], [52, 1334, 987, 151, 3298, 2805, 2952, 1718], [1336, 3187, 2884, 1278, 2685, 1276, 1830, 1729], [777, 1420, 1781, 1588, 2391, 373, 1226, 661], [52, 332, 1509, 1773, 3045, 1005, 1317, 3114], [1344, 1233, 1176, 1282, 1283, 1406, 1341, 1196], [1374, 1263, 3076, 3075, 1584, 3773, 356, 1971], [1344, 1343, 1258, 2781, 1212, 3383, 1265, 1340], [1744, 1346, 2372, 737, 4217, 1262, 2840, 3043], [1340, 1359, 1341, 1258, 1373, 1366, 1357, 1380], [1348, 3493, 2059, 3752, 2400, 1846, 1586, 2805], [1353, 2990, 313, 1932, 1499, 3371, 3469, 1038], [1354, 2897, 2971, 1357, 2527, 1359, 2411, 3064], [1357, 1354, 1366, 1376, 1258, 1341, 1212, 1438], [173, 3383, 2392, 1359, 1191, 230, 3043, 3075], [1359, 2059, 3129, 3757, 1361, 1011, 1993, 2450], [987, 52, 332, 3383, 2941, 1586, 1340, 1011], [2905, 1607, 4040, 1322, 4076, 3798, 1366, 3890], [2495, 1378, 1369, 1389, 456, 1584, 1366, 1354], [1370, 2392, 119, 2428, 1340, 2948, 433, 1391], [1491, 1502, 1532, 1637, 1182, 358, 3944, 1536], [1178, 3951, 3933, 2140, 1630, 4096, 2318, 3976], [3629, 1322, 3370, 1607, 932, 3663, 4076, 3107], [2558, 2578, 302, 3759, 2366, 1757, 1462, 1], [1324, 1506, 2727, 1276, 1278, 788, 1057, 1518], [1669, 2697, 2654, 1218, 3654, 2558, 302, 1170], [2369, 2596, 3304, 3428, 585, 516, 2408, 3353], [3967, 1259, 1237, 1275, 2509, 1411, 1002, 1973], [95, 3383, 1677, 1705, 3242, 1374, 1959, 3650], [379, 1256, 2695, 1528, 3204, 920, 1178, 756], [2625, 1580, 3103, 2601, 1191, 2946, 2701, 2714], [3049, 2451, 144, 1079, 997, 2569, 218, 2339], [1009, 1359, 1586, 4042, 4117, 1251, 1191, 1718], [1316, 1509, 3383, 1435, 1644, 319, 991, 2805], [2403, 1191, 1364, 1601, 1597, 1176, 52, 4021], [1029, 1649, 1340, 1213, 834, 2300, 1726, 1575], [1038, 2120, 435, 595, 2728, 2347, 2869, 2832], [1401, 4076, 3629, 2347, 3309, 3177, 1457, 2489], [1265, 1380, 3452, 1356, 1373, 1239, 1344, 1196], [1374, 2688, 3105, 1382, 1342, 2804, 2127, 2990], [2402, 1584, 1464, 2781, 1586, 1374, 1680, 1191], [1387, 1391, 1380, 1374, 1394, 547, 414, 1584], [1376, 2030, 1359, 1382, 1446, 1191, 2495, 547], [1380, 1378, 