{"num_src_sents": 15, "plutarch_2_1908": {"tgt_lang": "en", "transl_top1": 0.0, "transl_top5": 0.26666666666666666, "transl_top10": 0.26666666666666666, "num_nulls": 0, "num_tgt_sents": 5773}, "plutarch_1_1906": {"tgt_lang": "en", "transl_top1": 0.13333333333333333, "transl_top5": 0.2, "transl_top10": 0.4, "num_nulls": 0, "num_tgt_sents": 6800}, "num_translations": 2, "text_top1": 0.06666666666666667, "text_top5": 0.23333333333333334, "text_top10": 0.33333333333333337}