{"num_src_sents": 28, "plutarch_1_1906": {"tgt_lang": "en", "transl_top1": 0.03571428571428571, "transl_top5": 0.14285714285714285, "transl_top10": 0.17857142857142858, "num_nulls": 0, "num_tgt_sents": 6800, "retrieval_preds": [[5813, 6253, 1637, 5010, 29, 4618, 5825, 6414], [2470, 5881, 6661, 1336, 3633, 1694, 2573, 5674], [6793, 2593, 293, 3481, 3540, 5859, 2594, 2508], [5821, 5851, 1381, 5503, 5834, 5686, 5573, 5117], [3186, 612, 4157, 5822, 3241, 4269, 5243, 4903], [6661, 5823, 5482, 6417, 5825, 5511, 6253, 6714], [5825, 2356, 5854, 6472, 1839, 5237, 6776, 6258], [4860, 5826, 5333, 5009, 4964, 5846, 5116, 5825], [5827, 6565, 3253, 3238, 5176, 637, 5386, 3302], [5830, 5412, 5487, 5511, 5503, 6316, 5831, 1217], [5144, 5851, 5303, 5125, 5833, 4940, 5130, 5846], [5836, 6187, 5176, 5982, 6090, 612, 2801, 5162], [5838, 2324, 5292, 4844, 3387, 4707, 5288, 5318], [5861, 1708, 6125, 5840, 3722, 4792, 789, 3699], [5841, 1781, 5144, 2296, 3112, 571, 129, 2164], [2061, 3717, 1962, 5511, 1968, 3069, 3804, 4350], [2778, 6383, 1218, 29, 6776, 5673, 3855, 4793], [1832, 2371, 3904, 4414, 5847, 1496, 3685, 6509], [3003, 5850, 5851, 281, 5674, 3067, 6166, 5825], [5818, 5694, 3020, 3802, 4985, 3315, 1677, 2062], [5854, 1774, 5852, 1067, 987, 1258, 536, 5273], [5856, 4429, 5854, 1968, 789, 3069, 2459, 1806], [5859, 5925, 120, 5843, 1867, 5556, 1801, 2508], [2371, 3685, 2479, 3986, 1558, 1892, 1396, 2931], [5860, 4051, 6005, 4798, 4101, 3962, 385, 2285], [5818, 6792, 4931, 3916, 3629, 3315, 2451, 6663], [5851, 5864, 5503, 5865, 5846, 1380, 5501, 5821], [6421, 1156, 5867, 6661, 1806, 6689, 2056, 2061]]}, "plutarch_2_1908": {"tgt_lang": "en", "transl_top1": 0.0, "transl_top5": 0.03571428571428571, "transl_top10": 0.17857142857142858, "num_nulls": 0, "num_tgt_sents": 5773, "retrieval_preds": [[5557, 4886, 3480, 3020, 29, 15, 963, 633], [56, 5546, 2833, 613, 5421, 1953, 3343, 3165], [5557, 5544, 3644, 3343, 5026, 3020, 885, 5628], [3526, 5334, 3005, 3483, 2885, 2833, 2495, 5164], [5580, 4871, 3904, 3605, 4174, 4920, 62, 740], [4231, 3020, 2734, 29, 4207, 2611, 2407, 3318], [2495, 1114, 5582, 4737, 5628, 674, 3614, 4886], [3203, 3600, 3577, 880, 3668, 5170, 3479, 4998], [1010, 997, 1027, 1267, 3625, 3665, 3286, 171], [405, 5076, 3086, 2957, 5557, 5421, 29, 2984], [1226, 3560, 349, 164, 5143, 3600, 5220, 995], [5598, 4658, 155, 271, 2466, 63, 5421, 2224], [5506, 5241, 356, 1786, 1281, 4172, 530, 5421], [3370, 1786, 356, 3234, 4234, 5297, 5496, 2061], [1710, 116, 3789, 882, 522, 4861, 3767, 1103], [3343, 687, 709, 1267, 235, 1930, 5187, 339], [5557, 5628, 5496, 3684, 2957, 1786, 4886, 263], [1409, 4941, 1472, 1738, 1732, 5578, 1724, 5394], [709, 5421, 3133, 1955, 1183, 4831, 4323, 3020], [3639, 2887, 321, 4993, 351, 3050, 4995, 4970], [4508, 3527, 3020, 2495, 5225, 5603, 1708, 5066], [2984, 1112, 4832, 403, 2645, 5023, 392, 5421], [3790, 5316, 5382, 4086, 1351, 4576, 246, 4679], [1738, 2645, 1386, 5447, 4058, 3234, 2426, 5430], [1277, 4396, 1705, 4207, 959, 845, 1267, 3343], [861, 2426, 758, 4172, 1740, 5291, 3427, 355], [3343, 2019, 1267, 2984, 2014, 5594, 2495, 403], [368, 1459, 3145, 1203, 4658, 356, 1743, 1258]]}, "num_translations": 2, "text_top1": 0.017857142857142856, "text_top5": 0.08928571428571427, "text_top10": 0.17857142857142858}