{"num_src_sents": 213, "xenophon_1_1872": {"tgt_lang": "fr", "transl_top1": 0.09859154929577464, "transl_top5": 0.20657276995305165, "transl_top10": 0.27230046948356806, "num_nulls": 0, "num_tgt_sents": 11058}, "xenophon_2_1872": {"tgt_lang": "fr", "transl_top1": 0.014084507042253521, "transl_top5": 0.056338028169014086, "transl_top10": 0.13145539906103287, "num_nulls": 0, "num_tgt_sents": 10554}, "xenophon_1898": {"tgt_lang": "en", "transl_top1": 0.30985915492957744, "transl_top5": 0.5539906103286385, "transl_top10": 0.6291079812206573, "num_nulls": 0, "num_tgt_sents": 5439}, "num_translations": 3, "text_top1": 0.1408450704225352, "text_top5": 0.2723004694835681, "text_top10": 0.3442879499217527}