{"num_src_sents": 457, "suetonius_1855-1897": {"tgt_lang": "de", "transl_top1": 0.5864332603938731, "transl_top5": 0.7483588621444202, "transl_top10": 0.8161925601750547, "num_nulls": 0, "num_tgt_sents": 5120}, "num_translations": 1, "text_top1": 0.5864332603938731, "text_top5": 0.7483588621444202, "text_top10": 0.8161925601750547}