{"num_src_sents": 95, "sophistesGrecs_1842": {"tgt_lang": "fr", "transl_top1": 0.15789473684210525, "transl_top5": 0.3368421052631579, "transl_top10": 0.42105263157894735, "num_nulls": 0, "num_tgt_sents": 7988, "retrieval_preds": [[5960, 1754, 5910, 4159, 5959, 3589, 6543, 1761], [6526, 1756, 2257, 5143, 5988, 2934, 6026, 4455], [1879, 7866, 2612, 4080, 4197, 4104, 2596, 7976], [1761, 6518, 7137, 2703, 6050, 3876, 64, 177], [1761, 6050, 7023, 3564, 1825, 1879, 6440, 2401], [1765, 7108, 6862, 6050, 3248, 1798, 7718, 4112], [1764, 4112, 4080, 2465, 659, 1810, 217, 2348], [6440, 6050, 1916, 6518, 6519, 5960, 6392, 4747], [6526, 1564, 1772, 7246, 5949, 7174, 7880, 7891], [1776, 1761, 6543, 6518, 5910, 6050, 4077, 2596], [1693, 1782, 2535, 6821, 1485, 1715, 6755, 2657], [1783, 2400, 6172, 1789, 1761, 506, 6050, 7023], [4326, 5470, 1784, 1775, 932, 7007, 5715, 7046], [1879, 4077, 1785, 6720, 4164, 1792, 5960, 7023], [1792, 7822, 3797, 4055, 3564, 3806, 2403, 4962], [1794, 3423, 3375, 7954, 3381, 6382, 5559, 506], [1795, 6720, 1837, 2409, 3576, 3559, 1835, 3564], [4077, 6050, 6518, 3912, 5910, 6519, 4164, 6543], [4863, 4351, 5143, 1797, 4675, 4456, 4104, 5833], [6050, 4077, 4104, 1802, 7822, 1800, 5950, 7281], [2354, 1803, 3646, 7646, 4080, 3988, 2248, 2437], [6081, 2473, 4065, 2522, 1804, 3702, 1495, 6748], [2727, 4136, 7029, 7581, 4279, 2652, 7552, 3714], [1835, 1805, 2501, 1882, 7023, 1811, 2612, 6720], [1808, 1807, 1879, 3450, 4077, 2287, 5960, 2418], [1810, 1782, 4080, 1778, 2465, 2443, 6481, 1962], [1872, 1811, 1816, 1808, 2463, 6172, 2678, 6068], [1814, 1842, 2920, 4080, 1962, 6626, 1810, 239], [1816, 2919, 6167, 1815, 1890, 2783, 2447, 7721], [1817, 6050, 1916, 2596, 1879, 4077, 1795, 2439], [1819, 2930, 6083, 2665, 2502, 3216, 6497, 210], [3763, 2423, 4246, 7890, 3988, 6284, 5973, 1970], [3610, 4077, 1825, 6720, 3772, 2652, 1879, 1824], [4245, 3383, 217, 210, 1826, 2448, 1561, 3988], [7023, 6053, 2482, 1828, 3564, 820, 2401, 1877], [3564, 6053, 6050, 7023, 6019, 1761, 5960, 2596], [2793, 1896, 2760, 1839, 5962, 7134, 1893, 1824], [1840, 6047, 1841, 6518, 4027, 6537, 7396, 5969], [1842, 1962, 7108, 4080, 7773, 1814, 4278, 1218], [6050, 1879, 7023, 2580, 6543, 2324, 758, 5967], [1852, 7624, 753, 168, 2648, 7597, 4050, 4261], [1856, 1934, 7774, 5196, 5910, 2465, 4643, 1672], [6151, 7457, 1670, 1216, 5312, 1857, 609, 1866], [7344, 4118, 4173, 1858, 6517, 3139, 3620, 7784], [6984, 4604, 4153, 4173, 6601, 4966, 1859, 7442], [6050, 1916, 4077, 1879, 1861, 3564, 2596, 1793], [1877, 1862, 6713, 1879, 6366, 3822, 6821, 2683], [4230, 1857, 2786, 4390, 3978, 6246, 2685, 2681], [3669, 1879, 3567, 1901, 2411, 1835, 6350, 2590], [1835, 3576, 4077, 3564, 6053, 2580, 3450, 1879], [1877, 7023, 4077, 6622, 3576, 6720, 6050, 6543], [1879, 4077, 6050, 6053, 2596, 3564, 1795, 7616], [6556, 2642, 1879, 2428, 2400, 3528, 6053, 1882], [1882, 1879, 6518, 6053, 6050, 5960, 4077, 1835], [6220, 5934, 7467, 211, 6046, 2423, 6356, 4684], [1892, 7677, 2266, 6030, 2940, 1864, 6619, 4230], [1879, 4055, 2596, 1916, 4077, 3750, 4164, 2277], [6087, 1897, 6081, 6218, 7249, 2758, 5936, 7135], [3019, 2578, 1923, 586, 3329, 3219, 4173, 912], [1879, 2418, 4077, 2769, 3432, 3559, 6053, 1785], [1902, 2324, 6053, 3576, 1901, 6556, 7023, 2418], [4077, 5950, 3797, 1879, 4127, 6050, 3610, 5960], [6050, 6257, 3468, 4077, 6276, 6238, 6543, 1877], [1913, 2400, 5369, 3201, 1693, 4174, 3052, 1761], [3217, 2473, 2325, 6045, 929, 3400, 1789, 2467], [1916, 6074, 6050, 7023, 1681, 3564, 2451, 7616], [1917, 3564, 5960, 1879, 2596, 2418, 3448, 1835], [1817, 6050, 6543, 3564, 7137, 6257, 2596, 6518], [1922, 2937, 2404, 1921, 7190, 2596, 3564, 1778], [2463, 1926, 1916, 2590, 6133, 6179, 6081, 3567], [1928, 6255, 2683, 3575, 4327, 1816, 2394, 1841], [1962, 233, 1934, 6260, 4296, 6050, 2464, 6074], [1782, 3454, 3167, 1495, 2945, 6448, 2725, 6220], [6082, 3217, 2845, 217, 6257, 2306, 6122, 7851], [6260, 1945, 1929, 4250, 6284, 6292, 4996, 1970], [1934, 7774, 5196, 5666, 5054, 1709, 4829, 4863], [1935, 878, 2465, 7774, 4449, 1936, 5196, 64], [1962, 1934, 6047, 3880, 6518, 2464, 4080, 2596], [2492, 1737, 1819, 2786, 878, 6055, 2665, 2898], [6599, 1941, 2096, 7269, 3620, 7911, 7773, 1156], [495, 2130, 7428, 1434, 7123, 2687, 6517, 7319], [7571, 6077, 1943, 6235, 3978, 7784, 4628, 5234], [674, 7319, 416, 7217, 702, 1155, 3161, 3620], [1511, 1945, 6793, 2438, 7071, 7174, 1737, 4579], [929, 1946, 1840, 2443, 2467, 3310, 2472, 1763], [1947, 4159, 4616, 3450, 2465, 4080, 4757, 2318], [7621, 7442, 6984, 2131, 1090, 4737, 5312, 1480], [3291, 1948, 600, 3310, 2571, 5188, 2794, 6038], [6238, 6495, 4159, 6482, 7866, 4391, 2253, 4080], [4628, 3763, 4729, 4239, 7557, 1781, 3018, 7885], [1959, 1814, 2884, 4137, 6469, 6127, 1038, 7616], [1962, 4080, 4137, 6074, 2465, 1810, 4084, 4226], [1814, 1970, 112, 6074, 1965, 6059, 6457, 7672], [6074, 1968, 7674, 4245, 4318, 114, 217, 7980], [1970, 6050, 5198, 703, 1962, 6122, 6074, 5670]]}, "lysias_1856": {"tgt_lang": "de", "transl_top1": 0.5368421052631579, "transl_top5": 0.8, "transl_top10": 0.8842105263157894, "num_nulls": 0, "num_tgt_sents": 5319,