{"num_src_sents": 222, "luca_siliusItalicus_claudius_1842": {"tgt_lang": "fr", "transl_top1": 0.3333333333333333, "transl_top5": 0.536036036036036, "transl_top10": 0.5990990990990991, "num_nulls": 0, "num_tgt_sents": 20880, "retrieval_preds": [[18275, 11058, 18547, 8098, 18302, 5782, 11704, 18053], [19466, 4902, 16570, 9653, 13053, 17882, 3479, 6932], [18278, 2435, 19375, 10815, 7638, 7867, 20623, 8247], [17142, 9582, 13150, 16707, 4640, 9910, 18745, 16698], [6845, 4861, 17938, 6610, 12093, 6957, 18281, 11019], [20652, 3212, 9327, 18283, 18282, 6213, 5488, 4391], [10700, 12197, 13530, 17311, 18028, 3130, 4107, 5252], [16935, 15011, 20371, 14759, 11440, 6127, 12408, 18285], [2314, 1354, 17823, 691, 14846, 1468, 11430, 15587], [16116, 18857, 16381, 19350, 17520, 19166, 14553, 19004], [18286, 19460, 11376, 2185, 2592, 16595, 5811, 18405], [17597, 18288, 18425, 4496, 13429, 7650, 4137, 3311], [16693, 5811, 15652, 18878, 18289, 2670, 11137, 13686], [18291, 16595, 19472, 11094, 16083, 11894, 7021, 6372], [3752, 534, 12792, 13032, 1045, 6979, 5036, 7295], [18293, 18911, 4299, 10181, 7498, 19852, 4363, 10441], [3581, 19460, 9875, 14919, 18405, 17093, 11090, 20406], [18300, 4930, 1795, 6580, 4092, 10790, 20482, 14337], [18301, 4377, 18257, 20238, 4806, 2039, 1663, 20388], [9991, 9313, 11660, 7746, 17963, 12321, 1726, 5807], [19138, 19181, 15587, 2025, 11009, 19202, 12951, 749], [15929, 17640, 1196, 19760, 19586, 3268, 13090, 19982], [8139, 10295, 12775, 18299, 5242, 3109, 6719, 10400], [18312, 14847, 1370, 19307, 19526, 11892, 1337, 5396], [18314, 17669, 14782, 1114, 15917, 1603, 8867, 14469], [16002, 19460, 1370, 18097, 3294, 7797, 8983, 20203], [8554, 5167, 7873, 1356, 18119, 17042, 3792, 8058], [18324, 1790, 8554, 11439, 15136, 11427, 18169, 16637], [18891, 18325, 14624, 843, 18979, 11115, 3172, 1964], [18326, 18812, 9317, 7579, 13624, 1824, 12853, 12333], [5488, 3773, 6517, 10177, 15220, 19793, 139, 19946], [13704, 19134, 9066, 779, 4363, 19252, 13395, 7651], [4800, 3398, 20340, 19287, 2974, 5252, 7869, 5864], [8021, 20797, 18339, 13137, 4872, 4020, 12856, 7214], [18798, 18340, 16587, 5616, 19012, 2573, 18671, 17383], [18341, 19175, 680, 15724, 9270, 1608, 7797, 3718], [12408, 12505, 7113, 1367, 6551, 12445, 19270, 19545], [18342, 16595, 466, 15652, 7595, 2646, 11474, 239], [18343, 19570, 6567, 6019, 9578, 7947, 10994, 20383], [18346, 2592, 20751, 18078, 9875, 16599, 17640, 4277], [18347, 6630, 13520, 16996, 18077, 14220, 6083, 14000], [18348, 13356, 18867, 3595, 13762, 19145, 18805, 18077], [18351, 342, 18893, 15652, 19161, 17323, 1345, 6196], [11680, 3679, 4125, 1903, 16276, 2752, 12343, 16110], [5635, 15286, 19968, 13648, 6058, 12580, 9506, 1243], [8923, 18359, 15929, 5396, 10198, 10389, 8016, 17196], [5838, 11495, 11476, 1726, 6380, 787, 2721, 14782], [18364, 18365, 16595, 13482, 15231, 7595, 466, 15652], [2836, 6491, 2122, 6705, 2847, 2722, 2408, 14318], [6086, 18227, 18369, 17724, 16905, 18370, 15745, 18376], [18371, 16157, 19313, 19526, 18952, 16718, 19586, 17037], [18374, 8136, 18450, 12447, 12190, 1261, 5061, 7790], [18375, 15978, 19919, 19587, 16321, 7381, 482, 3318], [18376, 10706, 15129, 15485, 18001, 3304, 1542, 793], [18378, 18351, 17969, 18377, 19489, 18207, 19474, 14928], [18379, 18713, 18133, 8992, 9787, 5236, 11861, 12994], [18381, 2190, 1194, 515, 7025, 20682, 4316, 19178], [18383, 1345, 7146, 5396, 14333, 5477, 16083, 14397], [7477, 18383, 7535, 16756, 18232, 12960, 6596, 20621], [18384, 7001, 14599, 18722, 18333, 13340, 17942, 10774], [17311, 505, 18386, 14921, 17371, 12725, 17337, 1143], [19586, 18390, 18286, 15929, 9875, 19460, 16595, 14223], [18291, 18257, 4757, 617, 18395, 15560, 2390, 16595], [18397, 7017, 8155, 1586, 1919, 12115, 16083, 15244], [19587, 15793, 1365, 18398, 13879, 16671, 20455, 18629], [18399, 16329, 15710, 524, 693, 2252, 16423, 19362], [18400, 3583, 15170, 11546, 7268, 4147, 753, 15692], [18401, 19757, 17384, 20312, 817, 8998, 19924, 3696], [18402, 1752, 11702, 10080, 12286, 19457, 17282, 7238], [18404, 2897, 4823, 14497, 1612, 12123, 17686, 15434], [17055, 14203, 15370, 15766, 1880, 17902, 16849, 11580], [18405, 1692, 18766, 3275, 10381, 5838, 2820, 7631], [18406, 7534, 12189, 4808, 19459, 16015, 11875, 10289], [18407, 7935, 8308, 884, 8128, 2314, 5756, 693], [15836, 13075, 17417, 7364, 19699, 6712, 19394, 19471], [13424, 17289, 16478, 20499, 18410, 10042, 1779, 2499], [2082, 601, 16140, 7810, 8844, 1841, 8923, 7631], [18415, 16147, 12915, 11660, 19194, 10586, 12907, 6654], [12051, 18024, 13282, 15364, 7500, 7796, 8674, 10387], [18524, 17404, 14255, 9794, 18131, 18066, 17928, 15761], [11282, 17697, 16255, 12617, 2039, 16859, 12075, 5478], [19531, 18422, 19222, 18814, 13564, 18056, 19342, 8442], [6327, 18423, 5550, 1331, 17374, 6912, 7924, 1489], [18424, 6607, 659, 13557, 6911, 18877, 16915, 13515], [18425, 16919, 20621, 14369, 13702, 14333, 18556, 15167], [11660, 3306, 18426, 1716, 1983, 11243, 3936, 13753], [6330, 643, 8010, 18645, 15480, 11446, 750, 10624], [14518, 18745, 6123, 15541, 8794, 18894, 285, 15800], [14831, 16927, 20528, 134, 20405, 546, 20279, 4982], [11427, 1232, 17462, 10102, 16702, 17384, 356, 18431], [18332, 10662, 17690, 6924, 8139, 16216, 748, 5252], [7716, 13520, 4052, 16237, 17024, 19255, 1992, 8709], [16693, 14244, 19460, 4279, 16269, 389, 18637, 9875], [19340, 18443, 594, 1080, 3777, 596, 14388, 4581], [19531, 2077, 11008, 17672, 19562, 3939, 10635, 5829], [18445, 18614, 13032, 3752, 4788, 977, 1318, 10008], [10904, 4197, 6584, 9596, 7171, 15858, 6642, 17463], [18534, 18450, 19620, 5443, 9065, 1876, 6799, 3201], [13402, 18451, 2515, 612, 4060, 10869, 12703, 11534], [18273, 17155, 17010, 20228, 18406, 17889, 19299, 18516], [3453, 1668, 20178, 4375, 20396, 10611, 787, 19100], [18453, 813, 2353, 2079, 10958, 3575, 5840, 6723], [2395, 20862, 18270, 15714, 9840, 9425, 20120, 5276], [3687, 3686, 18270, 14680, 13662, 9840, 1204, 1770], [8571, 18456, 5208, 9151, 2674, 10962, 20396, 8373], [18457, 758, 18459, 18975, 19459, 9824, 1579, 6609], [18458, 13449, 5714, 10999, 7411, 18266, 3048, 13343], [18459, 9997, 16129, 6587, 15213, 18601, 18204, 6180], [18460, 19129, 19208, 5759, 1745, 17131, 1553, 20096], [3788, 20618, 7692, 10479, 970, 7758, 18770, 17644], [5043, 15555, 17286, 18796, 6816, 19892, 19330, 8730], [20150, 18462, 18778, 17699, 15978, 20405, 190, 7424], [1773, 14702, 18464, 12322, 5591, 18458, 7411, 6412], [6683, 14782, 5037, 18040, 7455, 7452, 18465, 19776], [18943, 18362, 18128, 18130, 18840, 18476, 18960, 16295], [2213, 12932, 1167, 6890, 10651, 5521, 37, 2851], [2848, 12452, 2789, 3231, 8215, 15074, 1251, 544], [18468, 9188, 6952, 20199, 10057, 11625, 12997, 9808], [2088, 16225, 20519, 2792, 2537, 18028, 1161, 16758], [13031, 7779, 18470, 7349, 3070, 1668, 15656, 18116], [18473, 18613, 18804, 4604, 18229, 9307, 13294, 6048], [13147, 10059, 19835, 19140, 19914, 4634, 3368, 19215], [16124, 1271, 13213, 3588, 10793, 19170, 18414, 13653], [18502, 15035, 797, 4694, 463, 11195, 8892, 15535], [18477, 18291, 2049, 19460, 17749, 10050, 3893, 16646], [18480, 11346, 1261, 10581, 18948, 9599, 4923, 9441], [18481, 14280, 11293, 4392, 16762, 3155, 16328, 9830], [1370, 4806, 2865, 12989, 15889, 11495, 15417, 8646], [16209, 4505, 17664, 18484, 10516, 4363, 4212, 5087], [382, 18486, 510, 12598, 11580, 9123, 2958, 17825], [7760, 19472, 7575, 6657, 9219, 13827, 19526, 8346], [12321, 9066, 11701, 12951, 7651, 11510, 9183, 12228], [13776, 16253, 4956, 9301, 10595, 16740, 4447, 8361], [18495, 18489, 9610, 13768, 8727, 7810, 17424, 13610], [8988, 6113, 14281, 11644, 11013, 13825, 2185, 189], [1482, 18195, 13762, 15881, 20037, 18940, 16109, 14447], [15899, 19212, 18291, 7744, 18500, 12380, 11117, 15981], [18502, 16127, 15103, 6550, 18060, 7926, 1901, 1913], [18503, 10039, 617, 16145, 11728, 18242, 3179, 7659], [18505, 9785, 5396, 11427, 13092, 10543, 5411, 1977], [18507, 7338, 13825, 3581, 2187, 2039, 6196, 15652], [20375, 10595, 18790, 16381, 15257, 2012, 8738, 3896], [2915, 17142, 12984, 13086, 16147, 