{"num_src_sents": 809, "xenophon_2_1872": {"tgt_lang": "fr", "transl_top1": 0.002472187886279357, "transl_top5": 0.027194066749072928, "transl_top10": 0.059332509270704575, "num_nulls": 0, "num_tgt_sents": 10554}, "xenophon_1898": {"tgt_lang": "en", "transl_top1": 0.40296662546353523, "transl_top5": 0.5784919653893696, "transl_top10": 0.6452410383189122, "num_nulls": 0, "num_tgt_sents": 5439}, "xenophon_3_1737": {"tgt_lang": "it", "transl_top1": 0.2373300370828183, "transl_top5": 0.40296662546353523, "transl_top10": 0.4907292954264524, "num_nulls": 3, "num_tgt_sents": 12015}, "xenophon_1_1872": {"tgt_lang": "fr", "transl_top1": 0.23362175525339926, "transl_top5": 0.4004944375772559, "transl_top10": 0.4796044499381953, "num_nulls": 0, "num_tgt_sents": 11058}, "anacreon_1870": {"tgt_lang": "de", "transl_top1": 0.38813349814585907, "transl_top5": 0.5822002472187886, "transl_top10": 0.6514215080346106, "num_nulls": 3, "num_tgt_sents": 5470}, "num_translations": 5, "text_top1": 0.2529048207663782, "text_top5": 0.3982694684796044, "text_top10": 0.46526576019777505}