{"num_src_sents": 2006, "plato_6_1854": {"tgt_lang": "en", "transl_top1": 0.011465603190428714, "transl_top5": 0.018444666001994018, "transl_top10": 0.029411764705882353, "num_nulls": 0, "num_tgt_sents": 9064}, "plato_1_1848": {"tgt_lang": "en", "transl_top1": 0.0029910269192422734, "transl_top5": 0.031904287138584245, "transl_top10": 0.04037886340977069, "num_nulls": 0, "num_tgt_sents": 12817}, "plato_2_1849": {"tgt_lang": "en", "transl_top1": 0.0024925224327018943, "transl_top5": 0.02642073778664008, "transl_top10": 0.03489531405782652, "num_nulls": 0, "num_tgt_sents": 9568}, "plato_5_1852": {"tgt_lang": "en", "transl_top1": 0.004985044865403789, "transl_top5": 0.01794616151545364, "transl_top10": 0.02642073778664008, "num_nulls": 0, "num_tgt_sents": 8721}, "plato_3_1850": {"tgt_lang": "en", "transl_top1": 0.22432701894317048, "transl_top5": 0.3270189431704885, "transl_top10": 0.382851445663011, "num_nulls": 3, "num_tgt_sents": 13689}, "num_translations": 5, "text_top1": 0.04925224327018943, "text_top5": 0.0843469591226321, "text_top10": 0.10279162512462613}