{"num_src_sents": 613, "greekDramas_1912": {"tgt_lang": "en", "transl_top1": 0.13376835236541598, "transl_top5": 0.2463295269168026, "transl_top10": 0.2969004893964111, "num_nulls": 0, "num_tgt_sents": 8924}, "euripides_2_1884": {"tgt_lang": "fr", "transl_top1": 0.0065252854812398045, "transl_top5": 0.02773246329526917, "transl_top10": 0.06525285481239804, "num_nulls": 0, "num_tgt_sents": 6695}, "euripides_1906_3": {"tgt_lang": "de", "transl_top1": 0.022838499184339316, "transl_top5": 0.0766721044045677, "transl_top10": 0.11582381729200653, "num_nulls": 0, "num_tgt_sents": 4200}, "euripides_1_1884": {"tgt_lang": "fr", "transl_top1": 0.09461663947797716, "transl_top5": 0.18433931484502447, "transl_top10": 0.23817292006525284, "num_nulls": 0, "num_tgt_sents": 6832}, "num_translations": 4, "text_top1": 0.06443719412724307, "text_top5": 0.133768352365416, "text_top10": 0.17903752039151713}