{"num_src_sents": 57, "lysias_1856": {"tgt_lang": "de", "transl_top1": 0.3157894736842105, "transl_top5": 0.49122807017543857, "transl_top10": 0.5614035087719298, "num_nulls": 0, "num_tgt_sents": 5319}, "num_translations": 1, "text_top1": 0.3157894736842105, "text_top5": 0.49122807017543857, "text_top10": 0.5614035087719298}