{"num_src_sents": 87, "appian_1832_10": {"tgt_lang": "de", "transl_top1": 0.011494252873563218, "transl_top5": 0.09195402298850575, "transl_top10": 0.12643678160919541, "num_nulls": 0, "num_tgt_sents": 12614}, "Appianus_1828": {"tgt_lang": "de", "transl_top1": 0.04597701149425287, "transl_top5": 0.14942528735632185, "transl_top10": 0.20689655172413793, "num_nulls": 0, "num_tgt_sents": 6120}, "appian_1830_5": {"tgt_lang": "de", "transl_top1": 0.034482758620689655, "transl_top5": 0.09195402298850575, "transl_top10": 0.1724137931034483, "num_nulls": 0, "num_tgt_sents": 7584}, "num_translations": 3, "text_top1": 0.03065134099616858, "text_top5": 0.1111111111111111, "text_top10": 0.1685823754789272}