{"num_src_sents": 183, "lucian_1831_13": {"tgt_lang": "de", "transl_top1": 0.273224043715847, "transl_top5": 0.44808743169398907, "transl_top10": 0.5628415300546448, "num_nulls": 0, "num_tgt_sents": 4049}, "Lucian_1827_ht8": {"tgt_lang": "de", "transl_top1": 0.01639344262295082, "transl_top5": 0.07650273224043716, "transl_top10": 0.16939890710382513, "num_nulls": 0, "num_tgt_sents": 1131}, "lucian_1827_7": {"tgt_lang": "de", "transl_top1": 0.00546448087431694, "transl_top5": 0.060109289617486336, "transl_top10": 0.10382513661202186, "num_nulls": 0, "num_tgt_sents": 4692}, "num_translations": 3, "text_top1": 0.09836065573770493, "text_top5": 0.19489981785063754, "text_top10": 0.2786885245901639}