{"num_src_sents": 476, "philo_4_1855": {"tgt_lang": "en", "transl_top1": 0.012605042016806723, "transl_top5": 0.037815126050420166, "transl_top10": 0.07142857142857142, "num_nulls": 0, "num_tgt_sents": 7517}, "philo_2_1854": {"tgt_lang": "en", "transl_top1": 0.4810924369747899, "transl_top5": 0.6953781512605042, "transl_top10": 0.7626050420168067, "num_nulls": 0, "num_tgt_sents": 7912}, "philo_1_1854": {"tgt_lang": "en", "transl_top1": 0.01680672268907563, "transl_top5": 0.046218487394957986, "transl_top10": 0.07773109243697479, "num_nulls": 0, "num_tgt_sents": 8507}, "num_translations": 3, "text_top1": 0.1701680672268908, "text_top5": 0.2598039215686274, "text_top10": 0.303921568627451}