{"num_src_sents": 975, "plautus_1862_1": {"tgt_lang": "de", "transl_top1": 0.005128205128205128, "transl_top5": 0.029743589743589743, "transl_top10": 0.05641025641025641, "num_nulls": 0, "num_tgt_sents": 4446}, "plautus_1866_2": {"tgt_lang": "de", "transl_top1": 0.0071794871794871795, "transl_top5": 0.031794871794871796, "transl_top10": 0.048205128205128206, "num_nulls": 0, "num_tgt_sents": 4445}, "plautus_4_1855": {"tgt_lang": "de", "transl_top1": 0.010256410256410256, "transl_top5": 0.03487179487179487, "transl_top10": 0.055384615384615386, "num_nulls": 0, "num_tgt_sents": 5818}, "plautus_3_1855": {"tgt_lang": "de", "transl_top1": 0.005128205128205128, "transl_top5": 0.020512820512820513, "transl_top10": 0.0441025641025641, "num_nulls": 0, "num_tgt_sents": 5003}, "num_translations": 4, "text_top1": 0.006923076923076923, "text_top5": 0.02923076923076923, "text_top10": 0.05102564102564103}