{"num_src_sents": 181, "lysias_1856": {"tgt_lang": "de", "transl_top1": 0.5359116022099447, "transl_top5": 0.7292817679558011, "transl_top10": 0.8176795580110497, "num_nulls": 0, "num_tgt_sents": 5319}, "lysias_1902": {"tgt_lang": "it", "transl_top1": 0.06077348066298342, "transl_top5": 0.13812154696132597, "transl_top10": 0.19337016574585636, "num_nulls": 0, "num_tgt_sents": 3788}, "num_translations": 2, "text_top1": 0.29834254143646405, "text_top5": 0.43370165745856354, "text_top10": 0.505524861878453}