{"num_src_sents": 33, "justin_cNepos_eutropius_1902": {"tgt_lang": "en", "transl_top1": 0.6060606060606061, "transl_top5": 0.6666666666666666, "transl_top10": 0.6666666666666666, "num_nulls": 0, "num_tgt_sents": 9841}, "corneliusNepos_1856": {"tgt_lang": "de", "transl_top1": 0.6060606060606061, "transl_top5": 0.7575757575757576, "transl_top10": 0.7878787878787878, "num_nulls": 0, "num_tgt_sents": 2320}, "num_translations": 2, "text_top1": 0.6060606060606061, "text_top5": 0.7121212121212122, "text_top10": 0.7272727272727273}