{"num_src_sents": 63, "appian_1830_5": {"tgt_lang": "de", "transl_top1": 0.031746031746031744, "transl_top5": 0.1111111111111111, "transl_top10": 0.15873015873015872, "num_nulls": 0, "num_tgt_sents": 7584}, "appian_1832_10": {"tgt_lang": "de", "transl_top1": 0.015873015873015872, "transl_top5": 0.06349206349206349, "transl_top10": 0.14285714285714285, "num_nulls": 0, "num_tgt_sents": 12614}, "Appianus_1828": {"tgt_lang": "de", "transl_top1": 0.07936507936507936, "transl_top5": 0.14285714285714285, "transl_top10": 0.19047619047619047, "num_nulls": 0, "num_tgt_sents": 6120}, "num_translations": 3, "text_top1": 0.042328042328042326, "text_top5": 0.10582010582010581, "text_top10": 0.164021164021164}