{"num_src_sents": 72, "lysias_1856": {"tgt_lang": "de", "transl_top1": 0.2222222222222222, "transl_top5": 0.4444444444444444, "transl_top10": 0.4722222222222222, "num_nulls": 0, "num_tgt_sents": 5319}, "num_translations": 1, "text_top1": 0.2222222222222222, "text_top5": 0.4444444444444444, "text_top10": 0.4722222222222222}