{"num_src_sents": 141, "cicero_1868_12": {"tgt_lang": "de", "transl_top1": 0.8014184397163121, "transl_top5": 0.9929078014184397, "transl_top10": 1.0212765957446808, "num_nulls": 0, "num_tgt_sents": 4651}, "cicero_1855-1892_11": {"tgt_lang": "de", "transl_top1": 0.028368794326241134, "transl_top5": 0.10638297872340426, "transl_top10": 0.18439716312056736, "num_nulls": 0, "num_tgt_sents": 4565}, "num_translations": 2, "text_top1": 0.41489361702127664, "text_top5": 0.549645390070922, "text_top10": 0.6028368794326241}