{"num_src_sents": 1306, "quintusSmyrnaeus_2_1800": {"tgt_lang": "fr", "transl_top1": 0.004594180704441042, "transl_top5": 0.02679938744257274, "transl_top10": 0.04058192955589587, "num_nulls": 2, "num_tgt_sents": 2398}, "quintusSmyrnaeus_1_1800": {"tgt_lang": "fr", "transl_top1": 0.01225114854517611, "transl_top5": 0.033690658499234305, "transl_top10": 0.055130168453292494, "num_nulls": 1, "num_tgt_sents": 2049}, "aesopHesiodQuintus_1865-1866": {"tgt_lang": "de", "transl_top1": 0.11868300153139356, "transl_top5": 0.23736600306278713, "transl_top10": 0.30474732006125577, "num_nulls": 0, "num_tgt_sents": 7368}, "num_translations": 3, "text_top1": 0.04517611026033691, "text_top5": 0.09928534966819806, "text_top10": 0.13348647269014804}