{"num_src_sents": 97, "isocrates_1835_5": {"tgt_lang": "de", "transl_top1": 0.4948453608247423, "transl_top5": 0.6185567010309279, "transl_top10": 0.6804123711340206, "num_nulls": 0, "num_tgt_sents": 4051}, "isocrates_1832_1": {"tgt_lang": "de", "transl_top1": 0.030927835051546393, "transl_top5": 0.08247422680412371, "transl_top10": 0.20618556701030927, "num_nulls": 0, "num_tgt_sents": 3528}, "num_translations": 2, "text_top1": 0.26288659793814434, "text_top5": 0.3505154639175258, "text_top10": 0.44329896907216493}