{"num_src_sents": 128, "pindar_1860": {"tgt_lang": "de", "transl_top1": 0.109375, "transl_top5": 0.2265625, "transl_top10": 0.3359375, "num_nulls": 0, "num_tgt_sents": 2662}, "pindar_1841": {"tgt_lang": "fr", "transl_top1": 0.15625, "transl_top5": 0.265625, "transl_top10": 0.390625, "num_nulls": 0, "num_tgt_sents": 4635}, "pindar_1915": {"tgt_lang": "en", "transl_top1": 0.25, "transl_top5": 0.40625, "transl_top10": 0.46875, "num_nulls": 0, "num_tgt_sents": 5265}, "num_translations": 3, "text_top1": 0.171875, "text_top5": 0.29947916666666663, "text_top10": 0.3984375}