{"num_src_sents": 4032, "aristotle_1878": {"tgt_lang": "en", "transl_top1": 0.09250992063492064, "transl_top5": 0.19047619047619047, "transl_top10": 0.25124007936507936, "num_nulls": 0, "num_tgt_sents": 8674}, "aristotle_1855_7": {"tgt_lang": "de", "transl_top1": 0.05381944444444445, "transl_top5": 0.1111111111111111, "transl_top10": 0.14360119047619047, "num_nulls": 155, "num_tgt_sents": 7040}, "num_translations": 2, "text_top1": 0.07316468253968254, "text_top5": 0.15079365079365079, "text_top10": 0.1974206349206349}