{"num_src_sents": 61, "theocritus_1855": {"tgt_lang": "de", "transl_top1": 0.21311475409836064, "transl_top5": 0.2786885245901639, "transl_top10": 0.4098360655737705, "num_nulls": 0, "num_tgt_sents": 4249}, "hesiod_nd": {"tgt_lang": "fr", "transl_top1": 0.01639344262295082, "transl_top5": 0.09836065573770492, "transl_top10": 0.13114754098360656, "num_nulls": 0, "num_tgt_sents": 3571}, "theocritus_1878": {"tgt_lang": "en", "transl_top1": 0.08196721311475409, "transl_top5": 0.18032786885245902, "transl_top10": 0.2459016393442623, "num_nulls": 0, "num_tgt_sents": 6617}, "num_translations": 3, "text_top1": 0.10382513661202186, "text_top5": 0.18579234972677597, "text_top10": 0.26229508196721313}