{"num_src_sents": 191, "plutarch_1864-1867_14-20": {"tgt_lang": "de", "transl_top1": 0.41361256544502617, "transl_top5": 0.6701570680628273, "transl_top10": 0.7905759162303665, "num_nulls": 0, "num_tgt_sents": 6866}, "plutarch_1855-1903_4": {"tgt_lang": "de", "transl_top1": 0.418848167539267, "transl_top5": 0.6544502617801047, "transl_top10": 0.7801047120418848, "num_nulls": 0, "num_tgt_sents": 5144}, "plutarch_1_1906": {"tgt_lang": "en", "transl_top1": 0.5863874345549738, "transl_top5": 0.7277486910994765, "transl_top10": 0.8010471204188482, "num_nulls": 0, "num_tgt_sents": 6800}, "plutarch_2_1908": {"tgt_lang": "en", "transl_top1": 0.031413612565445025, "transl_top5": 0.08376963350785341, "transl_top10": 0.14659685863874344, "num_nulls": 0, "num_tgt_sents": 5773}, "plutarch_1855-1897_1": {"tgt_lang": "de", "transl_top1": 0.015706806282722512, "transl_top5": 0.07853403141361257, "transl_top10": 0.11518324607329843, "num_nulls": 0, "num_tgt_sents": 7147}, "num_translations": 5, "text_top1": 0.2931937172774869, "text_top5": 0.4429319371727749, "text_top10": 0.5267015706806283}