{"num_src_sents": 14, "plutarch_4_1908": {"tgt_lang": "en", "transl_top1": 0.0, "transl_top5": 0.0, "transl_top10": 0.21428571428571427, "num_nulls": 0, "num_tgt_sents": 13066, "retrieval_preds": [[2113, 6278, 4977, 4775, 1334, 2867, 3600, 3125], [3388, 723, 1728, 757, 5788, 3120, 3556, 3337], [3309, 4278, 3534, 2733, 1573, 1504, 4925, 292], [894, 6761, 803, 3646, 3244, 4882, 6539, 3769], [4621, 2397, 3133, 4961, 2724, 2582, 5857, 5577], [5278, 5090, 5087, 2881, 6554, 6555, 6612, 2942], [1741, 4445, 3408, 2174, 6818, 3342, 6723, 894], [4925, 6539, 3681, 6174, 3534, 4403, 5609, 6805], [1190, 5170, 3337, 5778, 5187, 4939, 4852, 2836], [2645, 6494, 2066, 6492, 3774, 729, 1352, 3979], [1144, 5168, 2174, 5265, 3339, 3383, 305, 6442], [305, 306, 3410, 3408, 615, 4274, 4052, 931], [6536, 1951, 4720, 1063, 5103, 4626, 3419, 5281], [5170, 6099, 757, 2836, 4720, 1063, 5228, 1425]]}, "plutarch_3_1908": {"tgt_lang": "en", "transl_top1": 0.07142857142857142, "transl_top5": 0.14285714285714285, "transl_top10": 0.21428571428571427, "num_nulls": 0, "num_tgt_sents": 6633, "retrieval_preds": [[1802, 3915, 700, 1045, 1286, 3348, 3126, 2618], [3244, 1482, 6135, 1803, 2951, 2570, 4968, 5966], [2820, 1805, 5796, 935, 168, 3682, 1075, 1173], [1804, 1813, 2583, 1806, 1587, 684, 1338, 1711], [1807, 953, 321, 1823, 5871, 2467, 1824, 1785], [6136, 1061, 4950, 1809, 1521, 6201, 2214, 1022], [2593, 5869, 1068, 1810, 6494, 962, 6311, 2827], [1813, 1325, 2583, 2569, 6326, 1419, 1423, 1045], [934, 6488, 3315, 1479, 6543, 1287, 5320, 2040], [2548, 1424, 1423, 1607, 4128, 2770, 2373, 2485], [2593, 1849, 1059, 4150, 3919, 2590, 136, 1818], [136, 2738, 1815, 2652, 2784, 3912, 1810, 382], [3176, 6323, 1539, 3361, 6014, 3570, 1773, 2878], [861, 1479, 1314, 922, 6488, 2040, 1782, 5354]]}, "num_translations": 2, "text_top1": 0.03571428571428571, "text_top5": 0.07142857142857142, "text_top10": 0.21428571428571427}