{"num_src_sents": 110, "seneca_1877": {"tgt_lang": "fr", "transl_top1": 0.5909090909090909, "transl_top5": 0.7909090909090909, "transl_top10": 0.8545454545454545, "num_nulls": 0, "num_tgt_sents": 29079}, "seneca_1889": {"tgt_lang": "en", "transl_top1": 0.7818181818181819, "transl_top5": 0.9181818181818182, "transl_top10": 0.9727272727272728, "num_nulls": 0, "num_tgt_sents": 6989}, "num_translations": 2, "text_top1": 0.6863636363636364, "text_top5": 0.8545454545454545, "text_top10": 0.9136363636363636}