{"num_src_sents": 360, "philo_4_1855": {"tgt_lang": "en", "transl_top1": 0.008333333333333333, "transl_top5": 0.041666666666666664, "transl_top10": 0.05555555555555555, "num_nulls": 0, "num_tgt_sents": 7517}, "philo_2_1854": {"tgt_lang": "en", "transl_top1": 0.5138888888888888, "transl_top5": 0.7222222222222222, "transl_top10": 0.7583333333333333, "num_nulls": 0, "num_tgt_sents": 7912}, "philo_1_1854": {"tgt_lang": "en", "transl_top1": 0.005555555555555556, "transl_top5": 0.044444444444444446, "transl_top10": 0.06666666666666667, "num_nulls": 0, "num_tgt_sents": 8507}, "num_translations": 3, "text_top1": 0.1759259259259259, "text_top5": 0.26944444444444443, "text_top10": 0.29351851851851846}