{"num_src_sents": 65, "lucian_1827_7": {"tgt_lang": "de", "transl_top1": 0.38461538461538464, "transl_top5": 0.5846153846153846, "transl_top10": 0.6615384615384615, "num_nulls": 0, "num_tgt_sents": 4692, "retrieval_preds": [[1352, 1864, 3471, 49, 437, 3109, 413, 1378], [1354, 252, 237, 4357, 1290, 1028, 191, 245], [1355, 1395, 2245, 921, 1036, 2146, 1868, 3083], [1237, 556, 1513, 1358, 775, 245, 82, 885], [1362, 692, 1372, 1391, 510, 2246, 2621, 3424], [1145, 3705, 4087, 4089, 1085, 4098, 2694, 2611], [1366, 3710, 1367, 1314, 474, 1215, 1864, 1852], [1367, 4516, 1406, 1352, 3317, 3541, 1365, 1215], [1219, 2984, 2724, 3417, 1918, 1368, 2647, 3023], [1371, 4516, 582, 1053, 2102, 3302, 619, 1380], [1075, 1538, 4087, 2502, 1091, 560, 507, 3705], [1367, 1406, 3153, 1374, 2731, 975, 949, 1386], [1378, 2608, 4089, 3705, 557, 4505, 4556, 1072], [3850, 1380, 4098, 3590, 1091, 2185, 2224, 2289], [2237, 3717, 2118, 341, 1803, 3729, 1729, 3004], [1386, 1399, 1949, 3705, 4089, 3719, 1451, 2425], [1417, 3719, 3705, 3744, 1530, 747, 597, 2735], [1390, 1391, 4217, 533, 1899, 3759, 3850, 3590], [3153, 1937, 2584, 1524, 3054, 3963, 1394, 1352], [1395, 3857, 3004, 1397, 3548, 1877, 1826, 1530], [1398, 1861, 1314, 4098, 4217, 3710, 4556, 4074], [1399, 1861, 1398, 4217, 1780, 2551, 1391, 4424], [1400, 3481, 3469, 2914, 3563, 1524, 1994, 3541], [1401, 1069, 3850, 1085, 4539, 1358, 2135, 985], [1077, 4098, 440, 643, 1403, 1066, 1914, 2267], [1405, 1216, 1832, 1994, 1416, 1385, 1352, 676], [1406, 4041, 2403, 3548, 1358, 1456, 259, 4489], [2606, 1407, 456, 2604, 1447, 4332, 2982, 446], [1410, 1938, 2938, 1868, 1864, 1350, 436, 3597], [1411, 4489, 2172, 3481, 2288, 3469, 1690, 1781], [1412, 4489, 2315, 2371, 413, 1077, 440, 2445], [2358, 1886, 3850, 2224, 4132, 1414, 413, 2327], [1416, 1451, 1450, 1851, 1159, 440, 2952, 3814], [1433, 1419, 3719, 3705, 1378, 1373, 4148, 3710], [1420, 2793, 3513, 868, 763, 2912, 1367, 672], [514, 1391, 4233, 2802, 1380, 2391, 2784, 1094], [72, 143, 1391, 1422, 3566, 939, 2309, 755], [1425, 1064, 2463, 2626, 557, 533, 2565, 2308], [1426, 3018, 2166, 4485, 3010, 664, 2119, 2309], [3968, 2278, 3056, 1538, 3818, 1399, 2456, 1427], [1429, 1395, 3698, 4573, 769, 245, 1053, 3836], [1431, 3759, 2180, 1642, 2044, 3290, 2647, 366], [1432, 2235, 4180, 699, 4217, 744, 4000, 3590], [3719, 1861, 1391, 1105, 2228, 1145, 4089, 1378], [1075, 1072, 347, 560, 1069, 505, 1066, 979], [1436, 557, 3657, 2224, 413, 3857, 1098, 4190], [4428, 918, 1735, 2627, 1294, 2558, 4587, 3954], [1439, 1397, 3351, 1080, 1097, 3174, 3560, 1089], [481, 1084, 3727, 1411, 1440, 1451, 3481, 2228], [1091, 1440, 3710, 1075, 4217, 3850, 2156, 1877], [1145, 1085, 1097, 3710, 996, 3719, 4380, 1070], [169, 3850, 3841, 3710, 972, 99, 1314, 4585], [1450, 1451, 499, 1416, 1440, 987, 1439, 1378], [3590, 761, 2221, 1452, 2315, 396, 1006, 2185], [1453, 542, 2327, 560, 2344, 2216, 1069, 557], [1455, 3566, 2684, 2615, 3821, 3424, 940, 313], [1406, 1053, 3698, 3459, 2648, 99, 2115, 2231], [1458, 1390, 1406, 3712, 4096, 1352, 972, 1373], [1314, 3850, 3817, 499, 2224, 1513, 1237, 2221], [1463, 1215, 2647, 581, 4479, 3815, 3614, 3466], [3798, 3870, 4466, 1386, 3129, 3799, 2952, 3136], [1932, 1468, 3877, 4556, 4062, 3577, 3190, 249], [1471, 3877, 3444, 1367, 1086, 4063, 4531, 99], [1930, 403, 4098, 775, 1358, 977, 4357, 1047], [1476, 3579, 4246, 1921, 3725, 3672, 3291, 2222]]}, "lucian_1831_13": {"tgt_lang": "de", "transl_top1": 0.015384615384615385, "transl_top5": 0.12307692307692308, "transl_top10": 0.2153846153846154, "num_nulls": 0, "num_tgt_sents": 4049, "retrieval_preds": [[3107, 2933, 2064, 2858, 3050, 2023, 2091, 2041], [1503, 1614, 1415, 2411, 2783, 3633, 1534, 814], [2248, 1992, 1986, 3088, 2288, 2041, 2231, 2081], [1614, 2558, 2564, 1534, 3637, 3566, 1151, 3129], [1694, 3616, 2106, 3218, 1980, 2082, 1891, 713], [1986, 2288, 2006, 1891, 2900, 3577, 2064, 1131], [3038, 3597, 2106, 2091, 3140, 2286, 1781, 1005], [2392, 2064, 2023, 3389, 2105, 3435, 13, 3417], [3513, 1526, 1655, 1547, 2376, 3549, 3476, 1538], [1631, 3129, 637, 1743, 111, 2325, 3215, 1506], [1127, 3218, 1982, 2917, 2006, 1767, 3180, 1928], [1883, 3418, 76, 3542, 2051, 3693, 2311, 2295], [1166, 2052, 2331, 1118, 1131, 2914, 865, 3035], [2080, 2006, 1986, 2947, 1166, 1488, 2564, 2064], [2926, 3148, 2006, 2045, 3554, 2419, 1557, 3972], [891, 2068, 3549, 2006, 2183, 2090, 1415, 76], [3549, 3635, 2900, 1034, 2331, 2006, 2941, 2068], [2807, 2711, 3291, 2954, 1982, 1128, 1891, 2006], [3768, 1727, 1767, 3849, 3994, 1734, 2824, 1932], [1429, 3531, 1534, 2006, 2947, 1986, 1166, 960], [2577, 2954, 165, 3156, 3081, 2492, 2564, 2490], [2264, 1283, 1429, 529, 3148, 2963, 892, 207], [320, 3119, 224, 96, 3156, 1403, 3339, 3625], [1986, 3577, 2680, 2564, 2478, 2520, 2670, 2721], [1986, 3474, 2721, 3797, 1039, 158, 1990, 2680], [3910, 1684, 1032, 2824, 844, 959, 3793, 1458], [1108, 1415, 1525, 3180, 2564, 3633, 1396, 3158], [2218, 2313, 793, 3306, 2168, 2205, 2739, 3689], [2907, 1396, 526, 2849, 1986, 1803, 1751, 2080], [1915, 3148, 1296, 3669, 1919, 3278, 3793, 545], [2678, 3088, 2707, 2006, 2680, 1684, 1986, 2080], [2947, 2564, 3531, 2724, 3180, 1118, 1614, 3550], [2684, 2040, 1990, 548, 2725, 2907, 2037, 814], [1131, 2331, 2293, 1919, 2862, 3549, 2068, 2900], [1926, 913, 2819, 3335, 2824, 1092, 1270, 3934], [3218, 1547, 1077, 253, 1711, 2795, 1685, 1432], [1787, 3866, 3904, 539, 3864, 959, 1833, 2611], [1032, 3344, 2047, 3537, 2614, 3180, 2052, 1051], [1893, 1691, 958, 1684, 2095, 3306, 3795, 1973], [3345, 2326, 76, 2222, 3141, 2313, 2270, 848], [3818, 2653, 2080, 892, 165, 1919, 3291, 2711], [705, 2932, 1070, 3666, 2344, 1577, 886, 2881], [2704, 2807, 4008, 3542, 2902, 1891, 1919, 37], [2006, 2064, 1021, 1131, 2297, 2897, 1986, 2290], [2670, 3474, 1166, 2954, 2729, 2564, 3088, 2924], [2080, 2199, 2934, 2064, 2068, 3291, 2090, 2316], [674, 2768, 111, 3102, 3355, 1841, 15, 3121], [2312, 4025, 919, 3306, 2281, 2341, 3916, 2467], [1695, 3262, 2414, 3330, 1919, 2202, 2928, 2787], [2564, 2782, 2907, 2784, 1919, 2926, 2670, 1826], [2288, 2006, 1992, 1986, 2954, 3595, 2750, 1384], [2577, 2080, 2564, 1478, 2707, 2956, 16, 1168], [1986, 2907, 2006, 3296, 1990, 3148, 2670, 2721], [1746, 2520, 1765, 3611, 3578, 2671, 2413, 2907], [848, 2558, 1118, 2963, 2052, 3582, 1166, 2947], [1452, 839, 1949, 3697, 883, 1758, 1528, 2058], [3545, 3546, 3589, 3044, 2041, 3597, 993, 2194], [3429, 3312, 1455, 1986, 3945, 1999, 1453, 3291], [2564, 1534, 1539, 1166, 3633, 2090, 2849, 2842], [2392, 2286, 2201, 2091, 500, 2411, 2371, 3123], [1990, 1971, 595, 2914, 2941, 1527, 3417, 3203], [3759, 3156, 3344, 922, 2967, 1575, 1034, 3211], [3809, 909, 727, 1034, 288, 3803, 1038, 1032], [1488, 3638, 2358, 1879, 2558, 3035, 1539, 3045], [3846, 1225, 3500, 1409, 1299, 1987, 1074, 3287]]}, "Lucian_1827_ht8": {"tgt_lang": "de", "transl_top1": 0.0, "transl_top5": 0.1076923076923077, "transl_top10": 0.2, "num_nulls": 0, "num_tgt_sents": 1131,