{"num_src_sents": 375, "plutarch_2_1908": {"tgt_lang": "en", "transl_top1": 0.6293333333333333, "transl_top5": 0.8213333333333334, "transl_top10": 0.9306666666666666, "num_nulls": 0, "num_tgt_sents": 5773}, "plutarch_1_1906": {"tgt_lang": "en", "transl_top1": 0.005333333333333333, "transl_top5": 0.034666666666666665, "transl_top10": 0.06133333333333333, "num_nulls": 0, "num_tgt_sents": 6800}, "num_translations": 2, "text_top1": 0.3173333333333333, "text_top5": 0.428, "text_top10": 0.496}