{"num_src_sents": 670, "cicero_1855-1895_16": {"tgt_lang": "de", "transl_top1": 0.004477611940298508, "transl_top5": 0.03731343283582089, "transl_top10": 0.06865671641791045, "num_nulls": 0, "num_tgt_sents": 5529}, "cicero_1871_15": {"tgt_lang": "de", "transl_top1": 0.7850746268656716, "transl_top5": 0.9074626865671642, "transl_top10": 0.9582089552238806, "num_nulls": 0, "num_tgt_sents": 3588}, "num_translations": 2, "text_top1": 0.39477611940298507, "text_top5": 0.47238805970149256, "text_top10": 0.5134328358208955}