{"num_src_sents": 459, "tacitus_1858": {"tgt_lang": "fr", "transl_top1": 0.6514161220043573, "transl_top5": 0.8278867102396514, "transl_top10": 0.8976034858387799, "num_nulls": 0, "num_tgt_sents": 14712}, "Tacitus_1_1855-1905": {"tgt_lang": "de", "transl_top1": 0.6579520697167756, "transl_top5": 0.803921568627451, "transl_top10": 0.8518518518518519, "num_nulls": 0, "num_tgt_sents": 9718}, "tacitus_1855_2": {"tgt_lang": "de", "transl_top1": 0.013071895424836602, "transl_top5": 0.05010893246187364, "transl_top10": 0.0784313725490196, "num_nulls": 0, "num_tgt_sents": 9753}, "num_translations": 3, "text_top1": 0.4408133623819898, "text_top5": 0.560639070442992, "text_top10": 0.6092955700798838}