{"num_src_sents": 85, "demosthenes_aeschynes_1861": {"tgt_lang": "fr", "transl_top1": 0.0, "transl_top5": 0.047058823529411764, "transl_top10": 0.058823529411764705, "num_nulls": 0, "num_tgt_sents": 36182, "retrieval_preds": [[9249, 9914, 23280, 4560, 9334, 9401, 24918, 6276], [9914, 34436, 26028, 18154, 33882, 20966, 9987, 20516], [26049, 36012, 27267, 24632, 27564, 10167, 24215, 27144], [24269, 25002, 36012, 13042, 24088, 26651, 24612, 27144], [6085, 16929, 16124, 10290, 24354, 15332, 16337, 15155], [27388, 30026, 30272, 5629, 24918, 12666, 24095, 4587], [25329, 24916, 11806, 31956, 26998, 20591, 29298, 15304], [20283, 1070, 23653, 3520, 1242, 18064, 20384, 27860], [15991, 36177, 10971, 29756, 24952, 7316, 21249, 15207], [18154, 10471, 34436, 10536, 25908, 35871, 4642, 17002], [27934, 30456, 11512, 19143, 28039, 33014, 11956, 32185], [18089, 11512, 3278, 20285, 8155, 28039, 11771, 3276], [19310, 8732, 6947, 33083, 7062, 23469, 9539, 23413], [27403, 27944, 9401, 21067, 13711, 26428, 17275, 9334], [20574, 27410, 29728, 24149, 29894, 24360, 15303, 25983], [27408, 27375, 20899, 27362, 30846, 25308, 29477, 20241], [25198, 18107, 6827, 12413, 10712, 30705, 10785, 27411], [15303, 20574, 13552, 24371, 19310, 7674, 3625, 24602], [29781, 8369, 10899, 25767, 7426, 13552, 25019, 25901], [30458, 26189, 8058, 26647, 15830, 132, 4041, 24254], [20272, 8058, 12187, 8369, 25019, 6996, 24315, 10761], [12521, 20966, 12891, 8095, 22396, 25564, 19169, 13470], [29537, 7359, 24602, 5629, 26428, 9658, 13711, 33868], [21314, 17314, 14879, 27447, 27431, 6781, 27432, 30144], [3825, 19854, 27646, 8152, 8951, 878, 3205, 18113], [34793, 25173, 23753, 15814, 31899, 13869, 25817, 7241], [27437, 27362, 29496, 1139, 6937, 8428, 21655, 8124], [27438, 33086, 12052, 11650, 3176, 22808, 23395, 16704], [24096, 15303, 30458, 24703, 26106, 26189, 33134, 20574], [9457, 1578, 19042, 35577, 21745, 23806, 4560, 12110], [20958, 22059, 15704, 1547, 23934, 10790, 20837, 24053], [5629, 29894, 24577, 26428, 25019, 9015, 31839, 9383], [20283, 1070, 23653, 3520, 1242, 18064, 20384, 27860], [29781, 8369, 26617, 15303, 5559, 16239, 26428, 9168], [33656, 21115, 29757, 31942, 35387, 21891, 31607, 34547], [24371, 30473, 23728, 23116, 29879, 13307, 24372, 7278], [34838, 15818, 30922, 7558, 31831, 18337, 23710, 33701], [3276, 3535, 4848, 20380, 3278, 20285, 4139, 20283], [16703, 156, 33172, 12399, 811, 16627, 7015, 23189], [14448, 24254, 2306, 18226, 759, 15309, 4619, 241], [7558, 21091, 8179, 21106, 28030, 31831, 14005, 19315], [3276, 3535, 4848, 20380, 3278, 20285, 4139, 20283], [25611, 27555, 27362, 24611, 15182, 12852, 11417, 19194], [18623, 8281, 3119, 3308, 29850, 15390, 27458, 9908], [10876, 12165, 12413, 7202, 10594, 21063, 10795, 10785], [28404, 8487, 10010, 28719, 28572, 12148, 10921, 9969], [9015, 13144, 19310, 9539, 10536, 9248, 8309, 32996], [10553, 9173, 13340, 7579, 32775, 33014, 7493, 30456], [18089, 11512, 3278, 20285, 8155, 28039, 11771, 3276], [21536, 19310, 9049, 33083, 27395, 20145, 11870, 28717], [15289, 5615, 4507, 29108, 11937, 31199, 15659, 21820], [21534, 34102, 12784, 7177, 11408, 1916, 9929, 35465], [12203, 11266, 9773, 12268, 18107, 10712, 7278, 22874], [20899, 9059, 10409, 32464, 19029, 18349, 34436, 14801], [29928, 8933, 30931, 25019, 24210, 7415, 24050, 6373], [25688, 27267, 10167, 11049, 27927, 36012, 27564, 24269], [14247, 24875, 11475, 6167, 5216, 14077, 28886, 34322], [12238, 14448, 20513, 8933, 34965, 30915, 17002, 15747], [20535, 32856, 6589, 35020, 34436, 15370, 9053, 8866], [23387, 20822, 34088, 7975, 7482, 21926, 7294, 8900], [15044, 20557, 12132, 9088, 15808, 6058, 9539, 11870], [5292, 7486, 8981, 15222, 6753, 11496, 15303, 9029], [15839, 3591, 21594, 14934, 538, 13919, 16229, 30570], [3582, 3577, 29287, 35437, 21551, 21556, 19310, 21571], [27515, 26505, 31308, 25920, 35610, 27896, 29934, 31199], [9432, 4587, 19949, 227, 11266, 1274, 11595, 4586], [407, 28356, 17110, 14609, 30719, 28683, 24175, 32524], [4384, 15747, 17401, 32391, 25628, 15819, 7169, 4564], [5055, 24745, 23224, 20152, 21108, 2606, 35792, 27179], [16217, 9914, 13550, 7202, 21013, 8209, 30005, 7495], [7356, 21551, 7217, 14702, 11292, 35458, 11295, 29199], [15149, 9733, 17573, 1474, 6941, 28620, 33942, 4160], [15871, 19442, 17576, 32062, 17739, 7287, 7431, 4560], [7090, 3752, 8584, 8900, 22873, 7203, 24980, 35588], [29860, 10635, 15061, 15733, 20939, 23003, 10341, 5146], [7215, 21149, 2373, 33107, 3667, 8493, 3882, 4215], [7456, 15189, 9238, 5509, 3052, 4560, 7359, 23025], [7239, 33579, 19239, 34138, 23518, 19197, 20521, 27466], [15747, 13843, 11462, 9225, 22560, 7451, 35109, 7004], [3052, 15871, 9539, 11298, 19029, 18897, 7431, 6947], [6976, 11485, 9976, 30287, 21551, 27527, 10812, 20807], [18107, 10712, 27561, 7359, 18273, 9015, 18367, 4587], [22874, 26428, 7456, 7431, 9238, 7202, 21513, 10629], [19239, 15747, 29669, 15432, 12728, 6862, 34560, 5628], [8087, 20118, 8037, 31001, 25505, 19147, 21594, 651]]}, "demosthenes_1877": {"tgt_lang": "en", "transl_top1": 0.23529411764705882, "transl_top5": 0.35294117647058826, "transl_top10": 0.43529411764705883, "num_nulls": 0, "num_tgt_sents": 7775,