{"num_src_sents": 53, "demosthenes_1902": {"tgt_lang": "en", "transl_top1": 0.05660377358490566, "transl_top5": 0.1509433962264151, "transl_top10": 0.2641509433962264, "num_nulls": 0, "num_tgt_sents": 6778}, "demosthenes_aeschynes_1861": {"tgt_lang": "fr", "transl_top1": 0.0, "transl_top5": 0.018867924528301886, "transl_top10": 0.09433962264150944, "num_nulls": 0, "num_tgt_sents": 36182}, "num_translations": 2, "text_top1": 0.02830188679245283, "text_top5": 0.08490566037735849, "text_top10": 0.17924528301886794}