{"num_src_sents": 137, "lucian_1888": {"tgt_lang": "en", "transl_top1": 0.014598540145985401, "transl_top5": 0.08759124087591241, "transl_top10": 0.11678832116788321, "num_nulls": 0, "num_tgt_sents": 6788}, "luciusSamosata_1_1869": {"tgt_lang": "fr", "transl_top1": 0.029197080291970802, "transl_top5": 0.051094890510948905, "transl_top10": 0.08759124087591241, "num_nulls": 0, "num_tgt_sents": 14187}, "num_translations": 2, "text_top1": 0.021897810218978103, "text_top5": 0.06934306569343066, "text_top10": 0.10218978102189781}