{"num_src_sents": 93, "luciusSamosata_1_1869": {"tgt_lang": "fr", "transl_top1": 0.07526881720430108, "transl_top5": 0.10752688172043011, "transl_top10": 0.20430107526881722, "num_nulls": 0, "num_tgt_sents": 14187, "retrieval_preds": [[1224, 506, 775, 1264, 8007, 12144, 7226, 13050], [1317, 4886, 2164, 1370, 7517, 2160, 8342, 2919], [1235, 8884, 7517, 7248, 8947, 604, 8458, 10940], [1240, 2731, 4491, 12805, 4485, 9525, 673, 3118], [3041, 13590, 8289, 1338, 3238, 2070, 8186, 3624], [1243, 14003, 6123, 10960, 11100, 14046, 511, 3524], [2057, 6928, 12972, 10302, 8953, 4072, 5528, 6796], [13289, 2419, 10812, 12821, 5672, 2922, 8407, 6426], [10913, 7001, 5788, 1320, 8589, 13498, 11884, 253], [2070, 6024, 14003, 3565, 539, 13501, 7798, 598], [1294, 10884, 14053, 6926, 5826, 11065, 1353, 13847], [11775, 11783, 11984, 10284, 4325, 3554, 1889, 1370], [5504, 3562, 1253, 1677, 13620, 10721, 12991, 5219], [8218, 7597, 6114, 7660, 8127, 1263, 513, 7226], [1264, 10940, 7226, 11029, 1263, 10888, 5549, 7196], [7042, 2253, 13522, 2070, 4439, 9055, 1265, 7593], [8145, 5694, 11256, 10730, 8725, 7664, 8490, 7428], [7593, 8444, 8476, 8127, 7536, 711, 10806, 8227], [7181, 1269, 13985, 6408, 3725, 258, 3914, 3245], [5694, 7545, 592, 146, 10401, 2041, 9185, 5552], [1288, 13584, 10942, 8242, 9218, 13847, 9247, 1285], [10589, 10730, 7256, 12513, 1294, 2041, 11506, 8229], [8679, 8996, 14170, 7593, 8498, 12060, 8003, 3624], [1285, 13520, 10365, 1370, 7286, 1264, 13843, 3530], [8141, 7286, 1317, 2614, 5821, 6721, 8367, 9108], [7226, 1292, 10727, 5821, 8481, 11016, 7285, 11063], [1293, 6600, 11145, 14084, 1267, 4816, 11376, 4582], [140, 11904, 1080, 10092, 7248, 2164, 30, 1294], [9247, 9218, 13815, 1353, 8213, 710, 7658, 12952], [9247, 775, 7286, 5529, 2496, 13847, 9163, 1317], [8997, 1317, 726, 7931, 3554, 2115, 1973, 10600], [4831, 1304, 8476, 14003, 7545, 2208, 8186, 13738], [9062, 1307, 13182, 4259, 13591, 1306, 2971, 2425], [3455, 1308, 6577, 1113, 9219, 8953, 2041, 592], [1309, 7656, 3506, 8216, 7387, 4075, 8412, 3248], [1207, 13981, 11984, 2988, 11994, 13502, 7931, 13844], [1312, 7837, 8213, 7211, 9095, 7286, 1370, 7923], [5905, 9070, 1616, 1316, 10937, 6673, 8959, 1666], [4354, 1275, 883, 565, 5906, 249, 10936, 1288], [1317, 8336, 10962, 7593, 8070, 7730, 11955, 7816], [1319, 1370, 2964, 13815, 1317, 4886, 7396, 393], [1370, 1317, 4355, 11955, 13847, 7816, 13658, 13520], [1317, 8141, 7286, 5826, 4382, 775, 7513, 7926], [1288, 10365, 14039, 2399, 5636, 1332, 1889, 894], [1333, 11003, 6410, 1502, 10125, 4896, 1300, 3424], [1317, 4382, 1370, 11775, 4886, 4687, 10657, 10519], [1338, 2149, 7408, 1851, 2971, 8096, 6998, 10730], [12139, 4382, 2919, 8141, 14127, 9163, 8197, 8189], [13843, 174, 14054, 10998, 1353, 11867, 7805, 2164], [8671, 7032, 7615, 776, 5525, 2244, 5065, 7017], [9299, 8096, 14030, 11512, 4355, 7597, 9218, 5516], [1438, 2877, 7019, 13632, 7503, 6323, 1765, 651], [1356, 1317, 11904, 7923, 7285, 10553, 13815, 8141], [1060, 11022, 5806, 14170, 5927, 14003, 10285, 13722], [13632, 3658, 3746, 571, 3665, 4576, 1257, 1362], [4195, 967, 4853, 13532, 2393, 14173, 11653, 14042], [1362, 6442, 10227, 3715, 7728, 300, 13536, 5828], [1306, 2323, 9646, 13496, 1363, 10173, 12010, 9525], [8275, 7927, 8274, 417, 4332, 8077, 5268, 1209], [4674, 1228, 577, 8371, 2115, 5792, 5333, 9002], [11904, 2647, 2922, 6585, 2764, 10529, 2827, 7103], [1368, 2637, 8654, 7547, 8016, 7387, 6834, 8237], [9332, 10803, 12380, 9711, 5685, 8396, 3982, 7935], [1370, 1317, 7517, 1426, 4382, 13815, 13564, 1361], [1371, 1317, 7249, 13545, 8265, 6694, 10960, 10365], [11603, 10482, 4067, 4316, 4075, 1374, 480, 3580], [1376, 1257, 2488, 13981, 8184, 11994, 4853, 4075], [4924, 10395, 7211, 10752, 7531, 513, 1893, 3766], [4894, 5172, 8139, 5385, 3001, 10125, 1259, 10856], [7167, 8916, 6145, 1381, 5077, 6656, 6114, 12338], [10936, 7931, 14004, 1383, 1851, 13863, 981, 13664], [8937, 741, 4724, 3766, 5415, 3927, 2627, 4434], [1317, 1353, 7889, 8148, 8003, 10390, 1851, 8921], [1317, 13815, 1370, 7478, 8350, 11054, 13520, 4886], [4382, 12396, 1394, 13864, 13564, 260, 4703, 1370], [1396, 7513, 1893, 2732, 255, 2306, 13882, 4924], [13458, 6298, 13780, 7697, 13461, 7863, 990, 9207], [4471, 800, 2197, 11698, 4637, 801, 2608, 4518], [11981, 11603, 8066, 8946, 11585, 10655, 4075, 5208], [11853, 6112, 2765, 7671, 1948, 12089, 5509, 5577], [7660, 7779, 8186, 2971, 4428, 8087, 1401, 13446], [513, 13680, 8096, 10940, 1885, 12099, 1294, 7226], [1398, 1406, 4077, 13859, 11617, 8301, 6374, 2607], [1038, 4931, 7660, 1485, 7478, 2164, 8336, 1294], [13501, 4428, 10463, 8186, 1338, 1353, 5777, 7478], [2300, 2463, 12796, 5295, 4520, 5636, 1512, 1614], [1096, 1765, 745, 3746, 4033, 816, 3775, 993], [662, 3877, 882, 3766, 2189, 4724, 866, 6559], [7570, 8727, 8222, 7982, 8429, 14003, 7987, 2442], [1418, 5512, 6883, 14009, 6717, 7895, 1894, 454], [1419, 937, 832, 3809, 6550, 6408, 1154, 9051], [9629, 4028, 1421, 1534, 2955, 9633, 4252, 10232], [10470, 6939, 7931, 5612, 8418, 13722, 12393, 1577]]}, "lucian_1866_1": {"tgt_lang": "de", "transl_top1": 0.3978494623655914, "transl_top5": 0.5376344086021505, "transl_top10": 0.6451612903225806, "num_nulls": 0, "num_tgt_sents": 4624,