{"num_src_sents": 56, "theocritus_1878": {"tgt_lang": "en", "transl_top1": 0.26785714285714285, "transl_top5": 0.48214285714285715, "transl_top10": 0.5892857142857143, "num_nulls": 0, "num_tgt_sents": 6617, "retrieval_preds": [[3105, 3116, 6294, 772, 4024, 3440, 2805, 2512], [3137, 2031, 3106, 1364, 1949, 3166, 6319, 1093], [3138, 3182, 3188, 3194, 3113, 3117, 3123, 3132], [3112, 1725, 5205, 3124, 9, 4740, 2115, 2793], [3138, 3182, 3188, 3194, 3113, 3117, 3123, 3132], [3116, 3114, 3112, 3158, 4820, 6307, 5205, 2856], [3138, 3182, 3188, 3194, 3113, 3117, 3123, 3132], [4740, 1725, 1975, 1402, 2948, 4698, 1722, 3047], [3122, 3048, 1905, 1812, 337, 1146, 4668, 291], [3138, 3182, 3188, 3194, 3113, 3117, 3123, 3132], [3124, 2410, 2158, 4740, 3944, 2115, 5176, 2003], [951, 5951, 3958, 3126, 2929, 808, 6390, 1271], [3127, 4965, 3041, 2636, 2843, 5488, 4041, 2803], [3047, 3048, 4176, 1093, 2167, 6319, 1167, 3128], [3138, 3182, 3188, 3194, 3113, 3117, 3123, 3132], [3133, 3135, 4739, 4912, 1349, 4756, 3994, 1667], [3138, 3182, 3188, 3194, 3113, 3117, 3123, 3132], [3137, 5474, 4580, 1857, 1655, 3067, 2467, 1160], [3138, 3182, 3188, 3194, 3113, 3117, 3123, 3132], [6590, 3454, 4301, 6408, 365, 382, 5774, 2826], [5626, 2492, 6408, 4623, 6409, 3140, 6393, 5774], [6409, 5691, 4301, 3865, 6322, 721, 3828, 3141], [1001, 3082, 2766, 3151, 3142, 3227, 2811, 250], [6265, 6259, 417, 6142, 4301, 5651, 3631, 5699], [2673, 250, 2995, 2976, 2998, 1676, 2996, 357], [3138, 3182, 3188, 3194, 3113, 3117, 3123, 3132], [3147, 879, 3178, 6341, 6438, 2938, 6099, 1296], [3149, 3047, 942, 6227, 6330, 2723, 3048, 879], [893, 3285, 1025, 2682, 1321, 5224, 1664, 1286], [3138, 3182, 3188, 3194, 3113, 3117, 3123, 3132], [3153, 1686, 3166, 2954, 1335, 496, 2167, 4871], [3155, 4981, 3346, 1669, 2805, 2835, 3344, 4086], [3159, 3156, 2130, 919, 291, 2876, 3040, 1146], [3158, 5279, 1260, 4256, 5368, 3114, 671, 507], [5154, 4873, 936, 3850, 6079, 1014, 2921, 614], [3166, 2287, 2157, 3163, 2221, 5765, 2127, 3994], [3138, 3182, 3188, 3194, 3113, 3117, 3123, 3132], [3168, 5051, 4972, 6072, 2845, 1281, 6346, 2907], [1667, 3133, 4756, 4739, 2127, 6374, 2856, 1725], [2768, 3180, 5905, 2875, 3197, 2113, 4632, 1748], [3138, 3182, 3188, 3194, 3113, 3117, 3123, 3132], [3019, 6542, 3183, 3944, 2314, 1319, 6574, 6389], [1131, 1321, 751, 866, 5951, 413, 1017, 3082], [2054, 1428, 4110, 5423, 2585, 1399, 1640, 3816], [3138, 3182, 3188, 3194, 3113, 3117, 3123, 3132], [3192, 4681, 4524, 3191, 382, 6450, 2713, 1179], [3192, 1848, 1850, 2899, 6061, 2902, 6322, 3077], [5695, 4003, 6422, 4826, 764, 3404, 1416, 4259], [3138, 3182, 3188, 3194, 3113, 3117, 3123, 3132], [1605, 1281, 2529, 6397, 2935, 3195, 5961, 4640], [1232, 538, 324, 3642, 3196, 820, 6483, 1163], [3197, 6399, 217, 5377, 4726, 1735, 2127, 226], [693, 1411, 4414, 1513, 1407, 2469, 1956, 3663], [3199, 1413, 1725, 4415, 4981, 3027, 6431, 2768], [3201, 6405, 3116, 5366, 1786, 371, 3054, 1925], [3120, 6148, 5135, 5843, 4097, 4556, 1811, 3164]]}, "theocritus_1855": {"tgt_lang": "de", "transl_top1": 0.05357142857142857, "transl_top5": 0.125, "transl_top10": 0.25, "num_nulls": 0, "num_tgt_sents": 4249, "retrieval_preds": [[1154, 443, 1602, 646, 1712, 1801, 2130, 1252], [833, 1405, 2005, 185, 841, 2006, 623, 765], [2078, 2087, 2125, 2116, 2090, 2073, 407, 3857], [2074, 4067, 3330, 1961, 1741, 1485, 3258, 1429], [2078, 2087, 2125, 2116, 2090, 2073, 407, 3857], [2075, 2074, 1856, 1843, 2047, 3330, 1217, 2130], [2078, 2087, 2125, 2116, 2090, 2073, 407, 3857], [1205, 1089, 1910, 1440, 1589, 1960, 1268, 1435], [395, 723, 172, 1708, 2184, 346, 3839, 359], [2078, 2087, 2125, 2116, 2090, 2073, 407, 3857], [3330, 2074, 161, 1431, 1589, 1485, 1695, 1403], [306, 915, 2083, 2199, 775, 4094, 1692, 808], [2084, 726, 1629, 1778, 658, 188, 1148, 279], [2085, 852, 815, 2184, 1492, 1887, 209, 746], [2078, 2087, 2125, 2116, 2090, 2073, 407, 3857], [2088, 209, 1164, 1196, 1217, 1908, 551, 232], [2078, 2087, 2125, 2116, 2090, 2073, 407, 3857], [847, 180, 791, 1268, 1917, 810, 1971, 2199], [2078, 2087, 2125, 2116, 2090, 2073, 407, 3857], [425, 930, 407, 1447, 1327, 1789, 1131, 457], [2092, 1447, 930, 2053, 1734, 1290, 2122, 983], [1775, 352, 1290, 1364, 1734, 983, 2056, 2053], [4211, 631, 1788, 2093, 306, 2083, 881, 915], [457, 803, 455, 690, 456, 549, 1235, 1874], [1516, 588, 2095, 1988, 2132, 1415, 2083, 2092], [2078, 2087, 2125, 2116, 2090, 2073, 407, 3857], [2096, 924, 700, 1811, 893, 705, 1753, 3133], [2108, 1089, 2096, 2856, 1477, 2068, 1265, 1613], [968, 704, 1621, 1788, 2082, 2184, 286, 1359], [2078, 2087, 2125, 2116, 2090, 2073, 407, 3857], [2098, 1971, 2005, 4011, 973, 2444, 1172, 360], [1162, 2610, 1126, 3990, 503, 4232, 1878, 1845], [2099, 2101, 2115, 2319, 279, 2021, 2020, 3451], [2100, 886, 655, 399, 1907, 1562, 2117, 833], [2102, 3330, 1242, 1961, 1401, 3459, 793, 3528], [166, 2104, 1856, 2088, 551, 1843, 1949, 3539], [2078, 2087, 2125, 2116, 2090, 2073, 407, 3857], [1343, 236, 868, 1247, 2105, 1971, 653, 1636], [1164, 551, 2088, 1452, 1217, 3330, 503, 2863], [2114, 1834, 1225, 1741, 2127, 1285, 2895, 2888], [2078, 2087, 2125, 2116, 2090, 2073, 407, 3857], [2117, 1395, 881, 3823, 1439, 2088, 2005, 1201], [570, 1425, 2082, 69, 396, 306, 848, 1254], [1918, 645, 1032, 2120, 1413, 864, 3333, 598], [2078, 2087, 2125, 2116, 2090, 2073, 407, 3857], [2122, 2123, 407, 340, 2055, 2354, 1492, 1494], [1922, 2610, 2124, 1925, 2055, 62, 1291, 1923], [2736, 1388, 2881, 1503, 3048, 3276, 3612, 1382], [2078, 2087, 2125, 2116, 2090, 2073, 407, 3857], [1145, 1458, 1168, 809, 394, 1845, 637, 3753], [409, 594, 3065, 689, 550, 523, 1772, 1382], [2127, 874, 1217, 1205, 1164, 3521, 1196, 3330], [394, 1437, 3501, 1512, 1596, 1373, 1186, 702], [2129, 796, 64, 4156, 1345, 3459, 1484, 522], [2076, 4160, 2130, 2925, 3773, 4075, 1653, 1817], [819, 1033, 1229, 1440, 1637, 529, 3072, 415]]}, "hesiod_nd": {"tgt_lang": "fr", "transl_top1": 0.017857142857142856, "transl_top5": 0.17857142857142858, "transl_top10": 0.3392857142857143, "num_nulls": 0, "num_tgt_sents": 3571,