{"num_src_sents": 635, "cicero_1871_15": {"tgt_lang": "de", "transl_top1": 0.004724409448818898, "transl_top5": 0.025196850393700787, "transl_top10": 0.047244094488188976, "num_nulls": 0, "num_tgt_sents": 3588}, "cicero_1855-1895_16": {"tgt_lang": "de", "transl_top1": 0.7228346456692913, "transl_top5": 0.8866141732283465, "transl_top10": 0.9165354330708662, "num_nulls": 0, "num_tgt_sents": 5529}, "num_translations": 2, "text_top1": 0.3637795275590551, "text_top5": 0.4559055118110236, "text_top10": 0.4818897637795276}