{"num_src_sents": 164, "lucian_1827_7": {"tgt_lang": "de", "transl_top1": 0.0, "transl_top5": 0.03048780487804878, "transl_top10": 0.06707317073170732, "num_nulls": 0, "num_tgt_sents": 4692}, "lucian_1831_13": {"tgt_lang": "de", "transl_top1": 0.3048780487804878, "transl_top5": 0.4634146341463415, "transl_top10": 0.5548780487804879, "num_nulls": 0, "num_tgt_sents": 4049}, "lucian_1866_1": {"tgt_lang": "de", "transl_top1": 0.006097560975609756, "transl_top5": 0.06097560975609756, "transl_top10": 0.07926829268292683, "num_nulls": 0, "num_tgt_sents": 4624}, "lucian_1867_3": {"tgt_lang": "de", "transl_top1": 0.5670731707317073, "transl_top5": 0.7317073170731707, "transl_top10": 0.8170731707317073, "num_nulls": 0, "num_tgt_sents": 3614}, "Lucian_1827_ht8": {"tgt_lang": "de", "transl_top1": 0.024390243902439025, "transl_top5": 0.12804878048780488, "transl_top10": 0.1951219512195122, "num_nulls": 0, "num_tgt_sents": 1131}, "num_translations": 5, "text_top1": 0.18048780487804877, "text_top5": 0.2829268292682927, "text_top10": 0.34268292682926826}