{"num_src_sents": 88, "demosthenes_1877": {"tgt_lang": "en", "transl_top1": 0.09090909090909091, "transl_top5": 0.19318181818181818, "transl_top10": 0.2727272727272727, "num_nulls": 0, "num_tgt_sents": 7775}, "demosthenes_aeschynes_1861": {"tgt_lang": "fr", "transl_top1": 0.0, "transl_top5": 0.03409090909090909, "transl_top10": 0.056818181818181816, "num_nulls": 0, "num_tgt_sents": 36182}, "num_translations": 2, "text_top1": 0.045454545454545456, "text_top5": 0.11363636363636363, "text_top10": 0.16477272727272727}