{"num_src_sents": 72, "lysias_1856": {"tgt_lang": "de", "transl_top1": 0.2222222222222222, "transl_top5": 0.4444444444444444, "transl_top10": 0.4722222222222222, "num_nulls": 0, "num_tgt_sents": 5319, "retrieval_preds": [[1662, 2108, 1679, 1649, 3870, 2563, 3499, 4582], [1808, 3858, 4236, 1686, 1435, 4589, 4115, 1679], [2569, 3237, 1772, 2894, 1669, 3733, 4193, 561], [1670, 1767, 3241, 488, 1772, 1820, 1795, 1774], [1671, 2423, 1706, 4192, 3877, 2405, 1168, 3237], [1674, 3641, 3126, 3059, 2927, 1579, 2516, 1238], [2324, 3187, 2072, 2771, 2435, 3573, 1040, 966], [1678, 3878, 2234, 3581, 929, 3095, 1771, 984], [1679, 4388, 1686, 4116, 1761, 2646, 4582, 1808], [1682, 1779, 4741, 2558, 3858, 4102, 4189, 1129], [1781, 1683, 275, 2295, 2340, 3342, 4450, 187], [1686, 1808, 2498, 1003, 4115, 2687, 1460, 1692], [1686, 4104, 4388, 1808, 1692, 4133, 4236, 1786], [1686, 1692, 2498, 2521, 1783, 2776, 1784, 2513], [1693, 2295, 3901, 1692, 1727, 1586, 3144, 1779], [3733, 2563, 3592, 1640, 2383, 2433, 1106, 3763], [1695, 1614, 4141, 926, 2130, 4102, 1786, 1682], [1698, 3600, 2531, 1691, 4320, 2484, 4010, 1761], [3717, 1699, 2673, 1276, 1259, 4509, 1538, 978], [3878, 1535, 1266, 1205, 546, 2726, 2215, 4109], [4532, 2609, 1786, 2617, 1701, 1996, 1690, 4236], [1793, 1704, 4388, 4116, 3920, 3929, 4115, 4248], [1706, 1704, 1793, 1705, 2399, 1808, 4141, 4121], [4116, 1691, 1793, 4141, 4388, 1706, 4104, 4551], [2611, 560, 1709, 2624, 1791, 4049, 550, 4636], [1710, 549, 3509, 4582, 3027, 1612, 2828, 3628], [1711, 1609, 2157, 1666, 1586, 1769, 1012, 2340], [1713, 4966, 4288, 554, 857, 1239, 1711, 84], [1680, 2767, 3563, 1778, 4532, 3454, 454, 4107], [1716, 1760, 4274, 2237, 532, 1713, 1832, 3733], [1714, 1586, 1189, 3537, 3573, 3983, 2731, 2732], [1709, 2624, 2611, 1715, 560, 2497, 5253, 1778], [2624, 1715, 1709, 2611, 1535, 550, 1778, 3529], [2708, 2609, 3379, 4949, 330, 1617, 2537, 4252], [4272, 2390, 3504, 3291, 1485, 1716, 2001, 107], [3020, 2060, 1126, 344, 692, 1788, 2371, 702], [4727, 4075, 663, 3244, 1717, 851, 4764, 4356], [1718, 344, 203, 4040, 2371, 4007, 3980, 3030], [4727, 4075, 4192, 1000, 497, 3617, 1985, 4126], [550, 1791, 578, 3147, 3529, 5253, 1140, 4349], [3574, 1640, 1179, 4391, 1333, 848, 2237, 679], [4017, 4509, 4179, 1610, 883, 3685, 1709, 106], [664, 715, 704, 974, 975, 2810, 1198, 319], [1726, 2330, 579, 4193, 1993, 1510, 3945, 1011], [1727, 1779, 2324, 2295, 4113, 1586, 2513, 4120], [1813, 2512, 586, 2327, 1729, 950, 4563, 951], [1731, 1686, 3412, 3351, 2399, 4388, 4582, 1761], [3384, 1732, 1796, 3247, 2380, 1665, 1884, 1988], [4525, 1734, 4396, 4551, 4416, 1980, 569, 1253], [1735, 1426, 449, 3787, 1808, 3514, 2815, 970], [2532, 1738, 748, 1800, 2830, 1276, 4509, 1259], [1801, 1739, 4049, 1952, 3562, 161, 749, 1057], [1524, 2592, 3759, 1578, 1049, 2316, 4747, 3547], [1261, 1302, 161, 948, 1988, 3792, 4516, 1805], [1049, 1524, 3181, 2592, 2214, 2429, 1977, 1208], [1958, 1805, 1743, 3353, 1705, 1956, 3600, 1358], [1744, 1806, 2592, 1791, 4477, 4224, 1676, 2459], [1746, 1808, 4647, 1998, 2055, 1735, 2118, 3514], [1749, 1639, 2707, 4366, 3499, 1640, 561, 644], [2648, 4121, 607, 4365, 2380, 1750, 3600, 3742], [2177, 2423, 1808, 1460, 4175, 4481, 2055, 3885], [1753, 2648, 4399, 2549, 1307, 1461, 1569, 3394], [1810, 1754, 2515, 453, 1068, 2597, 2647, 1988], [2165, 2928, 2563, 4193, 2967, 1994, 3592, 2340], [4193, 3733, 1640, 3592, 3294, 3763, 4109, 4539], [1759, 3764, 4592, 4687, 716, 1171, 664, 3715], [1760, 3027, 599, 4685, 3379, 3654, 1710, 2239], [1761, 1814, 4388, 1679, 3351, 1786, 1710, 3597], [4126, 1497, 2183, 1180, 3914, 4133, 3736, 4201], [2324, 3628, 2183, 1366, 1771, 1760, 882, 3747], [1767, 1819, 2358, 4678, 1825, 2980, 3040, 2217], [4193, 4113, 1769, 1640, 2133, 1239, 2707, 4309]]}, "num_translations": 1, "text_top1": 0.2222222222222222, "text_top5": 0.4444444444444444, "text_top10": 0.4722222222222222}