{"num_src_sents": 349, "philo_4_1855": {"tgt_lang": "en", "transl_top1": 0.0028653295128939827, "transl_top5": 0.03724928366762178, "transl_top10": 0.06017191977077364, "num_nulls": 0, "num_tgt_sents": 7517}, "philo_2_1854": {"tgt_lang": "en", "transl_top1": 0.49570200573065903, "transl_top5": 0.6848137535816619, "transl_top10": 0.7535816618911175, "num_nulls": 1, "num_tgt_sents": 7912}, "philo_1_1854": {"tgt_lang": "en", "transl_top1": 0.0028653295128939827, "transl_top5": 0.03151862464183381, "transl_top10": 0.06303724928366762, "num_nulls": 0, "num_tgt_sents": 8507}, "num_translations": 3, "text_top1": 0.16714422158548234, "text_top5": 0.2511938872970392, "text_top10": 0.2922636103151863}