{"num_src_sents": 126, "demosthenes_1902": {"tgt_lang": "en", "transl_top1": 0.4523809523809524, "transl_top5": 0.626984126984127, "transl_top10": 0.7222222222222222, "num_nulls": 0, "num_tgt_sents": 6778, "retrieval_preds": [[1828, 1947, 248, 129, 145, 206, 1938, 114], [1829, 1836, 2197, 5573, 4382, 5441, 3587, 460], [2472, 2443, 396, 1938, 2485, 1185, 1543, 2489], [1978, 1834, 1947, 226, 1744, 1828, 3072, 602], [1835, 4043, 1698, 143, 4426, 1031, 4206, 903], [1836, 1829, 1706, 1830, 1938, 2000, 1948, 1097], [2393, 4178, 3714, 1150, 1838, 3715, 5128, 1936], [1888, 1945, 1839, 1999, 2552, 4225, 2145, 3961], [1845, 1842, 1843, 1938, 2000, 1919, 1999, 18], [1845, 1945, 2110, 1999, 1844, 1990, 2552, 1909], [1846, 2091, 2290, 1911, 319, 2152, 5023, 2163], [4133, 5555, 3781, 4136, 1849, 2760, 3961, 1429], [1971, 2232, 4418, 1862, 3120, 5234, 1574, 2043], [1863, 1953, 1923, 2200, 1869, 1993, 1996, 1866], [1864, 1869, 3875, 2416, 2438, 2374, 2483, 1863], [1865, 1917, 2445, 1861, 1888, 1926, 1953, 1933], [1866, 1865, 2000, 1938, 1844, 1898, 1863, 1388], [1868, 768, 1212, 1867, 880, 1148, 5588, 1938], [1869, 1864, 2858, 1863, 1897, 1953, 3974, 823], [1872, 807, 1873, 907, 1477, 695, 1319, 844], [1873, 2482, 2152, 3714, 3696, 2485, 3722, 1185], [1874, 408, 2819, 1185, 1154, 2472, 3842, 1776], [1875, 1869, 1956, 1930, 1919, 20, 2490, 1938], [1956, 1878, 1977, 1863, 1919, 1897, 167, 724], [1868, 5346, 4695, 4491, 1117, 3431, 5353, 4809], [1999, 1887, 1906, 1881, 1880, 3781, 378, 2140], [1882, 2432, 3046, 1981, 544, 578, 1027, 1767], [1836, 1830, 1890, 4206, 5478, 1988, 3072, 2457], [1887, 1906, 1999, 1028, 484, 2140, 604, 3781], [1888, 3781, 4133, 1917, 1993, 3961, 785, 181], [1890, 1836, 5588, 4215, 396, 4902, 5160, 4958], [1891, 1882, 1702, 1728, 5564, 5421, 2871, 911], [1894, 1993, 1996, 1897, 1930, 2200, 1888, 1896], [1895, 1903, 1520, 2116, 2125, 4071, 4668, 70], [1888, 1993, 1917, 1894, 1897, 1996, 2541, 785], [1845, 1938, 1909, 2000, 1905, 20, 1902, 1279], [1903, 3958, 484, 164, 211, 166, 4064, 3965], [1904, 1900, 3012, 1272, 1842, 995, 3965, 1992], [1905, 2000, 1907, 1956, 1938, 3943, 746, 1866], [1906, 1999, 1887, 2510, 484, 77, 1028, 564], [2000, 1907, 20, 42, 1389, 1956, 1938, 18], [1909, 1845, 1911, 3893, 236, 306, 1272, 1279], [1911, 1297, 1238, 1714, 2119, 1491, 2265, 1868], [5007, 3632, 6646, 5584, 1018, 3255, 3597, 3613], [1912, 2093, 2415, 1135, 3467, 4778, 1716, 2990], [1913, 1914, 1915, 1996, 1923, 1930, 843, 1920], [3632, 5584, 6646, 284, 1018, 3255, 3597, 3613], [1915, 1914, 1913, 1996, 1930, 1920, 20, 714], [1916, 2415, 1935, 1912, 974, 4086, 5423, 2946], [1917, 1919, 1888, 1930, 2000, 173, 1835, 176], [1919, 1933, 1913, 167, 1923, 1993, 1996, 1926], [1920, 1918, 1914, 1923, 1995, 1927, 1922, 1977], [1429, 1917, 5555, 1919, 1956, 3763, 5478, 2350], [2784, 5420, 2324, 4905, 2936, 5224, 5149, 2783], [1922, 1926, 1933, 1917, 5207, 1931, 1919, 1330], [1927, 1923, 1922, 165, 721, 163, 166, 1919], [1562, 429, 1928, 3893, 1568, 2871, 2103, 2426], [1930, 1897, 1894, 1996, 1913, 1914, 1888, 174], [1931, 1917, 1919, 1933, 176, 151, 179, 177], [1933, 1917, 1922, 1931, 1988, 1926, 1310, 1919], [1640, 1245, 4237, 2592, 1097, 1934, 2067, 3210], [3632, 1018, 3255, 3597, 3613, 2897, 3656, 2509], [1936, 2432, 2510, 2826, 926, 2489, 5409, 1878], [1937, 2945, 1935, 978, 1939, 3467, 2946, 566], [3632, 5584, 6646, 284, 1018, 3255, 3597, 3613], [1938, 20, 42, 1212, 1238, 2000, 1919, 1398], [1855, 2445, 1940, 824, 2541, 1866, 1989, 5269], [3632, 5584, 6646, 284, 1018, 3255, 3597, 3613], [1944, 1938, 2413, 880, 1389, 1238, 1237, 1339], [1945, 2552, 18, 2435, 145, 2760, 1845, 181], [396, 1946, 2459, 2472, 4215, 1984, 3225, 590], [1947, 2224, 1978, 129, 1828, 2876, 3185, 2027], [1948, 2001, 1835, 582, 1952, 1139, 1836, 2019], [2760, 1792, 5573, 5393, 2982, 2569, 5500, 4980], [1952, 1919, 1948, 1139, 226, 3303, 248, 1154], [1953, 1861, 1865, 1863, 1869, 4225, 2374, 2445], [4967, 5046, 1860, 728, 2401, 5017, 4084, 1954], [1957, 1956, 2445, 1917, 1953, 1865, 1911, 2490], [1958, 1959, 4378, 4161, 4147, 2110, 175, 3133], [1960, 1977, 1973, 724, 1964, 3163, 2908, 1177], [5496, 3405, 5109, 5180, 3336, 5464, 2894, 5238], [1962, 1963, 490, 952, 2955, 2925, 728, 3481], [1964, 1968, 3161, 3163, 1966, 3444, 337, 198], [1965, 1967, 1053, 1918, 3176, 3340, 4627, 1782], [1966, 1968, 1967, 602, 168, 2898, 2908, 3318], [1967, 3176, 5187, 6456, 1053, 6262, 6372, 5818], [2898, 4711, 1967, 3445, 4709, 602, 1968, 2820], [3722, 3169, 2002, 1836, 2543, 1917, 1988, 1906], [1973, 1960, 1927, 1977, 1919, 1930, 1828, 1956], [1974, 1975, 1876, 2484, 166, 2908, 2472, 1977], [1975, 166, 164, 1964, 165, 1534, 167, 6304], [1977, 1973, 1956, 1975, 1960, 1919, 165, 724], [1978, 1956, 2000, 1919, 1834, 145, 1304, 1947], [1890, 1793, 396, 5040, 1199, 5528, 4906, 1980], [1981, 561, 1989, 3781, 604, 1999, 2510, 685], [1983, 561, 1986, 605, 474, 2515, 1987, 2574], [1989, 2760, 1988, 3675, 1153, 1310, 1313, 1986], [1988, 2760, 1989, 5573, 4043, 4036, 1138, 2435], [1989, 1988, 2444, 4219, 2760, 1330, 2510, 3781], [1990, 1999, 3649, 1855, 1981, 1799, 1845, 2110], [1991, 2403, 4751, 1297, 1868, 5535, 454, 5416], [1993, 1888, 179, 181, 1999, 1896, 176, 2377], [1994, 1930, 1923, 1894, 1913, 1897, 293, 1927], [1996, 1995, 1914, 1913, 2000, 1917, 1930, 1922], [4178, 4925, 4496, 3298, 4902, 2485, 459, 1313], [3632, 5584, 6646, 284, 1018, 3255, 3597, 3613], [1999, 785, 3781, 1990, 1429, 4036, 4133, 2760], [1293, 2002, 2276, 3722, 1097, 2001, 1310, 1836], [2003, 2465, 1876, 3565, 602, 1961, 3791, 1172], [3336, 5238, 1241, 5180, 4990, 5152, 5109, 3054], [2005, 3095, 4902, 4569, 3112, 3433, 1131, 2019], [2007, 1930, 2316, 503, 2248, 3926, 1875, 1915], [4340, 1968, 2908, 2839, 605, 1645, 1024, 1395], [2011, 2585, 4987, 3882, 5525, 5220, 571, 3741], [1777, 2815, 3796, 794, 2834, 4104, 2531, 1901], [2014, 5336, 1988, 4958, 4655, 3878, 2510, 3617], [4652, 2295, 4695, 5128, 3211, 566, 1127, 1774], [3600, 2425, 839, 2017, 3929, 363, 276, 1915], [2018, 529, 1071, 324, 4059, 73, 280, 136], [2019, 4178, 2485, 4925, 3709, 2266, 2803, 3722], [2020, 5503, 2567, 415, 1572, 2686, 2732, 3222], [3162, 1099, 3782, 5148, 3551, 5009, 3333, 2867], [2022, 5119, 3226, 4905, 4959, 5207, 1021, 5031], [2024, 2749, 3169, 2002, 4902, 1911, 1350, 3116], [2489, 3393, 1947, 926, 1938, 2027, 2515, 1422], [2028, 5023, 1114, 3742, 1901, 2990, 3426, 1086]]}, "demosthenes_aeschynes_1861": {"tgt_lang": "fr", "transl_top1": 0.047619047619047616, "transl_top5": 0.09523809523809523, "transl_top10": 0.1349206349206349, "num_nulls": 0, "num_tgt_sents": 36182,