{"num_src_sents": 65, "lucian_1831_13": {"tgt_lang": "de", "transl_top1": 0.015384615384615385, "transl_top5": 0.12307692307692308, "transl_top10": 0.2153846153846154, "num_nulls": 0, "num_tgt_sents": 4049}, "Lucian_1827_ht8": {"tgt_lang": "de", "transl_top1": 0.0, "transl_top5": 0.1076923076923077, "transl_top10": 0.2, "num_nulls": 0, "num_tgt_sents": 1131}, "lucian_1827_7": {"tgt_lang": "de", "transl_top1": 0.38461538461538464, "transl_top5": 0.5846153846153846, "transl_top10": 0.6615384615384615, "num_nulls": 0, "num_tgt_sents": 4692}, "num_translations": 3, "text_top1": 0.13333333333333336, "text_top5": 0.27179487179487183, "text_top10": 0.358974358974359}