{"num_src_sents": 669, "philo_2_1854": {"tgt_lang": "en", "transl_top1": 0.4334828101644245, "transl_top5": 0.6083707025411061, "transl_top10": 0.6741405082212257, "num_nulls": 0, "num_tgt_sents": 7912}, "philo_4_1855": {"tgt_lang": "en", "transl_top1": 0.005979073243647235, "transl_top5": 0.02092675635276532, "transl_top10": 0.04633781763826607, "num_nulls": 0, "num_tgt_sents": 7517}, "philo_1_1854": {"tgt_lang": "en", "transl_top1": 0.005979073243647235, "transl_top5": 0.02391629297458894, "transl_top10": 0.05530642750373692, "num_nulls": 0, "num_tgt_sents": 8507}, "num_translations": 3, "text_top1": 0.1484803188839063, "text_top5": 0.2177379172894868, "text_top10": 0.2585949177877429}