{"num_src_sents": 88, "lysias_1856": {"tgt_lang": "de", "transl_top1": 0.3068181818181818, "transl_top5": 0.5227272727272727, "transl_top10": 0.6590909090909091, "num_nulls": 0, "num_tgt_sents": 5319, "retrieval_preds": [[3265, 2831, 2184, 1272, 4443, 3730, 4015, 1209], [4481, 3267, 4350, 2385, 2168, 4730, 2264, 1983], [2055, 1808, 2283, 2548, 4672, 2120, 4536, 4589], [1297, 4010, 3274, 1057, 2356, 4231, 3756, 1296], [3276, 1706, 1988, 2380, 3421, 3275, 1810, 3735], [3277, 3769, 3709, 1178, 2425, 956, 4113, 4109], [3893, 3045, 1808, 1103, 2628, 2643, 4481, 1994], [3281, 4495, 4467, 3267, 2918, 2061, 1363, 2173], [2791, 3709, 2771, 4417, 3592, 1697, 2633, 2295], [3284, 1983, 1612, 1855, 2918, 2183, 4741, 3505], [3285, 4539, 437, 2059, 716, 2918, 1262, 3343], [3286, 3880, 715, 1068, 2464, 2817, 4467, 3922], [802, 715, 2028, 1605, 2547, 1996, 2725, 644], [3290, 2568, 4108, 1697, 704, 1816, 4133, 1763], [3291, 3779, 2543, 3973, 2508, 443, 1399, 2236], [3292, 1557, 4563, 1456, 489, 3209, 2144, 1285], [3294, 2633, 1576, 4120, 1784, 2183, 4133, 4126], [3329, 3296, 2181, 2558, 2626, 1784, 4113, 4096], [1931, 715, 3329, 692, 3298, 2771, 635, 1871], [3291, 1996, 3300, 2388, 3338, 4120, 1068, 1185], [4532, 2320, 2622, 4542, 3318, 4374, 3819, 2609], [2059, 2831, 4260, 2060, 3562, 1988, 3332, 599], [1808, 3858, 2643, 4481, 3537, 2168, 4104, 3800], [3306, 2838, 1964, 4125, 4567, 4209, 3627, 325], [1355, 3376, 1511, 2484, 3307, 817, 3711, 4632], [1531, 3308, 1376, 549, 3048, 2592, 4117, 508], [3317, 3083, 2725, 2498, 2598, 1921, 2464, 3909], [2618, 2791, 1189, 3779, 671, 547, 2617, 3983], [1921, 2636, 3227, 1488, 2739, 3337, 1034, 3861], [4023, 2605, 3318, 3356, 2622, 3351, 3393, 3418], [4481, 1686, 1808, 1692, 3903, 4741, 3964, 576], [704, 2008, 723, 1983, 2918, 3322, 2134, 782], [2102, 4481, 710, 4548, 2185, 1156, 1229, 2101], [3328, 4481, 1557, 2998, 3253, 2767, 4654, 4488], [4116, 2558, 2324, 4104, 4426, 3499, 4388, 3508], [2356, 1950, 1909, 2830, 748, 831, 3421, 1057], [3860, 3337, 3059, 2055, 2484, 1965, 4350, 2482], [3338, 1639, 1253, 4192, 2530, 1178, 1533, 4120], [4330, 3339, 2340, 4481, 241, 1557, 3328, 2525], [1124, 4120, 3338, 1908, 3769, 3300, 3237, 983], [1784, 3159, 3973, 2817, 3342, 2513, 4100, 2530], [4116, 3332, 4463, 1394, 2264, 926, 3356, 1129], [3346, 4201, 2689, 3733, 3592, 2563, 3237, 546], [495, 2128, 4117, 2371, 2849, 2236, 3419, 5259], [3676, 3348, 1612, 4108, 2324, 1814, 599, 4685], [3351, 1686, 3514, 2928, 3920, 3412, 4248, 2646], [3352, 1784, 1686, 3064, 453, 4235, 3132, 1067], [3356, 3355, 1784, 3338, 3611, 1996, 4236, 3352], [3338, 3356, 1784, 1639, 2005, 4116, 4396, 2558], [4104, 3499, 4116, 3493, 1679, 4582, 2643, 4133], [2130, 3362, 2168, 3964, 1679, 1686, 4116, 2643], [3364, 3380, 2852, 1467, 1511, 2802, 1510, 3516], [2643, 2168, 1692, 1808, 4133, 4481, 4141, 4104], [3370, 3421, 1983, 515, 2059, 547, 1929, 2147], [2063, 1808, 2687, 82, 2185, 1998, 2578, 4481], [1204, 4029, 2423, 1574, 1229, 2498, 3376, 742], [3383, 2852, 2016, 984, 3378, 3581, 2030, 931], [2434, 3424, 2233, 599, 4685, 3379, 3740, 4109], [3381, 2026, 1887, 710, 3988, 4659, 2422, 2498], [3383, 984, 929, 2030, 4376, 3378, 1678, 3581], [3384, 1990, 2541, 3092, 4524, 2612, 3884, 4541], [3385, 2059, 4687, 4051, 817, 3685, 2882, 3887], [2173, 4495, 1983, 4331, 4467, 594, 3421, 3887], [3388, 3338, 3735, 1784, 3045, 3783, 3731, 4187], [3389, 2736, 2292, 4463, 2168, 4396, 2558, 2636], [931, 3383, 2016, 2852, 3230, 2032, 3390, 599], [3391, 84, 659, 42, 761, 2026, 691, 1662], [2572, 2570, 500, 1540, 1416, 2950, 2234, 4636], [4121, 2689, 1958, 2405, 3303, 1518, 3400, 2026], [4469, 1784, 3413, 1686, 3418, 3317, 3351, 1189], [1262, 1049, 1524, 2459, 3395, 2592, 1791, 3079], [3396, 1441, 3972, 4133, 3779, 3356, 2262, 1632], [3398, 4137, 3475, 2168, 4122, 3396, 3424, 4201], [4104, 3399, 1564, 2186, 3858, 4135, 4137, 3508], [3403, 3973, 1749, 1639, 3592, 3709, 3864, 3779], [3404, 4365, 3709, 4544, 2059, 3593, 2137, 1705], [579, 1726, 599, 4685, 3379, 2689, 4159, 1510], [3398, 3405, 3413, 3475, 3238, 1510, 453, 4137], [3407, 3408, 2810, 2806, 3313, 4767, 4401, 3413], [3398, 4137, 2168, 2405, 3475, 3427, 4201, 4126], [3412, 1686, 2687, 2063, 3858, 2643, 2967, 3351], [1784, 3414, 3329, 1996, 2633, 4417, 4193, 2005], [3416, 2330, 5257, 833, 534, 3, 2772, 3769], [3351, 1686, 3413, 3418, 3172, 4403, 2967, 3419], [3421, 2894, 687, 3394, 3756, 2696, 3418, 1067], [3413, 3338, 2405, 1784, 1972, 3422, 3424, 1299], [4137, 3424, 1686, 3475, 3351, 2957, 1669, 4741], [3427, 704, 2423, 3398, 3237, 763, 3413, 2498]]}, "num_translations": 1, "text_top1": 0.3068181818181818, "text_top5": 0.5227272727272727, "text_top10": 0.6590909090909091}