{"num_src_sents": 19, "plutarch_2_1908": {"tgt_lang": "en", "transl_top1": 0.15789473684210525, "transl_top5": 0.3157894736842105, "transl_top10": 0.3157894736842105, "num_nulls": 0, "num_tgt_sents": 5773}, "plutarch_1_1906": {"tgt_lang": "en", "transl_top1": 0.0, "transl_top5": 0.05263157894736842, "transl_top10": 0.15789473684210525, "num_nulls": 0, "num_tgt_sents": 6800}, "num_translations": 2, "text_top1": 0.07894736842105263, "text_top5": 0.18421052631578946, "text_top10": 0.23684210526315788}