{"num_src_sents": 59, "demosthenes_1_1863": {"tgt_lang": "fr", "transl_top1": 0.01694915254237288, "transl_top5": 0.0847457627118644, "transl_top10": 0.15254237288135594, "num_nulls": 0, "num_tgt_sents": 3406, "retrieval_preds": [[3152, 2353, 1773, 2410, 2509, 2341, 3356, 2021], [3155, 1436, 431, 2678, 1881, 1054, 1802, 2498], [3152, 3156, 3265, 2509, 2489, 524, 1736, 2065], [3291, 2725, 1881, 3315, 3289, 836, 277, 1118], [1299, 1881, 3159, 763, 1253, 124, 3160, 3319], [3246, 1875, 3168, 1489, 3230, 363, 3213, 3162], [1794, 1250, 2021, 629, 3166, 748, 2035, 1568], [3167, 3265, 3230, 3228, 1250, 3229, 3126, 3153], [3197, 3265, 3229, 3126, 3191, 3228, 3194, 3259], [3197, 3171, 3126, 1296, 3364, 1346, 354, 3012], [694, 1122, 208, 2415, 1272, 351, 856, 1606], [3197, 3173, 2382, 3269, 2261, 3256, 3126, 3217], [990, 1175, 3177, 3195, 2971, 2864, 2583, 3204], [3197, 3228, 2382, 3315, 277, 400, 2261, 3194], [1670, 2051, 1103, 1383, 2595, 890, 2894, 892], [2253, 2509, 2353, 3217, 197, 2382, 1929, 1620], [3246, 858, 3272, 2410, 3191, 2614, 3189, 2189], [2410, 3191, 3197, 2015, 748, 1026, 3152, 1285], [3192, 1697, 208, 3181, 166, 301, 1898, 694], [3197, 3126, 2261, 2382, 3012, 3171, 3011, 1323], [3197, 3315, 3229, 3258, 3126, 3194, 264, 2261], [2410, 3197, 3208, 3198, 1250, 3220, 3315, 704], [3197, 2410, 3229, 3269, 3152, 3171, 3256, 2261], [3294, 2971, 3194, 3203, 1621, 3364, 491, 2382], [1086, 861, 1670, 2445, 2414, 1625, 2812, 2051], [3206, 1881, 3152, 2444, 1437, 836, 1399, 3197], [3252, 2408, 240, 1524, 1283, 729, 655, 2158], [1553, 2478, 310, 1395, 3025, 3383, 3209, 2864], [3208, 3228, 2189, 3259, 482, 3219, 277, 3230], [2581, 2406, 2864, 2099, 512, 1553, 1181, 1018], [3211, 16, 1844, 951, 1480, 621, 1111, 1204], [3212, 3213, 3126, 2349, 2382, 3256, 2243, 3248], [1781, 2073, 931, 1046, 859, 611, 1427, 1685], [2382, 1250, 277, 2021, 629, 2410, 2890, 2719], [3219, 2719, 3315, 2384, 3194, 2382, 3208, 264], [3220, 3230, 3228, 3197, 3194, 858, 3256, 3191], [3221, 3319, 2269, 3012, 3242, 3038, 974, 631], [3126, 3197, 2559, 3229, 3153, 2410, 1250, 3040], [1292, 2058, 1428, 2659, 2967, 3331, 2436, 1086], [3228, 2160, 3197, 3153, 2261, 3258, 3191, 387], [3229, 3197, 3256, 3258, 3255, 3167, 1811, 3228], [3230, 3272, 1781, 3260, 723, 1912, 3246, 2721], [3126, 1323, 1785, 3012, 2269, 3133, 1269, 3315], [3152, 2021, 3255, 3208, 2410, 1250, 3156, 2189], [3364, 3237, 2349, 3035, 1038, 3126, 2754, 3391], [3356, 3265, 2189, 3233, 3260, 1334, 3258, 1483], [2730, 3126, 2835, 1314, 2356, 50, 2382, 3243], [3245, 1250, 3371, 2021, 629, 1794, 1733, 2559], [2559, 3126, 3248, 3219, 2174, 2349, 2382, 2997], [3126, 3176, 3197, 2438, 1273, 780, 2468, 1229], [3251, 319, 1518, 3342, 3176, 1713, 1444, 2925], [3252, 2650, 1048, 2716, 1792, 2717, 1915, 1289], [3213, 3230, 3256, 3265, 3260, 3197, 3167, 3126], [3229, 3255, 2261, 3126, 3197, 3258, 3256, 1346], [3258, 3197, 3126, 3229, 3228, 2261, 400, 3167], [3197, 3228, 3229, 3315, 2261, 3208, 3258, 3040], [3197, 3265, 3229, 3126, 3194, 3269, 3315, 400], [3269, 3315, 981, 203, 2301, 3197, 2410, 3112], [2410, 1524, 3252, 2189, 2353, 2475, 2954, 2065]]}, "demosthenes_aeschynes_1861": {"tgt_lang": "fr", "transl_top1": 0.01694915254237288, "transl_top5": 0.1016949152542373, "transl_top10": 0.13559322033898305, "num_nulls": 0, "num_tgt_sents": 36182, "retrieval_preds": [[7431, 21409, 21418, 34455, 13579, 2076, 34459, 2109], [4182, 16084, 23448, 4574, 34412, 2373, 34589, 11292], [34459, 2109, 10248, 22695, 29549, 34455, 17445, 2105], [4202, 2570, 11698, 8816, 4187, 15295, 8866, 5509], [35437, 7825, 34728, 17461, 15224, 14499, 35281, 21305], [7290, 18898, 14925, 6807, 6913, 14998, 5553, 11275], [83, 2533, 4104, 7431, 15083, 2076, 21067, 3023], [7359, 27750, 16163, 35240, 5559, 21438, 21943, 15013], [3607, 7359, 15056, 2096, 4219, 5559, 26497, 16393], [2127, 8823, 3924, 9914, 20821, 8818, 7052, 9249], [12862, 12091, 1744, 17727, 1434, 12148, 15147, 24041], [5125, 2131, 2608, 2174, 7105, 6906, 4219, 8823], [5432, 24176, 13532, 3739, 12587, 20572, 27541, 2136], [4233, 2138, 21438, 21019, 17152, 83, 2096, 6028], [34699, 20837, 21099, 1516, 24983, 36174, 18322, 3258], [22092, 7431, 4560, 6948, 2141, 30473, 32115, 18184], [2142, 2205, 19051, 22602, 3233, 2138, 9952, 15066], [9914, 8816, 15044, 3052, 3054, 6466, 35534, 11685], [7055, 17727, 33533, 32765, 16419, 21190, 31577, 24750], [24892, 7105, 2608, 20901, 1446, 2174, 5692, 2127], [3052, 7052, 3023, 2608, 2220, 8823, 22745, 12732], [3023, 15083, 2096, 7431, 29781, 7359, 15821, 16321], [2076, 3052, 7052, 6466, 28321, 7359, 2229, 34459], [12250, 20574, 25549, 8552, 8477, 2155, 11252, 17238], [6989, 36174, 26042, 20837, 3959, 31847, 35780, 29818], [2158, 9379, 14965, 30383, 20652, 34384, 11487, 7746], [23004, 3077, 25078, 9498, 15787, 14055, 2510, 8832], [23003, 11999, 3305, 10917, 11900, 12522, 29923, 16095], [2161, 2096, 15074, 15056, 19442, 15746, 15066, 4219], [24745, 23003, 10635, 3100, 5770, 8053, 11883, 16329], [10812, 10749, 13457, 25059, 3847, 894, 12275, 19137], [2164, 9773, 27466, 3016, 27411, 16913, 7105, 34597], [7985, 2874, 14432, 24249, 10112, 3369, 13952, 30653], [4219, 23830, 21067, 7202, 4426, 21943, 5559, 16325], [19442, 15056, 3052, 2175, 18427, 4219, 34459, 2109], [2176, 2138, 4233, 15066, 19264, 2096, 21943, 19051], [3582, 7083, 16913, 9436, 9165, 17002, 21305, 8377], [4219, 3052, 15083, 2138, 2194, 24272, 2570, 5559], [14828, 35012, 5230, 2606, 6359, 22069, 5407, 22001], [2138, 4972, 9876, 2220, 2186, 4233, 2185, 17525], [2188, 2161, 3232, 7052, 2084, 15746, 2221, 2096], [14398, 15033, 6367, 2185, 14393, 2120, 35240, 20564], [2983, 22790, 7456, 8838, 8816, 2194, 9436, 7359], [2194, 34455, 2105, 7202, 15056, 7431, 15085, 9059], [1448, 22923, 11483, 14290, 35562, 7118, 9739, 12319], [18805, 6367, 34840, 6466, 17537, 8126, 11465, 20564], [9413, 7456, 7217, 15189, 18178, 9944, 20519, 4202], [4219, 3072, 15746, 21067, 7094, 3052, 14746, 3909], [4219, 3607, 23042, 21438, 2210, 3938, 16913, 15821], [33980, 26552, 29549, 2221, 29535, 22069, 2123, 26932], [2212, 18485, 2294, 1931, 1769, 12736, 34918, 6062], [2213, 19447, 19240, 17648, 20959, 29250, 17747, 29727], [15056, 7359, 2194, 2141, 2214, 19442, 2374, 6367], [15746, 4233, 2188, 15821, 2194, 20241, 2096, 4219], [2220, 2194, 2096, 2188, 15083, 6553, 3023, 3607], [3023, 15083, 6466, 6028, 3052, 15821, 2096, 2188], [3054, 2096, 3023, 2109, 34459, 6553, 9527, 3052], [2229, 15056, 8823, 3016, 9539, 4219, 4944, 21431], [3397, 9324, 3879, 34403, 6998, 7052, 35272, 32103]]}, "demosthenes_2_1861": {"tgt_lang": "fr", "transl_top1": 0.05084745762711865, "transl_top5": 0.13559322033898305, "transl_top10": 0.22033898305084745, "num_nulls": 0, "num_tgt_sents": 2969,