{"num_src_sents": 156, "corneliusNepos_1856": {"tgt_lang": "de", "transl_top1": 0.6730769230769231, "transl_top5": 0.8269230769230769, "transl_top10": 0.8653846153846154, "num_nulls": 0, "num_tgt_sents": 2320, "retrieval_preds": [[1765, 1802, 1067, 1918, 1797, 1885, 1812, 1529], [1803, 1805, 1808, 1759, 553, 11, 1826, 1606], [1804, 1862, 1249, 2071, 782, 1217, 879, 1110], [1805, 1779, 1803, 1132, 1801, 1919, 1770, 1617], [1806, 722, 1160, 1173, 1727, 1406, 892, 157], [1807, 1808, 660, 531, 616, 2168, 1915, 1805], [1808, 2029, 1651, 1804, 1788, 783, 887, 1915], [1809, 1037, 1785, 289, 1832, 1791, 1915, 103], [1811, 1810, 556, 1797, 1911, 1802, 1791, 606], [1812, 1765, 1802, 1791, 1826, 337, 572, 0], [1813, 1228, 1815, 1814, 843, 447, 1234, 1624], [1814, 1815, 1231, 801, 1175, 2312, 1235, 1472], [1816, 1808, 2068, 303, 115, 1171, 1353, 1120], [1817, 2142, 648, 2288, 1807, 2081, 2030, 1598], [1818, 1805, 1081, 1231, 2168, 88, 342, 1220], [1819, 2312, 645, 1813, 1353, 789, 716, 1377], [2294, 965, 596, 1256, 1346, 1929, 1416, 485], [1824, 1823, 1142, 1812, 1828, 1094, 1373, 1977], [1076, 946, 2058, 187, 1173, 1832, 654, 1065], [1825, 231, 463, 779, 807, 1652, 1768, 773], [1826, 1765, 1791, 1812, 1802, 1884, 1895, 1800], [1828, 1879, 686, 2265, 825, 622, 1895, 634], [1829, 1834, 1950, 1914, 1767, 634, 529, 1342], [2097, 1492, 1748, 1298, 1301, 742, 419, 508], [1830, 1831, 2014, 786, 1775, 1981, 1895, 432], [1832, 434, 382, 1828, 879, 1809, 1844, 1375], [1837, 1835, 608, 2110, 1119, 1863, 545, 2269], [1837, 1990, 1668, 2263, 67, 1874, 2004, 1996], [1838, 1140, 2181, 2123, 1131, 439, 447, 1869], [1839, 701, 744, 1673, 255, 1746, 277, 1668], [1839, 941, 1865, 606, 1896, 1689, 1103, 1454], [1567, 1840, 1618, 340, 1171, 568, 804, 1134], [1841, 1834, 2225, 1830, 880, 1833, 1835, 1844], [1842, 592, 648, 710, 994, 1658, 618, 678], [1843, 1851, 1689, 2149, 763, 502, 1701, 769], [2084, 870, 1991, 722, 889, 1806, 2202, 1941], [1844, 1841, 327, 983, 356, 662, 1444, 2062], [1844, 1896, 1845, 1978, 1821, 312, 586, 1980], [2182, 2088, 1955, 715, 1844, 1578, 699, 2080], [1412, 371, 1592, 1385, 1929, 1416, 254, 1481], [1845, 1996, 2265, 1890, 1963, 1843, 126, 1943], [1852, 1846, 1808, 243, 1801, 1767, 1917, 1829], [1853, 2074, 821, 1022, 2077, 2173, 1867, 1872], [1853, 794, 2264, 1917, 688, 1854, 552, 780], [1854, 262, 1268, 1119, 1853, 1172, 898, 1093], [1855, 946, 2155, 693, 1019, 539, 480, 592], [1856, 1785, 1602, 1493, 260, 900, 1131, 1485], [508, 1517, 1270, 1516, 1867, 1160, 139, 1286], [1914, 1075, 1857, 1397, 1373, 262, 1573, 2173], [1412, 1637, 729, 1383, 1839, 1416, 427, 1002], [1858, 942, 2077, 1998, 835, 1449, 2005, 541], [1859, 2262, 2264, 2253, 2038, 2192, 1692, 1648], [1860, 2164, 2020, 1993, 1516, 1548, 2231, 64], [1861, 2257, 1443, 1068, 361, 2064, 516, 2208], [1862, 1800, 1804, 1915, 1830, 1538, 1435, 873], [1863, 1156, 1481, 896, 455, 1744, 1152, 609], [1863, 1839, 701, 1828, 825, 107, 1142, 63], [1864, 177, 1353, 1813, 1399, 1037, 1075, 1181], [1866, 568, 2122, 1957, 1849, 2123, 1182, 1123], [1867, 1065, 539, 184, 1942, 2300, 1853, 1174], [1868, 1877, 144, 165, 871, 1404, 238, 151], [1869, 1631, 1485, 1870, 733, 1493, 1140, 755], [1871, 1493, 1869, 1433, 252, 1076, 1139, 1293], [1878, 1893, 1305, 1768, 1037, 1827, 1326, 1418], [1879, 691, 1854, 1828, 1863, 1832, 835, 2163], [80, 1028, 371, 1259, 1970, 427, 1637, 1690], [2037, 1844, 2262, 1987, 1028, 1382, 1859, 1879], [1880, 41, 1436, 2112, 639, 404, 1649, 315], [1881, 1618, 1295, 1245, 229, 101, 1320, 1998], [1882, 1947, 217, 1948, 1883, 1567, 1040, 131], [568, 1883, 1947, 1948, 602, 692, 784, 1134], [1884, 1802, 1791, 2111, 1765, 1945, 948, 1963], [1885, 1784, 1884, 1897, 1898, 1067, 450, 1888], [1886, 312, 989, 1887, 498, 1466, 1728, 2274], [1887, 1878, 153, 1987, 1880, 421, 1462, 1890], [1888, 1918, 1901, 1941, 1949, 1791, 1923, 1977], [1889, 639, 2045, 477, 778, 813, 1076, 1484], [1411, 1890, 1516, 1414, 1466, 528, 312, 489], [2182, 2088, 2080, 2192, 2262, 1958, 1890, 2185], [1887, 1890, 1880, 1370, 1978, 1987, 96, 1943], [1891, 1898, 656, 2069, 249, 176, 1107, 1895], [1892, 639, 178, 812, 182, 676, 1283, 260], [1990, 1895, 929, 1765, 1466, 1886, 0, 1901], [2235, 64, 1668, 2231, 2263, 2182, 2072, 1837], [1895, 1686, 686, 182, 992, 140, 1369, 947], [1896, 1897, 195, 1363, 1736, 1118, 1026, 1673], [1897, 1896, 733, 194, 447, 1499, 1471, 183], [1898, 1936, 1891, 656, 1923, 1454, 1913, 1495], [350, 1740, 1899, 1118, 1741, 1896, 1347, 1646], [1076, 1899, 252, 652, 1161, 233, 458, 1272], [1900, 887, 1685, 983, 269, 1181, 297, 816], [1901, 592, 1574, 2196, 632, 792, 889, 1393], [1902, 249, 124, 182, 380, 808, 140, 1809], [1134, 1903, 1550, 1151, 1938, 2053, 245, 1103], [1905, 1681, 1597, 943, 674, 2142, 783, 1906], [1906, 1115, 815, 593, 1779, 1719, 983, 1112], [1907, 984, 779, 2045, 510, 1928, 445, 1017], [648, 1487, 603, 1136, 1273, 340, 360, 401], [1909, 1229, 2079, 296, 635, 642, 2219, 1555], [1910, 483, 906, 551, 604, 1750, 1219, 538], [2045, 1911, 1950, 213, 976, 2069, 639, 1910], [1911, 1901, 1802, 1945, 233, 1949, 1408, 2111], [1914, 106, 257, 249, 674, 835, 289, 906], [1915, 1809, 1807, 1804, 1808, 2066, 900, 417], [1916, 654, 894, 1154, 1827, 1808, 609, 1076], [1917, 318, 1744, 246, 1079, 1821, 1925, 1398], [1919, 1609, 496, 1600, 1955, 1611, 1462, 16], [1901, 1918, 1920, 1802, 1577, 15, 1949, 1316], [779, 1357, 356, 187, 360, 401, 2309, 648], [1922, 2097, 508, 12, 19, 151, 29, 1944], [187, 227, 258, 510, 1097, 1925, 812, 480], [1013, 255, 528, 1776, 1138, 1840, 1210, 157], [1924, 2223, 1076, 1010, 245, 1582, 2218, 1012], [1925, 812, 1932, 182, 1030, 326, 587, 260], [1926, 2118, 131, 1948, 187, 1114, 1173, 218], [1927, 117, 1933, 1100, 1228, 230, 1987, 1559], [1928, 147, 1137, 1589, 964, 904, 733, 666], [1930, 1390, 1984, 158, 2123, 2223, 128, 187], [1931, 1936, 1891, 944, 1923, 1949, 1898, 1945], [1932, 1925, 1485, 1353, 673, 1116, 2161, 1856], [1933, 117, 1927, 634, 290, 1373, 418, 291], [1934, 1175, 1485, 1493, 1579, 1600, 668, 1919], [1935, 632, 1500, 1175, 2165, 425, 741, 799], [1936, 1941, 1898, 1913, 1918, 1888, 612, 1931], [1937, 320, 291, 119, 2228, 1353, 268, 1008], [1938, 1008, 1139, 306, 1484, 258, 1940, 182], [1939, 2118, 2257, 218, 666, 2283, 741, 1069], [1940, 1938, 1008, 1168, 1933, 1041, 268, 480], [1941, 1923, 1802, 1942, 973, 1151, 1493, 944], [1943, 2077, 645, 1878, 775, 1962, 1426, 433], [1943, 1651, 1397, 821, 1078, 794, 392, 1974], [1944, 608, 1340, 1881, 249, 552, 518, 1645], [1945, 1802, 1884, 2111, 1810, 1949, 1765, 686], [1946, 2162, 742, 1708, 2097, 1162, 1702, 2093], [1946, 2162, 2100, 2055, 1814, 753, 2232, 1685], [1947, 1185, 1948, 1618, 1617, 533, 2118, 1295], [1948, 131, 218, 2118, 1505, 1831, 1883, 1882], [1949, 1950, 1911, 126, 1505, 505, 1695, 1429], [1951, 1791, 1802, 1810, 1811, 1923, 2209, 1918], [1952, 1950, 291, 1423, 710, 1473, 1548, 296], [1953, 2228, 1479, 2296, 570, 2205, 1561, 2157], [1954, 115, 1748, 511, 2230, 1010, 1723, 2169], [1956, 2008, 2009, 1189, 1015, 1208, 1626, 1389], [1957, 1866, 1987, 2123, 2122, 115, 1427, 1967], [956, 603, 2077, 2243, 2036, 1732, 685, 71], [2182, 1859, 2262, 2034, 2088, 1958, 2235, 2080], [1958, 1894, 1959, 62, 1364, 1963, 1990, 2021], [1959, 882, 2265, 1960, 1972, 2035, 1718, 1874], [1959, 1960, 1971, 701, 1839, 715, 2192, 2035], [1668, 1960, 2038, 2034, 118, 1425, 2086, 2072], [1637, 371, 1412, 1039, 658, 747, 756, 46], [1942, 1961, 1173, 2022, 1172, 503, 2046, 1372], [1962, 2258, 853, 34, 12, 1964, 20, 1993], [1963, 631, 1271, 107, 2265, 1753, 1356, 65], [1964, 1941, 853, 2258, 67, 1888, 212, 859], [1965, 27, 1770, 16, 51, 11, 806, 2268]]}, "justin_cNepos_eutropius_1902": {"tgt_lang": "en", "transl_top1": 0.3269230769230769, "transl_top5": 0.41025641025641024, "transl_top10": 0.46794871794871795, "num_nulls": 0, "num_tgt_sents": 9841,