{"num_src_sents": 121, "isocrates_1832_1": {"tgt_lang": "de", "transl_top1": 0.38016528925619836, "transl_top5": 0.5619834710743802, "transl_top10": 0.6115702479338843, "num_nulls": 0, "num_tgt_sents": 3528, "retrieval_preds": [[3350, 146, 2121, 1692, 698, 1479, 2815, 2341], [1924, 1798, 456, 150, 455, 412, 584, 658], [153, 974, 3350, 971, 240, 154, 3492, 150], [3492, 1156, 494, 52, 3447, 473, 3516, 1662], [157, 968, 2622, 2752, 2834, 2771, 476, 1161], [158, 2308, 3215, 668, 1202, 2303, 2469, 3140], [2455, 2531, 1425, 954, 1889, 1241, 162, 698], [162, 3451, 3370, 3173, 279, 456, 2995, 207], [163, 1939, 1882, 1242, 2688, 1064, 14, 313], [814, 968, 2190, 1043, 3092, 314, 2353, 1168], [165, 887, 291, 279, 174, 3201, 293, 2511], [166, 3361, 293, 279, 882, 1202, 167, 888], [167, 2534, 6, 3457, 1184, 3202, 165, 844], [169, 2175, 2285, 2850, 1210, 3241, 2609, 1936], [170, 658, 75, 455, 589, 494, 322, 1939], [172, 1863, 1904, 1270, 151, 2548, 2929, 3395], [470, 174, 70, 307, 173, 962, 722, 2829], [2814, 2826, 193, 414, 2123, 300, 1829, 669], [176, 963, 1283, 279, 1227, 430, 2237, 3343], [271, 179, 429, 696, 2514, 2462, 709, 2155], [1693, 180, 3339, 3364, 151, 917, 1505, 2112], [281, 443, 180, 935, 291, 161, 279, 973], [182, 2565, 189, 3168, 694, 709, 454, 3504], [184, 878, 2704, 882, 3392, 2932, 382, 224], [1947, 3343, 891, 639, 2895, 882, 3169, 889], [882, 291, 661, 883, 2170, 186, 177, 2327], [3431, 267, 216, 418, 1689, 1779, 209, 2763], [188, 435, 2256, 890, 151, 2529, 2971, 390], [450, 189, 882, 890, 577, 204, 234, 886], [189, 280, 3169, 246, 571, 709, 450, 686], [187, 199, 192, 191, 214, 431, 2533, 603], [3521, 3431, 3402, 1228, 2520, 686, 1162, 3491], [248, 1460, 438, 681, 1192, 251, 698, 958], [195, 698, 258, 3447, 1675, 245, 188, 682], [890, 1228, 3429, 886, 240, 3093, 209, 3507], [199, 200, 1277, 3214, 430, 279, 149, 275], [201, 3447, 3490, 257, 3492, 473, 496, 3139], [259, 577, 886, 1421, 1658, 459, 2529, 291], [3169, 1379, 203, 571, 189, 427, 709, 1228], [890, 886, 234, 311, 259, 195, 258, 882], [3215, 889, 728, 478, 700, 393, 206, 2898], [442, 243, 883, 209, 2543, 213, 697, 1854], [207, 291, 311, 611, 2172, 882, 2541, 186], [440, 456, 277, 455, 2769, 473, 445, 412], [2496, 814, 275, 217, 386, 3205, 211, 872], [213, 244, 2542, 2521, 3338, 3392, 672, 1379], [214, 3502, 286, 2849, 872, 308, 1395, 880], [215, 239, 222, 231, 3047, 2493, 673, 285], [216, 700, 189, 298, 392, 2496, 2495, 257], [218, 703, 815, 977, 3431, 1196, 288, 1795], [221, 890, 147, 231, 220, 195, 955, 885], [222, 229, 221, 182, 259, 890, 149, 390], [205, 1714, 672, 1195, 1976, 3401, 265, 214], [189, 267, 1379, 288, 1294, 224, 285, 287], [227, 226, 245, 229, 890, 231, 222, 230], [228, 250, 195, 147, 231, 258, 281, 149], [229, 390, 195, 221, 2234, 2256, 151, 1658], [230, 245, 478, 231, 2961, 2239, 250, 2898], [222, 232, 1345, 2577, 226, 2926, 2308, 890], [380, 233, 2511, 189, 1768, 259, 694, 2565], [241, 282, 248, 1207, 458, 189, 3147, 234], [234, 3176, 2511, 694, 274, 275, 891, 246], [3513, 3139, 3490, 3148, 3495, 257, 281, 443], [638, 436, 333, 3376, 2782, 237, 464, 1283], [436, 217, 238, 1658, 235, 700, 279, 2529], [240, 279, 239, 2978, 2804, 443, 257, 1236], [577, 153, 152, 1699, 578, 459, 424, 204], [240, 2208, 287, 152, 1353, 182, 1779, 2351], [241, 234, 700, 275, 189, 450, 882, 432], [243, 452, 1379, 3148, 2533, 3169, 450, 686], [244, 243, 3236, 2542, 1379, 2521, 2533, 2520], [245, 231, 222, 229, 228, 250, 890, 232], [392, 2820, 2719, 2545, 443, 247, 1428, 308], [2969, 3447, 247, 473, 698, 3492, 412, 879], [255, 216, 281, 189, 1444, 2233, 2667, 2514], [256, 257, 414, 398, 470, 2185, 3199, 161], [883, 291, 1228, 2185, 459, 2258, 1485, 199], [3505, 3490, 257, 3457, 971, 3240, 300, 494], [258, 195, 1435, 250, 245, 880, 264, 1379], [1293, 3199, 2310, 2448, 1627, 3397, 865, 177], [262, 199, 274, 577, 2884, 438, 2327, 2384], [263, 3339, 2423, 2921, 2116, 189, 433, 694], [258, 1153, 195, 1675, 245, 2880, 250, 3404], [266, 193, 267, 414, 486, 281, 912, 876], [269, 281, 2202, 1394, 3417, 2477, 566, 3199], [2953, 271, 2752, 3391, 1852, 436, 880, 427], [271, 429, 2462, 389, 2508, 2500, 2170, 553], [272, 246, 976, 400, 2197, 2392, 2170, 2842], [882, 281, 883, 392, 2514, 216, 3169, 2540], [274, 234, 700, 1768, 275, 280, 2423, 388], [3343, 678, 888, 277, 1950, 880, 3429, 1723], [277, 443, 2556, 2520, 2173, 661, 454, 2920], [2531, 279, 456, 2815, 280, 573, 2809, 2455], [280, 443, 281, 700, 279, 422, 3169, 2494], [282, 291, 293, 976, 668, 3202, 2172, 480], [283, 161, 2921, 150, 963, 2814, 243, 234], [415, 2310, 281, 194, 1705, 192, 188, 293], [285, 2885, 705, 678, 3137, 1841, 1395, 1053], [1228, 3343, 286, 3521, 2750, 2529, 3494, 3138], [418, 3519, 882, 166, 3420, 722, 2998, 700], [240, 257, 473, 568, 454, 440, 281, 2769], [291, 279, 281, 2069, 165, 714, 240, 722], [292, 445, 589, 2296, 473, 2214, 2785, 2765], [294, 474, 2538, 1698, 986, 1887, 1575, 2336], [296, 609, 2511, 1516, 2596, 935, 678, 2455], [297, 1646, 1796, 709, 715, 427, 1707, 1169], [298, 669, 3521, 2267, 587, 1174, 3170, 2317], [298, 587, 2770, 216, 189, 2102, 214, 1949], [299, 2239, 393, 3162, 2758, 1716, 2103, 461], [299, 2006, 1180, 2814, 3490, 1156, 494, 3429], [1500, 636, 684, 481, 300, 1043, 404, 189], [2833, 302, 1889, 2815, 3243, 2808, 2341, 2958], [303, 304, 2305, 581, 1155, 484, 582, 3240], [281, 279, 2815, 668, 2756, 2814, 300, 240], [308, 309, 315, 2531, 964, 2622, 1902, 2785], [311, 635, 310, 1283, 279, 2492, 3255, 3418], [312, 3420, 432, 963, 659, 815, 188, 3199], [313, 820, 2127, 2526, 1914, 243, 308, 293], [581, 3502, 2110, 1232, 300, 2006, 1889, 314], [315, 3513, 1155, 1176, 2510, 200, 678, 281], [2599, 3420, 2898, 273, 306, 1356, 426, 482]]}, "sophistesGrecs_1842": {"tgt_lang": "fr", "transl_top1": 0.30578512396694213, "transl_top5": 0.5206611570247934, "transl_top10": 0.6033057851239669, "num_nulls": 0, "num_tgt_sents": 7988,