{"num_src_sents": 303, "plutarch_2_1908": {"tgt_lang": "en", "transl_top1": 0.5511551155115512, "transl_top5": 0.6864686468646864, "transl_top10": 0.7821782178217822, "num_nulls": 0, "num_tgt_sents": 5773}, "plutarch_1_1906": {"tgt_lang": "en", "transl_top1": 0.009900990099009901, "transl_top5": 0.052805280528052806, "transl_top10": 0.08250825082508251, "num_nulls": 0, "num_tgt_sents": 6800}, "num_translations": 2, "text_top1": 0.28052805280528054, "text_top5": 0.3696369636963696, "text_top10": 0.43234323432343236}