{"num_src_sents": 256, "pindar_1915": {"tgt_lang": "en", "transl_top1": 0.35546875, "transl_top5": 0.5390625, "transl_top10": 0.6015625, "num_nulls": 0, "num_tgt_sents": 5265}, "pindar_1860": {"tgt_lang": "de", "transl_top1": 0.22265625, "transl_top5": 0.37890625, "transl_top10": 0.4609375, "num_nulls": 0, "num_tgt_sents": 2662}, "pindar_1841": {"tgt_lang": "fr", "transl_top1": 0.17578125, "transl_top5": 0.32421875, "transl_top10": 0.37890625, "num_nulls": 0, "num_tgt_sents": 4635}, "num_translations": 3, "text_top1": 0.2513020833333333, "text_top5": 0.41406250000000006, "text_top10": 0.48046875}