{"num_src_sents": 179, "plutarch_4_1844": {"tgt_lang": "fr", "transl_top1": 0.3854748603351955, "transl_top5": 0.5810055865921788, "transl_top10": 0.6871508379888268, "num_nulls": 0, "num_tgt_sents": 6665, "retrieval_preds": [[5845, 6337, 2993, 1301, 2316, 6113, 2994, 2979], [3635, 4200, 4046, 2885, 3798, 2521, 1656, 4737], [2725, 14, 892, 5804, 3556, 5373, 6116, 3030], [4719, 2994, 2695, 4900, 4127, 2744, 2742, 5845], [6333, 6132, 4670, 5622, 5350, 5924, 6547, 5208], [2, 6432, 6337, 6441, 6280, 6365, 6366, 5263], [6338, 1399, 385, 1017, 339, 145, 2820, 5048], [6339, 6356, 1426, 6330, 6337, 6357, 4969, 5332], [6040, 3153, 2372, 5675, 6345, 3710, 3043, 2828], [1059, 38, 5562, 39, 711, 1107, 44, 1152], [6558, 5332, 5211, 2881, 5266, 6561, 780, 6551], [6345, 1478, 3652, 4209, 6467, 5273, 3299, 3848], [6346, 2742, 2308, 2545, 5873, 64, 2443, 5869], [538, 2640, 2317, 2598, 6633, 48, 824, 2712], [5873, 5095, 2501, 2545, 2742, 1301, 916, 2727], [6349, 5211, 5315, 3149, 1850, 5263, 1311, 6132], [1222, 6330, 6584, 638, 4615, 4725, 5252, 5216], [5315, 6584, 6558, 5211, 6356, 4969, 6663, 1152], [6356, 3798, 6366, 6378, 6362, 2800, 2247, 2948], [4379, 2472, 1402, 1667, 5681, 400, 4036, 4722], [6250, 731, 1199, 6357, 1152, 627, 835, 563], [4254, 3826, 3238, 3022, 2316, 623, 3507, 5769], [6358, 6359, 6558, 5163, 4969, 5211, 6345, 5851], [6362, 6330, 6364, 6356, 6365, 6337, 2766, 6360], [6364, 6337, 466, 6339, 3689, 6356, 6365, 432], [5845, 6434, 6303, 2337, 2993, 2994, 6366, 2968], [6366, 3798, 5845, 3556, 5373, 4417, 2247, 3010], [6367, 5483, 757, 2812, 5804, 1356, 2144, 5163], [6297, 2994, 4387, 2993, 5794, 5162, 3881, 4644], [6368, 5167, 1426, 5362, 2857, 1424, 6364, 509], [6369, 6434, 3004, 3194, 5845, 4639, 2994, 3847], [6543, 6372, 6370, 6547, 6377, 4316, 4673, 6441], [6377, 5001, 273, 2936, 4883, 6543, 4499, 4068], [3798, 3137, 6377, 6538, 2940, 2889, 4651, 134], [6378, 6432, 6377, 4615, 4692, 6544, 3152, 6543], [6441, 4163, 6432, 3168, 6550, 6397, 6404, 5424], [3808, 6390, 6389, 3984, 5955, 4637, 2847, 313], [6390, 6391, 4639, 3839, 3032, 2910, 3650, 3063], [6392, 871, 5067, 2152, 2513, 231, 2317, 1688], [4316, 6479, 4862, 6430, 4648, 3893, 5622, 6393], [6396, 5148, 6547, 5157, 6236, 4648, 6413, 3019], [4164, 6501, 4602, 3634, 4800, 5224, 4155, 4892], [6397, 3548, 4750, 6598, 6525, 6592, 142, 3097], [6404, 4316, 6432, 4613, 6441, 3797, 3168, 3308], [6404, 5157, 5760, 3548, 4143, 4755, 6137, 4558], [120, 6576, 6543, 4862, 6597, 3152, 4661, 6432], [6408, 6413, 6386, 3538, 2884, 6428, 6407, 3533], [6409, 2921, 5454, 4692, 3548, 5152, 4109, 3831], [6411, 3502, 5157, 3630, 2957, 4143, 6479, 6558], [4127, 3839, 5210, 6413, 3063, 3702, 3533, 4687], [6414, 5282, 5211, 5971, 4188, 6413, 4747, 2982], [6418, 6413, 3630, 3019, 4611, 6377, 4685, 3533], [6432, 4316, 6420, 3019, 2957, 4502, 4166, 3502], [6423, 4143, 4659, 3038, 6441, 4163, 6422, 5115], [6424, 3501, 6015, 3688, 6394, 6388, 3826, 6214], [6543, 6377, 6427, 4613, 3103, 4648, 6547, 5080], [6428, 6423, 4163, 6429, 6409, 1152, 4692, 4151], [1152, 35, 111, 1199, 6244, 5273, 627, 3149], [6432, 3824, 4618, 3019, 6441, 241, 4485, 6479], [6433, 6377, 4615, 4693, 4659, 4692, 6432, 6479], [4613, 4316, 6377, 4692, 6441, 4672, 2924, 5116], [5148, 4254, 4109, 6377, 6380, 3167, 3826, 4693], [6432, 4862, 6441, 6543, 4109, 4361, 4613, 4316], [6441, 3168, 4618, 4613, 4777, 6480, 6465, 4163], [6443, 1364, 2459, 2971, 4456, 1132, 2684, 3043], [6446, 6444, 6441, 6445, 6469, 4898, 2864, 6463], [4084, 3001, 1003, 4639, 4105, 3986, 5288, 3890], [6144, 31, 4718, 6103, 799, 1383, 6391, 4637], [6449, 4677, 3247, 3287, 6464, 6530, 3474, 4764], [6446, 6441, 3200, 6445, 4764, 6464, 6567, 6469], [6578, 6456, 3064, 4611, 4687, 3063, 3663, 6656], [6649, 3062, 6458, 6597, 4687, 3063, 3146, 6532], [6463, 6460, 6459, 6441, 6464, 6461, 2864, 6469], [6462, 4131, 6606, 4560, 6602, 5304, 4154, 3127], [6463, 6461, 6469, 4764, 6460, 6444, 6452, 4898], [6464, 6441, 3169, 3189, 3436, 3452, 3252, 4764], [4922, 6513, 4283, 4821, 4515, 6606, 4716, 4131], [6469, 4634, 4988, 4613, 4316, 4533, 4635, 4612], [4316, 4613, 4470, 6441, 4109, 6470, 6432, 4618], [4254, 3657, 6438, 4118, 3620, 5148, 4693, 5157], [6476, 6443, 3632, 5616, 2746, 6368, 4402, 6367], [6479, 6432, 6543, 4109, 4661, 6377, 4316, 6337], [5480, 3032, 5157, 6105, 54, 1936, 48, 5845], [6480, 6584, 6550, 6432, 3452, 6476, 3189, 6544], [6580, 6434, 2345, 6438, 6084, 493, 464, 254], [6482, 6558, 6513, 6645, 4502, 6584, 4645, 5216], [4485, 3663, 5719, 6483, 6485, 3163, 3483, 3256], [6487, 6485, 5116, 3605, 6506, 6493, 3563, 4648], [6493, 6491, 3445, 5107, 6505, 6489, 2713, 5217], [6491, 1394, 5719, 5675, 4268, 1364, 5741, 5835], [4607, 4316, 4862, 6566, 4881, 6483, 4845, 6502], [6432, 4316, 4862, 5622, 4395, 6566, 164, 6019], [6497, 3992, 4675, 4023, 4387, 2994, 4108, 4501], [3385, 6598, 3073, 579, 6475, 6536, 2954, 2347], [4316, 4862, 4881, 6500, 4287, 6543, 835, 4268], [3895, 3727, 6231, 843, 3688, 756, 5073, 5023], [3652, 3445, 4382, 4307, 4387, 4341, 4772, 4324], [6504, 6508, 4442, 4324, 6493, 3980, 6505, 4466], [5750, 6506, 5719, 5116, 6505, 4350, 3812, 5703], [164, 2924, 4109, 1305, 6019, 5156, 6491, 6485], [6511, 6508, 3460, 3445, 5751, 6506, 4466, 6485], [164, 6432, 4618, 6441, 5116, 6480, 4395, 3019], [622, 1046, 2108, 2760, 4194, 5304, 2869, 971], [5143, 4039, 3987, 6516, 4268, 161, 6435, 6510], [3043, 3692, 5154, 3153, 6602, 2854, 5088, 3062], [3826, 6391, 6519, 4155, 3533, 6185, 6241, 4807], [6491, 5852, 161, 6019, 4316, 4836, 3663, 6521], [3265, 3419, 6530, 3242, 4636, 3798, 2811, 4108], [6522, 6544, 6441, 4846, 4777, 5000, 4962, 3436], [6524, 2936, 3084, 1465, 2632, 2352, 2887, 2698], [6543, 6526, 3000, 4356, 6479, 4109, 4664, 4613], [6527, 3486, 3238, 3055, 3758, 3117, 3177, 3695], [6528, 5154, 6394, 3518, 3533, 6577, 6581, 4653], [6530, 4781, 4800, 6543, 6531, 4541, 6544, 4394], [6543, 6522, 6544, 4573, 3181, 6531, 4395, 4316], [4915, 4781, 4815, 4829, 3274, 4561, 4846, 4645], [6538, 6368, 6550, 6480, 2954, 321, 1030, 6365], [6540, 4959, 6543, 4726, 4539, 2921, 4868, 6541], [6541, 6544, 6540, 6543, 6531, 6522, 3272, 223], [6543, 6544, 6531, 4316, 6432, 6522, 3670, 6584], [6543, 6544, 6548, 5102, 6540, 6545, 6526, 6531], [3026, 6526, 3146, 113, 3798, 6545, 4327, 3142], [6547, 4470, 2907, 5163, 2345, 4793, 4484, 6420], [6548, 6543, 6544, 4316, 4988, 6531, 6522, 2962], [3031, 3514, 6476, 6479, 627, 5369, 3531, 148], [4606, 4605, 5450, 4959, 6560, 5746, 3860, 3000], [3180, 3423, 5097, 6456, 6578, 3412, 3437, 5133], [5097, 6649, 5650, 6551, 321, 5141, 5879, 1925], [6554, 942, 97, 2198, 2164, 1352, 5431, 2990], [6556, 3700, 4609, 3479, 3476, 6557, 3183, 3460], [6558, 6578, 3663, 6566, 5211, 4361, 6441, 3167], [6559, 6566, 4634, 2732, 578, 4612, 943, 6558], [6561, 6571, 4612, 6584, 4039, 6578, 6562, 3502], [6562, 834, 241, 6645, 6479, 2766, 6397, 6072], [6584, 6302, 232, 16, 6330, 4544, 3824, 6432], [2095, 351, 439, 5190, 2057, 3556, 314, 4410], [6566, 6550, 6558, 6432, 6019, 4316, 4039, 6562], [6567, 6441, 2864, 6558, 3108, 2917, 6578, 6446], [4612, 1472, 4611, 2224, 904, 4898, 3562, 4911], [6571, 4648, 4612, 4634, 4611, 4607, 3483, 4725], [4515, 4131, 4542, 4687, 4821, 5240, 2892, 5211], [6566, 6543, 4109, 2544, 5424, 6432, 6558, 4039], [4316, 6562, 6441, 3663, 6393, 6566, 5212, 6584], [6561, 6581, 6584, 5211, 6479, 5332, 6558, 28], [4316, 6543, 1152, 6584, 6562, 6583, 4928, 5125], [6587, 6476, 6368, 2807, 3531, 6480, 3931, 5948], [6609, 4515, 485, 4904, 5575, 1008, 4607, 5866], [120, 6441, 4457, 6543, 2912, 6584, 3493, 4672], [6587, 2746, 2807, 5950, 6536, 5532, 3931, 3228], [6588, 6337, 6523, 6663, 3887, 2731, 6448, 4112], [4694, 6589, 6345, 6650, 6649, 6663, 3895, 1471], [6590, 2316, 6646, 6339, 6603, 2550, 5616, 2745], [6592, 6591, 5256, 5971, 4457, 5639, 4163, 3038], [3010, 6391, 3998, 3984, 2975, 4164, 439, 2744], [6645, 6480, 6541, 4720, 6584, 6543, 4548, 6479], [591, 1379, 2943, 6434, 4639, 4551, 2937, 5159], [5015, 6601, 6602, 4654, 4162, 6599, 4777, 6662], [6432, 6603, 4815,