{"num_src_sents": 110, "hesiod-callim-theogn_1897": {"tgt_lang": "en", "transl_top1": 0.13636363636363635, "transl_top5": 0.21818181818181817, "transl_top10": 0.3090909090909091, "num_nulls": 0, "num_tgt_sents": 8276}, "hesiod_nd": {"tgt_lang": "fr", "transl_top1": 0.07272727272727272, "transl_top5": 0.14545454545454545, "transl_top10": 0.21818181818181817, "num_nulls": 0, "num_tgt_sents": 3571}, "aesopHesiodQuintus_1865-1866": {"tgt_lang": "de", "transl_top1": 0.09090909090909091, "transl_top5": 0.18181818181818182, "transl_top10": 0.20909090909090908, "num_nulls": 0, "num_tgt_sents": 7368}, "num_translations": 3, "text_top1": 0.09999999999999999, "text_top5": 0.18181818181818182, "text_top10": 0.24545454545454543}