{"num_src_sents": 1103, "plautus_1862_1": {"tgt_lang": "de", "transl_top1": 0.011786038077969175, "transl_top5": 0.04079782411604715, "transl_top10": 0.0743427017225748, "num_nulls": 0, "num_tgt_sents": 4446}, "plautus_1866_2": {"tgt_lang": "de", "transl_top1": 0.008159564823209429, "transl_top5": 0.0371713508612874, "transl_top10": 0.056210335448776065, "num_nulls": 0, "num_tgt_sents": 4445}, "plautus_4_1855": {"tgt_lang": "de", "transl_top1": 0.013599274705349048, "transl_top5": 0.03173164097914778, "transl_top10": 0.051677243880326386, "num_nulls": 0, "num_tgt_sents": 5818}, "plautus_3_1855": {"tgt_lang": "de", "transl_top1": 0.005439709882139619, "transl_top5": 0.021758839528558477, "transl_top10": 0.051677243880326386, "num_nulls": 0, "num_tgt_sents": 5003}, "num_translations": 4, "text_top1": 0.009746146872166817, "text_top5": 0.0328649138712602, "text_top10": 0.058476881233000905}