{"num_src_sents": 218, "luciusSamosata_1_1869": {"tgt_lang": "fr", "transl_top1": 0.22018348623853212, "transl_top5": 0.3669724770642202, "transl_top10": 0.42660550458715596, "num_nulls": 0, "num_tgt_sents": 14187}, "lucian_1867_3": {"tgt_lang": "de", "transl_top1": 0.01834862385321101, "transl_top5": 0.06422018348623854, "transl_top10": 0.11926605504587157, "num_nulls": 0, "num_tgt_sents": 3614}, "lucian_1866_1": {"tgt_lang": "de", "transl_top1": 0.5688073394495413, "transl_top5": 0.7064220183486238, "transl_top10": 0.7935779816513762, "num_nulls": 0, "num_tgt_sents": 4624}, "num_translations": 3, "text_top1": 0.26911314984709483, "text_top5": 0.37920489296636084, "text_top10": 0.44648318042813456}