{"num_src_sents": 26, "plutarch_2_1908": {"tgt_lang": "en", "transl_top1": 0.07692307692307693, "transl_top5": 0.15384615384615385, "transl_top10": 0.19230769230769232, "num_nulls": 0, "num_tgt_sents": 5773}, "plutarch_1_1906": {"tgt_lang": "en", "transl_top1": 0.07692307692307693, "transl_top5": 0.15384615384615385, "transl_top10": 0.23076923076923078, "num_nulls": 0, "num_tgt_sents": 6800}, "num_translations": 2, "text_top1": 0.07692307692307693, "text_top5": 0.15384615384615385, "text_top10": 0.21153846153846156}