{"num_src_sents": 313, "lucian_1831_13": {"tgt_lang": "de", "transl_top1": 0.009584664536741214, "transl_top5": 0.07987220447284345, "transl_top10": 0.1182108626198083, "num_nulls": 0, "num_tgt_sents": 4049}, "lucian_1827_7": {"tgt_lang": "de", "transl_top1": 0.329073482428115, "transl_top5": 0.5175718849840255, "transl_top10": 0.5814696485623003, "num_nulls": 0, "num_tgt_sents": 4692}, "lucian_1888": {"tgt_lang": "en", "transl_top1": 0.43769968051118213, "transl_top5": 0.6357827476038339, "transl_top10": 0.7188498402555911, "num_nulls": 0, "num_tgt_sents": 6788}, "luciusSamosata_1_1869": {"tgt_lang": "fr", "transl_top1": 0.2971246006389776, "transl_top5": 0.48562300319488816, "transl_top10": 0.5463258785942492, "num_nulls": 0, "num_tgt_sents": 14187}, "lucian_1867_3": {"tgt_lang": "de", "transl_top1": 0.5047923322683706, "transl_top5": 0.6645367412140575, "transl_top10": 0.7220447284345048, "num_nulls": 0, "num_tgt_sents": 3614}, "lucian_1866_1": {"tgt_lang": "de", "transl_top1": 0.01597444089456869, "transl_top5": 0.04472843450479233, "transl_top10": 0.06389776357827476, "num_nulls": 0, "num_tgt_sents": 4624}, "Lucian_1827_ht8": {"tgt_lang": "de", "transl_top1": 0.009584664536741214, "transl_top5": 0.054313099041533544, "transl_top10": 0.11501597444089456, "num_nulls": 0, "num_tgt_sents": 1131}, "num_translations": 7, "text_top1": 0.22911912368781379, "text_top5": 0.3546325878594249, "text_top10": 0.40940209949794615}