{"num_src_sents": 29, "isocrates_1832_1": {"tgt_lang": "de", "transl_top1": 0.3793103448275862, "transl_top5": 0.5172413793103449, "transl_top10": 0.7241379310344828, "num_nulls": 0, "num_tgt_sents": 3528, "retrieval_preds": [[3480, 3516, 3492, 622, 1519, 3351, 2953, 1156], [3481, 3482, 454, 309, 308, 3148, 564, 1501], [3483, 1889, 1924, 2622, 2815, 395, 1649, 1328], [3484, 3508, 1846, 3139, 1270, 3493, 3199, 485], [3485, 1411, 311, 2306, 1716, 583, 1343, 2898], [3490, 3387, 3487, 3240, 658, 3516, 3498, 455], [3488, 2495, 3493, 1783, 386, 456, 2998, 1656], [3489, 3490, 3492, 494, 698, 3481, 879, 3515], [3490, 473, 3492, 2494, 412, 485, 2813, 3489], [3491, 882, 571, 3169, 450, 1228, 2524, 2485], [3492, 3447, 494, 971, 412, 1654, 3512, 1156], [3492, 1063, 1790, 1156, 3496, 2995, 573, 3490], [3496, 3492, 1156, 494, 1063, 3351, 1232, 412], [3492, 1519, 2622, 1232, 3393, 3406, 1156, 494], [3500, 636, 171, 3139, 491, 1205, 3499, 3178], [3501, 1232, 3512, 1063, 3515, 3163, 1569, 1156], [811, 2446, 1190, 3162, 3504, 609, 678, 728], [3505, 571, 3148, 407, 3407, 3199, 1146, 572], [3506, 3406, 494, 3492, 3351, 3393, 589, 2330], [575, 494, 1232, 3512, 971, 3492, 473, 1156], [3510, 901, 2166, 1444, 2814, 1874, 970, 2502], [3492, 494, 1232, 3447, 1889, 3512, 1685, 456], [3513, 833, 2485, 147, 495, 1712, 481, 1690], [3514, 1690, 1379, 1921, 685, 1470, 3155, 281], [3515, 3447, 412, 494, 3492, 1063, 3467, 2833], [3516, 494, 3492, 2017, 2833, 2995, 3240, 1654], [485, 1846, 3508, 3199, 2532, 967, 673, 2496], [1156, 589, 3492, 3518, 3447, 412, 3496, 2769], [3521, 880, 3502, 3429, 3155, 1228, 571, 3170]]}, "isocrates_1835_5": {"tgt_lang": "de", "transl_top1": 0.0, "transl_top5": 0.06896551724137931, "transl_top10": 0.2413793103448276, "num_nulls": 0, "num_tgt_sents": 4051, "retrieval_preds": [[649, 2281, 3226, 1727, 1419, 479, 1631, 276], [188, 564, 1567, 1508, 1236, 649, 1738, 647], [1794, 1225, 616, 2982, 367, 630, 776, 1859], [1726, 1160, 1832, 1035, 1774, 1593, 1819, 1141], [188, 207, 824, 1814, 467, 1421, 3103, 1738], [405, 372, 1675, 527, 1657, 304, 1804, 1223], [1343, 2723, 1374, 2760, 1153, 1796, 1039, 1421], [1579, 1419, 1027, 348, 420, 304, 2645, 647], [1749, 1646, 3138, 1712, 1657, 1223, 1764, 1386], [564, 571, 2665, 3178, 3265, 1335, 2420, 1532], [634, 619, 647, 1201, 1831, 361, 1383, 1626], [1579, 3138, 369, 361, 2650, 1749, 1831, 1804], [361, 1831, 1790, 2982, 1657, 1810, 304, 846], [1400, 634, 361, 987, 1591, 619, 988, 1804], [3151, 319, 1677, 1840, 1230, 943, 3130, 1970], [619, 361, 1794, 2939, 1202, 1626, 1790, 33], [2832, 397, 1834, 985, 1611, 1809, 382, 2910], [3178, 3215, 558, 231, 756, 1640, 1690, 2362], [1619, 1680, 186, 320, 597, 1553, 1240, 1383], [1657, 1790, 1626, 369, 3138, 1850, 513, 488], [228, 1624, 3218, 1839, 473, 1211, 1752, 1238], [361, 619, 3396, 647, 2982, 634, 1201, 153], [1627, 490, 1603, 621, 1373, 374, 294, 2461], [1374, 1698, 1276, 2492, 405, 1700, 1508, 2336], [1724, 1419, 1513, 304, 1780, 361, 1804, 1764], [1400, 304, 1850, 1580, 1419, 361, 1831, 405], [1832, 692, 1603, 3270, 3097, 1521, 3165, 490], [1407, 1383, 1771, 1048, 1780, 647, 987, 1759], [1359, 3074, 1615, 358, 591, 2336, 1613, 2661]]}, "num_translations": 2, "text_top1": 0.1896551724137931, "text_top5": 0.2931034482758621, "text_top10": 0.4827586206896552}