{"num_src_sents": 58, "demosthenes_1877": {"tgt_lang": "en", "transl_top1": 0.22413793103448276, "transl_top5": 0.29310344827586204, "transl_top10": 0.3275862068965517, "num_nulls": 0, "num_tgt_sents": 7775}, "demosthenes_aeschynes_1861": {"tgt_lang": "fr", "transl_top1": 0.017241379310344827, "transl_top5": 0.034482758620689655, "transl_top10": 0.05172413793103448, "num_nulls": 0, "num_tgt_sents": 36182}, "num_translations": 2, "text_top1": 0.1206896551724138, "text_top5": 0.16379310344827586, "text_top10": 0.1896551724137931}