{"num_src_sents": 142, "plutarch_1_1906": {"tgt_lang": "en", "transl_top1": 0.007042253521126761, "transl_top5": 0.035211267605633804, "transl_top10": 0.09154929577464789, "num_nulls": 0, "num_tgt_sents": 6800, "retrieval_preds": [[4156, 6180, 5875, 1836, 5247, 5905, 5078, 1843], [1637, 6712, 2459, 1806, 1156, 5859, 6414, 3278], [3845, 6509, 1806, 2398, 1637, 3540, 5843, 2594], [5588, 3676, 6776, 2053, 6705, 5360, 5905, 2977], [6187, 6238, 3571, 6003, 3570, 2861, 3574, 3390], [2815, 3330, 6003, 255, 1766, 698, 6773, 432], [1218, 1484, 3191, 1275, 1497, 1637, 6355, 6375], [1234, 4495, 3391, 1156, 4725, 2285, 6661, 29], [4241, 4085, 3349, 3049, 5162, 6127, 4772, 3067], [1637, 293, 1156, 4767, 29, 1927, 5152, 1217], [2034, 4876, 1055, 1337, 2976, 2779, 4664, 4433], [2911, 5908, 6085, 3391, 4017, 4750, 5083, 4132], [6090, 3388, 1096, 3391, 4297, 5241, 1839, 4762], [6680, 5307, 6090, 6524, 3133, 6362, 6253, 4297], [671, 6191, 361, 5609, 365, 3570, 1144, 3250], [4132, 4690, 4750, 2998, 6090, 4130, 5083, 5293], [4764, 4130, 3388, 6680, 6008, 4132, 4608, 6127], [1786, 2180, 5213, 5023, 2815, 306, 594, 6193], [6132, 6005, 6008, 4232, 3046, 3339, 6689, 832], [6090, 6680, 5418, 6776, 6132, 6085, 4530, 4690], [1126, 4465, 4467, 3395, 6445, 2770, 3712, 6538], [1671, 1048, 5990, 1127, 790, 2370, 5563, 5239], [4132, 2265, 5307, 3144, 4038, 6110, 1359, 4690], [4132, 5083, 4690, 2999, 6085, 4750, 1839, 4741], [382, 620, 3036, 5238, 3113, 5134, 3067, 5038], [1061, 382, 5238, 5914, 5530, 5861, 3067, 6004], [4587, 4579, 6632, 3556, 1182, 3609, 6483, 6141], [6417, 6680, 6705, 1215, 2470, 5307, 5805, 6375], [3391, 5130, 6275, 5162, 3238, 3349, 5890, 4241], [5988, 2206, 382, 1061, 2690, 3575, 5905, 4837], [3818, 6512, 5994, 3757, 4540, 5998, 985, 3702], [4132, 3685, 6643, 6040, 5530, 5563, 6141, 3645], [422, 382, 358, 6090, 3067, 4875, 5319, 5129], [6085, 2206, 3753, 4163, 5505, 395, 5799, 1168], [5908, 4750, 3391, 6085, 6008, 5293, 5983, 5912], [4787, 1602, 3576, 5983, 6363, 5192, 3052, 5214], [5307, 5129, 3067, 5152, 3133, 4798, 4017, 1709], [6085, 1839, 4125, 2061, 5935, 2911, 6776, 5083], [6680, 6524, 6475, 1126, 3633, 3672, 1806, 5307], [5599, 6103, 3706, 741, 5861, 3712, 5477, 1048], [6090, 6085, 4450, 6132, 4541, 5307, 1839, 4690], [2302, 312, 6526, 4500, 1721, 5493, 3489, 313], [6524, 3818, 4530, 4960, 2265, 4467, 6156, 3108], [5990, 6540, 1091, 6543, 1389, 507, 1344, 6539], [4011, 6784, 1173, 5983, 4478, 4249, 1739, 5162], [1215, 5986, 382, 5474, 4789, 6109, 6139, 3869], [3139, 3213, 6005, 6249, 5860, 382, 4118, 2308], [4787, 1602, 5458, 1967, 3765, 6451, 4383, 5932], [531, 3538, 556, 5458, 1781, 6249, 1786, 306], [4149, 5130, 4941, 6090, 4940, 3067, 3046, 4875], [6635, 3391, 3039, 4241, 5304, 4169, 3088, 3067], [4125, 5129, 3088, 620, 3039, 5078, 6008, 6085], [5129, 6010, 6090, 4156, 3284, 5905, 1215, 5152], [2053, 2347, 2745, 3132, 5914, 4021, 3855, 577], [5982, 3067, 3574, 1215, 3088, 5078, 6008, 6180], [6122, 3111, 416, 3187, 654, 6095, 3162, 2206], [6661, 4051, 6249, 6008, 6635, 5984, 5078, 6680], [4618, 5674, 6712, 2773, 1258, 5307, 1637, 1156], [2230, 3953, 4381, 5127, 2034, 2936, 6395, 1003], [455, 527, 2773, 5110, 4778, 5994, 2548, 1644], [2703, 2770, 6253, 4298, 5785, 4618, 6793, 3364], [5860, 389, 823, 307, 168, 2240, 3904, 5330], [2914, 3538, 985, 5809, 5042, 4300, 3716, 4822], [5984, 3040, 1839, 6661, 4310, 1817, 293, 4119], [6746, 4011, 5598, 2111, 4087, 1450, 6741, 1439], [6661, 6253, 3067, 3463, 4116, 5700, 2265, 3049], [293, 3049, 6355, 4156, 4172, 6680, 3822, 6267], [2489, 516, 714, 1172, 2490, 3896, 3037, 777], [6119, 671, 3112, 6121, 1076, 3190, 532, 4935], [525, 5068, 266, 3052, 1189, 572, 6121, 3496], [5038, 5232, 6361, 3417, 3912, 5207, 671, 4118], [3235, 2311, 635, 3061, 3002, 4936, 6635, 3572], [5890, 1460, 6635, 4251, 5418, 4960, 3067, 3003], [6661, 1380, 2147, 1341, 2117, 329, 1336, 1277], [1215, 2055, 4095, 3555, 358, 1218, 3133, 489], [5180, 4913, 6042, 5213, 5946, 3253, 6689, 5163], [2603, 3287, 4555, 5984, 2932, 5760, 1587, 1555], [6459, 3458, 3052, 4659, 439, 3489, 2921, 2040], [4153, 448, 2995, 4935, 3333, 4959, 5305, 6191], [4659, 1317, 1324, 1677, 5707, 540, 2976, 3924], [5905, 3061, 4248, 423, 3349, 5957, 640, 6095], [1337, 4876, 6446, 108, 105, 2976, 3956, 630], [6680, 3391, 4251, 6187, 5129, 5984, 293, 6776], [6776, 422, 4502, 6414, 6418, 1215, 3040, 2296], [2632, 5845, 34, 870, 362, 5311, 1022, 4775], [3538, 1215, 358, 6010, 4117, 5241, 1227, 4349], [293, 5986, 6132, 3441, 5860, 2061, 1968, 6689], [667, 5998, 6043, 5777, 1585, 6545, 1668, 6499], [6661, 6070, 3250, 6454, 5282, 5207, 6501, 2815], [3265, 3505, 6008, 4608, 6681, 4094, 2752, 5990], [5912, 615, 6611, 6232, 4882, 6367, 382, 4928], [4134, 3267, 6008, 3067, 6661, 5890, 5304, 3349], [6536, 3712, 5851, 6383, 1889, 5342, 5861, 5544], [420, 645, 2209, 403, 5203, 5213, 5135, 5163], [4117, 6368, 5305, 5238, 4959, 4153, 3061, 4169], [4119, 6275, 6363, 6361, 4750, 3391, 6384, 4707], [6524, 6506, 2265, 6417, 6680, 4534, 5386, 6156], [4156, 4336, 421, 548, 1227, 4002, 3391, 330], [5941, 3825, 6006, 4147, 2624, 5321, 3701, 3855], [5038, 4134, 620, 5908, 2265, 3716, 3257, 6008], [2999, 382, 5202, 2209, 5023, 4149, 4118, 5957], [3213, 1296, 5723, 757, 1156, 4366, 277, 1642], [6421, 3699, 6656, 1234, 5890, 4051, 1806, 2978], [1048, 1951, 3635, 1141, 4675, 799, 1889, 2692], [4297, 5307, 5891, 3067, 5129, 4116, 5890, 4618], [395, 620, 5928, 421, 3302, 332, 5836, 5241], [6776, 422, 6085, 5304, 5318, 5246, 1215, 3067], [3213, 6355, 293, 4032, 789, 6766, 5860, 6661], [5823, 1230, 4127, 6189, 2695, 1694, 6703, 2989], [3912, 4502, 2527, 4156, 6005, 4125, 6109, 920], [6767, 6003, 6110, 6552, 1186, 6338, 6005, 3263], [5609, 5901, 4411, 6451, 2957, 4405, 4407, 5458], [5928, 3786, 171, 5891, 5176, 3818, 5029, 4490], [234, 3186, 1622, 2114, 5094, 5092, 2098, 1238], [440, 1202, 3677, 6285, 4427, 6045, 6716, 6305], [5144, 2298, 3496, 617, 1107, 571, 5851, 444], [3602, 1061, 6344, 1646, 295, 4434, 4149, 3816], [5057, 789, 5056, 590, 5060, 5986, 6094, 2758], [2763, 3733, 5886, 3357, 3602, 3521, 6214, 3269], [5535, 5984, 1819, 5556, 6767, 6716, 612, 2506], [268, 2226, 2227, 5594, 2545, 1400, 771, 5581], [4618, 2736, 5825, 1215, 171, 5935, 4125, 5029], [5307, 2121, 2736, 1319, 4051, 4618, 4495, 3714], [6414, 4502, 1182, 1817, 293, 6776, 6085, 3351], [1227, 4307, 427, 444, 1952, 276, 6571, 624], [4261, 373, 5495, 6060, 4134, 1227, 435, 1614], [1614, 1227, 5241, 2324, 4490, 5397, 5610, 5322], [5241, 4941, 548, 5029, 428, 435, 5307, 6008], [1266, 268, 5981, 6141, 688, 4607, 2940, 6589], [6132, 1968, 2773, 6680, 1156, 5674, 4618, 5307], [4702, 4443, 3101, 444, 4459, 1227, 4453, 374], [1227, 6004, 1889, 2773, 5805, 4261, 6095, 5393], [2627, 6090, 5836, 4757, 4750, 2885, 2871, 2061], [1227, 3184, 5145, 3263, 281, 560, 5129, 3579], [4908, 6770, 6774, 521, 3172, 1482, 1708, 204], [2347, 5981, 3121, 3836, 6296, 275, 3321, 6783], [5307, 741, 3722, 1336, 6010, 293, 3069, 1968], [3036, 3088, 6085, 6008, 4169, 3067, 6090, 6203], [3322, 5901, 4764, 2717, 6362, 4750, 6383, 2871], [2909, 2680, 1466, 241, 68, 225, 5311, 1201], [6782, 5248, 5934, 6562, 645, 204, 6787, 5112], [2060, 2190, 147, 559, 6782, 13, 6002, 5240]]}, "plutarch_2_1908": {"tgt_lang": "en", "transl_top1": 0.44366197183098594, "transl_top5": 0.6408450704225352, "transl_top10": 0.7816901408450704, "num_nulls": 0, "num_tgt_sents": 5773,