{"num_src_sents": 181, "demosthenes_1902": {"tgt_lang": "en", "transl_top1": 0.36464088397790057, "transl_top5": 0.5027624309392266, "transl_top10": 0.56353591160221, "num_nulls": 0, "num_tgt_sents": 6778, "retrieval_preds": [[1292, 1153, 3675, 1293, 1313, 3722, 1311, 1245], [1293, 1153, 3047, 1292, 2330, 1159, 1296, 824], [1294, 269, 2916, 2025, 3139, 224, 3181, 5228], [4902, 1295, 1611, 4198, 4187, 3675, 1143, 1126], [1297, 1245, 4237, 2489, 2265, 1126, 2808, 2813], [5082, 2485, 1117, 4902, 1567, 4178, 5100, 3169], [1142, 577, 1320, 914, 3519, 974, 3764, 4763], [1310, 2760, 1311, 1292, 1330, 1153, 1301, 1313], [1305, 1412, 1414, 1984, 1956, 1560, 243, 165], [1326, 1329, 1306, 1443, 3750, 1422, 3415, 60], [1307, 1310, 3675, 1398, 1394, 2760, 1762, 1330], [1311, 1292, 1231, 1159, 824, 1313, 751, 1153], [1292, 1313, 1310, 1153, 1293, 932, 4043, 1307], [1487, 1860, 566, 974, 3464, 1912, 2674, 3357], [5007, 3632, 6646, 5584, 1018, 3255, 3597, 3613], [1081, 5085, 4884, 4867, 1126, 2819, 5031, 2795], [974, 1320, 1954, 2580, 1912, 1916, 2574, 2415], [1321, 1438, 1307, 1310, 2939, 1522, 1313, 163], [806, 3982, 468, 3616, 62, 1323, 807, 2760], [1326, 2224, 751, 2985, 1329, 1564, 4237, 3466], [2637, 1327, 4695, 4990, 1348, 4564, 5017, 3350], [1328, 1307, 1394, 1310, 1443, 4043, 3878, 1426], [1330, 5441, 1088, 3709, 3675, 1097, 932, 5555], [1126, 825, 1331, 716, 4902, 912, 1724, 1296], [1332, 1335, 1967, 4180, 3714, 1307, 1330, 1522], [1333, 1330, 807, 824, 1097, 931, 2871, 695], [1335, 1088, 1332, 4782, 1330, 952, 2303, 1331], [824, 333, 1159, 1762, 4236, 2808, 1307, 1311], [1337, 1301, 1126, 408, 932, 1331, 1421, 807], [3442, 3386, 2583, 3615, 3492, 966, 1939, 3357], [5007, 3632, 6646, 5584, 1018, 3255, 3597, 3613], [1339, 1429, 1245, 4063, 1762, 1238, 3683, 1237], [2637, 1341, 4990, 3347, 1868, 4987, 5152, 2153], [1565, 1307, 96, 1342, 1744, 97, 2248, 1443], [1347, 1366, 1462, 1363, 1384, 3500, 1382, 3293], [1348, 2637, 1860, 2401, 1003, 4825, 3408, 2072], [5321, 3240, 4006, 2673, 292, 6748, 2731, 1053], [1350, 1351, 1255, 1978, 1254, 2052, 2002, 3005], [1352, 3083, 3082, 2999, 2995, 1399, 1913, 2528], [795, 3615, 651, 2927, 1939, 793, 412, 1415], [1018, 3255, 3597, 3613, 368, 1579, 3959, 2992], [1354, 1256, 4220, 4259, 1360, 1911, 5269, 1364], [1356, 1257, 6640, 4438, 1256, 1701, 6406, 1972], [3500, 1357, 3661, 3485, 3791, 3748, 1685, 3421], [1358, 76, 2156, 1938, 2220, 2155, 5538, 1256], [1360, 1347, 80, 1366, 1462, 4259, 1126, 1530], [1362, 1381, 2145, 1384, 2052, 2077, 1364, 3752], [1364, 1762, 1245, 1238, 317, 2489, 2592, 4237], [412, 4024, 2677, 1415, 2291, 3454, 2294, 2735], [3656, 253, 1180, 6143, 1018, 3255, 3597, 3613], [1018, 3255, 3597, 3613, 368, 1579, 3959, 2992], [5007, 3632, 6646, 5584, 1018, 3255, 3597, 3613], [1366, 4198, 1689, 310, 1445, 2270, 3734, 1577], [1368, 227, 115, 1744, 1443, 1237, 1394, 1735], [1369, 1315, 2386, 2489, 1339, 1565, 1577, 5325], [1364, 1394, 1762, 1449, 1315, 2554, 4036, 1330], [3954, 3464, 2487, 781, 974, 1374, 3313, 2580], [5007, 3632, 5584, 368, 3959, 1018, 3255, 3597], [1547, 1915, 804, 1315, 1762, 2556, 697, 1572], [3632, 5584, 6646, 284, 1018, 3255, 3597, 3613], [1377, 1304, 1915, 687, 3616, 2675, 1736, 785], [1476, 820, 2819, 363, 1332, 697, 1302, 3080], [1381, 4043, 1307, 1379, 1292, 2760, 3709, 1310], [1382, 1410, 1384, 804, 1126, 3189, 1547, 245], [1383, 1307, 18, 4206, 1917, 1310, 1385, 4043], [1385, 1438, 1307, 1443, 1506, 1326, 1273, 1495], [5022, 4510, 4747, 2336, 1539, 2597, 4757, 4530], [1388, 1389, 823, 1307, 1145, 1398, 289, 1020], [1389, 1908, 3567, 364, 6210, 2502, 2280, 2132], [1390, 114, 1256, 129, 118, 3363, 5901, 551], [1391, 2000, 1272, 25, 2051, 1385, 1414, 1279], [1487, 1375, 2674, 1393, 2278, 959, 3464, 5368], [5007, 3632, 6646, 5584, 1018, 3255, 3597, 3613], [1394, 1443, 1307, 1429, 1409, 1339, 2197, 1762], [1395, 3120, 2047, 2046, 5234, 4282, 3098, 3240], [1397, 1126, 572, 1572, 754, 566, 5096, 1935], [1018, 3255, 3597, 3613, 368, 1579, 3959, 2992], [1307, 1398, 1310, 1138, 87, 1429, 1394, 175], [1401, 1398, 1484, 18, 143, 1389, 145, 996], [1398, 1097, 1307, 1394, 5033, 1422, 5588, 1417], [1385, 1399, 1406, 1326, 1443, 20, 1389, 843], [1307, 3605, 1409, 1339, 1429, 1426, 1394, 1381], [1411, 363, 664, 5224, 1303, 671, 1380, 3225], [1398, 1414, 1406, 1425, 1394, 1566, 1460, 1385], [1416, 1564, 1399, 1450, 1494, 1391, 1495, 1425], [1417, 1307, 1443, 1422, 1419, 1321, 1565, 1438], [1292, 1311, 1364, 1762, 2750, 1293, 2760, 1418], [4717, 4902, 5197, 2795, 2965, 5085, 3172, 1421], [1292, 1311, 2805, 310, 369, 926, 1126, 2489], [3615, 1939, 2583, 3442, 1424, 3373, 2489, 2068], [368, 1579, 5007, 2993, 3959, 1018, 3255, 3597], [3632, 5584, 6646, 284, 1018, 3255, 3597, 3613], [1425, 1469, 1484, 1406, 1399, 1435, 2643, 2556], [1426, 1762, 3878, 2760, 1339, 1381, 2145, 1238], [1315, 1569, 1339, 1762, 1262, 1443, 20, 1364], [1332, 1384, 3892, 3642, 4099, 4177, 5228, 2939], [2116, 274, 2630, 3863, 5668, 5377, 1399, 2099], [1430, 2685, 2584, 2574, 4237, 1792, 3411, 294], [5007, 3632, 5584, 368, 3959, 1018, 3255, 3597], [1431, 282, 3087, 360, 645, 3261, 2965, 3779], [1432, 3709, 3763, 3724, 2256, 712, 1184, 1350], [795, 3615, 651, 2927, 1939, 793, 412, 1415], [1018, 3255, 3597, 3613, 368, 1579, 3959, 2992], [1435, 4237, 1304, 751, 1388, 1020, 4090, 3699], [1369, 1398, 20, 1339, 4237, 1394, 1435, 1606], [932, 4215, 1438, 588, 1301, 3896, 1307, 4214], [1440, 975, 722, 383, 954, 2386, 1165, 2489], [1297, 5358, 2918, 1441, 2685, 408, 808, 5359], [1443, 1307, 1310, 1306, 1385, 1321, 1326, 700], [1245, 1231, 1238, 1339, 1159, 1292, 1444, 1364], [1447, 5353, 2089, 2304, 2046, 3431, 806, 966], [5007, 3632, 6646, 5584, 1018, 3255, 3597, 3613], [3508, 2653, 2630, 2585, 86, 1448, 566, 2571], [1449, 1429, 1310, 2760, 3675, 1212, 3616, 1246], [1451, 1871, 2355, 1077, 2148, 2253, 255, 2114], [5020, 2472, 2815, 2485, 2874, 1547, 1567, 1971], [1454, 1426, 1836, 3591, 2435, 1394, 1310, 1443], [1487, 1860, 566, 974, 3464, 1912, 2674, 3357], [5007, 3632, 6646, 5584, 1018, 3255, 3597, 3613], [1456, 1454, 1866, 2541, 1542, 1506, 2557, 1282], [1460, 87, 1463, 4036, 145, 2760, 1792, 1307], [5555, 2147, 5197, 5288, 4887, 1462, 1573, 1545], [2937, 5429, 1852, 5552, 5232, 4405, 3386, 2810], [317, 3441, 5421, 440, 4220, 3393, 4259, 119], [1465, 522, 2002, 2485, 484, 84, 1930, 648], [324, 4215, 2485, 1533, 142, 3798, 396, 2088], [1470, 2717, 1429, 5160, 2760, 3675, 4073, 4925], [4178, 1307, 3605, 503, 333, 3684, 4847, 5389], [1310, 1478, 1307, 3961, 4215, 1313, 4036, 4206], [1479, 4418, 363, 2096, 643, 2713, 5490, 1509], [1480, 1470, 4162, 4146, 1286, 2889, 4153, 3989], [1460, 1484, 18, 177, 4053, 175, 296, 1999], [1486, 324, 440, 3298, 1485, 1460, 3287, 1792], [1487, 1860, 2278, 3442, 3464, 2674, 3357, 1393], [5007, 3632, 6646, 5584, 1018, 3255, 3597, 3613], [4003, 4032, 2445, 3961, 4036, 1307, 1394, 4020], [2145, 1506, 1307, 5588, 1449, 2126, 2760, 1460], [1500, 2557, 1501, 1429, 1307, 1394, 3878, 2760], [1873, 842, 2152, 1610, 3234, 1301, 2766, 1183], [1506, 1307, 1282, 1460, 1499, 2557, 1394, 1381], [2761, 2299, 1508, 2310, 1107, 4996, 2750, 4692], [1572, 1915, 1263, 1872, 974, 1469, 54, 872], [5007, 3632, 6646, 5584, 1018, 3255, 3597, 3613], [2685, 4237, 1509, 2808, 1510, 1492, 1449, 1212], [1512, 1492, 807, 1721, 2426, 1873, 4219, 585], [1513, 1459, 3340, 3178, 1335, 1470, 2669, 3341], [1487, 566, 1860, 1912, 2415, 2570, 974, 2487], [5007, 3632, 6646, 5584, 1018, 3255, 3597, 3613], [1516, 5588, 1297, 2119, 2760, 1762, 47, 2517], [3675, 1429, 1762, 806, 1611, 2350, 4925, 1238], [4215, 1522, 3895, 4030, 4178, 241, 932, 5421], [1527, 3672, 3878, 5441, 3895, 5555, 4195, 3763], [886, 2971, 1547, 2485, 2815, 2834, 907, 529], [1529, 3293, 1530, 86, 3292, 2068, 2267, 224], [1530, 1736, 2556, 2068, 1762, 5543, 1301, 1394], [4187, 1640, 3598, 369, 242, 1045, 5469, 3622], [396, 664, 226, 1098, 5533, 211, 1181, 2713], [1792, 1536, 1117, 3425, 3878, 1571, 4215, 2299], [1538, 4101, 1162, 950, 1155, 553, 86, 2171], [3656, 253, 1180, 