{"num_src_sents": 28, "plutarch_4_1908": {"tgt_lang": "en", "transl_top1": 0.14285714285714285, "transl_top5": 0.32142857142857145, "transl_top10": 0.42857142857142855, "num_nulls": 0, "num_tgt_sents": 13066, "retrieval_preds": [[3917, 1625, 6465, 3948, 1997, 4017, 2177, 8026], [5245, 2991, 2923, 4577, 5103, 5340, 5058, 5274], [5246, 3508, 4302, 4667, 941, 5146, 2902, 2338], [5247, 5157, 1189, 5058, 6730, 1389, 4851, 5788], [5143, 5058, 5191, 6771, 1773, 4934, 1692, 4852], [5251, 4325, 5272, 4246, 912, 4216, 4010, 3948], [5086, 1884, 2060, 1601, 591, 5370, 1954, 1636], [5255, 4428, 4278, 4114, 4261, 4490, 4362, 5251], [5170, 1347, 4349, 6413, 3669, 4489, 1403, 5613], [5261, 5199, 5061, 5103, 5106, 4577, 6471, 928], [5262, 2651, 4375, 4577, 5813, 5145, 1969, 4179], [2953, 10199, 12360, 10315, 7823, 12752, 8478, 13020], [6099, 4931, 4580, 4577, 4586, 6256, 6300, 4509], [5267, 4706, 5261, 1984, 4577, 5120, 6530, 1895], [5269, 5103, 1758, 4580, 4090, 4936, 3267, 4205], [5272, 5251, 5265, 4663, 5121, 4684, 5054, 2052], [5274, 4071, 4359, 4080, 3650, 5613, 5378, 4005], [5275, 4109, 3650, 4570, 2060, 3072, 4402, 6560], [5276, 2991, 5274, 676, 5371, 5629, 4526, 2943], [5277, 4720, 6558, 5228, 5788, 6046, 999, 2173], [5281, 6663, 6424, 4358, 5665, 5279, 2931, 1951], [5282, 4508, 4161, 2301, 5038, 4149, 4150, 5829], [3668, 3099, 5276, 5125, 4984, 5285, 5284, 4625], [2256, 1454, 1482, 1507, 5523, 6201, 6109, 5817], [3579, 5288, 1242, 5000, 745, 5602, 5418, 4196], [4663, 1628, 6665, 2997, 5289, 5123, 1098, 4778], [4449, 1132, 4786, 963, 2930, 4991, 3891, 7790], [6753, 5291, 6514, 6364, 5108, 4801, 1384, 6149]]}, "plutarch_3_1908": {"tgt_lang": "en", "transl_top1": 0.03571428571428571, "transl_top5": 0.07142857142857142, "transl_top10": 0.14285714285714285, "num_nulls": 0, "num_tgt_sents": 6633, "retrieval_preds": [[5190, 1075, 4265, 4655, 4971, 3735, 2384, 2756], [846, 5210, 5951, 6473, 591, 3122, 1029, 721], [2004, 3276, 4154, 2355, 3315, 3354, 5375, 5033], [6549, 5268, 5439, 4767, 3734, 5950, 6280, 1413], [6473, 2570, 5090, 5210, 765, 6180, 668, 4658], [497, 685, 4687, 6109, 875, 868, 960, 1292], [6269, 5210, 4881, 593, 4940, 3122, 2806, 6209], [3705, 374, 1060, 3285, 94, 1008, 683, 4750], [1456, 6488, 2239, 2570, 2438, 3317, 1309, 2714], [5219, 6629, 4902, 5268, 5299, 5266, 6549, 6444], [1653, 3048, 735, 6280, 5061, 3447, 6016, 2875], [932, 949, 3000, 722, 4792, 3888, 4174, 3001], [6, 5210, 1015, 6528, 5439, 765, 4200, 6209], [735, 6215, 6330, 837, 4918, 4730, 6473, 3029], [4881, 5788, 5236, 6386, 6424, 1000, 1015, 3924], [1127, 497, 16, 990, 2682, 3639, 4789, 851], [5210, 3244, 5090, 6, 2570, 3122, 6305, 981], [86, 2273, 6628, 961, 5483, 6, 3285, 3244], [3285, 6423, 3375, 915, 721, 1341, 765, 3122], [6323, 6036, 2878, 2375, 6549, 4961, 3176, 5210], [4150, 1778, 6323, 2296, 5567, 5336, 514, 6324], [5107, 2754, 4358, 185, 386, 4886, 2795, 2886], [6286, 3413, 1169, 960, 5335, 6211, 1539, 3411], [4328, 4610, 6130, 4549, 1916, 4040, 1706, 91], [6101, 798, 4971, 4382, 549, 228, 3370, 542], [5243, 5111, 6221, 868, 5006, 6399, 5036, 5260], [1411, 6273, 4736, 5105, 649, 940, 2598, 2869], [618, 3551, 3207, 525, 5033, 2764, 4037, 4831]]}, "num_translations": 2, "text_top1": 0.08928571428571427, "text_top5": 0.19642857142857145, "text_top10": 0.2857142857142857}