{"num_src_sents": 27, "plutarch_4_1908": {"tgt_lang": "en", "transl_top1": 0.07407407407407407, "transl_top5": 0.18518518518518517, "transl_top10": 0.3333333333333333, "num_nulls": 0, "num_tgt_sents": 13066, "retrieval_preds": [[10131, 10640, 1786, 5394, 5410, 10508, 12190, 4696], [4720, 6102, 2410, 5613, 1347, 1728, 3141, 4005], [6102, 6099, 190, 5373, 374, 5378, 6236, 3141], [2513, 5342, 522, 1270, 1350, 3812, 4416, 6095], [916, 919, 3019, 4078, 5378, 1627, 4577, 4394], [1347, 4071, 2564, 591, 380, 916, 3388, 2479], [6560, 1627, 1924, 1709, 1054, 4406, 1707, 3659], [865, 6734, 1403, 1347, 3019, 2137, 1622, 6099], [5096, 6035, 3300, 777, 4079, 4922, 1413, 2140], [560, 1289, 556, 48, 3758, 6099, 4509, 3620], [3650, 5859, 5563, 5371, 1189, 4526, 5561, 2923], [6099, 4567, 6342, 4526, 4422, 6300, 6560, 5274], [1347, 1893, 1983, 6771, 6099, 2324, 6530, 2223], [1403, 4852, 6099, 5370, 757, 3388, 591, 1937], [4380, 5381, 4447, 1614, 1560, 4390, 1189, 4428], [6734, 1347, 6294, 1344, 6099, 1403, 6413, 3388], [5004, 897, 1291, 1042, 6379, 3133, 3991, 526], [2765, 12399, 4192, 11100, 3257, 3099, 1776, 3682], [5102, 5103, 5402, 4673, 4846, 5317, 4774, 5444], [2052, 11208, 8409, 1753, 912, 12063, 11837, 9268], [2324, 6695, 4567, 5086, 5191, 5370, 1614, 2874], [5378, 3120, 1728, 6099, 3722, 6560, 6024, 2060], [13059, 8317, 6870, 10476, 11232, 3532, 8318, 8049], [1347, 48, 560, 5378, 374, 216, 102, 4359], [4393, 5652, 4376, 916, 4109, 1773, 5276, 6300], [3388, 5613, 4720, 4723, 2164, 723, 1343, 2407], [5261, 916, 4706, 4625, 6300, 5120, 1182, 1189]]}, "plutarch_3_1908": {"tgt_lang": "en", "transl_top1": 0.0, "transl_top5": 0.1111111111111111, "transl_top10": 0.2222222222222222, "num_nulls": 0, "num_tgt_sents": 6633, "retrieval_preds": [[1106, 4440, 1146, 1144, 6195, 151, 316, 291], [926, 1107, 861, 5092, 922, 1523, 5046, 2878], [5210, 765, 1782, 3901, 94, 3244, 3025, 4767], [1113, 4244, 5301, 6241, 3406, 5239, 2980, 2169], [181, 311, 6, 765, 407, 6135, 358, 362], [1136, 153, 6223, 189, 6209, 5970, 174, 6260], [1121, 5523, 6063, 6303, 3072, 695, 5525, 556], [1123, 5210, 4753, 6305, 3244, 6180, 915, 721], [2787, 2629, 2539, 2547, 1668, 3980, 3204, 962], [1125, 3853, 189, 3899, 226, 2218, 6590, 3710], [86, 1916, 5483, 1127, 1782, 846, 320, 1123], [1129, 1147, 6267, 311, 133, 1136, 106, 127], [1130, 6165, 5439, 2373, 6280, 6215, 3214, 698], [1136, 6473, 4753, 1125, 3244, 2570, 3225, 6305], [321, 1137, 358, 1413, 1139, 673, 446, 2743], [2570, 4753, 2561, 1782, 6488, 1123, 1139, 3456], [851, 6129, 5923, 5457, 5377, 723, 577, 36], [2163, 313, 193, 1144, 147, 422, 364, 167], [1059, 789, 679, 913, 683, 3292, 993, 824], [6388, 680, 1144, 1146, 808, 705, 514, 685], [1147, 5439, 2570, 2657, 224, 1309, 2610, 3232], [3244, 5228, 1150, 1024, 2951, 3027, 765, 1308], [1154, 2769, 3280, 1008, 2553, 1654, 5628, 5083], [1782, 1155, 4010, 2052, 3244, 1024, 1015, 3899], [1159, 5210, 258, 2570, 2743, 2019, 4832, 2040], [934, 5951, 1539, 902, 5357, 922, 3095, 6339], [1163, 4902, 1035, 94, 358, 5268, 5210, 668]]}, "num_translations": 2, "text_top1": 0.037037037037037035, "text_top5": 0.14814814814814814, "text_top10": 0.2777777777777778}