{"num_src_sents": 110, "sophistesGrecs_1842": {"tgt_lang": "fr", "transl_top1": 0.13636363636363635, "transl_top5": 0.32727272727272727, "transl_top10": 0.42727272727272725, "num_nulls": 0, "num_tgt_sents": 7988}, "isocrates_1835_5": {"tgt_lang": "de", "transl_top1": 0.03636363636363636, "transl_top5": 0.11818181818181818, "transl_top10": 0.12727272727272726, "num_nulls": 0, "num_tgt_sents": 4051}, "isocrates_1832_1": {"tgt_lang": "de", "transl_top1": 0.5454545454545454, "transl_top5": 0.7181818181818181, "transl_top10": 0.7545454545454545, "num_nulls": 0, "num_tgt_sents": 3528}, "num_translations": 3, "text_top1": 0.23939393939393938, "text_top5": 0.3878787878787878, "text_top10": 0.4363636363636364}