{"num_src_sents": 22, "plutarch_1_1906": {"tgt_lang": "en", "transl_top1": 0.045454545454545456, "transl_top5": 0.18181818181818182, "transl_top10": 0.22727272727272727, "num_nulls": 0, "num_tgt_sents": 6800, "retrieval_preds": [[6189, 3084, 1358, 5860, 4791, 2371, 1598, 6782], [3349, 5159, 3580, 5905, 3391, 3177, 3748, 4085], [5458, 6431, 1781, 2490, 6782, 3065, 4785, 3681], [1203, 6797, 51, 445, 44, 1509, 4501, 738], [295, 1786, 3143, 2347, 403, 1602, 4011, 2180], [5996, 4446, 961, 2062, 6305, 738, 1893, 6490], [1218, 6102, 814, 4157, 3782, 5659, 3404, 2860], [5330, 2127, 6197, 380, 2209, 5038, 536, 3347], [4639, 2061, 4632, 2946, 1184, 6275, 4771, 4446], [4149, 4172, 3540, 4027, 5354, 4095, 3061, 329], [6197, 3002, 5144, 5453, 4149, 3075, 5333, 6613], [2722, 3250, 4119, 4149, 4157, 2815, 4001, 3701], [4880, 688, 720, 5210, 2908, 562, 6209, 268], [1636, 5254, 2157, 99, 3678, 6602, 4832, 203], [6005, 5318, 4875, 3133, 612, 4051, 3067, 6776], [6742, 2909, 1496, 5092, 5860, 6197, 6782, 4832], [442, 6787, 6774, 5163, 6008, 428, 6361, 4770], [3817, 534, 1112, 1663, 3280, 4218, 4752, 5165], [1927, 4425, 789, 2459, 4032, 3540, 1201, 6792], [3040, 47, 1782, 6189, 6748, 6094, 2577, 5867], [34, 5390, 6356, 3817, 3842, 2294, 2091, 2163], [3049, 6782, 5354, 4707, 1817, 3481, 4675, 4793]]}, "plutarch_2_1908": {"tgt_lang": "en", "transl_top1": 0.13636363636363635, "transl_top5": 0.18181818181818182, "transl_top10": 0.36363636363636365, "num_nulls": 0, "num_tgt_sents": 5773, "retrieval_preds": [[2296, 2166, 3854, 1031, 1203, 2297, 5409, 5002], [2298, 2065, 2297, 1917, 2299, 2315, 1955, 2131], [2299, 2189, 1852, 943, 2296, 4173, 740, 2199], [403, 4679, 2300, 2301, 3902, 527, 3567, 5723], [2302, 2063, 32, 2066, 2308, 2124, 2136, 2315], [4995, 527, 2759, 1724, 3639, 1024, 5079, 1647], [2162, 4530, 5269, 58, 3648, 292, 3859, 1324], [2304, 5265, 1708, 3717, 4080, 5334, 2266, 4592], [2307, 1855, 278, 1946, 1920, 2224, 852, 2306], [2308, 3847, 1459, 863, 3874, 2223, 4728, 349], [4624, 3841, 4980, 2223, 1962, 2881, 3895, 4628], [3904, 2312, 48, 5318, 5080, 1203, 174, 2297], [24, 2219, 5522, 5479, 2863, 2286, 2121, 2125], [5371, 516, 1387, 4059, 4243, 1717, 3429, 2863], [2315, 4207, 4363, 1089, 4738, 2392, 2186, 5419], [2317, 2296, 5557, 2224, 2303, 179, 5003, 5720], [2318, 151, 2204, 4454, 5763, 2330, 2142, 273], [4580, 307, 777, 1278, 1678, 3236, 3900, 4404], [2319, 2940, 1841, 4177, 15, 1112, 2034, 3569], [433, 2319, 2303, 1226, 403, 5196, 2424, 2178], [3274, 5152, 4523, 3040, 1765, 2883, 4966, 3620], [2320, 2034, 5496, 4737, 2155, 2257, 2899, 1183]]}, "num_translations": 2, "text_top1": 0.09090909090909091, "text_top5": 0.18181818181818182, "text_top10": 0.29545454545454547}