{"num_src_sents": 14, "plutarch_3_1908": {"tgt_lang": "en", "transl_top1": 0.07142857142857142, "transl_top5": 0.14285714285714285, "transl_top10": 0.21428571428571427, "num_nulls": 0, "num_tgt_sents": 6633}, "plutarch_4_1908": {"tgt_lang": "en", "transl_top1": 0.0, "transl_top5": 0.0, "transl_top10": 0.21428571428571427, "num_nulls": 0, "num_tgt_sents": 13066}, "num_translations": 2, "text_top1": 0.03571428571428571, "text_top5": 0.07142857142857142, "text_top10": 0.21428571428571427}