{"num_src_sents": 1236, "cicero_1871_15": {"tgt_lang": "de", "transl_top1": 0.006472491909385114, "transl_top5": 0.021844660194174758, "transl_top10": 0.04288025889967637, "num_nulls": 0, "num_tgt_sents": 3588}, "cicero_1855-1895_16": {"tgt_lang": "de", "transl_top1": 0.7726537216828478, "transl_top5": 0.9085760517799353, "transl_top10": 0.9530744336569579, "num_nulls": 0, "num_tgt_sents": 5529}, "num_translations": 2, "text_top1": 0.3895631067961165, "text_top5": 0.465210355987055, "text_top10": 0.49797734627831713}