{"num_src_sents": 368, "suetonius_1855-1897": {"tgt_lang": "de", "transl_top1": 0.6956521739130435, "transl_top5": 0.8396739130434783, "transl_top10": 0.8831521739130435, "num_nulls": 0, "num_tgt_sents": 5120}, "num_translations": 1, "text_top1": 0.6956521739130435, "text_top5": 0.8396739130434783, "text_top10": 0.8831521739130435}