{"num_src_sents": 820, "appian_1832_10": {"tgt_lang": "de", "transl_top1": 0.003658536585365854, "transl_top5": 0.03170731707317073, "transl_top10": 0.045121951219512194, "num_nulls": 0, "num_tgt_sents": 12614}, "Appianus_1828": {"tgt_lang": "de", "transl_top1": 0.004878048780487805, "transl_top5": 0.02804878048780488, "transl_top10": 0.0524390243902439, "num_nulls": 0, "num_tgt_sents": 6120}, "appian_1830_5": {"tgt_lang": "de", "transl_top1": 0.48048780487804876, "transl_top5": 0.7060975609756097, "transl_top10": 0.8085365853658537, "num_nulls": 0, "num_tgt_sents": 7584}, "num_translations": 3, "text_top1": 0.1630081300813008, "text_top5": 0.2552845528455284, "text_top10": 0.3020325203252033}