{"num_src_sents": 616, "demosthenes_1856_1": {"tgt_lang": "de", "transl_top1": 0.4967532467532468, "transl_top5": 0.6477272727272727, "transl_top10": 0.7256493506493507, "num_nulls": 0, "num_tgt_sents": 4305}, "demosthenes_aeschynes_1861": {"tgt_lang": "fr", "transl_top1": 0.2418831168831169, "transl_top5": 0.3717532467532468, "transl_top10": 0.4448051948051948, "num_nulls": 2, "num_tgt_sents": 36182}, "demosthenes_2_1861": {"tgt_lang": "fr", "transl_top1": 0.00487012987012987, "transl_top5": 0.02922077922077922, "transl_top10": 0.045454545454545456, "num_nulls": 0, "num_tgt_sents": 2969}, "demosthenes_1_1863": {"tgt_lang": "fr", "transl_top1": 0.3587662337662338, "transl_top5": 0.5373376623376623, "transl_top10": 0.6314935064935064, "num_nulls": 2, "num_tgt_sents": 3406}, "num_translations": 4, "text_top1": 0.2755681818181818, "text_top5": 0.3965097402597403, "text_top10": 0.46185064935064934}