{"num_src_sents": 38, "demosthenes_1_1863": {"tgt_lang": "fr", "transl_top1": 0.02631578947368421, "transl_top5": 0.13157894736842105, "transl_top10": 0.21052631578947367, "num_nulls": 0, "num_tgt_sents": 3406, "retrieval_preds": [[836, 1524, 655, 2410, 2353, 2489, 1997, 2475], [3356, 3364, 2353, 2225, 1107, 3390, 2615, 2382], [1883, 2435, 836, 2522, 1280, 2742, 3165, 1054], [836, 2522, 2238, 2435, 2725, 3291, 2192, 2190], [3252, 836, 2189, 2954, 1026, 1296, 2353, 3152], [250, 2252, 2724, 1881, 1807, 3075, 2954, 311], [2410, 748, 1794, 3289, 3208, 3390, 3356, 2475], [2189, 1794, 469, 1634, 1733, 1684, 2410, 1250], [2779, 2410, 299, 1884, 3315, 3208, 2725, 2353], [836, 1080, 1939, 2860, 469, 1742, 1240, 2452], [277, 2035, 2559, 2021, 2129, 387, 1250, 1413], [2410, 2353, 1976, 1884, 748, 836, 2890, 2725], [3268, 3215, 1739, 3319, 1697, 3252, 3236, 258], [2015, 3291, 2572, 2459, 3006, 1002, 3085, 2007], [3126, 3040, 3112, 2719, 1314, 3289, 1424, 3315], [3390, 3024, 3011, 2410, 1323, 687, 1107, 299], [2349, 3126, 1346, 299, 2559, 2261, 1323, 255], [3127, 3137, 3331, 491, 2798, 2039, 1425, 793], [3126, 2349, 2261, 3112, 3269, 3197, 3229, 3175], [3315, 3269, 3126, 3336, 3208, 3229, 80, 3364], [1979, 759, 2830, 2418, 2925, 2929, 1016, 1700], [3127, 2805, 1807, 3175, 3137, 2338, 3028, 491], [1250, 2138, 3228, 629, 2021, 277, 2384, 2160], [680, 2559, 2160, 704, 1877, 1346, 3153, 3126], [1383, 3269, 1620, 2246, 1797, 3315, 491, 3221], [680, 836, 851, 3315, 3220, 2278, 624, 3112], [2160, 2559, 2349, 3153, 405, 482, 2246, 2189], [1605, 370, 1787, 1805, 431, 2982, 458, 2475], [553, 2535, 1593, 2073, 3268, 1973, 1210, 2603], [1617, 3364, 3126, 2964, 3281, 1153, 1210, 3195], [2969, 2581, 2916, 2699, 1016, 3092, 2970, 1175], [2149, 115, 1605, 1525, 2067, 2780, 2633, 2604], [3126, 2730, 2269, 2107, 1260, 2459, 1165, 2361], [3022, 1396, 2436, 1507, 2008, 804, 1683, 3270], [2349, 3391, 2518, 3364, 2536, 3126, 3179, 1007], [3028, 3303, 1151, 1933, 1441, 3127, 3280, 2587], [2129, 2021, 1669, 1178, 2160, 2138, 2382, 2840], [210, 547, 554, 482, 1156, 2860, 624, 3022]]}, "demosthenes_1856_1": {"tgt_lang": "de", "transl_top1": 0.07894736842105263, "transl_top5": 0.13157894736842105, "transl_top10": 0.18421052631578946, "num_nulls": 0, "num_tgt_sents": 4305, "retrieval_preds": [[547, 3931, 1985, 154, 3032, 3145, 1971, 422], [689, 2450, 4092, 405, 547, 4126, 3968, 4160], [550, 3575, 2704, 364, 282, 4110, 2296, 603], [1313, 562, 551, 1971, 2814, 212, 2244, 3575], [3901, 1985, 552, 2754, 212, 694, 2476, 422], [553, 3147, 2113, 673, 297, 1302, 681, 813], [554, 3931, 2742, 2879, 418, 4253, 1313, 2628], [556, 4253, 515, 1185, 2881, 2879, 2408, 1580], [557, 1550, 2818, 2168, 1350, 2014, 2257, 562], [1313, 3418, 4253, 198, 882, 2038, 559, 1971], [562, 1550, 1399, 606, 672, 2014, 2038, 2408], [2742, 2881, 3931, 1313, 562, 1971, 1517, 1550], [564, 1197, 2137, 3296, 364, 3845, 546, 3305], [740, 3696, 1775, 1778, 906, 639, 565, 1913], [2051, 569, 566, 256, 1532, 2601, 612, 696], [568, 523, 1973, 39, 939, 449, 212, 2628], [569, 599, 1339, 2051, 785, 412, 696, 523], [570, 195, 146, 4187, 575, 1043, 4282, 3868], [569, 2051, 571, 163, 2818, 2593, 1339, 343], [573, 960, 2051, 569, 256, 506, 855, 1151], [574, 433, 3318, 2726, 738, 363, 980, 2729], [575, 2191, 268, 195, 146, 3793, 197, 1473], [577, 2742, 4195, 2876, 1550, 672, 3926, 3809], [803, 3174, 562, 569, 588, 1569, 964, 2881], [583, 584, 3046, 627, 2293, 2522, 1460, 2061], [562, 2742, 1550, 3737, 2014, 3090, 601, 599], [588, 2976, 1411, 569, 1322, 309, 964, 3174], [1664, 1888, 707, 3761, 842, 3452, 3604, 2695], [269, 4180, 3897, 491, 718, 775, 658, 2577], [2435, 525, 1523, 479, 3292, 3458, 592, 574], [433, 593, 517, 2839, 2636, 3292, 3458, 736], [2787, 3087, 2731, 314, 1558, 2781, 2636, 4125], [805, 595, 195, 1268, 3989, 2543, 3070, 268], [596, 817, 359, 40, 2773, 133, 2191, 3791], [597, 2593, 423, 525, 3171, 3230, 305, 1061], [929, 4282, 342, 477, 268, 1905, 494, 1043], [598, 2456, 1402, 3760, 2876, 2558, 850, 672], [515, 599, 3422, 2061, 2841, 2295, 1322, 3032]]}, "demosthenes_aeschynes_1861": {"tgt_lang": "fr", "transl_top1": 0.05263157894736842, "transl_top5": 0.10526315789473684, "transl_top10": 0.13157894736842105, "num_nulls": 0, "num_tgt_sents": 36182, "retrieval_preds": [[16103, 19029, 7045, 9914, 20241, 2533, 34513, 14726], [6632, 9914, 21246, 21409, 3062, 21665, 3054, 8900], [4182, 34412, 20711, 8191, 9924, 21485, 10318, 28832], [4183, 19029, 21249, 21785, 21485, 14445, 8817, 18427], [9914, 21246, 9931, 11698, 9422, 21409, 15871, 25598], [34791, 35109, 16748, 4458, 9879, 35706, 7825, 34837], [9914, 14769, 3052, 4187, 9422, 15871, 16083, 21246], [21246, 15924, 20241, 17574, 3908, 15821, 7431, 15746], [4191, 9059, 7202, 25901, 14746, 4219, 2194, 21246], [19029, 26428, 4560, 3052, 3023, 30490, 9238, 24187], [21246, 4456, 4560, 17032, 21067, 14769, 3908, 20756], [19029, 15871, 4202, 9008, 9914, 5236, 1458, 6947], [34701, 2294, 6893, 10653, 23043, 34779, 8623, 4319], [15295, 69, 18914, 23413, 30270, 21063, 12413, 20797], [4219, 21438, 16913, 15821, 3052, 6122, 6462, 7359], [4217, 23189, 2695, 33774, 4958, 1742, 33039, 2066], [4219, 2570, 15163, 4402, 17489, 2137, 2488, 21831], [4223, 21637, 9847, 4944, 20574, 6110, 36039, 6928], [4219, 17152, 2570, 4402, 35762, 22790, 8823, 26701], [1446, 5223, 6173, 31425, 5125, 15870, 4219, 7040], [4231, 34857, 3374, 27541, 12060, 2571, 26317, 31869], [15170, 1335, 20644, 3398, 223, 22060, 5202, 20553], [4233, 83, 21067, 21193, 4456, 2138, 15746, 15083], [15746, 15821, 7202, 4219, 14778, 7431, 20241, 21438], [4243, 5223, 6173, 4102, 28715, 26804, 9662, 26241], [2570, 15083, 19029, 15746, 3052, 16321, 15709, 25416], [4248, 15746, 22580, 21217, 27797, 7290, 4239, 4219], [33942, 8671, 1953, 35126, 32591, 1626, 4127, 2880], [25227, 28575, 11780, 28011, 31093, 8324, 2586, 16926], [3374, 27179, 5091, 30868, 6056, 27541, 2606, 2571], [11913, 28475, 4347, 28476, 8053, 16732, 31206, 6327], [14811, 407, 6621, 11407, 5658, 8211, 12288, 16303], [26505, 33808, 8933, 27466, 4215, 13688, 20498, 4256], [2746, 20611, 9874, 21298, 33808, 1435, 17053, 4293], [21402, 4673, 7092, 17314, 28355, 15182, 23215, 34669], [6110, 8856, 12001, 5987, 12340, 30076, 6914, 8997], [21067, 21193, 20241, 16818, 323, 4525, 21184, 4110], [5607, 15813, 4293, 18858, 4560, 17739, 18796, 4122]]}, "demosthenes_2_1861": {"tgt_lang": "fr", "transl_top1": 0.10526315789473684, "transl_top5": 0.23684210526315788, "transl_top10": 0.47368421052631576, "num_nulls": 0, "num_tgt_sents": 2969,