{"num_src_sents": 97, "isocrates_1832_1": {"tgt_lang": "de", "transl_top1": 0.030927835051546393, "transl_top5": 0.08247422680412371, "transl_top10": 0.20618556701030927, "num_nulls": 0, "num_tgt_sents": 3528, "retrieval_preds": [[3351, 3355, 1803, 3447, 1924, 2762, 2769, 2180], [378, 3151, 417, 3114, 2172, 1434, 3247, 1941], [2207, 838, 2346, 3148, 1196, 3522, 2880, 2907], [3407, 1196, 3220, 879, 3406, 1023, 880, 1251], [1482, 443, 3220, 2496, 280, 448, 456, 3488], [1705, 673, 2432, 187, 1691, 2178, 1936, 591], [2346, 2543, 2814, 189, 3148, 1443, 281, 279], [3436, 2260, 2776, 685, 3169, 3499, 189, 2279], [684, 2868, 1196, 2762, 2267, 1675, 3404, 3350], [954, 898, 825, 3297, 3370, 2905, 1241, 3255], [2163, 954, 3173, 3255, 3213, 1241, 823, 3256], [2274, 3370, 632, 823, 1944, 1233, 1184, 898], [1455, 151, 172, 3356, 3355, 1985, 1557, 2022], [206, 915, 3023, 2596, 935, 1150, 2540, 970], [1269, 1327, 1262, 3193, 823, 2791, 1184, 2289], [3369, 3182, 572, 2524, 802, 857, 1698, 821], [1335, 2153, 1647, 1726, 1937, 2793, 1439, 2146], [1184, 412, 575, 2833, 1902, 3003, 823, 1233], [1771, 2331, 712, 1713, 3234, 3233, 1343, 1342], [1729, 489, 3143, 1702, 2849, 3176, 2565, 1320], [3393, 954, 3256, 742, 1019, 1254, 3232, 2023], [955, 3401, 165, 2565, 1161, 3176, 3414, 954], [808, 2602, 1291, 3289, 1836, 1713, 251, 1906], [2616, 271, 3398, 866, 2510, 1488, 709, 2905], [1802, 1262, 658, 641, 313, 1903, 3412, 2133], [1369, 2520, 2510, 2485, 179, 2508, 308, 888], [2923, 2805, 271, 389, 2343, 179, 2517, 1489], [3417, 2508, 308, 2531, 811, 800, 400, 2180], [1836, 3289, 1906, 3049, 1713, 1806, 417, 808], [2180, 437, 1201, 3406, 3393, 1780, 2773, 2968], [1931, 2752, 1501, 2762, 586, 2868, 3444, 3355], [2267, 1939, 1517, 1948, 1469, 2496, 728, 1234], [308, 3169, 3491, 880, 2565, 696, 1286, 888], [1861, 3521, 871, 2266, 1278, 184, 2812, 1859], [1649, 1948, 658, 1889, 651, 3232, 954, 3256], [1437, 1313, 922, 2163, 3268, 2578, 1852, 616], [1739, 1311, 2906, 2451, 1250, 2584, 2622, 658], [929, 2529, 1395, 3185, 478, 1807, 1943, 2978], [651, 3232, 1739, 3173, 2833, 2451, 2274, 2990], [3356, 2959, 875, 485, 1203, 2470, 1388, 1024], [879, 1162, 443, 240, 679, 2765, 2531, 298], [2280, 1902, 2200, 2277, 898, 3173, 1314, 2906], [1867, 2935, 1209, 2958, 2198, 2971, 3229, 2444], [2808, 1241, 302, 2161, 1193, 2127, 825, 1877], [2186, 2963, 2999, 1512, 712, 3233, 3247, 2331], [3415, 1341, 2971, 2949, 954, 2293, 825, 3413], [298, 1497, 2455, 2267, 1234, 2791, 569, 2277], [728, 879, 678, 2539, 288, 2493, 454, 163], [954, 2200, 9, 3063, 2121, 1569, 3229, 1152], [3232, 1242, 823, 3393, 1497, 1404, 2493, 1241], [658, 392, 2765, 1943, 957, 955, 475, 880], [1889, 2451, 2121, 2833, 1902, 279, 2622, 1739], [2531, 2621, 678, 2251, 149, 2185, 2479, 609], [214, 2826, 3502, 3355, 1686, 288, 298, 977], [279, 2978, 955, 722, 2531, 2545, 1921, 1190], [181, 1710, 1475, 159, 3010, 715, 2146, 1353], [2969, 1910, 2533, 299, 243, 1672, 2103, 651], [433, 722, 2455, 1162, 2233, 2765, 1917, 1754], [2619, 1161, 2876, 1804, 1948, 1569, 1649, 2114], [1497, 1241, 2833, 2906, 1311, 1739, 9, 1902], [3355, 247, 2531, 698, 728, 1948, 3447, 2969], [678, 673, 1487, 1489, 2960, 916, 2372, 3407], [1924, 703, 443, 1881, 162, 456, 3447, 1886], [1294, 3504, 2344, 3334, 3407, 189, 686, 2814], [1343, 485, 2764, 1469, 2959, 1012, 2298, 285], [3413, 3232, 3255, 2685, 2971, 311, 2299, 6], [1794, 879, 3369, 485, 728, 2927, 1250, 954], [80, 3367, 3189, 3232, 1022, 955, 865, 3386], [2274, 2237, 2971, 3413, 1694, 2973, 3214, 1922], [1236, 386, 1060, 3505, 394, 3413, 1296, 485], [3044, 3114, 2945, 2981, 2999, 1203, 1725, 3234], [3355, 3213, 879, 3393, 954, 823, 1314, 1914], [2464, 2849, 152, 3257, 489, 498, 843, 865], [311, 886, 243, 572, 1821, 890, 258, 880], [3415, 1324, 2498, 1730, 1211, 3208, 1074, 1821], [1855, 929, 1850, 2781, 663, 834, 831, 1258], [839, 2121, 2833, 1649, 1889, 954, 3256, 2688], [3301, 1292, 1713, 1012, 712, 3048, 3433, 1460], [933, 742, 726, 2843, 2200, 743, 954, 1241], [2455, 3219, 811, 1368, 655, 1348, 1950, 2949], [1254, 49, 3467, 1241, 3450, 1948, 3492, 3406], [2849, 489, 2771, 2974, 2826, 2900, 304, 2540], [3355, 1924, 456, 437, 1960, 1948, 954, 448], [2112, 865, 3420, 815, 1793, 2310, 3220, 873], [281, 888, 696, 2840, 308, 2514, 188, 247], [298, 587, 3399, 1672, 1162, 1379, 2543, 3355], [3492, 456, 3496, 386, 1314, 1902, 412, 3213], [2164, 1612, 1813, 1149, 2498, 1169, 3114, 417], [1802, 1491, 1641, 1722, 296, 660, 966, 669], [1343, 1012, 3362, 1203, 485, 3031, 1024, 1029], [3203, 1203, 889, 2971, 597, 880, 576, 2927], [1924, 1519, 2769, 3447, 412, 698, 456, 3393], [275, 2260, 1277, 431, 880, 672, 436, 667], [1889, 412, 651, 2622, 1344, 698, 1334, 1924], [3447, 698, 2815, 1924, 1948, 1654, 1840, 1425], [806, 976, 1246, 1228, 3494, 2260, 1867, 2310], [1797, 1482, 1270, 1180, 1901, 1656, 647, 1921]]}, "isocrates_1835_5": {"tgt_lang": "de", "transl_top1": 0.4948453608247423, "transl_top5": 0.6185567010309279, "transl_top10": 0.6804123711340206, "num_nulls": 0, "num_tgt_sents": 4051,