{"num_src_sents": 76, "isocrates_1835_5": {"tgt_lang": "de", "transl_top1": 0.0, "transl_top5": 0.17105263157894737, "transl_top10": 0.23684210526315788, "num_nulls": 0, "num_tgt_sents": 4051}, "isocrates_1832_1": {"tgt_lang": "de", "transl_top1": 0.5394736842105263, "transl_top5": 0.7236842105263158, "transl_top10": 0.8026315789473685, "num_nulls": 0, "num_tgt_sents": 3528}, "num_translations": 2, "text_top1": 0.26973684210526316, "text_top5": 0.4473684210526316, "text_top10": 0.5197368421052632}