{"num_src_sents": 1273, "plautus_1866_2": {"tgt_lang": "de", "transl_top1": 0.0054988216810683424, "transl_top5": 0.03534956794972506, "transl_top10": 0.05577376276512176, "num_nulls": 0, "num_tgt_sents": 4445}, "plautus_1862_1": {"tgt_lang": "de", "transl_top1": 0.029065200314218383, "transl_top5": 0.060487038491751764, "transl_top10": 0.08955223880597014, "num_nulls": 0, "num_tgt_sents": 4446}, "plautus_4_1855": {"tgt_lang": "de", "transl_top1": 0.006284367635506678, "transl_top5": 0.02749410840534171, "transl_top10": 0.047918303220738416, "num_nulls": 0, "num_tgt_sents": 5818}, "plautus_3_1855": {"tgt_lang": "de", "transl_top1": 0.004713275726630008, "transl_top5": 0.02670856245090338, "transl_top10": 0.05263157894736842, "num_nulls": 0, "num_tgt_sents": 5003}, "aristophanes_1907_2": {"tgt_lang": "en", "transl_top1": 0.27808326787117044, "transl_top5": 0.4461901021209741, "transl_top10": 0.5263157894736842, "num_nulls": 0, "num_tgt_sents": 7084}, "num_translations": 5, "text_top1": 0.06472898664571877, "text_top5": 0.1192458758837392, "text_top10": 0.15443833464257659}