{"num_src_sents": 254, "sophistesGrecs_1842": {"tgt_lang": "fr", "transl_top1": 0.20866141732283464, "transl_top5": 0.3425196850393701, "transl_top10": 0.4330708661417323, "num_nulls": 0, "num_tgt_sents": 7988}, "num_translations": 1, "text_top1": 0.20866141732283464, "text_top5": 0.3425196850393701, "text_top10": 0.4330708661417323}