{"num_src_sents": 5502, "martial_1904": {"tgt_lang": "en", "transl_top1": 0.47110141766630315, "transl_top5": 0.7197382769901853, "transl_top10": 0.7853507815339876, "num_nulls": 11, "num_tgt_sents": 17312}, "martial_1855-1890": {"tgt_lang": "de", "transl_top1": 0.5517993456924755, "transl_top5": 0.6744820065430752, "transl_top10": 0.7191930207197382, "num_nulls": 12, "num_tgt_sents": 4918}, "horace_1847": {"tgt_lang": "fr", "transl_top1": 0.002362777171937477, "transl_top5": 0.010359869138495093, "transl_top10": 0.01872046528535078, "num_nulls": 1566, "num_tgt_sents": 2963}, "num_translations": 3, "text_top1": 0.3417545135102387, "text_top5": 0.4681933842239186, "text_top10": 0.5077547558463589}