{"num_src_sents": 93, "anacreon_1870": {"tgt_lang": "de", "transl_top1": 0.13978494623655913, "transl_top5": 0.3225806451612903, "transl_top10": 0.41935483870967744, "num_nulls": 0, "num_tgt_sents": 5470, "retrieval_preds": [[3167, 3110, 776, 770, 883, 2389, 2371, 2337], [915, 896, 272, 820, 917, 907, 918, 297], [782, 3061, 2860, 3669, 2463, 1749, 57, 3852], [3534, 2825, 3039, 1934, 2860, 2814, 2891, 2819], [5044, 2966, 101, 1412, 4226, 783, 2961, 2920], [784, 1484, 785, 1700, 1712, 2756, 1901, 91], [786, 358, 362, 364, 919, 101, 152, 363], [788, 3369, 3233, 3377, 3380, 3371, 2735, 2181], [2566, 2609, 2824, 171, 2579, 2584, 2571, 2588], [3268, 10, 2974, 388, 902, 3451, 4833, 38], [786, 348, 355, 44, 152, 231, 792, 255], [50, 96, 342, 832, 128, 5065, 66, 5213], [794, 3217, 2615, 1930, 5100, 3628, 5082, 791], [796, 3551, 5259, 2509, 777, 3933, 5301, 823], [803, 4886, 5080, 2717, 797, 1529, 4231, 796], [805, 2700, 5127, 894, 20, 116, 2701, 2405], [893, 37, 294, 221, 4920, 772, 317, 196], [807, 4882, 3275, 1919, 797, 1412, 2748, 5259], [798, 2501, 2509, 1722, 823, 799, 261, 4992], [820, 802, 877, 796, 3627, 3758, 4885, 801], [2211, 4063, 3560, 880, 3830, 4061, 2585, 860], [898, 4908, 912, 829, 5238, 5070, 5076, 97], [820, 918, 3095, 896, 917, 915, 907, 811], [896, 820, 294, 830, 817, 796, 915, 5238], [169, 3087, 5288, 2357, 159, 1459, 2426, 924], [2421, 3479, 2495, 5002, 4837, 4131, 2340, 5271], [5051, 902, 3241, 4994, 896, 50, 4849, 4902], [317, 2946, 932, 2719, 5108, 896, 5047, 1561], [4138, 1687, 2942, 3817, 896, 5254, 1554, 1615], [1696, 165, 126, 1511, 3111, 189, 773, 127], [3798, 3793, 2516, 824, 807, 797, 3631, 2742], [585, 1568, 1742, 2472, 1693, 825, 2643, 5141], [324, 896, 152, 2417, 932, 5133, 820, 297], [4108, 2646, 5060, 2548, 5161, 4115, 1779, 4175], [830, 850, 907, 358, 4012, 2927, 920, 3], [2445, 3286, 3988, 2700, 252, 2723, 2827, 3103], [880, 337, 229, 824, 222, 881, 800, 2714], [2515, 2091, 802, 2744, 55, 797, 5022, 868], [835, 836, 5073, 752, 4836, 5, 3245, 218], [5179, 4991, 5275, 1435, 4912, 5076, 2292, 5197], [858, 824, 1799, 5002, 1554, 115, 4380, 482], [2412, 3609, 3657, 2426, 293, 4083, 819, 1638], [273, 3089, 1681, 3095, 174, 868, 776, 185], [5002, 1835, 5128, 2122, 829, 2235, 935, 841], [116, 273, 842, 5259, 174, 175, 308, 869], [845, 870, 886, 850, 1553, 887, 2482, 931], [3103, 850, 830, 2115, 5200, 389, 1538, 5083], [786, 1540, 2077, 362, 2078, 2824, 1152, 5258], [2926, 3754, 2623, 2863, 5267, 2910, 5002, 3953], [850, 122, 896, 820, 907, 152, 197, 4960], [2744, 1717, 3471, 3811, 2407, 2633, 2853, 2851], [862, 820, 5215, 21, 297, 915, 3456, 3403], [866, 935, 900, 4065, 3027, 890, 3248, 5121], [2412, 3609, 2426, 2700, 3761, 4083, 819, 815], [869, 841, 1943, 1758, 4852, 5106, 5215, 5017], [935, 870, 2487, 4783, 4902, 898, 4814, 887], [871, 886, 929, 887, 888, 197, 3465, 5145], [1676, 1345, 2025, 874, 416, 4319, 4444, 927], [3456, 4816, 2974, 1543, 1958, 2629, 2862, 5275], [0, 926, 196, 931, 675, 372, 213, 2494], [880, 1555, 201, 4923, 2398, 2529, 4875, 3042], [2509, 3795, 4925, 4918, 3933, 5083, 871, 5093], [2834, 1638, 2725, 5104, 2773, 3635, 3883, 4919], [2581, 3883, 5269, 5002, 5267, 3048, 2654, 2937], [883, 797, 3883, 796, 261, 886, 5288, 3631], [886, 2950, 115, 5120, 3574, 4806, 796, 3973], [886, 1560, 3290, 2474, 3029, 1511, 1543, 4209], [888, 887, 932, 931, 922, 5213, 187, 929], [895, 3, 107, 2700, 889, 896, 1337, 5039], [912, 3560, 3125, 2426, 926, 4974, 1495, 1670], [932, 936, 896, 1762, 907, 893, 917, 931], [3, 932, 116, 3089, 358, 893, 297, 936], [896, 2495, 5272, 2417, 4992, 823, 243, 308], [896, 918, 820, 3087, 917, 32, 1815, 797], [5295, 3457, 3385, 5374, 393, 16, 2695, 3361], [936, 2409, 2421, 896, 894, 932, 4994, 924], [893, 221, 116, 308, 901, 936, 152, 922], [116, 221, 936, 90, 5257, 3084, 895, 932], [819, 907, 931, 894, 922, 1681, 918, 5047], [893, 907, 297, 3089, 1487, 116, 273, 3], [908, 2700, 912, 900, 4887, 901, 906, 896], [5133, 3400, 2640, 5272, 21, 389, 2927, 308], [896, 3626, 820, 886, 3051, 915, 912, 100], [4453, 358, 393, 5374, 4299, 2139, 916, 400], [1487, 3108, 3110, 919, 3626, 1378, 8, 3038], [896, 919, 3051, 830, 348, 820, 152, 796], [297, 5083, 871, 820, 796, 919, 324, 294], [931, 936, 196, 927, 926, 169, 324, 396], [2667, 929, 4231, 796, 109, 925, 3377, 886], [931, 936, 926, 3083, 4413, 2708, 5437, 515], [796, 797, 5083, 3510, 5301, 115, 3626, 3051], [937, 841, 2353, 796, 4992, 2509, 2350, 871], [940, 886, 870, 4901, 4874, 5073, 3094, 4012]]}, "num_translations": 1, "text_top1": 0.13978494623655913, "text_top5": 0.3225806451612903, "text_top10": 0.41935483870967744}