{"num_src_sents": 34, "isocrates_1835_5": {"tgt_lang": "de", "transl_top1": 0.0, "transl_top5": 0.14705882352941177, "transl_top10": 0.17647058823529413, "num_nulls": 0, "num_tgt_sents": 4051}, "isocrates_1832_1": {"tgt_lang": "de", "transl_top1": 0.029411764705882353, "transl_top5": 0.14705882352941177, "transl_top10": 0.29411764705882354, "num_nulls": 0, "num_tgt_sents": 3528}, "num_translations": 2, "text_top1": 0.014705882352941176, "text_top5": 0.14705882352941177, "text_top10": 0.23529411764705882}