{"num_src_sents": 93, "demosthenes_1856_1": {"tgt_lang": "de", "transl_top1": 0.23655913978494625, "transl_top5": 0.3655913978494624, "transl_top10": 0.44086021505376344, "num_nulls": 0, "num_tgt_sents": 4305}, "demosthenes_2_1861": {"tgt_lang": "fr", "transl_top1": 0.17204301075268819, "transl_top5": 0.26881720430107525, "transl_top10": 0.3763440860215054, "num_nulls": 0, "num_tgt_sents": 2969}, "demosthenes_1_1863": {"tgt_lang": "fr", "transl_top1": 0.053763440860215055, "transl_top5": 0.13978494623655913, "transl_top10": 0.17204301075268819, "num_nulls": 0, "num_tgt_sents": 3406}, "demosthenes_aeschynes_1861": {"tgt_lang": "fr", "transl_top1": 0.03225806451612903, "transl_top5": 0.07526881720430108, "transl_top10": 0.11827956989247312, "num_nulls": 0, "num_tgt_sents": 36182}, "num_translations": 4, "text_top1": 0.12365591397849462, "text_top5": 0.21236559139784947, "text_top10": 0.2768817204301075}