{"num_src_sents": 234, "isocrates_1835_5": {"tgt_lang": "de", "transl_top1": 0.017094017094017096, "transl_top5": 0.07264957264957266, "transl_top10": 0.1282051282051282, "num_nulls": 0, "num_tgt_sents": 4051}, "isocrates_1832_1": {"tgt_lang": "de", "transl_top1": 0.6068376068376068, "transl_top5": 0.7264957264957265, "transl_top10": 0.8247863247863247, "num_nulls": 0, "num_tgt_sents": 3528}, "sophistesGrecs_1842": {"tgt_lang": "fr", "transl_top1": 0.21794871794871795, "transl_top5": 0.358974358974359, "transl_top10": 0.44871794871794873, "num_nulls": 0, "num_tgt_sents": 7988}, "num_translations": 3, "text_top1": 0.2806267806267806, "text_top5": 0.38603988603988604, "text_top10": 0.4672364672364673}