{"num_src_sents": 332, "seneca_1877": {"tgt_lang": "fr", "transl_top1": 0.6656626506024096, "transl_top5": 0.8704819277108434, "transl_top10": 0.9337349397590361, "num_nulls": 0, "num_tgt_sents": 29079}, "seneca_1889": {"tgt_lang": "en", "transl_top1": 0.7439759036144579, "transl_top5": 0.8765060240963856, "transl_top10": 0.9216867469879518, "num_nulls": 0, "num_tgt_sents": 6989}, "num_translations": 2, "text_top1": 0.7048192771084337, "text_top5": 0.8734939759036144, "text_top10": 0.927710843373494}