{"num_src_sents": 322, "plutarch_1864-1867_14-20": {"tgt_lang": "de", "transl_top1": 0.43788819875776397, "transl_top5": 0.6428571428571429, "transl_top10": 0.7329192546583851, "num_nulls": 0, "num_tgt_sents": 6866}, "plutarch_1855-1903_4": {"tgt_lang": "de", "transl_top1": 0.453416149068323, "transl_top5": 0.6521739130434783, "transl_top10": 0.7329192546583851, "num_nulls": 0, "num_tgt_sents": 5144}, "plutarch_1_1906": {"tgt_lang": "en", "transl_top1": 0.5683229813664596, "transl_top5": 0.7670807453416149, "transl_top10": 0.8354037267080745, "num_nulls": 0, "num_tgt_sents": 6800}, "plutarch_2_1908": {"tgt_lang": "en", "transl_top1": 0.012422360248447204, "transl_top5": 0.052795031055900624, "transl_top10": 0.09937888198757763, "num_nulls": 0, "num_tgt_sents": 5773}, "plutarch_1855-1897_1": {"tgt_lang": "de", "transl_top1": 0.012422360248447204, "transl_top5": 0.046583850931677016, "transl_top10": 0.08074534161490683, "num_nulls": 0, "num_tgt_sents": 7147}, "num_translations": 5, "text_top1": 0.2968944099378882, "text_top5": 0.4322981366459627, "text_top10": 0.4962732919254658}