{"num_src_sents": 141, "cicero_1868_12": {"tgt_lang": "de", "transl_top1": 0.8014184397163121, "transl_top5": 0.9929078014184397, "transl_top10": 1.0212765957446808, "num_nulls": 0, "num_tgt_sents": 4651, "retrieval_preds": [[3320, 3328, 3819, 3379, 1489, 1080, 3856, 4301], [3322, 2782, 75, 3384, 2298, 1003, 4646, 3160], [3323, 545, 1489, 1945, 1897, 322, 723, 1086], [3325, 1705, 4533, 2888, 3405, 3385, 2878, 3320], [3327, 1281, 1994, 2294, 404, 2153, 1943, 2000], [3328, 3327, 3631, 2640, 3490, 2622, 1024, 4385], [3330, 4031, 2755, 4105, 1603, 4301, 308, 2342], [3331, 3276, 24, 3289, 3237, 3269, 3306, 1654], [3331, 3227, 3229, 4385, 1180, 3228, 3345, 2211], [3332, 3229, 1477, 2040, 3434, 416, 1514, 1850], [3334, 3333, 3276, 237, 3561, 3229, 1551, 3335], [3335, 3369, 3561, 3229, 4574, 4195, 3759, 627], [3336, 3231, 3404, 1015, 3340, 3215, 3247, 1887], [3337, 3405, 3331, 2710, 3294, 3395, 3813, 3401], [3338, 3233, 3238, 3344, 3619, 3278, 4365, 3235], [3339, 3274, 2662, 4645, 4441, 2834, 4442, 3002], [3343, 3342, 3234, 3340, 4484, 3465, 3365, 632], [3344, 3278, 3235, 3248, 2959, 3373, 156, 3231], [3345, 3489, 3370, 3356, 3374, 3276, 3279, 1465], [3346, 2522, 3814, 1318, 4184, 2752, 2372, 3892], [3348, 3239, 4178, 3241, 731, 865, 4067, 4252], [3349, 3231, 3340, 2487, 3241, 3336, 3362, 3341], [3350, 3823, 4537, 4095, 880, 3733, 4465, 4544], [1867, 3351, 1630, 2652, 4173, 2375, 3963, 2563], [3352, 1662, 3602, 4379, 4515, 2383, 1650, 1078], [3353, 4047, 1423, 2383, 3279, 3370, 4600, 2854], [2239, 3403, 1916, 2066, 1097, 2049, 3876, 318], [3127, 3144, 3354, 4611, 1337, 3961, 2147, 2199], [3356, 3355, 2710, 4227, 3014, 3279, 3318, 3345], [3353, 3356, 3355, 3357, 3267, 3453, 462, 3152], [3357, 795, 2785, 3353, 823, 530, 2807, 2391], [3360, 3635, 1603, 1713, 3359, 1827, 2696, 1024], [3362, 218, 2655, 4574, 2984, 3361, 2996, 1850], [3775, 2373, 2854, 3711, 3363, 1139, 2383, 1314], [2025, 3364, 634, 3395, 1193, 2409, 1084, 2683], [3365, 146, 1465, 2622, 1030, 627, 4150, 4591], [3366, 2884, 1955, 1631, 4200, 3233, 3983, 3443], [3367, 4373, 1413, 1182, 795, 1200, 1556, 2658], [3369, 3368, 1572, 4195, 3773, 3335, 1573, 4573], [3370, 3461, 3449, 4531, 4591, 4495, 4217, 2522], [3371, 756, 3044, 3449, 830, 1675, 861, 1893], [2534, 2415, 4260, 860, 2373, 1103, 3456, 1579], [3373, 1912, 3248, 3342, 3247, 2044, 2565, 527], [3374, 1779, 1465, 4234, 3776, 3262, 3345, 3370], [3375, 2563, 1982, 3781, 421, 586, 2149, 4447], [3376, 2894, 2266, 2888, 2366, 2779, 978, 4317], [3377, 3475, 2638, 2350, 1223, 3352, 185, 3990], [3378, 786, 2683, 3055, 4623, 3930, 1086, 3163], [3379, 3409, 3480, 2102, 4152, 3290, 545, 3948], [3380, 3326, 3397, 3029, 930, 1811, 3900, 3400], [3381, 3409, 4313, 3405, 2887, 4369, 4098, 1577], [3382, 3383, 3187, 3480, 3060, 4316, 1337, 3934], [3383, 3384, 1788, 3819, 2622, 3801, 4637, 3934], [3385, 3323, 3167, 2626, 2310, 2888, 3873, 4299], [3386, 1673, 1589, 447, 2331, 654, 1037, 2859], [3388, 4637, 3129, 2788, 2888, 4266, 908, 3801], [3390, 1236, 22, 4557, 1916, 366, 2781, 2030], [3390, 4547, 4230, 15, 773, 2001, 3266, 3807], [3391, 1879, 3481, 3482, 2875, 3303, 226, 3826], [3392, 4270, 4140, 1093, 4141, 2870, 2811, 2390], [210, 4538, 4169, 2008, 1965, 2639, 3891, 3027], [4077, 2879, 4159, 3779, 210, 2835, 3790, 3458], [3395, 943, 202, 3294, 836, 2875, 3390, 1489], [3398, 4300, 3418, 1109, 3294, 2296, 4363, 4099], [3399, 3405, 3274, 2105, 4645, 3398, 2254, 3401], [3401, 2254, 3398, 1803, 3399, 3386, 3325, 3337], [3293, 3403, 3751, 1786, 2754, 2075, 3402, 2314], [3405, 3294, 3381, 23, 2001, 3387, 275, 3409], [3406, 1110, 1603, 367, 2254, 545, 3274, 2310], [3407, 592, 1955, 3057, 1719, 1290, 4416, 2682], [3408, 867, 4266, 136, 1593, 3290, 61, 3339], [3409, 976, 698, 2497, 302, 1893, 1538, 1577], [3410, 2506, 1588, 3799, 401, 3412, 339, 3475], [3411, 293, 724, 126, 3339, 80, 3416, 3309], [3412, 3198, 189, 3313, 3121, 1281, 185, 786], [3413, 299, 3482, 861, 839, 801, 4415, 2745], [3414, 3328, 3226, 1024, 2135, 3801, 2640, 1607], [3416, 20, 2583, 2739, 223, 23, 1533, 2027], [3417, 2934, 971, 4013, 3800, 4276, 2894, 1824], [3418, 13, 3398, 3294, 16, 2298, 3401, 2289], [3419, 1674, 409, 1264, 553, 2402, 3305, 2489], [3420, 3942, 2637, 2755, 1286, 3827, 2644, 2607], [3423, 3108, 3478, 2809, 3415, 3043, 1394, 2293], [3424, 992, 3999, 4568, 4003, 870, 4282, 3482], [3425, 2590, 2530, 1739, 2444, 3300, 1721, 4010], [3427, 87, 2065, 2120, 3268, 3919, 616, 225], [3428, 3305, 3301, 3452, 4385, 1573, 3731, 3362], [2492, 2364, 3429, 2100, 1406, 3511, 3843, 358], [3429, 3698, 3380, 2334, 3434, 4612, 4421, 2927], [3430, 560, 3549, 2905, 2801, 4306, 1822, 306], [3431, 3432, 3168, 3341, 3194, 1901, 1459, 3488], [3434, 2429, 2043, 391, 1863, 4328, 2045, 3079], [3435, 3739, 650, 2048, 3478, 2038, 1842, 2064], [3435, 3303, 3391, 886, 1916, 1268, 3279, 3314], [1717, 3438, 351, 1912, 3436, 632, 4195, 2590], [3439, 273, 1912, 3440, 2094, 3435, 821, 2052], [3441, 3446, 3740, 2240, 1205, 4243, 2510, 644], [3443, 236, 2400, 3419, 70, 2401, 86, 4394], [3444, 3441, 666, 1652, 3446, 3303, 1659, 1345], [3445, 2140, 2355, 1766, 1523, 4532, 4384, 1707], [3446, 1598, 644, 4529, 4243, 2240, 4324, 2100], [3447, 3303, 4276, 4042, 1829, 1853, 2724, 4648], [3448, 2487, 4382, 3402, 2510, 4387, 539, 3751], [3449, 3370, 801, 1319, 3362, 3920, 1326, 4382], [3450, 3306, 601, 1849, 3368, 2653, 384, 1024], [1945, 3452, 2788, 1713, 3936, 4580, 3418, 2342], [3453, 3085, 3076, 4016, 3077, 3084, 202, 3079], [3454, 1276, 1690, 2676, 2858, 3260, 2592, 2953], [3455, 3632, 2147, 2634, 2673, 2742, 2256, 3214], [3457, 2825, 877, 4079, 87, 4325, 666, 1696], [4077, 2879, 3779, 4159, 210, 2835, 622, 1412], [3459, 3460, 2819, 2045, 1094, 2995, 1912, 1465], [3461, 3827, 3867, 550, 3992, 3566, 3595, 4593], [3462, 3172, 3814, 2887, 564, 1765, 2836, 574], [3463, 1024, 1489, 702, 46, 1506, 49, 1507], [3464, 3391, 2876, 2345, 3395, 466, 4201, 3958], [3465, 3773, 2075, 2754, 3697, 3646, 4573, 4486], [3465, 3416, 1023, 3429, 3463, 1533, 3303, 2573], [3466, 3678, 1809, 773, 2887, 3358, 1145, 3677], [3467, 659, 1079, 3162, 1062, 2934, 2672, 2023], [3468, 3441, 3395, 877, 3314, 207, 666, 3268], [2303, 903, 3225, 662, 3468, 2025, 2388, 2158], [3469, 342, 612, 3622, 4396, 2045, 2237, 658], [3470, 59, 405, 141, 3264, 2581, 2843, 757], [3471, 3303, 1850, 3468, 4546, 2444, 3360, 3309], [3472, 1002, 2427, 2771, 3821, 3329, 2903, 3055], [3473, 936, 4574, 4271, 2788, 2814, 1643, 2483], [191, 662, 675, 3903, 3821, 4467, 1092, 1095], [3474, 3388, 1702, 2345, 3187, 2643, 952, 2701], [3475, 3086, 1702, 3199, 3480, 3936, 3095, 2960], [3477, 1337, 61, 3478, 1504, 704, 3407, 55], [3479, 4142, 3290, 3913, 2298, 2381, 3428, 83], [3480, 3936, 1607, 4523, 866, 1337, 1713, 464], [3481, 3359, 1879, 135, 4534, 3391, 4642, 2810], [3482, 3475, 3413, 3682, 3936, 3301, 3481, 4607], [3483, 1398, 4065, 2782, 2182, 3183, 4639, 3029], [3484, 4299, 3819, 1370, 1437, 4066, 368, 3718], [3489, 3262, 1465, 3374, 2640, 2622, 1712, 3345], [3490, 1779, 3631, 3328, 3628, 3856, 3374, 3010], [3492, 2674, 3171, 1673, 4475, 165, 942, 3903], [3493, 3328, 3327, 2255, 4520, 3320, 4609, 2640]]}, "cicero_1855-1892_11": {"tgt_lang": "de", "transl_top1": 0.028368794326241134, "transl_top5": 0.10638297872340426, "transl_top10": 0.18439716312056736, "num_nulls": 0, "num_tgt_sents": 4565,