{"num_src_sents": 77, "lysias_1856": {"tgt_lang": "de", "transl_top1": 0.4025974025974026, "transl_top5": 0.5454545454545454, "transl_top10": 0.6493506493506493, "num_nulls": 0, "num_tgt_sents": 5319, "retrieval_preds": [[873, 1808, 4327, 928, 1017, 1735, 2643, 1649], [875, 4104, 2735, 2695, 1211, 4582, 2399, 2813], [878, 2840, 1017, 2826, 3755, 2828, 3499, 2005], [879, 884, 2183, 1497, 489, 455, 1498, 4490], [3858, 3868, 449, 4582, 3514, 2815, 1808, 4133], [884, 1088, 1511, 1498, 3685, 2237, 1539, 1162], [885, 2967, 2922, 857, 2894, 162, 102, 15], [1520, 888, 4450, 2845, 4246, 2041, 1379, 2237], [889, 960, 2175, 2657, 68, 891, 2361, 765], [891, 491, 2175, 2439, 548, 2185, 1975, 1229], [892, 2041, 1763, 2637, 2157, 2484, 4256, 1816], [982, 1068, 894, 1013, 1096, 1089, 1047, 895], [896, 1554, 2418, 671, 1205, 1013, 4728, 3983], [3858, 710, 3868, 1460, 1435, 4589, 4582, 2185], [2173, 2385, 3049, 2164, 3733, 2373, 4462, 902], [902, 4430, 578, 595, 1263, 4224, 1239, 2061], [3362, 903, 4295, 4006, 4497, 1574, 704, 4519], [905, 1716, 102, 3654, 58, 4486, 4627, 3634], [906, 2725, 2651, 2726, 2088, 2463, 662, 2503], [907, 3798, 56, 1598, 1548, 3062, 1559, 84], [910, 2951, 4745, 2268, 52, 2053, 3666, 2185], [4636, 4731, 662, 1924, 4428, 3523, 2419, 857], [2185, 2111, 2828, 3858, 1735, 738, 2801, 1432], [914, 1017, 2776, 3475, 1106, 1460, 3909, 1746], [915, 1857, 3988, 4416, 3250, 2894, 2128, 2324], [916, 923, 2725, 975, 910, 4620, 3886, 2343], [3194, 918, 1341, 3025, 2268, 3024, 3962, 1005], [920, 2185, 4616, 1735, 982, 1384, 1435, 1767], [982, 921, 1040, 3332, 1533, 647, 1101, 1089], [923, 2242, 2099, 2169, 4647, 924, 2687, 1106], [926, 2791, 3870, 1468, 3860, 1492, 1120, 3493], [928, 1104, 993, 1017, 3918, 490, 1377, 878], [3383, 929, 4376, 2324, 3103, 3250, 2852, 3678], [932, 599, 4685, 3988, 3379, 2894, 2108, 2340], [933, 2183, 1521, 4116, 2845, 4246, 1255, 2840], [935, 1760, 4680, 1475, 896, 3633, 4659, 1205], [2726, 2602, 936, 4344, 546, 1239, 2088, 1640], [938, 1106, 923, 1298, 2498, 606, 960, 1312], [3110, 939, 888, 1500, 3613, 549, 3048, 3349], [487, 4364, 1098, 3120, 699, 4509, 1952, 3288], [942, 4682, 4600, 3336, 4657, 4602, 1656, 3224], [3346, 943, 1475, 514, 3237, 2390, 1908, 953], [2521, 1808, 1085, 3838, 4551, 1679, 2168, 4137], [2111, 928, 2781, 1735, 1435, 1808, 2101, 1761], [792, 3811, 334, 3310, 2390, 739, 662, 546], [952, 3903, 2498, 1070, 3231, 3842, 4481, 3267], [955, 2041, 1716, 533, 511, 1760, 3779, 3996], [956, 2616, 612, 3858, 1682, 3988, 1564, 2632], [972, 960, 593, 1435, 1432, 3858, 4589, 4064], [928, 501, 4006, 962, 472, 3738, 4003, 592], [1532, 1515, 1734, 899, 1432, 4498, 965, 1647], [968, 3475, 4486, 882, 4175, 2168, 2185, 1017], [970, 828, 2141, 1564, 596, 3493, 1163, 1808], [972, 2185, 970, 928, 1808, 2102, 873, 1998], [974, 939, 3329, 3028, 2285, 3472, 4186, 817], [2871, 975, 465, 490, 595, 923, 3654, 1088], [1805, 978, 1948, 1988, 2380, 1965, 1089, 592], [2012, 1449, 2703, 2757, 1560, 956, 2784, 883], [2185, 982, 1586, 1089, 2725, 3573, 4741, 1384], [2570, 3329, 2572, 806, 3878, 931, 662, 5124], [985, 2012, 1090, 1341, 2757, 3874, 4708, 1340], [987, 972, 928, 873, 1003, 960, 3511, 4634], [990, 1808, 4416, 1293, 4417, 2446, 1309, 4246], [991, 4113, 911, 926, 4129, 4547, 1574, 3290], [993, 1017, 1808, 3858, 1686, 4589, 3988, 4582], [1457, 3547, 1053, 4532, 4196, 4120, 2529, 4758], [2010, 4544, 996, 4121, 4393, 3797, 1928, 793], [4104, 644, 1998, 999, 2130, 3858, 681, 2055], [1002, 3329, 3200, 4398, 3031, 3243, 3592, 4100], [1003, 2687, 3858, 2457, 2120, 1994, 2177, 3412], [3878, 4843, 1801, 1004, 1122, 2234, 1416, 2519], [2184, 1272, 1178, 715, 4229, 4089, 4004, 2250], [1006, 1460, 1686, 2175, 2141, 4113, 2055, 600], [1009, 1688, 3250, 1769, 1735, 3878, 3475, 1574], [1010, 769, 1131, 171, 727, 2586, 765, 1143], [2324, 4104, 1793, 3775, 2831, 2130, 2735, 4044], [1015, 1808, 4582, 2120, 1211, 993, 3858, 2177]]}, "num_translations": 1, "text_top1": 0.4025974025974026, "text_top5": 0.5454545454545454, "text_top10": 0.6493506493506493}