{"num_src_sents": 110, "seneca_1877": {"tgt_lang": "fr", "transl_top1": 0.5909090909090909, "transl_top5": 0.7909090909090909, "transl_top10": 0.8545454545454545, "num_nulls": 0, "num_tgt_sents": 29079, "retrieval_preds": [[9807, 25064, 27550, 17880, 12256, 12169, 3968, 2015], [59, 14311, 22817, 18013, 22404, 6871, 27581, 15620], [10529, 9955, 18265, 8894, 22367, 8056, 14134, 16699], [10530, 10010, 28422, 10162, 21968, 10970, 12189, 3912], [10532, 11794, 7211, 18658, 18350, 3339, 11455, 28109], [10533, 9918, 8993, 27224, 12621, 27429, 24720, 25293], [10534, 11751, 23413, 1450, 23978, 20633, 5053, 18420], [10535, 22460, 3789, 22894, 22089, 6779, 24805, 7052], [23395, 10537, 6678, 2125, 12163, 5810, 17526, 438], [20061, 18023, 10536, 2196, 6709, 3289, 8089, 9321], [10542, 22480, 12189, 22807, 18462, 2206, 11527, 12683], [10544, 18207, 19011, 19631, 20043, 21405, 21598, 21888], [6058, 297, 10545, 11187, 11664, 508, 2055, 6968], [10547, 7404, 4057, 13035, 1639, 21740, 6604, 10545], [10549, 6888, 10548, 7051, 6666, 11485, 21003, 22283], [10550, 16929, 9916, 21836, 16349, 27687, 27046, 11119], [19400, 10553, 26150, 9800, 25316, 25345, 23531, 23345], [10558, 7256, 20044, 8698, 8205, 17803, 4746, 9273], [10562, 10560, 19536, 7178, 12780, 20058, 285, 12227], [27432, 20093, 7084, 12415, 8330, 9125, 10149, 10207], [10563, 8423, 3442, 25425, 9717, 966, 17794, 8853], [22217, 10564, 15259, 7541, 999, 25554, 14531, 23089], [10565, 23778, 8678, 10632, 24639, 28767, 4191, 25264], [10566, 10567, 6189, 21943, 3044, 25742, 25269, 25709], [10569, 27900, 18741, 4937, 542, 320, 26150, 18730], [10572, 18210, 12245, 10574, 25897, 12338, 22722, 18285], [10575, 13426, 21700, 5708, 24646, 16989, 15719, 17799], [10577, 19430, 19296, 17961, 18208, 17320, 17871, 12765], [10578, 10580, 71, 9778, 17532, 22364, 27507, 16832], [10579, 17961, 27524, 27682, 17320, 23521, 19961, 25232], [10580, 10578, 71, 19752, 217, 10581, 17532, 9181], [13732, 18148, 10582, 15238, 7280, 17259, 13789, 4509], [771, 774, 1201, 7592, 24241, 22796, 25384, 21544], [10587, 16612, 10925, 15549, 22772, 23865, 14291, 12453], [10588, 22172, 20077, 22222, 23274, 12284, 1529, 11887], [10591, 22447, 10590, 6190, 15863, 5230, 10592, 11033], [10594, 1134, 5082, 28297, 28054, 17534, 27465, 19791], [10595, 9580, 5415, 4412, 538, 24233, 9489, 19793], [10598, 16504, 16908, 10601, 20500, 14133, 15211, 16838], [10599, 17508, 22201, 17458, 9972, 23591, 10367, 7531], [10600, 26635, 23237, 12985, 22265, 10708, 16336, 16724], [10601, 11759, 4982, 22246, 28476, 23936, 5898, 7065], [24597, 27231, 17444, 18742, 28678, 14411, 11475, 6510], [24170, 27868, 10608, 17475, 7593, 12756, 20361, 24172], [10609, 15247, 16838, 26636, 21526, 14970, 26555, 15244], [10611, 24674, 12041, 2620, 960, 21324, 24999, 27714], [13301, 1267, 13362, 13364, 19508, 19884, 7095, 14440], [13376, 25569, 13959, 14829, 10154, 27370, 14481, 5394], [10614, 1452, 19916, 9507, 29014, 13975, 25332, 18172], [17585, 25905, 10615, 19417, 11409, 28705, 20969, 11336], [16423, 10613, 10617, 4435, 13378, 10652, 4395, 22478], [10619, 17736, 6937, 12329, 12328, 28167, 26348, 20923], [10620, 25943, 10838, 24652, 27839, 8389, 25901, 23585], [10621, 6883, 16133, 15987, 17411, 7582, 676, 20915], [10623, 10624, 8258, 18345, 19596, 1203, 24665, 4850], [10625, 11212, 4263, 25601, 4982, 20515, 17529, 8966], [10627, 13697, 21140, 22104, 26814, 17444, 17395, 26347], [10628, 17319, 10640, 8356, 7793, 7957, 27295, 6868], [17480, 27714, 18359, 20226, 10342, 25845, 27133, 5710], [10629, 23274, 27926, 26456, 947, 27097, 26527, 23163], [10630, 10114, 11288, 16949, 27575, 3677, 25299, 20096], [10632, 23217, 26780, 16463, 28767, 13820, 16526, 26138], [19900, 4125, 13979, 10633, 17235, 1414, 4323, 24529], [10634, 14157, 4117, 22364, 20004, 10807, 13304, 13979], [22148, 22787, 10644, 28533, 180, 10809, 9074, 12864], [15242, 18432, 10637, 2022, 15248, 10487, 909, 16537], [10639, 13417, 13806, 17302, 10487, 26636, 16425, 16427], [10640, 13290, 28384, 19991, 28678, 17544, 19654, 16075], [18694, 16098, 8769, 10641, 11239, 21978, 10686, 17169], [10739, 1427, 16337, 15685, 2620, 1898, 13979, 2550], [27277, 15292, 2109, 10614, 16823, 10648, 16045, 12235], [10649, 10611, 27434, 21457, 14557, 20969, 4159, 28808], [10651, 20223, 21633, 15903, 8069, 20499, 17122, 17372], [10653, 14753, 26686, 28377, 4109, 18921, 21992, 23166], [10655, 27762, 8996, 28500, 6623, 8173, 8349, 17524], [10620, 10656, 13915, 10658, 27839, 7159, 10496, 10838], [10658, 158, 11207, 10685, 10690, 21398, 6631, 8370], [10659, 675, 6832, 17990, 1201, 7826, 24292, 22809], [10660, 11407, 15567, 1959, 26435, 57, 11189, 1815], [10663, 6490, 27381, 22827, 4543, 10722, 22374, 18979], [10664, 8740, 18710, 22806, 9378, 22807, 22797, 8170], [10666, 26686, 11825, 25742, 27815, 25491, 5056, 10693], [10671, 10569, 22049, 10753, 11865, 12339, 10674, 3952], [10672, 14819, 24407, 2621, 17872, 1495, 24910, 24338], [10673, 10989, 10674, 26581, 22807, 21636, 19930, 22842], [10675, 24080, 24684, 10239, 23020, 27271, 28537, 6347], [10676, 4061, 24452, 19763, 2176, 4750, 10130, 24274], [10677, 12851, 24296, 22471, 10243, 5865, 24889, 7622], [10678, 19826, 27244, 20270, 11912, 162, 18125, 2191], [10679, 8370, 2219, 17693, 9018, 16140, 28615, 4861], [10680, 20927, 4901, 5771, 20953, 22328, 24644, 28812], [10681, 10581, 14475, 5222, 10855, 9074, 21303, 9292], [10682, 23790, 2227, 25679, 10536, 12385, 20896, 26578], [10685, 10684, 23942, 28820, 10683, 23840, 5865, 23918], [10686, 23189, 2122, 14212, 25332, 23375, 6340, 15904], [23051, 10691, 26176, 25066, 27231, 1201, 5865, 25481], [10692, 6827, 27467, 12526, 17046, 79, 19834, 14462], [10693, 23843, 25126, 9800, 8048, 26373, 23383, 26139], [5070, 5069, 1171, 23091, 27659, 5894, 27952, 9097], [10698, 21147, 12249, 10569, 24035, 17526, 23919, 25531], [10699, 8451, 28866, 23544, 23845, 9463, 23894, 2310], [15565, 4175, 21074, 20003, 21835, 18096, 25953, 10550], [10701, 10702, 26387, 19905, 28053, 7093, 24523, 8308], [26752, 3356, 2503, 21783, 16296, 2273, 3141, 20941], [24220, 27187, 27987, 21759, 17855, 28075, 12374, 28050], [7391, 517, 12908, 7377, 7370, 6971, 17798, 24563], [11527, 11708, 7678, 447, 10878, 1522, 916, 11887], [27938, 10714, 27905, 18595, 28009, 29009, 24341, 23204], [10715, 22081, 7452, 27231, 27899, 8854, 6310, 20096], [10716, 23996, 8250, 16469, 587, 14903, 16612, 23984]]}, "seneca_1889": {"tgt_lang": "en", "transl_top1": 0.7818181818181819, "transl_top5": 0.9181818181818182, "transl_top10": 0.9727272727272728, "num_nulls": 0, "num_tgt_sents": 6989,