{"num_src_sents": 355, "plutarch_2_1908": {"tgt_lang": "en", "transl_top1": 0.011267605633802818, "transl_top5": 0.05070422535211268, "transl_top10": 0.07605633802816901, "num_nulls": 0, "num_tgt_sents": 5773}, "plutarch_1_1906": {"tgt_lang": "en", "transl_top1": 0.38591549295774646, "transl_top5": 0.504225352112676, "transl_top10": 0.5408450704225352, "num_nulls": 1, "num_tgt_sents": 6800}, "num_translations": 2, "text_top1": 0.19859154929577463, "text_top5": 0.2774647887323944, "text_top10": 0.3084507042253521}