{"num_src_sents": 31, "justin_cNepos_eutropius_1902": {"tgt_lang": "en", "transl_top1": 0.1935483870967742, "transl_top5": 0.22580645161290322, "transl_top10": 0.3548387096774194, "num_nulls": 0, "num_tgt_sents": 9841}, "corneliusNepos_1856": {"tgt_lang": "de", "transl_top1": 0.5483870967741935, "transl_top5": 0.6774193548387096, "transl_top10": 0.6774193548387096, "num_nulls": 0, "num_tgt_sents": 2320}, "num_translations": 2, "text_top1": 0.3709677419354839, "text_top5": 0.45161290322580644, "text_top10": 0.5161290322580645}