{"num_src_sents": 88, "sophistesGrecs_1842": {"tgt_lang": "fr", "transl_top1": 0.07954545454545454, "transl_top5": 0.1590909090909091, "transl_top10": 0.23863636363636365, "num_nulls": 0, "num_tgt_sents": 7988, "retrieval_preds": [[5950, 4757, 5959, 5955, 5910, 5954, 7866, 4747], [5950, 1984, 1879, 3646, 5910, 6050, 3188, 5960], [5910, 2612, 5960, 5209, 6494, 3477, 7190, 6543], [7547, 1991, 3614, 3847, 6299, 3704, 783, 5011], [6046, 5960, 6494, 3450, 5910, 6519, 7023, 7444], [5950, 5959, 4080, 5910, 5209, 3744, 4923, 2769], [4099, 7672, 7547, 4432, 7187, 1648, 2105, 7977], [2007, 5143, 145, 7704, 372, 4653, 4104, 5262], [2008, 6318, 5027, 5252, 5222, 1062, 4526, 4644], [2010, 2008, 4526, 4359, 1000, 257, 4792, 5210], [6249, 2012, 4359, 2527, 5496, 6051, 3111, 3449], [6396, 2016, 6053, 6050, 7672, 6046, 217, 6380], [2010, 2017, 6309, 5540, 1150, 4505, 4626, 4589], [4653, 5071, 3750, 5262, 6063, 4446, 4702, 5289], [1143, 906, 5962, 7187, 477, 4432, 839, 7174], [5944, 5645, 2605, 2267, 1052, 66, 593, 1021], [3676, 77, 298, 1735, 7779, 215, 6526, 4455], [5396, 4700, 6044, 7774, 4915, 7672, 829, 5331], [393, 1457, 5512, 4099, 2031, 5768, 2016, 576], [6046, 3044, 2477, 5303, 5955, 1718, 4812, 1463], [2016, 6050, 7547, 6046, 4781, 5960, 7190, 4159], [1992, 1987, 5054, 4805, 5924, 3653, 1144, 4781], [805, 6657, 6593, 6389, 4612, 1009, 7820, 875], [5096, 5049, 4812, 5121, 7713, 4938, 7710, 1477], [2048, 3447, 7444, 5056, 2016, 5925, 7190, 5227], [387, 5482, 1457, 5056, 360, 1258, 6405, 1996], [5960, 7444, 6494, 4272, 3564, 7023, 5925, 5910], [7235, 550, 4690, 7446, 6570, 5374, 5215, 7116], [5570, 4812, 4465, 4468, 6486, 7444, 4621, 2086], [5207, 5910, 5209, 7680, 7187, 3447, 3662, 4592], [5934, 7656, 5056, 5210, 7016, 7799, 6157, 6751], [3440, 3526, 3768, 6299, 6007, 313, 5207, 3847], [2068, 1958, 2067, 4435, 5286, 4964, 7659, 7345], [2069, 3493, 3100, 1341, 2477, 5647, 894, 5258], [2070, 4396, 1646, 2173, 2049, 145, 7641, 601], [1414, 2847, 955, 3386, 2074, 7099, 6760, 5409], [1354, 5187, 384, 5563, 5452, 5572, 5614, 7235], [7743, 3468, 6529, 3312, 2246, 1763, 2508, 5175], [3361, 4525, 2186, 6813, 5210, 442, 7883, 6729], [2075, 1431, 1678, 7337, 7064, 4870, 5260, 2086], [3652, 1000, 4780, 1763, 7187, 906, 156, 7663], [949, 7704, 1483, 176, 1498, 1500, 846, 5685], [2084, 5846, 3851, 6388, 7381, 351, 1411, 3193], [2084, 2009, 2048, 430, 4914, 4454, 5915, 2085], [6430, 6523, 2009, 7672, 852, 2550, 1009, 638], [5374, 4399, 2843, 6739, 6913, 77, 3361, 2863], [5292, 6495, 5170, 3246, 5283, 316, 4102, 6484], [6050, 7023, 7976, 6111, 6409, 3468, 5283, 5292], [6020, 3644, 6095, 5973, 3893, 7866, 2100, 6495], [2103, 5915, 5782, 5660, 5283, 5190, 4585, 5655], [6495, 6523, 3893, 5686, 5157, 2673, 5278, 1328], [6100, 5950, 6002, 6753, 5292, 4426, 6495, 5274], [1687, 4727, 1515, 2693, 4964, 380, 418, 5968], [2108, 6854, 4945, 6407, 4940, 232, 5840, 345], [6095, 5950, 2092, 6495, 7486, 5278, 6529, 7147], [2112, 5143, 7885, 2092, 2127, 351, 7882, 5218], [5693, 6272, 5647, 7882, 5933, 4469, 2113, 7909], [2966, 3988, 4083, 3824, 3609, 3990, 7890, 2625], [5760, 5640, 5283, 4585, 5710, 5241, 5190, 5655], [6050, 6965, 7866, 2612, 2596, 5910, 4523, 6425], [5782, 1965, 7885, 330, 6221, 6278, 1691, 6498], [6495, 6449, 7866, 5686, 5278, 2672, 4104, 7538], [2130, 4580, 5283, 5912, 6201, 6312, 156, 6281], [7035, 5756, 6526, 2978, 1013, 3205, 289, 7356], [7866, 5950, 6449, 3477, 3450, 2287, 3934, 5198], [7552, 1802, 2535, 3464, 6185, 5143, 7538, 6445], [4467, 6334, 5260, 3654, 6407, 4414, 1475, 1055], [5960, 7866, 4523, 4621, 5071, 5910, 5054, 4456], [2148, 3032, 1648, 5969, 4778, 447, 7080, 1650], [1475, 372, 5189, 2164, 5261, 4653, 3791, 5001], [7886, 728, 4644, 2125, 6687, 2948, 5698, 2094], [4863, 4642, 4573, 4449, 3266, 2151, 4643, 7067], [2153, 5960, 3564, 4781, 3258, 1946, 2159, 907], [7863, 4525, 7784, 7866, 4643, 7910, 4173, 504], [2159, 7190, 4630, 4643, 5054, 3646, 4781, 4747], [7232, 456, 4559, 454, 4588, 1529, 1090, 7059], [3370, 6382, 4713, 7060, 7804, 493, 6156, 7530], [1687, 4727, 1515, 2693, 4964, 380, 418, 5968], [7448, 4414, 4757, 1475, 6436, 1648, 1562, 1574], [2165, 5810, 575, 550, 36, 1994, 1129, 2147], [3239, 6050, 3477, 5276, 2093, 504, 1024, 7976], [5934, 3370, 7878, 4268, 5688, 6488, 4656, 3978], [2174, 1216, 583, 6032, 3640, 660, 520, 6223], [389, 520, 1476, 5284, 551, 5334, 7187, 4561], [5950, 5960, 6095, 5912, 5959, 6401, 1055, 5910], [2180, 6495, 5782, 2091, 2181, 4703, 4643, 5933], [5977, 4616, 4617, 5283, 4643, 4863, 3402, 6495], [7230, 5188, 5686, 3652, 3982, 2184, 6158, 2535]]}, "lysias_1856": {"tgt_lang": "de", "transl_top1": 0.4772727272727273, "transl_top5": 0.6590909090909091, "transl_top10": 0.7272727272727273, "num_nulls": 0, "num_tgt_sents": 5319,