{"num_src_sents": 214, "lucian_1831_13": {"tgt_lang": "de", "transl_top1": 0.018691588785046728, "transl_top5": 0.056074766355140186, "transl_top10": 0.09813084112149532, "num_nulls": 0, "num_tgt_sents": 4049}, "lucian_1827_7": {"tgt_lang": "de", "transl_top1": 0.32710280373831774, "transl_top5": 0.48598130841121495, "transl_top10": 0.5747663551401869, "num_nulls": 0, "num_tgt_sents": 4692}, "luciusSamosata_1_1869": {"tgt_lang": "fr", "transl_top1": 0.3037383177570093, "transl_top5": 0.4766355140186916, "transl_top10": 0.5467289719626168, "num_nulls": 0, "num_tgt_sents": 14187}, "lucian_1867_3": {"tgt_lang": "de", "transl_top1": 0.028037383177570093, "transl_top5": 0.056074766355140186, "transl_top10": 0.09345794392523364, "num_nulls": 0, "num_tgt_sents": 3614}, "lucian_1866_1": {"tgt_lang": "de", "transl_top1": 0.4252336448598131, "transl_top5": 0.602803738317757, "transl_top10": 0.6588785046728972, "num_nulls": 0, "num_tgt_sents": 4624}, "Lucian_1827_ht8": {"tgt_lang": "de", "transl_top1": 0.004672897196261682, "transl_top5": 0.06542056074766354, "transl_top10": 0.1308411214953271, "num_nulls": 0, "num_tgt_sents": 1131}, "num_translations": 6, "text_top1": 0.18457943925233644, "text_top5": 0.29049844236760125, "text_top10": 0.35046728971962615}