{"num_src_sents": 35, "lucian_1829_10": {"tgt_lang": "de", "transl_top1": 0.08571428571428572, "transl_top5": 0.17142857142857143, "transl_top10": 0.3142857142857143, "num_nulls": 0, "num_tgt_sents": 4222, "retrieval_preds": [[270, 201, 65, 3383, 1584, 230, 2607, 1622], [494, 430, 513, 3150, 478, 2609, 201, 230], [2612, 987, 1988, 230, 1005, 1011, 332, 3414], [2613, 1853, 2464, 3699, 514, 2609, 3377, 2846], [2616, 3266, 240, 1823, 2217, 1641, 3001, 834], [2617, 2612, 3414, 230, 2392, 3087, 232, 1584], [668, 667, 2002, 260, 2667, 1744, 1340, 16], [3765, 4039, 4014, 1329, 1686, 2358, 1177, 2789], [26, 1127, 3920, 1767, 35, 3225, 2742, 72], [2625, 230, 270, 222, 232, 3756, 308, 216], [1705, 2289, 2629, 3713, 1357, 1636, 15, 1635], [1677, 3383, 1317, 3043, 1441, 3332, 2289, 2652], [2701, 987, 2612, 1005, 2745, 1718, 1988, 332], [8, 1604, 201, 224, 3616, 518, 2977, 3836], [2640, 3408, 8, 1592, 216, 3383, 2648, 3756], [47, 2642, 335, 527, 819, 3790, 4012, 2617], [3431, 3755, 264, 2386, 2643, 3616, 199, 3675], [2644, 232, 1316, 2392, 3385, 2899, 2645, 82], [1584, 3071, 2858, 1005, 1570, 761, 225, 335], [3897, 406, 2394, 2051, 127, 4131, 2002, 2836], [2970, 56, 3162, 3490, 695, 3917, 67, 3747], [2650, 1308, 2267, 729, 1684, 4198, 3162, 2376], [2653, 2652, 1988, 2339, 1011, 425, 604, 2783], [2473, 220, 3045, 3383, 1725, 1005, 2339, 52], [2659, 761, 270, 68, 1479, 3356, 3144, 4078], [2662, 2947, 346, 1213, 114, 3152, 2411, 1597], [2665, 3535, 2077, 2497, 3340, 3790, 1720, 223], [675, 2117, 2023, 3730, 2896, 3709, 2072, 2665], [1988, 507, 1005, 1011, 3461, 2339, 727, 2473], [1964, 956, 1586, 987, 3504, 1009, 2775, 1988], [1386, 3553, 1932, 2627, 2552, 4152, 1186, 936], [2500, 1213, 2625, 1621, 2982, 3385, 1560, 82], [2678, 2330, 3650, 1479, 3225, 2669, 851, 3393], [334, 987, 3699, 430, 294, 1988, 220, 1887], [3401, 142, 135, 1966, 118, 3887, 1235, 3166]]}, "num_translations": 1, "text_top1": 0.08571428571428572, "text_top5": 0.17142857142857143, "text_top10": 0.3142857142857143}