{"num_src_sents": 26, "plutarch_1_1906": {"tgt_lang": "en", "transl_top1": 0.07692307692307693, "transl_top5": 0.15384615384615385, "transl_top10": 0.23076923076923078, "num_nulls": 0, "num_tgt_sents": 6800, "retrieval_preds": [[1682, 1687, 2900, 5330, 238, 6538, 1043, 2107], [2965, 4008, 3204, 4243, 3594, 4837, 1863, 657], [3133, 4750, 3067, 6661, 3049, 6355, 1234, 3391], [1806, 1234, 6414, 2089, 4767, 1637, 1460, 2061], [6548, 120, 1637, 2981, 6509, 1381, 1354, 4050], [1361, 2371, 253, 4488, 1892, 1369, 5848, 2187], [2123, 6253, 6097, 1359, 6661, 1341, 3441, 3992], [6414, 1806, 2061, 4388, 1968, 1156, 6524, 6725], [1321, 445, 1963, 6250, 5623, 5556, 2119, 5598], [2105, 47, 2162, 747, 5804, 1372, 4675, 2114], [6072, 2265, 3349, 4116, 3144, 6680, 5181, 5813], [2094, 4974, 1183, 3616, 1832, 641, 2088, 2011], [5164, 4149, 6774, 3818, 4941, 4821, 5239, 5984], [1164, 2206, 6776, 2160, 6052, 3815, 5942, 5853], [4960, 2646, 3818, 4530, 6132, 3797, 6525, 544], [4940, 4444, 6524, 5307, 1234, 293, 6433, 5183], [1053, 4101, 3575, 871, 4637, 3825, 6795, 4405], [4467, 6056, 2495, 6695, 1781, 982, 55, 3540], [3956, 4370, 105, 6066, 1769, 108, 657, 1211], [5982, 5129, 3574, 2265, 6085, 4132, 4085, 6090], [6090, 5982, 6776, 3067, 6187, 6180, 6132, 3096], [1275, 2088, 5513, 3300, 2624, 2570, 1823, 3659], [6189, 3676, 1632, 4135, 3405, 3663, 963, 4000], [6776, 6005, 4763, 3133, 6187, 6008, 6253, 6661], [5816, 3541, 3536, 1164, 1189, 4243, 4001, 3688], [1156, 1761, 6509, 1184, 6440, 757, 2244, 6725]]}, "plutarch_2_1908": {"tgt_lang": "en", "transl_top1": 0.07692307692307693, "transl_top5": 0.15384615384615385, "transl_top10": 0.19230769230769232, "num_nulls": 0, "num_tgt_sents": 5773, "retrieval_preds": [[5713, 5603, 235, 5021, 5276, 5187, 5249, 5600], [5714, 4735, 4875, 4877, 4232, 5453, 3463, 5746], [1955, 2508, 4831, 1131, 683, 3020, 2412, 2315], [5720, 5421, 963, 2319, 4991, 5023, 3343, 3480], [4576, 3343, 4231, 649, 4583, 897, 1764, 29], [5616, 4318, 5396, 5415, 5183, 1733, 1572, 5243], [5726, 1700, 1673, 5648, 5478, 3174, 5024, 3761], [4583, 5651, 1700, 4832, 5628, 5582, 5669, 5544], [1623, 4138, 3314, 4825, 1265, 5647, 4284, 5732], [5603, 5111, 5019, 5213, 5423, 5136, 5067, 5414], [5737, 29, 271, 4738, 4855, 4838, 1958, 4681], [5738, 5724, 4967, 5243, 4722, 5613, 5057, 5136], [5283, 48, 1851, 5739, 3679, 2105, 62, 5206], [5740, 5478, 5019, 5594, 5220, 5067, 5625, 5738], [5741, 2049, 3133, 5451, 29, 1130, 5033, 3816], [1841, 1131, 29, 271, 3133, 5557, 1876, 4831], [5747, 5156, 5607, 4958, 5539, 5715, 476, 2084], [3593, 3241, 5421, 4396, 4559, 4186, 5689, 5241], [872, 5681, 774, 2928, 3039, 4245, 2085, 1729], [5752, 5191, 2540, 4152, 5024, 4214, 5621, 5370], [2755, 3133, 2315, 2131, 1706, 2409, 227, 2319], [5761, 5535, 2418, 2133, 5610, 3262, 3847, 1934], [5762, 4243, 4995, 2759, 3156, 5315, 4617, 504], [5763, 2142, 2458, 4838, 5024, 5510, 4738, 5017], [5765, 5750, 5613, 4996, 4688, 4709, 5173, 5745], [3567, 1764, 4628, 3542, 897, 3370, 191, 246]]}, "num_translations": 2, "text_top1": 0.07692307692307693, "text_top5": 0.15384615384615385, "text_top10": 0.21153846153846156}