{"num_src_sents": 294, "seneca_1889": {"tgt_lang": "en", "transl_top1": 0.7244897959183674, "transl_top5": 0.8741496598639455, "transl_top10": 0.9285714285714286, "num_nulls": 0, "num_tgt_sents": 6989}, "seneca_1877": {"tgt_lang": "fr", "transl_top1": 0.5952380952380952, "transl_top5": 0.7517006802721088, "transl_top10": 0.8197278911564626, "num_nulls": 0, "num_tgt_sents": 29079}, "num_translations": 2, "text_top1": 0.6598639455782314, "text_top5": 0.8129251700680271, "text_top10": 0.8741496598639455}