{"num_src_sents": 282, "plutarch_1864-1867_14-20": {"tgt_lang": "de", "transl_top1": 0.3900709219858156, "transl_top5": 0.5283687943262412, "transl_top10": 0.6099290780141844, "num_nulls": 0, "num_tgt_sents": 6866}, "plutarch_1855-1903_4": {"tgt_lang": "de", "transl_top1": 0.40070921985815605, "transl_top5": 0.5390070921985816, "transl_top10": 0.624113475177305, "num_nulls": 0, "num_tgt_sents": 5144}, "plutarch_1_1906": {"tgt_lang": "en", "transl_top1": 0.5851063829787234, "transl_top5": 0.7659574468085106, "transl_top10": 0.8085106382978723, "num_nulls": 0, "num_tgt_sents": 6800}, "plutarch_2_1908": {"tgt_lang": "en", "transl_top1": 0.03900709219858156, "transl_top5": 0.08865248226950355, "transl_top10": 0.1347517730496454, "num_nulls": 0, "num_tgt_sents": 5773}, "plutarch_1855-1897_1": {"tgt_lang": "de", "transl_top1": 0.014184397163120567, "transl_top5": 0.05673758865248227, "transl_top10": 0.08156028368794327, "num_nulls": 0, "num_tgt_sents": 7147}, "num_translations": 5, "text_top1": 0.28581560283687946, "text_top5": 0.3957446808510639, "text_top10": 0.45177304964539006}