{"num_src_sents": 108, "aristotle_1855-1906_6": {"tgt_lang": "de", "transl_top1": 0.0, "transl_top5": 0.06481481481481481, "transl_top10": 0.12037037037037036, "num_nulls": 0, "num_tgt_sents": 8895}, "num_translations": 1, "text_top1": 0.0, "text_top5": 0.06481481481481481, "text_top10": 0.12037037037037036}