{"num_src_sents": 368, "suetonius_1855-1897": {"tgt_lang": "de", "transl_top1": 0.6956521739130435, "transl_top5": 0.8396739130434783, "transl_top10": 0.8831521739130435, "num_nulls": 0, "num_tgt_sents": 5120, "retrieval_preds": [[2983, 2462, 3006, 2495, 4317, 664, 4811, 1110], [1781, 3831, 4651, 1015, 4253, 970, 4736, 722], [2563, 4480, 1460, 746, 1064, 4522, 722, 2191], [2986, 470, 2463, 2373, 30, 1949, 3272, 2856], [2988, 2183, 2212, 843, 1128, 159, 263, 4925], [2989, 967, 2017, 1054, 1855, 2015, 4683, 3592], [2990, 3402, 3903, 4579, 1029, 3331, 493, 2677], [2991, 1865, 1851, 4342, 1381, 1055, 2457, 4289], [2488, 2993, 4116, 2833, 4833, 694, 3430, 1171], [2994, 4347, 1379, 1403, 3729, 4801, 1871, 3708], [1847, 1274, 850, 1503, 5030, 1054, 1629, 2675], [2996, 614, 3383, 1379, 1729, 2896, 1078, 749], [2997, 4487, 4376, 1630, 3229, 3286, 781, 817], [2999, 3459, 2645, 3174, 4141, 4010, 994, 1790], [3000, 2221, 2728, 1263, 458, 2369, 3131, 3041], [250, 3003, 1675, 1516, 4574, 4799, 2426, 3289], [3004, 2711, 1217, 1000, 1117, 4249, 1100, 1538], [3005, 1487, 3260, 5086, 5103, 5089, 1490, 4461], [3006, 4181, 5114, 30, 5103, 5086, 1001, 5104], [3006, 2983, 4822, 1891, 1930, 3471, 2559, 2236], [3007, 1903, 3418, 1490, 2533, 2765, 3350, 1480], [3008, 2882, 1642, 2209, 1954, 2672, 4102, 4682], [3009, 3135, 4755, 3314, 1847, 3217, 3478, 5023], [4487, 3011, 327, 4155, 4320, 2645, 484, 4870], [3012, 1930, 4795, 4949, 2043, 3412, 4794, 4974], [3013, 1151, 3689, 1626, 1756, 1639, 1636, 4239], [3014, 2591, 3366, 1612, 1584, 1670, 1717, 1368], [3015, 2772, 1425, 2243, 1975, 3046, 3229, 3674], [3016, 1538, 2711, 1691, 3004, 1020, 250, 1730], [3018, 2647, 4308, 5086, 4912, 5118, 4321, 1099], [3019, 2398, 3834, 1610, 1721, 2303, 3000, 158], [3020, 4867, 2356, 1721, 2109, 2184, 332, 1531], [3021, 255, 1992, 991, 2240, 3174, 4548, 110], [3023, 2640, 4256, 2047, 1398, 1812, 354, 1483], [3024, 3032, 1097, 2645, 4958, 915, 3572, 4755], [3025, 92, 2761, 164, 2662, 3027, 201, 1789], [3026, 213, 2465, 196, 3630, 4383, 2899, 2356], [3027, 3024, 3207, 2027, 3059, 458, 4550, 2801], [3028, 4565, 4765, 80, 3318, 3027, 1672, 1523], [555, 2658, 3456, 4735, 4631, 3936, 131, 1855], [3328, 3720, 2644, 1864, 712, 181, 4093, 1931], [3030, 3641, 2190, 1813, 3147, 4308, 2896, 3642], [3031, 3394, 2761, 3346, 2522, 3025, 4209, 4670], [3032, 4685, 265, 2132, 201, 3024, 62, 3351], [3033, 61, 1076, 67, 2928, 990, 4849, 109], [1579, 3035, 510, 3932, 2965, 3039, 3885, 526], [3036, 1788, 1575, 1398, 1624, 2649, 256, 4187], [3037, 2209, 3778, 3113, 3145, 699, 2772, 4098], [1751, 491, 2297, 4635, 5112, 4592, 3345, 1423], [3038, 1243, 4485, 3860, 4496, 868, 3628, 2465], [3040, 1398, 3023, 1624, 2071, 875, 1394, 2121], [538, 3145, 699, 4929, 2207, 3127, 3390, 2365], [2221, 3041, 2229, 2069, 601, 3107, 1992, 209], [3042, 3158, 1855, 2640, 2064, 1402, 2088, 931], [3044, 2353, 4030, 1681, 840, 691, 2356, 368], [3045, 486, 3205, 4359, 2823, 384, 2234, 3741], [3047, 3772, 2554, 2368, 1223, 2010, 3787, 1130], [1598, 4615, 649, 4234, 4870, 325, 2744, 3537], [3050, 3049, 982, 466, 1464, 946, 2291, 4554], [2489, 3051, 2167, 4302, 591, 2379, 3537, 4759], [3052, 1871, 3787, 2028, 3903, 2280, 1147, 4072], [3053, 4325, 2032, 3047, 3080, 4315, 403, 1882], [3054, 3106, 1024, 2581, 1194, 3550, 3107, 1174], [846, 1393, 3055, 1297, 1541, 831, 3632, 1272], [3057, 2100, 43, 2253, 2045, 5099, 4507, 4068], [3367, 3650, 1355, 1073, 3309, 773, 2192, 2742], [1777, 3061, 3337, 913, 2936, 1078, 3581, 2442], [3629, 3058, 4723, 234, 4297, 3791, 1586, 93], [3063, 1915, 1878, 2495, 2274, 4494, 2278, 2036], [219, 1595, 3478, 775, 1630, 2089, 438, 914], [3064, 3100, 4706, 3738, 1062, 3461, 1920, 2466], [3068, 3415, 2132, 3094, 1426, 632, 2562, 1672], [3069, 3122, 3572, 4264, 5012, 3285, 2645, 2115], [3070, 2370, 404, 4980, 2010, 4789, 1807, 2535], [3071, 3819, 4196, 4054, 2012, 397, 1176, 1239], [3072, 2677, 1780, 1401, 4414, 4077, 4141, 1811], [3073, 523, 4501, 1299, 4658, 1625, 5047, 1641], [3074, 4490, 2680, 2700, 1404, 535, 4350, 5017], [3848, 1425, 4859, 4723, 147, 89, 1081, 1731], [3076, 1729, 2774, 3407, 3440, 3856, 3911, 4870], [3077, 553, 796, 2094, 1158, 1316, 4204, 1632], [3078, 3537, 3095, 2166, 3854, 2473, 425, 4900], [1057, 1385, 1103, 3860, 1127, 73, 1397, 4219], [3080, 3596, 367, 2728, 4474, 404, 4336, 2935], [3081, 2997, 4487, 4939, 2621, 2008, 1203, 1784], [3082, 2564, 3146, 3083, 3854, 193, 3338, 2728], [772, 2101, 3537, 1232, 803, 2675, 993, 591], [3086, 4287, 2557, 2738, 1556, 3496, 3249, 1110], [3087, 1925, 5068, 2555, 1860, 2635, 1791, 4172], [3088, 207, 3829, 1045, 1106, 3981, 1988, 4954], [3090, 3089, 3087, 3000, 2524, 1538, 2918, 3491], [3091, 2612, 1225, 554, 3183, 3261, 2293, 2924], [3092, 4666, 2487, 467, 1572, 3108, 3185, 1626], [3093, 2384, 2827, 1958, 1497, 675, 3729, 4710], [3094, 3787, 1333, 858, 2066, 915, 2223, 389], [3095, 4865, 4056, 2153, 1522, 4976, 613, 3284], [3096, 2139, 4863, 284, 2459, 2562, 4856, 1367], [3097, 107, 2153, 1271, 2763, 2709, 3957, 408], [3098, 1777, 2681, 2442, 1156, 4367, 4683, 2969], [3099, 2572, 4391, 1445, 457, 4904, 2088, 2803], [3100, 2074, 3911, 3317, 3205, 4236, 3080, 2864], [3101, 756, 2469, 3778, 829, 2364, 978, 2340], [3102, 4999, 1115, 1639, 2603, 4126, 5047, 1242], [3103, 4796, 1931, 2554, 3457, 4815, 2771, 1259], [3104, 2036, 2849, 3218, 150, 4539, 1922, 368], [3105, 4308, 2927, 222, 491, 1939, 2011, 4003], [2694, 3105, 428, 3080, 3452, 4035, 2414, 3081], [2581, 3106, 3054, 892, 2584, 3773, 3158, 856], [3106, 1174, 3107, 3550, 1175, 3549, 2281, 4964], [3108, 2328, 1612, 1572, 1412, 4807, 1744, 4867], [4799, 3109, 699, 325, 4756, 2387, 1721, 2125], [3111, 4532, 840, 1246, 1445, 1236, 4889, 607], [3113, 3351, 2757, 3278, 159, 2899, 1531, 2364], [4532, 2437, 4340, 3283, 3386, 1445, 1419, 1434], [3115, 1246, 3111, 4047, 3120, 1441, 825, 3572], [3116, 2263, 1513, 5050, 610, 2503, 2635, 358], [3117, 2772, 3619, 3778, 4728, 1434, 4755, 4059], [4995, 537, 535, 1777, 2131, 1430, 2898, 902], [282, 4091, 2153, 3120, 2105, 2816, 4047, 3121], [4091, 3069, 2385, 2645, 3612, 3701, 1413, 430], [4085, 325, 1405, 3082, 3067, 2909, 1458, 2645], [3126, 3116, 3129, 2219, 2249, 4534, 4904, 3774], [826, 2308, 1102, 3932, 4651, 5023, 2701, 1175], [3199, 4730, 4757, 3128, 3765, 3129, 3283, 3746], [3131, 2153, 1244, 3954, 3654, 4979, 428, 4817], [3132, 4392, 1567, 1272, 1393, 3792, 4888, 660], [4148, 2308, 896, 4754, 3133, 928, 3380, 1623], [3134, 2573, 3741, 4004, 2528, 1523, 3669, 3698], [3135, 5023, 431, 901, 2183, 1953, 1504, 455], [3138, 2573, 3338, 4389, 1244, 2572, 3283, 3755], [4577, 2816, 183, 2207, 2103, 4091, 3149, 5026], [2531, 3153, 3571, 853, 372, 4635, 4592, 2436], [3142, 3706, 4147, 4733, 3839, 4993, 4426, 1524], [59, 188, 273, 3034, 4932, 4193, 432, 1017], [4729, 2331, 846, 1049, 2765, 2932, 1742, 2844], [3283, 3476, 890, 4241, 4687, 3364, 243, 4572], [3145, 4728, 2223, 2027, 3775, 4395, 4059, 1315], [3146, 3147, 3182, 3774, 3670, 570, 1156, 3149], [3148, 1890, 457, 1110, 1010, 225, 1887, 3088], [3244, 3150, 2695, 1228, 4386, 1529, 2775, 4765], [1403, 2239, 4850, 4528, 1057, 1458, 1521, 1446], [3152, 1907, 1403, 1855, 787, 3048, 3242, 2273], [3154, 2342, 2458, 2281, 2267, 1931, 570, 1776], [3156, 4859, 5016, 2227, 5038, 3145, 835, 1503], [3157, 29, 3577, 278, 2095, 2326, 2193, 1073], [3159, 1286, 2980, 4550, 1263, 2140, 2912, 4436], [3160, 1962, 1083, 3694, 3577, 1094, 4250, 4460], [3161, 1961, 734, 3694, 546, 4578, 3192, 1964], [3458, 1369, 4469, 3182, 2870, 2187, 1324, 250], [3162, 3799, 4215, 1882, 3503, 800, 2269, 2624], [827, 3163, 1848, 3251, 2970, 912, 2977, 5112], [3164, 3643, 1157, 4976, 2469, 4829, 183, 3637], [812, 2024, 1143, 608, 3175, 1655, 783, 1354], [3166, 1453, 3596, 4788, 3080, 333, 1796, 1209], [3167, 2976, 2179, 3308, 1016, 3100, 823, 3192], [3169, 3177, 4155, 12, 4606, 2088, 2643, 1236], [3170, 464, 5067, 4104, 3265, 1933, 1032, 1370], [4676, 1387, 950, 4492, 1800, 535, 4785, 3561], [3171, 1167, 5030, 2148, 3765, 1164, 1629, 88], [3174, 3160, 