{"num_src_sents": 178, "cicero_1855-1892_14": {"tgt_lang": "de", "transl_top1": 0.02247191011235955, "transl_top5": 0.05056179775280899, "transl_top10": 0.10112359550561797, "num_nulls": 0, "num_tgt_sents": 6557, "retrieval_preds": [[1239, 6080, 536, 4512, 6214, 6109, 6478, 2082], [3688, 6072, 5563, 2991, 874, 2079, 5279, 6127], [6109, 4345, 6149, 3711, 6439, 291, 3997, 4408], [5435, 6439, 1736, 118, 6467, 6555, 2823, 6468], [1734, 3616, 4170, 2140, 2412, 1430, 3709, 1832], [4000, 280, 4600, 4495, 2878, 2192, 1716, 6363], [2158, 4511, 962, 4641, 1483, 3145, 654, 4193], [4251, 5446, 5194, 1110, 1955, 6439, 1535, 946], [1801, 5350, 1781, 6335, 2580, 1223, 6484, 2082], [5106, 1434, 6080, 1360, 5541, 6335, 1287, 316], [5430, 6467, 4000, 4413, 6478, 2191, 2789, 187], [4512, 6214, 4964, 962, 3990, 141, 6468, 6555], [2493, 153, 101, 3553, 6524, 3981, 943, 6525], [731, 942, 3711, 6328, 5435, 6477, 5430, 4519], [3104, 4817, 3000, 6470, 607, 2349, 2877, 5301], [1098, 936, 1460, 6234, 5075, 5293, 4510, 3482], [5075, 3485, 2131, 3172, 6422, 5579, 5110, 6215], [6206, 1221, 4501, 3792, 2760, 1805, 6495, 373], [5365, 2957, 3872, 3464, 750, 987, 5100, 373], [6326, 4735, 5854, 2189, 6479, 5403, 4852, 5075], [6555, 6552, 5446, 6406, 2082, 2823, 1815, 4345], [1529, 6170, 6481, 6476, 6411, 1281, 6515, 6225], [4345, 829, 4700, 3528, 3711, 3908, 6555, 6122], [4412, 6555, 4406, 4511, 6556, 6524, 5963, 967], [3924, 936, 2367, 2029, 278, 680, 3123, 2133], [984, 291, 5446, 846, 46, 6517, 1906, 4251], [2404, 5205, 1110, 3123, 1124, 372, 6275, 2487], [3599, 5350, 4519, 3129, 3222, 6446, 5521, 2024], [4547, 656, 2287, 6039, 4189, 4075, 5822, 5100], [3981, 3553, 4126, 661, 76, 1281, 3316, 4946], [5083, 3093, 309, 6235, 1869, 4197, 860, 5484], [1122, 3916, 3666, 1281, 5083, 1050, 3165, 1593], [1353, 1362, 2727, 1346, 1354, 323, 1360, 275], [6214, 5446, 1252, 2478, 4345, 2823, 6468, 6555], [982, 3008, 1111, 4098, 3156, 3742, 6148, 5965], [1287, 6468, 4968, 4979, 2289, 173, 6014, 1955], [695, 3613, 1222, 2909, 3340, 4302, 725, 979], [1549, 3838, 1548, 210, 5631, 2069, 3549, 2187], [3608, 6330, 1926, 3887, 1683, 4434, 1549, 1181], [939, 6072, 3286, 1712, 3704, 1852, 4495, 6525], [2935, 2932, 3164, 5034, 1720, 3322, 6259, 2866], [6430, 2866, 4886, 5197, 5596, 173, 5918, 1680], [3626, 1793, 6261, 3513, 984, 6468, 6256, 6441], [101, 5164, 6328, 846, 1106, 1910, 2801, 3713], [5164, 5851, 5763, 4519, 943, 2190, 912, 1291], [5446, 2823, 1815, 6439, 2082, 6139, 2478, 291], [6404, 114, 5407, 5954, 2866, 5824, 5196, 6396], [4783, 5015, 483, 2244, 4398, 5684, 6003, 2140], [5713, 1439, 1970, 5709, 232, 699, 4595, 3876], [5713, 6017, 6166, 1089, 5714, 3073, 4595, 5420], [5460, 4251, 5676, 3908, 190, 5998, 5359, 3792], [2923, 661, 5799, 929, 2935, 5433, 658, 2938], [3249, 2471, 1731, 6206, 5777, 2572, 6299, 6219], [3080, 5464, 726, 2553, 4671, 5963, 1728, 933], [3411, 933, 4236, 5433, 688, 2192, 3637, 2081], [54, 540, 563, 4906, 12, 2927, 5084, 735], [1100, 2866, 5446, 938, 5752, 2475, 3497, 4414], [2815, 6087, 1703, 1070, 530, 2475, 1815, 5999], [6328, 3867, 2914, 345, 1069, 5912, 4474, 552], [1490, 5373, 5521, 2697, 1360, 5375, 2932, 492], [2001, 987, 5394, 4003, 2058, 3660, 6491, 5292], [3124, 6375, 5348, 2846, 3909, 6259, 2850, 2853], [5963, 1720, 1331, 2016, 1389, 5490, 946, 2853], [3565, 278, 2004, 3402, 427, 3551, 4519, 403], [3998, 6261, 1978, 3996, 5774, 1793, 6465, 987], [4012, 4014, 5550, 5490, 3852, 4409, 4190, 904], [6291, 3174, 5492, 1716, 5034, 230, 2187, 2850], [5458, 808, 2817, 1887, 3530, 854, 6186, 449], [6255, 6349, 3522, 6430, 6477, 950, 3553, 1239], [3156, 464, 6208, 3930, 5969, 3102, 268, 6214], [6555, 1347, 962, 946, 2478, 2082, 5349, 1910], [6328, 769, 5425, 846, 3981, 946, 6555, 6417], [6511, 1277, 693, 6016, 4595, 4992, 5519, 2311], [3606, 3289, 4432, 2149, 5934, 5420, 4895, 6375], [316, 291, 2823, 1588, 6486, 1680, 4863, 148], [4171, 273, 511, 67, 3937, 792, 1478, 638], [1793, 3887, 6552, 2079, 6214, 3834, 2132, 4299], [1768, 4465, 1815, 3075, 471, 1179, 1331, 475], [5446, 2957, 373, 4784, 2836, 5460, 4251, 2079], [5040, 2478, 6439, 686, 6014, 1347, 2806, 372], [1360, 5916, 3482, 5726, 1974, 5541, 186, 1667], [967, 185, 6149, 5036, 268, 6171, 2214, 5596], [3175, 4672, 1849, 4634, 5205, 158, 1704, 1535], [1203, 2910, 2843, 1861, 1837, 5721, 897, 5725], [4938, 1163, 759, 3782, 3093, 2217, 618, 4074], [3123, 164, 6478, 6318, 1458, 6150, 6542, 4009], [6318, 465, 1483, 4005, 3008, 1362, 4305, 592], [972, 943, 1685, 5075, 5420, 3000, 1371, 225], [314, 4445, 1462, 1191, 6510, 5102, 5074, 6523], [1362, 710, 1721, 6343, 2158, 1974, 651, 6477], [5342, 256, 6344, 4509, 4494, 1919, 5074, 1211], [1360, 962, 2158, 6217, 1362, 4979, 1703, 6540], [1358, 785, 565, 3109, 5079, 1960, 570, 5543], [3153, 4979, 1635, 982, 2537, 4981, 2730, 3425], [4530, 5331, 4131, 4075, 4081, 2362, 2062, 2640], [4318, 4779, 5086, 6132, 4573, 5785, 3332, 3964], [6555, 6149, 745, 967, 963, 1680, 6214, 1070], [6555, 5430, 6500, 2158, 6080, 3711, 962, 4979], [5916, 2877, 3104, 4622, 4615, 4618, 973, 607], [2981, 1439, 5442, 5364, 2604, 5572, 3952, 5502], [152, 967, 5998, 6109, 1680, 962, 6378, 6524], [5703, 6439, 6335, 2914, 6517, 1722, 5575, 3711], [6328, 4519, 6468, 3998, 6467, 5597, 3186, 5598], [2487, 6517, 3666, 6331, 6515, 5075, 4886, 6252], [1747, 3916, 6511, 1892, 2970, 2821, 1239, 5034], [5319, 4372, 5803, 2026, 5492, 1277, 76, 4180], [1164, 5433, 4761, 4817, 4219, 5442, 4756, 5589], [3157, 6409, 618, 2806, 2082, 5345, 1221, 478], [3145, 6524, 1347, 6365, 1291, 118, 6328, 6439], [5431, 5034, 2490, 2492, 6318, 5763, 963, 4421], [306, 1960, 1798, 4228, 1108, 2802, 1599, 1424], [5081, 6205, 1434, 6410, 3529, 63, 744, 1435], [5184, 1363, 3093, 3176, 2675, 3988, 4152, 5910], [4205, 4207, 5431, 5293, 1455, 3095, 1562, 936], [1463, 6154, 6048, 1293, 1548, 4171, 5560, 5899], [3081, 4991, 4261, 942, 1331, 5693, 2309, 5471], [1471, 4391, 4035, 416, 1947, 4744, 3681, 1826], [5531, 2701, 4267, 1850, 4456, 5537, 6366, 2204], [1850, 4585, 3827, 3446, 5712, 5720, 2226, 1965], [1203, 2910, 1820, 2283, 2291, 3826, 4583, 5031], [962, 6109, 3183, 2158, 1106, 6439, 846, 5752], [5589, 939, 5597, 117, 4485, 6313, 4000, 6259], [2045, 135, 2082, 3793, 3350, 2570, 5184, 2118], [4435, 1418, 953, 5215, 944, 4511, 3998, 6525], [4519, 6463, 4501, 3998, 6467, 2312, 6218, 3711], [1461, 3617, 4097, 6432, 5916, 1725, 5074, 6493], [4170, 5431, 313, 3552, 1573, 6171, 6335, 3998], [1529, 3739, 5965, 5909, 5003, 2212, 5763, 3931], [173, 6328, 1331, 3551, 5446, 2019, 6372, 5164], [3011, 4340, 580, 577, 5052, 119, 5778, 3146], [5973, 5276, 3440, 5537, 5534, 1850, 2007, 2694], [615, 5654, 6498, 1974, 1477, 6473, 6318, 6369], [5534, 3399, 1861, 2694, 2734, 3195, 2797, 2703], [5433, 6052, 5887, 1730, 6367, 6090, 1808, 4779], [5353, 6160, 2614, 4494, 6173, 905, 1189, 950], [2977, 2741, 5085, 4984, 6132, 2612, 1491, 505], [4318, 1974, 4339, 3176, 4881, 2806, 483, 4768], [417, 4862, 3937, 3314, 1207, 5042, 6347, 3669], [3938, 2126, 6196, 6160, 5353, 3427, 4084, 4735], [5541, 108, 4529, 1309, 5293, 6468, 1306, 5292], [5435, 6555, 962, 4979, 6543, 5430, 1815, 4345], [1461, 2837, 3617, 466, 4871, 6209, 5726, 6159], [1314, 3750, 5558, 678, 140, 1757, 150, 6536], [2821, 2078, 1704, 158, 6080, 4182, 2033, 2583], [5205, 2158, 3012, 6540, 6432, 4344, 1535, 3916], [4364, 5141, 1651, 3728, 5927, 1170, 5335, 3489], [4064, 2195, 5959, 436, 2341, 1557, 571, 5810], [6133, 5887, 2550, 5053, 4436, 2033, 4421, 2102], [6171, 1287, 2821, 6540, 313, 2788, 1710, 5069], [5420, 1801, 1433, 4298, 6410, 3103, 5726, 3289], [951, 1433, 5946, 4064, 6517, 4688, 5734, 467], [592, 108, 1705, 5293, 1734, 4272, 176, 4530], [6555, 6543, 6372, 4345, 5435, 6468, 5446, 2478], [3105, 6474, 3103, 1973, 3104, 4880, 2032, 3623], [6080, 5929, 5726, 6183, 2936, 1754, 4511, 6153], [967, 4512, 5105, 4510, 5345, 2819, 4851, 963], [3104, 5848, 466, 3482, 2770, 3618, 3018, 6478], [1947, 5242, 466, 5929, 2527, 1847, 3581, 6051], [5676, 5106, 3739, 2710, 4542, 5871, 1331, 6378], [4727, 6555, 