{"num_src_sents": 325, "lucian_1827_7": {"tgt_lang": "de", "transl_top1": 0.4123076923076923, "transl_top5": 0.6123076923076923, "transl_top10": 0.7015384615384616, "num_nulls": 0, "num_tgt_sents": 4692}, "lucian_1831_13": {"tgt_lang": "de", "transl_top1": 0.012307692307692308, "transl_top5": 0.033846153846153845, "transl_top10": 0.07384615384615385, "num_nulls": 0, "num_tgt_sents": 4049}, "luciusSamosata_1_1869": {"tgt_lang": "fr", "transl_top1": 0.36, "transl_top5": 0.5692307692307692, "transl_top10": 0.6492307692307693, "num_nulls": 0, "num_tgt_sents": 14187}, "lucian_1866_1": {"tgt_lang": "de", "transl_top1": 0.012307692307692308, "transl_top5": 0.046153846153846156, "transl_top10": 0.06461538461538462, "num_nulls": 0, "num_tgt_sents": 4624}, "lucian_1867_3": {"tgt_lang": "de", "transl_top1": 0.6, "transl_top5": 0.8246153846153846, "transl_top10": 0.9015384615384615, "num_nulls": 0, "num_tgt_sents": 3614}, "Lucian_1827_ht8": {"tgt_lang": "de", "transl_top1": 0.018461538461538463, "transl_top5": 0.07076923076923076, "transl_top10": 0.11692307692307692, "num_nulls": 0, "num_tgt_sents": 1131}, "num_translations": 6, "text_top1": 0.2358974358974359, "text_top5": 0.3594871794871795, "text_top10": 0.41794871794871796}