{"num_src_sents": 95, "demosthenes_1877": {"tgt_lang": "en", "transl_top1": 0.2, "transl_top5": 0.3157894736842105, "transl_top10": 0.3684210526315789, "num_nulls": 0, "num_tgt_sents": 7775}, "demosthenes_aeschynes_1861": {"tgt_lang": "fr", "transl_top1": 0.031578947368421054, "transl_top5": 0.08421052631578947, "transl_top10": 0.11578947368421053, "num_nulls": 0, "num_tgt_sents": 36182}, "num_translations": 2, "text_top1": 0.11578947368421053, "text_top5": 0.19999999999999998, "text_top10": 0.2421052631578947}