{"num_src_sents": 5174, "luca_siliusItalicus_claudius_1842": {"tgt_lang": "fr", "transl_top1": 0.30459992269037495, "transl_top5": 0.4594124468496328, "transl_top10": 0.531310398144569, "num_nulls": 3, "num_tgt_sents": 20880}, "siliusItalicus_1869": {"tgt_lang": "de", "transl_top1": 0.12814070351758794, "transl_top5": 0.23057595670660996, "transl_top10": 0.2802473908001546, "num_nulls": 0, "num_tgt_sents": 7352}, "num_translations": 2, "text_top1": 0.21637031310398144, "text_top5": 0.34499420177812135, "text_top10": 0.4057788944723618}