{"num_src_sents": 185, "appian_1832_10": {"tgt_lang": "de", "transl_top1": 0.010810810810810811, "transl_top5": 0.03783783783783784, "transl_top10": 0.05945945945945946, "num_nulls": 0, "num_tgt_sents": 12614}, "Appianus_1828": {"tgt_lang": "de", "transl_top1": 0.4540540540540541, "transl_top5": 0.6702702702702703, "transl_top10": 0.7675675675675676, "num_nulls": 0, "num_tgt_sents": 6120}, "appian_1830_5": {"tgt_lang": "de", "transl_top1": 0.021621621621621623, "transl_top5": 0.032432432432432434, "transl_top10": 0.05945945945945946, "num_nulls": 0, "num_tgt_sents": 7584}, "num_translations": 3, "text_top1": 0.16216216216216217, "text_top5": 0.24684684684684688, "text_top10": 0.29549549549549553}