{"num_src_sents": 228, "herodotus_3_1802": {"tgt_lang": "fr", "transl_top1": 0.021929824561403508, "transl_top5": 0.07017543859649122, "transl_top10": 0.12719298245614036, "num_nulls": 0, "num_tgt_sents": 3263}, "herodotus_1_1802": {"tgt_lang": "fr", "transl_top1": 0.017543859649122806, "transl_top5": 0.05263157894736842, "transl_top10": 0.08771929824561403, "num_nulls": 0, "num_tgt_sents": 8450}, "num_translations": 2, "text_top1": 0.019736842105263157, "text_top5": 0.06140350877192982, "text_top10": 0.1074561403508772}