{"num_src_sents": 1012, "plautus_1862_1": {"tgt_lang": "de", "transl_top1": 0.011857707509881422, "transl_top5": 0.030632411067193676, "transl_top10": 0.05632411067193676, "num_nulls": 0, "num_tgt_sents": 4446}, "plautus_1866_2": {"tgt_lang": "de", "transl_top1": 0.008893280632411068, "transl_top5": 0.0266798418972332, "transl_top10": 0.05039525691699605, "num_nulls": 0, "num_tgt_sents": 4445}, "plautus_3_1855": {"tgt_lang": "de", "transl_top1": 0.004940711462450593, "transl_top5": 0.029644268774703556, "transl_top10": 0.045454545454545456, "num_nulls": 0, "num_tgt_sents": 5003}, "plautus_4_1855": {"tgt_lang": "de", "transl_top1": 0.04940711462450593, "transl_top5": 0.0958498023715415, "transl_top10": 0.1274703557312253, "num_nulls": 0, "num_tgt_sents": 5818}, "num_translations": 4, "text_top1": 0.018774703557312252, "text_top5": 0.045701581027667984, "text_top10": 0.0699110671936759}