{"num_src_sents": 5423, "tgt_lang": "de", "text_top1": 0.1443850267379679, "text_top5": 0.2161165406601512, "text_top10": 0.24543610547667344}